us_mean_intensity,us_std_intensity,us_p10,us_p25,us_p50,us_p75,us_p90,us_glcm_contrast,us_glcm_dissimilarity,us_glcm_homogeneity,us_glcm_energy,us_grad_mean,us_grad_std,us_edge_density,us_candidate_follicle_count,us_follicle_area_ratio
61.50403333333333,46.18029239788813,3.0,23.0,57.0,91.0,125.0,1.18407593315511,0.6831271741926824,0.7243052379841223,0.056431195766066214,89.18971474557087,76.86218695563963,0.26716666666666666,18.0,0.14471666666666666
60.60088888888889,35.71200606221463,7.0,37.0,61.0,81.0,104.0,0.7627867883655292,0.490630529859845,0.7863707063363379,0.07072044132362587,61.105408052114726,65.94389244826998,0.23124444444444445,7.0,0.021333333333333333
47.07803333333333,47.225706155758004,0.0,11.0,32.0,72.0,120.0,0.30646157015395054,0.2559806471217697,0.8790904559366279,0.12494806853316213,37.72648505163794,42.590104133389765,0.06307777777777777,2.0,0.02495
74.61538888888889,51.30448276779513,6.0,37.0,71.0,104.0,145.0,0.3874070107344064,0.33973485568766937,0.8376798233676233,0.059675254756249775,51.953555828148005,42.03537971664608,0.1224,7.0,0.035783333333333334
56.31872222222222,43.43047246309075,8.0,24.0,46.0,78.0,115.0,0.49374794465386296,0.37439139383228376,0.829582244095313,0.07838802890415619,54.85317769068643,55.779852670123184,0.14042222222222223,12.0,0.1028
35.431133333333335,34.12606354295464,1.0,5.0,27.0,57.0,85.0,0.3157132656979974,0.26112043862298334,0.8771912194751914,0.17363335794669174,39.40288549555232,43.53307367408465,0.09572222222222222,8.0,0.12246111111111112
96.90532222222222,48.87785822851984,27.0,60.0,104.0,133.0,155.0,0.45228915224661914,0.3866189509438746,0.8168264928102612,0.04582481624507273,56.236599743107874,44.47096311577466,0.16482222222222223,10.0,0.028261111111111112
51.79183333333334,41.52601179414871,3.0,9.0,50.0,81.0,107.0,0.7471281175080071,0.5124958240586421,0.7770168084524817,0.09335322753909951,70.92857022288784,63.543544768075556,0.24343333333333333,7.0,0.06061111111111111
58.63481111111111,35.781184120644085,7.0,33.0,59.0,79.0,102.0,0.8942721744350361,0.5330189818905829,0.7746459851655187,0.06847258618086821,62.805189465888276,69.1356704726976,0.23652222222222222,5.0,0.00635
63.414833333333334,49.72512300386998,1.0,19.0,56.0,98.0,136.0,0.5569028776710179,0.3937970585713061,0.8254933011162654,0.07324636203159507,60.45263774698353,64.53935345963374,0.13735555555555556,15.0,0.11609444444444444
53.77462222222222,47.60717854800606,0.0,7.0,49.0,85.0,120.0,1.1030987162708845,0.6121060353538178,0.7568969727362105,0.09979384010652856,76.2425854860651,76.39995449795076,0.2258,13.0,0.07177777777777777
63.6427,44.9085138307624,5.0,27.0,61.0,92.0,124.0,1.0078279232521634,0.623105753850628,0.7405047129294803,0.05325022852926696,82.61092245962706,69.72486135066521,0.25125555555555557,16.0,0.15071666666666667
34.00732222222222,40.093441715663225,1.0,1.0,15.0,59.0,95.0,0.3904617398015683,0.25099982103108465,0.8911960745702656,0.2540246019283548,37.217021938104295,57.64340214969964,0.0836,0.0,0.0
48.385933333333334,44.01893847369688,1.0,5.0,41.0,74.0,114.0,0.24469951864818812,0.2235748854412516,0.8915311235022227,0.12146797157700712,33.25886721064336,34.82457779401581,0.07146666666666666,6.0,0.008366666666666666
47.89732222222222,31.250798061748327,11.0,24.0,43.0,67.0,90.0,0.33475076714279856,0.28574577838428356,0.8648644972278461,0.09919499417877962,41.71359532490072,42.63754668473132,0.07421111111111112,5.0,0.012577777777777778
62.956022222222224,40.11243973520705,3.0,34.0,64.0,89.0,112.0,0.8760564945209411,0.5912745942439122,0.7446088276373103,0.05551355933744354,79.71422331478334,64.54566842501487,0.27623333333333333,5.0,0.008077777777777777
46.592777777777776,50.776379384464406,0.0,2.0,32.0,74.0,123.0,0.38116994403492876,0.28366503171105467,0.8699623501172322,0.15763830462611292,41.587165345741475,50.93952591778001,0.09593333333333333,2.0,0.015294444444444444
50.87925555555555,38.53234699863973,7.0,7.0,52.0,76.0,98.0,0.9809031125677192,0.5234108026383001,0.7881153666248353,0.11933393060467369,56.70588371095728,73.00510482382153,0.2111888888888889,1.0,0.0015222222222222221
38.190666666666665,41.77051939665901,8.0,8.0,17.0,58.0,90.0,1.7473775833976504,0.3742442478272055,0.8820795905905936,0.2376873943217931,48.085069413233576,114.03977780470606,0.08595555555555555,2.0,0.023166666666666665
62.889722222222225,48.06337165001311,2.0,22.0,56.0,96.0,131.0,0.6228878219110152,0.4257571037609572,0.8130342204811813,0.06716180791417362,63.72129497443634,66.98291896780506,0.1626,19.0,0.08941666666666667
101.86445555555555,46.83817264360843,33.0,71.0,109.0,135.0,156.0,0.5066117082955821,0.4193863603315399,0.8034618942243996,0.04549894809814421,59.715684141625154,47.15807672955918,0.17728888888888888,12.0,0.04627222222222222
56.1639,38.43030651728167,25.0,26.0,37.0,80.0,115.0,0.14751028139133418,0.13988275671785924,0.9313179934291065,0.22218892579048846,21.590841177985634,28.3525863900417,0.024188888888888888,2.0,0.002061111111111111
42.65891111111111,43.759309517872744,0.0,1.0,31.0,73.0,110.0,0.20762290130982877,0.1834230601447411,0.9116262097490831,0.17789555917385239,28.242494672054498,33.836152677754406,0.05093333333333333,2.0,0.0012666666666666666
60.87864444444445,47.53272352982174,3.0,20.0,53.0,94.0,129.0,0.5304854997893387,0.392306788141818,0.8230965823373304,0.07134592715752543,58.47201394833249,59.87167134188302,0.14946666666666666,18.0,0.09815555555555555
62.603877777777775,43.74436863397462,11.0,31.0,53.0,84.0,122.0,0.491726574646816,0.3847628009380954,0.8232766936442777,0.06847178632682227,56.553169706019034,53.68668629270296,0.14534444444444444,14.0,0.07180555555555555
60.265,48.533403588548055,1.0,18.0,52.0,94.0,130.0,0.7219957271171464,0.4596171183767519,0.8032929871024608,0.07215206124462736,67.54520430363621,72.96497423057814,0.17504444444444445,21.0,0.10545555555555555
45.26383333333333,36.372502476687885,8.0,9.0,40.0,71.0,96.0,0.4054658132086517,0.24537297308382083,0.8922414648475249,0.1433611031245663,34.605569450331465,52.2115460487052,0.0538,3.0,0.0247
22.41338888888889,33.86742565855359,0.0,0.0,5.0,32.0,73.0,0.3128295731218518,0.2072628755084768,0.9101176511222043,0.38605791754732594,32.09798268092127,55.35593832476583,0.07121111111111111,4.0,0.014572222222222223
62.2633,41.77739494829178,1.0,36.0,60.0,84.0,111.0,0.9871920243248584,0.5963290772288155,0.7506684806281834,0.054643037833500004,80.89703726592494,76.61535837789529,0.2560777777777778,17.0,0.12462222222222222
61.896677777777775,48.955078298222155,1.0,18.0,56.0,95.0,131.0,0.6961805516716815,0.45973097802783713,0.8004255954933213,0.0728120074117477,69.42965945416812,70.87980678797358,0.18114444444444444,21.0,0.08833333333333333
33.81941111111111,28.749685967133026,15.0,15.0,19.0,44.0,73.0,0.3252270947752262,0.238348629582816,0.892169023578977,0.20765654064741473,30.71347386076706,51.24668543280065,0.06846666666666666,1.0,0.013288888888888888
73.46972222222222,44.29213618353282,1.0,41.0,73.0,111.0,129.0,0.3235207100591716,0.27278908140475683,0.8707368133821165,0.0677236477842273,39.780040098916885,42.017168828887456,0.07405555555555556,5.0,0.062016666666666664
65.15025555555556,47.656959045770506,6.0,24.0,58.0,99.0,133.0,0.5869198331114865,0.42227810650887576,0.8113777821632264,0.06049514213975736,64.57962266227888,62.90653016021211,0.15456666666666666,22.0,0.1732388888888889
60.5757,35.891629828307074,7.0,37.0,61.0,81.0,104.0,0.878526330801669,0.5388476545750793,0.7700231421892533,0.06736913627140816,64.39602999394012,68.86329508459825,0.24553333333333333,8.0,0.0457
102.84911111111111,46.8915122536275,33.0,73.0,110.0,136.0,157.0,0.4638777157600773,0.39546522596689826,0.8128053866847127,0.04720683899867842,56.8709306297237,44.43518006137628,0.16991111111111112,12.0,0.03297222222222222
46.8337,41.725730136465096,2.0,3.0,43.0,77.0,103.0,0.8223061636148737,0.521582793630198,0.7807282512375576,0.12772375562035554,68.52335156436928,67.68661693871303,0.23843333333333333,6.0,0.08282777777777778
69.3103888888889,39.09239657335893,17.0,40.0,69.0,95.0,123.0,0.3748933177481236,0.32814330003765807,0.8431800689838169,0.06452728917033801,46.584107327508576,40.34122250735655,0.14071111111111112,7.0,0.053566666666666665
62.1916,40.05793776929722,12.0,30.0,57.0,86.0,121.0,0.46756449405860484,0.3859398478018516,0.818811251489854,0.0619370251812343,54.96792308658968,47.036962397105974,0.17433333333333334,7.0,0.1003388888888889
48.7365,32.77809093781664,2.0,25.0,44.0,71.0,93.0,0.29169917935295275,0.2495465561533614,0.8811561764338774,0.09860627137780303,36.6203883618242,38.83296910567751,0.07443333333333334,8.0,0.07142777777777778
79.81116666666667,22.538603865245168,54.0,64.0,77.0,92.0,109.0,0.33742167313564725,0.30305138272129695,0.8529354887857687,0.11812308890590914,42.08372188224716,34.40151219679973,0.10685555555555555,12.0,0.016405555555555555
97.87691111111111,49.17040532918702,22.0,64.0,107.0,133.0,154.0,0.4861293963900478,0.3954182373053247,0.815413590594047,0.04932025749270654,58.030460982245515,49.2654372689332,0.1671111111111111,9.0,0.05391111111111111
95.9565,49.88127801729712,20.0,60.0,104.0,132.0,154.0,0.5682749447247047,0.4368527011256399,0.7999886382258783,0.04554216855518749,62.47841719483621,54.308867971847384,0.19362222222222222,7.0,0.00931111111111111
58.25412222222222,47.48841718083071,1.0,17.0,50.0,91.0,127.0,0.5781021278658329,0.4046968341144581,0.8211193503170928,0.07910320960101473,61.47403477693173,64.52294185808925,0.14673333333333333,23.0,0.13809444444444444
32.915755555555556,34.38924626142794,1.0,8.0,19.0,52.0,83.0,0.1636302539494338,0.1504818738045436,0.9267284866003239,0.2391861609343786,22.974758319374843,29.732838787921665,0.025744444444444445,1.0,0.0010555555555555555
65.37532222222222,42.11776492311047,20.0,35.0,57.0,87.0,120.0,0.44003503875795574,0.367106342956641,0.8275159186014573,0.06935910591749844,54.75955904956091,47.394809882610176,0.13594444444444445,13.0,0.0828
47.341855555555554,32.85406133022593,1.0,20.0,46.0,72.0,92.0,0.32402325850195557,0.278235478350354,0.8677360969738097,0.0965257842640495,40.69920103214998,41.11275730381532,0.09448888888888889,7.0,0.01572222222222222
63.035377777777775,50.04976871487859,1.0,18.0,57.0,98.0,135.0,0.6820985969582741,0.4553293960171959,0.8016825988061993,0.07225516293084308,69.26587362439196,70.18707364326652,0.1729111111111111,21.0,0.10680555555555556
56.6638,40.077729374082836,3.0,22.0,57.0,84.0,108.0,0.8620707728847179,0.579338980175464,0.7501704768580586,0.06589314975096974,77.48493917456834,63.9199650691924,0.2753333333333333,12.0,0.09219444444444444
63.19712222222222,41.54881143568845,1.0,37.0,61.0,85.0,112.0,0.914947166884785,0.5756560329302803,0.7558167884886293,0.05513801542249258,78.65848017419704,73.62491869089573,0.2539666666666667,13.0,0.13345
53.1578,42.698603011808245,2.0,5.0,54.0,84.0,108.0,0.833556103026439,0.5420121046371591,0.7704178726428436,0.10084154439870345,70.2006688483525,65.95455223038526,0.2396888888888889,1.0,0.004622222222222222
62.88433333333333,40.644141290255135,11.0,29.0,59.0,89.0,123.0,0.3553320805509259,0.3125591249911448,0.849949597945799,0.06913643248061256,44.7748385988681,39.81371770300031,0.1218,9.0,0.06615
62.75167777777778,34.9926330733668,7.0,41.0,63.0,82.0,104.0,0.9355575907055477,0.566925360641007,0.7588381600790243,0.06240346943534935,67.20972199414128,69.58969194518538,0.26385555555555557,10.0,0.08053888888888888
48.74503333333333,43.29332105018561,1.0,3.0,48.0,81.0,106.0,0.8085442463357979,0.5161586652647434,0.7827963257397603,0.12818002326889744,68.52019990223681,68.75203241296262,0.23193333333333332,2.0,0.0021
55.57095555555556,44.467866660197856,11.0,22.0,39.0,82.0,122.0,0.2992587704089813,0.27758498227089184,0.8646462443248832,0.09148939187759482,38.202503951419324,33.160912108109926,0.10065555555555555,3.0,0.0022055555555555557
35.17197777777778,45.02770605452647,0.0,0.0,16.0,57.0,98.0,1.770910662818835,0.4000096475430923,0.8727060198705154,0.24720881570498682,52.74499929058751,117.67628971439844,0.10887777777777778,2.0,0.029722222222222223
60.03727777777778,35.825024142514245,7.0,36.0,61.0,80.0,103.0,0.812783078489055,0.5122803249777221,0.7789859107492537,0.06971948751960616,61.942190869927046,66.49480674133027,0.23903333333333332,7.0,0.01971111111111111
48.34453333333333,38.94380605584867,7.0,7.0,48.0,74.0,97.0,0.9591236115927115,0.5001708221011696,0.7993892294815425,0.14006959677745393,53.742514205017976,73.61508050688087,0.1995222222222222,1.0,0.047266666666666665
38.85913333333333,28.109201358748468,4.0,18.0,35.0,55.0,76.0,0.27589304556623157,0.24415784871906726,0.8829783849981794,0.12758730690230868,36.2989763877989,37.50398944524608,0.060866666666666666,2.0,0.0014833333333333332
45.67122222222222,36.2244474638569,1.0,18.0,40.0,66.0,94.0,0.3037744357818518,0.27507281797742755,0.8669951139311144,0.1016938202478949,40.52177689276966,35.83132921073616,0.10401111111111111,5.0,0.06158888888888889
63.247011111111114,50.301509111003035,1.0,18.0,60.0,95.0,130.0,0.39260733474271353,0.33021163074238546,0.8442570864721693,0.08335035817475234,51.731613115962865,47.292691283799684,0.10947777777777777,8.0,0.07599444444444445
80.58454444444445,54.94718420662622,0.0,32.0,88.0,124.0,149.0,0.5674748604601738,0.4079881843230687,0.8168341562596597,0.0642580779950805,58.48188971948117,59.03643618190943,0.18051111111111112,7.0,0.04111666666666667
63.31973333333333,35.51365079540229,8.0,40.0,63.0,83.0,106.0,0.911092185769734,0.5417791840508869,0.7700585072567251,0.0655292319749702,65.86542226931219,71.15055629013948,0.25146666666666667,10.0,0.04526666666666666
55.53838888888889,47.92616930311652,1.0,15.0,45.0,88.0,126.0,0.7579532667419827,0.4664942785874878,0.8028433631801014,0.0851074143113543,66.52572890823335,74.6751892004107,0.1766111111111111,22.0,0.11586111111111111
70.72191111111111,47.39084041730813,3.0,32.0,68.0,106.0,135.0,0.39280080759723046,0.3251562995193939,0.8474949682747414,0.05959118210025323,48.30911009559397,46.75203612434201,0.1147,7.0,0.11383333333333333
64.8938111111111,44.70870138435506,16.0,32.0,56.0,88.0,126.0,0.5097499934750916,0.396854928915784,0.8177414014579929,0.06366354000617014,58.92396674986266,53.789673195336306,0.15001111111111112,10.0,0.03252777777777778
55.6644,37.12978521911725,7.0,28.0,58.0,78.0,100.0,0.7969385968837037,0.48736006867932125,0.7916813868971493,0.08943941208117831,58.56414572176774,68.29772757153133,0.22368888888888888,4.0,0.004966666666666667
70.75626666666666,37.98218902263417,29.0,43.0,62.0,92.0,123.0,0.363163387434145,0.31025982185135886,0.8530770981619644,0.08547207661591835,45.27209033400153,43.52354500868855,0.10285555555555556,10.0,0.026766666666666668
94.93786666666666,49.34942468992589,22.0,56.0,103.0,133.0,155.0,0.5101172805673315,0.4073957972133049,0.8109865799612873,0.044987351801065965,58.78871584942889,50.37291114938659,0.16744444444444445,6.0,0.018994444444444446
43.42344444444444,45.62572648215797,0.0,2.0,29.0,74.0,110.0,0.36691716722035184,0.28945015529281926,0.8656201457677847,0.1609804645750415,43.014555817483334,48.82326869027092,0.10886666666666667,5.0,0.004922222222222222
69.05582222222222,41.366084544541714,9.0,45.0,67.0,90.0,117.0,0.8553574065167056,0.5561408243009959,0.7607150033990591,0.054450412561745626,78.16865810036013,71.06236917673955,0.25225555555555557,6.0,0.008911111111111111
53.40994444444444,44.54176343609347,0.0,3.0,53.0,81.0,107.0,0.8391573919754813,0.508455460975455,0.7878437793094619,0.09653836095310513,69.85978796295007,76.98663681441008,0.21413333333333334,3.0,0.050583333333333334
74.80558888888889,58.158899900644705,0.0,5.0,84.0,123.0,148.0,0.49954929661487757,0.360896205486143,0.8374726549412731,0.10172055706329514,52.9018071988885,58.892834081938524,0.1630888888888889,1.0,0.0016055555555555556
63.27688888888889,50.23140119364125,1.0,18.0,57.0,99.0,135.0,0.6751585179882402,0.4525850009134872,0.8026985519519418,0.0732891205767531,68.820873850544,69.66661012918567,0.16976666666666668,20.0,0.09597222222222222
64.26488888888889,36.27696775410121,7.0,41.0,63.0,84.0,108.0,1.4835969116676546,0.6900782709365667,0.7306458464212258,0.055187508110058466,74.79298430259335,81.55790151243485,0.2721222222222222,8.0,0.053905555555555554
52.371433333333336,43.34355268665815,11.0,14.0,40.0,77.0,119.0,0.40634519375249345,0.3299963833365026,0.84560594076484,0.10021702752400877,46.37537117799247,48.43888329400352,0.14794444444444443,4.0,0.0062944444444444445
45.89487777777778,46.20969047464871,1.0,5.0,33.0,73.0,110.0,0.3104508432045876,0.26532569546201945,0.87436291882144,0.14111074055828815,40.08064515165025,42.7636405243305,0.0943,4.0,0.0786
62.78001111111111,46.00323894877027,1.0,27.0,58.0,91.0,127.0,0.3090645425293528,0.2607704891444167,0.8762675866476761,0.07721303998904953,37.78310602878836,40.921724859590206,0.06493333333333333,4.0,0.04367222222222222
58.098622222222225,45.23665434003167,9.0,14.0,51.0,92.0,122.0,0.367090058649605,0.3139290201824737,0.8505337101956176,0.09541685364308163,44.90740899927224,43.400159693444984,0.14651111111111112,2.0,0.0028277777777777776
45.23281111111111,35.98511249404072,5.0,16.0,35.0,71.0,98.0,0.35179103142023016,0.3152948885732076,0.847896606146588,0.09789019192576434,44.36535139285987,36.195498434186234,0.12108888888888888,10.0,0.06463888888888888
52.085544444444444,41.39558731090418,2.0,8.0,52.0,81.0,106.0,0.8499608878349609,0.5494125904631939,0.7671315011279658,0.09403424017074637,72.76365673071986,67.10910480749132,0.25095555555555554,4.0,0.07623333333333333
101.5183,45.02144006037568,35.0,72.0,108.0,134.0,154.0,0.46618272353403944,0.3996525952356983,0.8103183171888458,0.04759443177690576,57.265983645859734,43.653027963767414,0.1746111111111111,9.0,0.017427777777777778
65.9377,46.05597218890896,7.0,28.0,63.0,95.0,129.0,0.9116085017691822,0.5975905564069007,0.7452544000741796,0.050024560174761284,81.5527384381682,65.99895157342483,0.24924444444444444,22.0,0.1784
60.09292222222222,46.988143172442456,2.0,19.0,53.0,92.0,127.0,0.6598058839759435,0.4377680432359071,0.8095380500919435,0.07071399182559471,66.12375386802556,69.75438573993988,0.15903333333333333,20.0,0.11541111111111112
58.330888888888886,40.765532844533816,3.0,24.0,59.0,86.0,110.0,0.8829219565030966,0.5930053821172769,0.7452891909965852,0.06446584959995173,78.32795644165729,62.79004110443041,0.27564444444444447,12.0,0.01716111111111111
54.77371111111111,29.519194772307593,21.0,33.0,49.0,72.0,98.0,0.4389579907756438,0.3854034071207257,0.8157169044662864,0.08505330940888889,53.39247703337469,39.38043813051941,0.16197777777777778,18.0,0.024016666666666665
55.67722222222222,42.05998590710859,2.0,13.0,57.0,85.0,109.0,0.8422898047374563,0.5597968050320093,0.7606159683283611,0.08271299184951905,73.48582166571146,64.07275216245054,0.25653333333333334,10.0,0.010383333333333333
70.5813888888889,41.56054296330019,24.0,46.0,60.0,92.0,133.0,0.45272318915150095,0.3411244933874714,0.8455564596992364,0.10006931511877958,50.664158430295295,56.8562611180837,0.11242222222222223,7.0,0.03613888888888889
95.60048888888889,48.64802441786293,25.0,59.0,103.0,132.0,153.0,0.46404323404287057,0.3926241410424194,0.8145406270312661,0.04546289652576049,56.97397169339753,45.28545528744355,0.17125555555555555,9.0,0.013061111111111112
60.08184444444444,42.773851453353835,0.0,32.0,59.0,84.0,110.0,0.970592154077322,0.5833830810990184,0.7569180008143856,0.06186449946292315,78.56810685662248,76.96221516266363,0.25151111111111113,16.0,0.1067
83.92064444444445,56.330843657274,0.0,34.0,93.0,129.0,153.0,0.5960067467552563,0.42316257648124744,0.8109183138085639,0.062929982608711,59.92975690999457,60.097987515187434,0.18167777777777777,6.0,0.009616666666666667
74.52433333333333,37.12806466362968,31.0,44.0,68.0,98.0,131.0,0.3604204557741711,0.31239966555183946,0.851316829354382,0.07847463581693098,45.947341342279856,43.21516093556903,0.09737777777777777,6.0,0.045255555555555556
97.92674444444444,49.035705587994435,21.0,65.0,107.0,133.0,153.0,0.49090530307267255,0.39669323236503695,0.8150772583995101,0.05004188033209483,57.47826079385535,49.359104107912785,0.167,10.0,0.014833333333333334
67.23756666666667,41.387047838007916,15.0,33.0,65.0,97.0,122.0,0.5929629422489682,0.4888248267170762,0.7716648605764682,0.0453862256644258,61.92021821573824,43.784767245950114,0.2250111111111111,12.0,0.07147222222222223
97.5759,47.87455639795643,28.0,63.0,105.0,132.0,154.0,0.4969841127802448,0.4137485598595094,0.8057534296161241,0.04499513911957982,59.16839238599787,46.36107860181055,0.17884444444444444,8.0,0.016933333333333335
71.293,53.353637134167755,2.0,28.0,68.0,103.0,145.0,0.4410351021427799,0.36252017128816605,0.8305016556400153,0.06677300821186442,55.65155212249667,49.20234063675034,0.129,7.0,0.09183888888888889
60.80596666666667,36.21094840512865,7.0,36.0,61.0,81.0,105.0,1.0617947692605973,0.5988038631186079,0.7523645937541049,0.06294534277993682,68.44833955364449,73.81481943285199,0.25462222222222225,7.0,0.03986111111111111
59.48733333333333,39.79487370113001,3.0,28.0,60.0,86.0,110.0,0.9920960708866045,0.6417654258155204,0.728141861650459,0.0546775058081785,83.0674465878738,65.31267790520086,0.29633333333333334,11.0,0.06628888888888888
62.54338888888889,38.78758285935059,1.0,36.0,65.0,90.0,111.0,0.36785983005410083,0.31560679783596757,0.8500283273792435,0.07942339060698697,44.60454207793532,41.65910655968309,0.12873333333333334,4.0,0.056794444444444446
65.53966666666666,34.73278220771968,13.0,44.0,65.0,84.0,107.0,0.966525793894923,0.5809267140934292,0.7535292112312797,0.05943140427040536,69.00920478455218,70.58481178698247,0.2629111111111111,14.0,0.03495
101.17432222222222,47.22057320686675,32.0,69.0,108.0,135.0,157.0,0.46395380551298826,0.3951549106460405,0.8129427136348215,0.04627961711572133,57.06368694284099,44.400033398892525,0.1683111111111111,11.0,0.018666666666666668
61.08105555555556,35.95190702710779,7.0,37.0,61.0,81.0,104.0,0.9575880676204218,0.5655508420860318,0.7618497277045999,0.06449712293006149,65.94616806972117,70.99288966922501,0.25096666666666667,6.0,0.02191111111111111
47.38007777777778,44.207547078079514,0.0,0.0,46.0,76.0,103.0,0.8992923457232022,0.5088155799897839,0.7935729680036827,0.13182752798455313,66.25708092964176,79.19057283971941,0.2099888888888889,0.0,0.0
63.8301,41.949488019535,19.0,34.0,54.0,84.0,120.0,0.4876454308863063,0.38697720569866856,0.8212227130107382,0.0701305825463179,55.19308071626028,51.28055790283638,0.15247777777777777,17.0,0.04648888888888889
50.472055555555556,52.83221068415263,11.0,11.0,32.0,58.0,126.0,0.38393561033992907,0.21110214091564972,0.9130867108895081,0.15919647487542288,30.866468401062555,63.733114152356606,0.05418888888888889,2.0,0.0038
58.7093,57.640301045545485,11.0,11.0,35.0,84.0,149.0,0.45437678735882897,0.253215390953867,0.895316263336377,0.13809325403859699,36.82305452005448,68.54786900190248,0.07095555555555555,3.0,0.004105555555555556
56.7918,54.1220709495776,11.0,11.0,41.0,76.0,137.0,0.4691220269721069,0.24975904445513286,0.8994231759151238,0.14155678601492303,35.93762400380395,70.50136344516949,0.06395555555555556,2.0,0.031433333333333334
61.43112222222222,58.7191361034937,11.0,11.0,45.0,82.0,153.0,0.5398394965753552,0.273207076356342,0.8914318962435216,0.13314365373084958,39.55596569977976,75.7135304200574,0.07183333333333333,1.0,0.004111111111111111
69.03398888888889,63.323278590279095,11.0,11.0,48.0,104.0,169.0,0.5466352445722084,0.2915711326868081,0.8816541490055649,0.12474199434129357,42.5280503533795,74.62084516501015,0.0774,3.0,0.004222222222222222
51.1659,54.36775105674115,11.0,11.0,32.0,59.0,130.0,0.3260139521183581,0.1881530594363225,0.9207130941726696,0.16277352007791737,27.015855993249918,57.84774664253266,0.049355555555555555,2.0,0.03443888888888889
58.57743333333333,54.808353009686805,11.0,11.0,44.0,79.0,141.0,0.4865412579277636,0.2582916112049455,0.8948742833372431,0.14357070661995985,37.27717208899657,70.82646348601789,0.0676888888888889,2.0,0.003183333333333333
69.56424444444444,39.088557367800135,34.0,36.0,55.0,94.0,130.0,0.3321784711580407,0.2994658057516135,0.8555751949083343,0.1627071579482839,44.17603463531471,40.09513890610027,0.1345888888888889,5.0,0.011394444444444445
35.32886666666667,34.153813550596205,1.0,5.0,26.0,56.0,85.0,0.33346021483726884,0.26921949046058397,0.8742991015926163,0.1731324156508831,40.20360060939213,44.64775082348538,0.09854444444444445,8.0,0.11662222222222222
32.05003333333333,35.421128926720186,1.0,4.0,20.0,49.0,79.0,0.4135612856679456,0.267923485195915,0.8836398483467733,0.2054493458454285,40.289532739825425,59.46186150658888,0.07752222222222223,7.0,0.03805555555555556
48.42013333333333,38.868145757791034,11.0,11.0,39.0,76.0,102.0,0.2409895582823458,0.176078930884442,0.9202997979934235,0.15747311005050138,25.871843493702947,44.24447615005625,0.04565555555555555,1.0,0.0074444444444444445
33.90802222222222,44.857902141460414,1.0,1.0,18.0,45.0,102.0,0.3534545568095808,0.19959151277204207,0.9174211478361362,0.25519282742522964,30.127563500804495,61.385336701442284,0.0637,3.0,0.03035
53.00046666666667,52.79964709271791,1.0,3.0,40.0,88.0,130.0,0.6539069659921777,0.3824786635496248,0.8414164905607214,0.14210892822880872,56.447756979100696,76.27109295740607,0.12604444444444443,4.0,0.006838888888888889
77.65078888888888,42.28954055660532,39.0,47.0,61.0,99.0,141.0,0.32845992587704087,0.2666314601253528,0.8754545972240643,0.13086771802054106,39.122683366566896,47.54614508943934,0.07546666666666667,3.0,0.009616666666666667
35.934044444444446,38.650877306102096,0.0,3.0,24.0,58.0,89.0,0.7583684186977775,0.29238494722281255,0.8848043304158035,0.18701050982561876,42.13759585226692,74.64610456616023,0.08307777777777778,7.0,0.07889444444444445
60.08478888888889,55.98570968222246,11.0,11.0,48.0,90.0,140.0,0.35216428414298123,0.21602143712039013,0.9075358385427819,0.1651947608633822,31.688791870682774,57.520173299836436,0.06051111111111111,3.0,0.03166666666666667
46.5774,47.00244069686405,0.0,7.0,36.0,69.0,117.0,0.7523230258423658,0.332208951801434,0.8645831104958215,0.1365789254924086,48.80404019932751,76.59301051807812,0.09821111111111111,3.0,0.09887222222222222
74.7672,68.24564946446526,11.0,11.0,56.0,118.0,181.0,0.37451079965548484,0.22223726058246923,0.906546270286446,0.14526942639086876,33.06180515640557,62.36567481680471,0.05647777777777778,2.0,0.020344444444444443
98.83647777777777,85.40737012456215,0.0,0.0,99.0,168.0,225.0,0.7204481866347505,0.35683864460874787,0.8565807919602089,0.11107054301852909,54.78768599225119,85.71226592665224,0.11072222222222222,1.0,0.0009777777777777777
47.21128888888889,42.36893753820767,1.0,1.0,43.0,81.0,106.0,0.24463911663926205,0.21510503238218814,0.8967112530744747,0.15383644391221798,32.45470938984384,38.02407036746159,0.07048888888888889,0.0,0.0
73.31386666666667,67.83903889963851,0.0,10.0,58.0,117.0,179.0,1.4242969224803599,0.6203823503092807,0.7634992927193791,0.07720002430009351,86.78312975280024,99.17753526590458,0.22147777777777777,6.0,0.03902222222222222
44.87438888888889,25.110526559014797,23.0,23.0,35.0,61.0,83.0,0.24236636055525104,0.2146816403992498,0.8958392202876535,0.22297664348114474,30.669249902211376,33.96413401405365,0.0840888888888889,2.0,0.0018222222222222223
54.915366666666664,55.93206676634115,1.0,1.0,43.0,90.0,140.0,0.3513051308150915,0.223039693814014,0.9026680532513925,0.14500661129263967,33.348175048016536,56.8186964423797,0.06555555555555556,2.0,0.012877777777777778
54.94131111111111,61.13248945303497,1.0,1.0,35.0,88.0,150.0,0.3358412937215467,0.21443957561995952,0.9071029315513466,0.15908205591503805,33.04419468754746,56.69973875803343,0.06357777777777777,1.0,0.013033333333333333
49.84388888888889,47.6166185554405,0.0,10.0,40.0,75.0,116.0,0.9098175076341428,0.3736467526463164,0.8520198723705543,0.1142536249553296,53.27524077755503,82.21734345342217,0.11702222222222222,9.0,0.14311666666666667
31.932488888888887,40.87491186568669,1.0,1.0,13.0,52.0,84.0,0.24219436397057453,0.14992613803723298,0.9353539597560517,0.2793650530657118,23.230405267524425,49.10361973527586,0.03557777777777778,3.0,0.034216666666666666
46.21401111111111,43.504200171680594,0.0,10.0,35.0,72.0,108.0,0.8929275958881892,0.3550608867164051,0.8582904762973649,0.11946798143826548,50.25507627643204,79.24965487204905,0.10292222222222222,8.0,0.09575555555555555
28.894022222222222,39.032412625628,0.0,0.0,12.0,42.0,87.0,0.7242482839490982,0.23291984988982223,0.912567118341136,0.2904573871395951,33.23804245485025,73.49502901098228,0.05902222222222222,5.0,0.09834444444444444
55.52546666666667,61.13129836947502,1.0,1.0,31.0,96.0,150.0,0.29041184289512045,0.19917539140128931,0.911017982331382,0.16760425555150674,30.29792204740048,50.92971068758152,0.0558,1.0,0.0005944444444444444
51.7806,55.791013187868245,1.0,1.0,32.0,86.0,144.0,0.2805481202671111,0.18154236716218686,0.9198246723941158,0.15976819210017107,28.45276836328389,51.68967160123083,0.052677777777777775,1.0,0.0006888888888888888
48.15807777777778,50.14667398159297,0.0,2.0,37.0,74.0,122.0,0.84903073418269,0.3716185314854793,0.852321680083493,0.14800575092663626,53.67751933369326,82.38432136681028,0.11407777777777778,4.0,0.09769444444444444
66.58051111111111,64.47761753046892,11.0,11.0,46.0,106.0,167.0,0.40635273468231153,0.24908928125337898,0.8933540672112451,0.1763396010529794,36.56713772744029,62.93588266888216,0.06704444444444445,0.0,0.0
44.63305555555556,44.765070045953635,1.0,1.0,40.0,63.0,111.0,0.22697770904874293,0.15890850400629375,0.9290768266791696,0.1835439312738834,24.51166311983294,46.9014026559955,0.0447,2.0,0.0025722222222222223
32.58012222222222,43.128696072034806,1.0,1.0,19.0,41.0,97.0,0.40564547190001604,0.20692055085140731,0.9175083151022605,0.2567101306071694,31.13222601284396,66.10192326279741,0.06041111111111111,2.0,0.0032833333333333334
41.27227777777778,43.59122756205982,1.0,1.0,38.0,60.0,103.0,0.1741848431971305,0.13078346439077862,0.9401261563476646,0.2059450191209416,20.248208788653447,39.13325662635849,0.03152222222222222,1.0,0.0026
44.997277777777775,34.82839747055962,0.0,16.0,44.0,67.0,90.0,0.517841765379209,0.35644547227286794,0.840641009746061,0.10065216896774234,50.59887519122921,56.412689731262965,0.15136666666666668,9.0,0.06422222222222222
43.644755555555555,45.403590915822484,1.0,1.0,37.0,60.0,107.0,0.2533237044328363,0.16893680346603132,0.9259146893900965,0.17961048628914114,25.33782141592665,49.09799639841786,0.04646666666666667,1.0,0.0031944444444444446
25.892877777777777,31.553899606626462,1.0,1.0,21.0,33.0,60.0,0.13278872719544524,0.09210476765733419,0.958821646545536,0.26840950292822935,14.277044199442786,35.51100186381118,0.021055555555555557,2.0,0.0236
35.486644444444444,37.96473509084483,1.0,1.0,35.0,49.0,89.0,0.1848088947550922,0.13254081796251346,0.9403788083456271,0.2279399836556391,20.10187206045592,41.99396181064548,0.03534444444444444,2.0,0.0038777777777777777
41.157022222222224,66.14823428918783,1.0,1.0,11.0,44.0,159.0,0.38597538990988167,0.2191206567413489,0.9095680851191339,0.3041826727196011,33.303998974404344,65.93193567006632,0.048744444444444444,0.0,0.0
55.12338888888889,58.92807826932278,1.0,1.0,37.0,97.0,142.0,0.35422379690010924,0.22632602916447614,0.9018980108032656,0.1651038136699572,33.50798285301401,58.60782405684137,0.0708,1.0,0.001661111111111111
50.3006,50.36661411508398,1.0,1.0,48.0,76.0,124.0,0.25048356095942254,0.17344447116549777,0.9225056520132315,0.177658372517799,26.43849888471711,48.00343181077475,0.042855555555555556,2.0,0.02266111111111111
39.63071111111111,43.41802957739112,1.0,1.0,30.0,64.0,104.0,0.23638248826448624,0.15572850601969404,0.9320359477620275,0.20341704830826454,24.059813353514357,48.267163939135536,0.043611111111111114,2.0,0.0033888888888888888
35.18458888888889,37.750212718280565,1.0,1.0,32.0,45.0,85.0,0.17295817906585687,0.11985407508491702,0.946734579229817,0.2131823867396997,18.259998998916586,40.45824559418716,0.030455555555555555,0.0,0.0
78.04522222222222,73.58679470496467,10.0,10.0,56.0,138.0,187.0,0.4926902383642241,0.2829822559777482,0.881983355321575,0.17270821501863243,42.21191886260323,70.42806160538964,0.08494444444444445,1.0,0.005705555555555556
32.026944444444446,43.854335863138026,1.0,5.0,12.0,39.0,106.0,0.18304055137340003,0.16735027199546612,0.9186343715439069,0.306723024785486,24.110309013676385,30.829813120465282,0.03712222222222222,0.0,0.0
42.5463,49.45257201129404,1.0,1.0,27.0,65.0,116.0,0.41899216265291594,0.2283478372725137,0.9057329918185396,0.19165663991702836,34.26605065858524,62.11561545516861,0.06517777777777778,3.0,0.0037555555555555554
57.88885555555556,78.56652716874352,1.0,1.0,14.0,93.0,207.0,0.4598026401643531,0.2571694667844879,0.8947689528724955,0.25947269711933274,38.846582032645905,68.98476545137277,0.07472222222222222,1.0,0.0013111111111111112
32.513733333333334,46.95437608591747,1.0,4.0,6.0,49.0,120.0,0.17900175426822218,0.14800068418324924,0.9302441929092267,0.44366459452416307,23.71973525449156,37.140792540923805,0.058611111111111114,6.0,0.005238888888888889
64.18928888888888,78.28246257939463,1.0,1.0,15.0,129.0,195.0,0.5063860210363046,0.28686808126680163,0.8812500889659352,0.24772904835948845,43.548675102769586,72.02355175846668,0.09571111111111111,3.0,0.00465
52.18394444444444,43.371996316071936,11.0,14.0,40.0,76.0,119.0,0.4075375834722207,0.33031780964418744,0.8454318061075096,0.10145006234533056,46.516516261360074,48.490974686200474,0.14212222222222223,7.0,0.009122222222222223
35.31386666666667,44.39130719388901,1.0,1.0,22.0,52.0,97.0,0.3865305011502481,0.21889626514244803,0.9098646277761171,0.23254177048909627,32.58532806201896,61.45643547877851,0.06483333333333334,3.0,0.02812777777777778
69.39503333333333,19.88319233811423,50.0,52.0,63.0,83.0,100.0,0.24441824849088192,0.22209983669086475,0.8923884242221999,0.2491639073392577,31.96165395055078,31.666460860220997,0.0791,10.0,0.052755555555555556
63.64825555555556,40.47863274839129,11.0,31.0,60.0,89.0,123.0,0.3552152101206922,0.31369345234766205,0.8492319943599935,0.06755816449843789,45.09776725625414,39.71923113347067,0.12203333333333333,5.0,0.11127777777777778
36.10218888888889,56.784775851825806,1.0,1.0,17.0,36.0,114.0,0.36229150121363296,0.21083907525270038,0.9106834366237357,0.26159325046418913,31.84038260991939,61.589125949748166,0.049544444444444447,4.0,0.04421666666666667
69.57841111111111,48.29368542260627,2.0,31.0,67.0,103.0,139.0,0.4212811844013676,0.3460272536101386,0.8382114526168256,0.06165759295580991,51.82915814615155,48.55057923072588,0.12896666666666667,8.0,0.08291666666666667
57.22774444444445,46.020246621836904,1.0,17.0,52.0,87.0,125.0,0.3776833033187548,0.3131636111452892,0.8531563048680433,0.08795714511789174,47.15707915779111,47.659939114700244,0.10945555555555556,8.0,0.08106666666666666
44.113822222222225,52.296818896792864,1.0,1.0,20.0,76.0,123.0,0.3351538853032964,0.20238391255877078,0.9134815872291152,0.22313832578389553,30.465283694541196,55.58551770290541,0.060811111111111114,3.0,0.005027777777777778
66.14432222222223,58.92351882819095,11.0,11.0,49.0,101.0,150.0,0.44664090259989636,0.25913194483283186,0.8914625079316443,0.12823558685283099,37.84739023762482,66.29985744061133,0.07306666666666667,3.0,0.0042
60.111022222222225,55.05852872332572,11.0,11.0,46.0,84.0,143.0,0.5357333530944843,0.279984200400443,0.8876275653253624,0.1437609704003213,40.39794368869875,73.82217501200098,0.07637777777777778,3.0,0.0032833333333333334
94.01523333333333,61.9575365440898,21.0,33.0,87.0,136.0,182.0,1.0696628206992465,0.5547989675730697,0.7774280639836031,0.0686677816247193,77.82391875852873,90.43670556533098,0.20931111111111111,4.0,0.007072222222222222
62.178977777777774,40.04828100430162,12.0,30.0,57.0,86.0,121.0,0.4650020693280836,0.38396345305608065,0.8197536601184995,0.06231049401684002,54.88164878437846,47.020270617366215,0.17063333333333333,6.0,0.08362222222222222
53.726,59.60218742816594,11.0,11.0,28.0,71.0,149.0,0.4412842231444093,0.23699238077128149,0.9040257738290164,0.1676766171646088,34.34189455081135,68.79904756119535,0.06576666666666667,2.0,0.0046055555555555554
64.24254444444445,46.66017865581388,4.0,25.0,59.0,96.0,129.0,0.6659068038015981,0.455609156124279,0.7995012529821495,0.06024359429351049,68.89557487233158,67.59829934341592,0.1736888888888889,24.0,0.16514444444444445
64.64926666666666,43.58638864390783,16.0,33.0,56.0,87.0,123.0,0.5326113708646063,0.4064044865269964,0.8145652446561001,0.06425723742245198,59.52290995809314,55.78788031571675,0.15873333333333334,13.0,0.10501666666666666
59.25963333333333,49.45279569087407,1.0,15.0,51.0,94.0,131.0,0.6658129662979162,0.42198187566880313,0.819463575686629,0.08474687408768597,62.63694979655095,72.95308757585947,0.15576666666666666,17.0,0.04583333333333333
66.45251111111111,47.44829572310953,6.0,26.0,64.0,97.0,131.0,0.8302202063362454,0.5630845851836109,0.7564973529512027,0.05392335495082687,78.72420341359356,64.18513169129187,0.2408888888888889,16.0,0.13709444444444444
64.97248888888889,39.73144736610324,20.0,36.0,58.0,87.0,118.0,0.4521891533651749,0.37295318285030366,0.8253952589083642,0.06774269366652295,55.68283834109954,48.45107455351311,0.13367777777777778,14.0,0.0806888888888889
68.76251111111111,52.69311866442534,1.0,25.0,64.0,101.0,140.0,0.39090547085603067,0.32266169655074695,0.8488961160460724,0.07175772172939043,49.685239100422194,48.73329701298795,0.0906,5.0,0.07211666666666666
63.88333333333333,46.71009300878012,2.0,26.0,61.0,93.0,127.0,1.2456274165464218,0.6980397683843953,0.721721186611255,0.054898887853889015,87.73504608494741,76.25417569349483,0.2671222222222222,19.0,0.14187222222222223
75.37006666666667,53.36170313786221,2.0,34.0,73.0,107.0,149.0,0.4529565105535733,0.37034738612170626,0.8272451740312907,0.0610578261550907,56.36504119308,49.77022780485176,0.12818888888888888,7.0,0.08217222222222222
60.954433333333334,45.72126397240615,4.0,20.0,56.0,93.0,124.0,0.5595841769107729,0.41183761926600376,0.8144929451092748,0.0686595459302525,63.71244309613237,60.6887250671626,0.14654444444444445,22.0,0.1872888888888889
67.98918888888889,46.897114632967074,8.0,30.0,65.0,98.0,132.0,0.7657406609918607,0.5404823864759156,0.7624724111116615,0.050400980139554116,76.19227208271911,61.25576387742002,0.2291888888888889,19.0,0.1509888888888889
57.939366666666665,47.429845283311735,1.0,17.0,48.0,90.0,127.0,0.676794666726323,0.44239658020230943,0.8088033523336888,0.07634656132045292,64.39626438592897,69.93878100662815,0.16891111111111112,24.0,0.1113
65.17616666666666,43.40163487416113,18.0,33.0,56.0,86.0,124.0,0.48023818711945804,0.3792279262349787,0.8248974042716044,0.0671544907026929,55.53411240900761,52.28153915792347,0.13986666666666667,9.0,0.03437222222222222
67.19405555555555,44.63323448081189,8.0,33.0,65.0,95.0,127.0,0.8023606932062654,0.5623953684336118,0.7535060640589759,0.048703482718642006,77.40444071505551,60.842907025940455,0.2500777777777778,16.0,0.13103333333333333
62.3024,46.55616296255047,6.0,23.0,55.0,94.0,129.0,0.6250887573964496,0.4308961495583569,0.8102686974800359,0.0630975819608675,64.73257407269305,66.01673650194888,0.15916666666666668,23.0,0.15854444444444443
68.69926666666667,48.00616769999455,7.0,28.0,66.0,100.0,134.0,0.8284867152865554,0.5732194177544621,0.7503134352257699,0.04961330261809883,81.27846885666474,63.37461435591245,0.24807777777777779,19.0,0.20437222222222223
70.36454444444445,53.594626042928574,3.0,28.0,64.0,101.0,146.0,0.3602304317997934,0.3126678579285094,0.8511679570449746,0.06871383508702378,48.465708774083204,43.497516477293516,0.09287777777777778,5.0,0.0444
63.3829,49.12568844675642,2.0,21.0,56.0,98.0,134.0,0.6794844390256634,0.4448449868196851,0.8075679341833824,0.06758157917047346,66.08496919732319,71.14816747519035,0.1623888888888889,20.0,0.12729444444444443
65.44374444444445,48.70134303168904,3.0,23.0,60.0,99.0,134.0,0.7580627640257566,0.48879923975496176,0.7897564313624915,0.06006620404013646,71.21112331884841,72.51359170758563,0.1932111111111111,21.0,0.19834444444444443
58.801833333333335,42.595926343763594,17.0,28.0,48.0,78.0,115.0,0.41953006677777654,0.34944019082560596,0.8358033757479009,0.08220620990861928,51.93630435342233,46.654885430714856,0.12791111111111111,11.0,0.057522222222222225
60.042366666666666,47.54257898112666,4.0,19.0,50.0,93.0,129.0,0.7078302162913914,0.46536264508599823,0.7986961069422718,0.06813305466780435,67.05168901987149,69.79925261955971,0.17888888888888888,23.0,0.17161666666666667
65.82252222222222,43.08227170161444,17.0,34.0,56.0,88.0,124.0,0.5136049652688449,0.3983459264064906,0.8171269143947999,0.065242122530319,56.08257165158366,54.32394275956951,0.13697777777777778,11.0,0.03241111111111111
66.76382222222222,38.734014309153764,22.0,39.0,60.0,87.0,118.0,0.4529119733932879,0.3682927297606664,0.8281785835906456,0.06980462737694527,53.90644663040036,50.00000789461513,0.13047777777777778,14.0,0.07246666666666667
65.90558888888889,46.864368221115726,6.0,27.0,62.0,96.0,130.0,0.9199880873815729,0.6005038161392676,0.7442321505139231,0.05070838370865685,82.0863957350129,66.93789984182993,0.2504222222222222,21.0,0.1804111111111111
59.8944,46.409661874513446,4.0,20.0,52.0,92.0,126.0,0.5419674276574087,0.39359147735111094,0.8238534037073553,0.0714833845961434,60.951341398830245,61.82266559833248,0.13966666666666666,21.0,0.10585555555555555
67.01348888888889,40.99850859407895,22.0,37.0,59.0,87.0,122.0,0.4436439096505259,0.360483318605683,0.8315194115136314,0.07077061462374676,53.99292926817674,49.35003152242039,0.12574444444444444,13.0,0.08545
65.13791111111111,45.314747445848,18.0,30.0,56.0,89.0,127.0,0.49817159017609797,0.39026140647196333,0.8200950454106989,0.06748158253929977,57.73736611737645,52.74524452967013,0.15213333333333334,11.0,0.047794444444444445
59.4604,44.43436993859596,5.0,22.0,52.0,90.0,122.0,0.5869475639720659,0.4145787798794197,0.8156580739726642,0.06667050584300144,62.06369683201116,63.54762765035884,0.1545,20.0,0.11433333333333333
62.463877777777775,46.64117191288491,4.0,23.0,57.0,95.0,128.0,0.5585196940377252,0.40559534196112645,0.8182572615794041,0.06615521031698691,63.03489784142143,61.86690201741698,0.13826666666666668,20.0,0.09873333333333334
68.91423333333333,46.87659436898594,5.0,33.0,67.0,98.0,131.0,1.0269450285790986,0.6420291626119021,0.7318922284879097,0.04767287415679476,85.9529086700696,70.07356738963865,0.27226666666666666,14.0,0.14031666666666667
60.17527777777778,49.24874437125338,1.0,16.0,53.0,95.0,131.0,0.6507954236156941,0.4238675741882082,0.8170307593058065,0.07935337545822035,63.30666969972994,70.88055817419084,0.15426666666666666,19.0,0.11082222222222222
64.79598888888889,43.725391955804874,19.0,32.0,55.0,86.0,124.0,0.5015502343374235,0.39774740588285734,0.8164276086051026,0.06655943435976679,58.00349272135979,52.04706362632921,0.15624444444444444,16.0,0.05698888888888889
63.9673,47.34085418699629,6.0,24.0,57.0,97.0,131.0,0.5316014641894387,0.39673485195915037,0.820519945424246,0.06393534337545895,59.43957675059887,59.296815017884576,0.14994444444444444,18.0,0.08618888888888888
53.713566666666665,47.364044852973066,1.0,6.0,49.0,85.0,119.0,0.834980770162899,0.5206046259736096,0.7826511651045059,0.1091395916134496,69.69841560190382,69.27308645519365,0.21137777777777778,10.0,0.04504444444444444
73.00143333333334,54.589268055492774,2.0,26.0,71.0,106.0,148.0,0.39818473320581793,0.3390552305529767,0.8396416937561333,0.06980701201832554,52.62172891261317,46.24567272996956,0.11101111111111112,8.0,0.1370111111111111
67.07346666666666,43.811722459532575,20.0,33.0,58.0,89.0,126.0,0.4441914426758836,0.3606145624769298,0.8317623768634385,0.08180066096449447,52.45741777035778,49.71081269345663,0.12566666666666668,14.0,0.025877777777777777
62.13061111111111,47.688859363632524,2.0,22.0,55.0,95.0,130.0,0.6630256466184197,0.44212256201459343,0.8074939163219119,0.06650021327257287,65.84136456488578,69.15137213236885,0.1702,20.0,0.10342222222222222
60.2475,47.87640545514623,1.0,19.0,53.0,93.0,129.0,0.6752125255869621,0.4405499752053482,0.8096709724625785,0.07238076143919217,65.6112378473879,70.90467905983313,0.16813333333333333,18.0,0.058638888888888886
62.72643333333333,43.61750610771628,12.0,31.0,53.0,85.0,122.0,0.5117067296040685,0.392467683060965,0.8207492333454598,0.06723787657036212,57.531919737388925,55.07164939318772,0.15053333333333332,12.0,0.08663888888888889
64.50813333333333,46.9680205679472,6.0,25.0,58.0,97.0,131.0,0.45583676357087727,0.3603981405875401,0.8336787308005681,0.06533509217335172,55.268429513346845,53.860058683132095,0.12792222222222221,18.0,0.08961666666666666
63.40461111111111,42.267849758203916,16.0,32.0,54.0,84.0,121.0,0.4707736490643281,0.3733479677706812,0.8272930970197947,0.0704784073806911,52.661120418063966,52.01031176264472,0.13382222222222223,11.0,0.07118888888888888
70.45604444444444,42.55005472144571,24.0,39.0,62.0,92.0,128.0,0.47581821418850645,0.38177704015242186,0.8225687348717559,0.07185509235960626,55.5066870797006,51.123441247550566,0.13516666666666666,13.0,0.09872777777777778
58.5534,37.72627427486343,18.0,29.0,51.0,80.0,108.0,0.3779486620209319,0.32358193234229293,0.8465289827108571,0.08397892628306304,48.916300210688576,44.36032582196757,0.10361111111111111,14.0,0.08117222222222223
62.583977777777775,49.70393090825754,1.0,18.0,56.0,97.0,134.0,0.6627628512731029,0.43088524364007863,0.8140922643793445,0.07314373023382716,64.74104896334049,71.42159742771334,0.15561111111111112,18.0,0.11786666666666666
62.70578888888889,40.256249008899765,20.0,34.0,55.0,82.0,116.0,0.4627829945973759,0.37613508238162885,0.8248222792730027,0.07174022542518725,56.0237816098569,49.79146161428298,0.13824444444444445,14.0,0.03952222222222222
63.32545555555556,41.90554803912169,17.0,32.0,53.0,84.0,120.0,0.4703708757918443,0.37008978273919385,0.8291838486220666,0.08730080926729203,52.402407332559655,52.50604214095797,0.13013333333333332,12.0,0.04674444444444444
61.531166666666664,45.68325885650016,3.0,23.0,58.0,90.0,123.0,1.0217786713795147,0.6231596029872895,0.741642702398219,0.05816321930801635,81.80717492717577,70.69500656097775,0.25851111111111114,19.0,0.15097222222222223
59.43158888888889,49.93057900645532,1.0,14.0,51.0,94.0,132.0,0.6583442765368024,0.4226512939825431,0.8185257211000266,0.08553302383579403,63.135243472817024,72.15711413656318,0.1576,18.0,0.046372222222222224
61.921822222222225,45.59732033319935,3.0,24.0,58.0,91.0,124.0,0.9956395808398861,0.6172981752627673,0.7427960650874258,0.05717702846389434,81.01889481424563,69.27011697189796,0.2516888888888889,19.0,0.15132777777777778
62.058233333333334,47.98280939844787,3.0,20.0,55.0,95.0,131.0,0.681479159442661,0.4506017084074377,0.8044586014279104,0.06739436341261595,67.16198587257693,69.87442838793505,0.16897777777777778,23.0,0.16567777777777778
72.2768,53.78164973693785,3.0,30.0,67.0,105.0,148.0,0.37909190985932295,0.326678029328531,0.8448732319051863,0.06475015353733564,50.476150156274,44.462232898159414,0.10364444444444444,5.0,0.036677777777777774
66.67894444444444,45.65138991430628,6.0,31.0,64.0,95.0,128.0,0.8567224919184349,0.5750765371751994,0.7524894491121952,0.05203769109529549,79.66862297944627,65.0356673193253,0.24496666666666667,16.0,0.1434388888888889
66.74393333333333,43.81550317811164,21.0,34.0,57.0,89.0,127.0,0.5067066177484965,0.3961983460289408,0.8176713451887219,0.06726436547240187,58.10873194964758,53.05350050325097,0.14806666666666668,15.0,0.0908888888888889
66.13158888888888,48.41503102145826,4.0,25.0,61.0,100.0,134.0,0.695729876250452,0.46873252722751046,0.7953783564217437,0.05826788181844918,70.15623404002326,68.91621066184754,0.18251111111111112,23.0,0.15204444444444445
62.193222222222225,44.62097362670453,4.0,25.0,60.0,90.0,122.0,0.981831812097553,0.6158304623736498,0.7423954248052692,0.05582073361345234,81.58486847695137,68.97071513845319,0.25256666666666666,17.0,0.15076111111111112
68.08335555555556,43.54252923121667,23.0,36.0,59.0,89.0,127.0,0.42243326882995347,0.3569315779465554,0.8315991332436004,0.06920071695779942,53.425584039547076,46.00362948277939,0.12427777777777778,14.0,0.07645555555555555
72.52734444444444,49.178191497329635,6.0,35.0,71.0,101.0,137.0,0.33339345570332923,0.30698875478648635,0.850774847627854,0.06210248318553591,47.26950385946704,36.246195883029465,0.10381111111111112,6.0,0.02861111111111111
61.48936666666667,45.40199748712727,3.0,24.0,58.0,90.0,123.0,0.959960766658091,0.6041108880213868,0.746518639699087,0.05836422634470573,80.00471481634078,68.99324819172432,0.24994444444444444,22.0,0.1794888888888889
63.102088888888886,47.534806429638586,4.0,22.0,56.0,96.0,131.0,0.6535048452105308,0.4414327020950548,0.8069040417124519,0.06386830910813221,66.56829375373015,68.05226161680108,0.16644444444444445,23.0,0.14966666666666667
59.301566666666666,46.10138925107234,4.0,20.0,51.0,91.0,125.0,0.5540236593177557,0.3990832969802724,0.8217868733003058,0.07140982856383782,61.225261242527495,62.350430161626115,0.14362222222222223,23.0,0.17660555555555554
60.04941111111111,46.058168447782656,3.0,21.0,53.0,91.0,125.0,0.6709402392963539,0.4414190930004511,0.8084010231100713,0.06675825949707621,66.10285263246105,69.83194769083545,0.16367777777777778,23.0,0.13048333333333334
62.27677777777778,49.040001525461676,1.0,20.0,55.0,96.0,133.0,0.7147169308322427,0.4603453540788134,0.8020531821164365,0.06918954808314154,67.27121245345049,72.21167032134268,0.17566666666666667,18.0,0.11133888888888889
64.16546666666666,45.08622626213021,18.0,30.0,55.0,86.0,124.0,0.3867459629459775,0.33078346439077866,0.843185182181656,0.0752633543381063,49.490775104680516,44.62195973563966,0.1194,12.0,0.07168333333333334
60.87175555555555,39.77344253569519,17.0,28.0,56.0,84.0,114.0,0.35658439689339794,0.3111216690342763,0.8512161686386093,0.07761169215633815,48.06522445305896,42.127845349989336,0.0879,9.0,0.03576666666666667
74.61334444444445,53.39391556819541,2.0,33.0,73.0,107.0,148.0,0.4427019459141024,0.3623896265142448,0.8309606778838274,0.0628508809256657,55.63950344264242,50.033868429190186,0.1261,6.0,0.02447222222222222
61.93593333333333,44.3839914322971,13.0,29.0,53.0,84.0,122.0,0.48204734846366376,0.3797850322330473,0.8248032175299697,0.06783409260868128,56.413342711214966,52.3697432549698,0.1444,10.0,0.03832777777777778
63.029466666666664,48.66566138852139,2.0,21.0,57.0,97.0,132.0,0.6756902420927433,0.443457921798041,0.8079693366036884,0.06792736953793346,66.06020482979798,70.73437812659589,0.1673,20.0,0.12115555555555556
74.61606666666667,51.854151400035256,5.0,36.0,71.0,104.0,147.0,0.39432838186000907,0.3436839073388441,0.8361593604781951,0.059488774412890404,52.68438534292569,42.83798505135763,0.12584444444444445,7.0,0.03696666666666667
62.152433333333335,47.80613835145952,3.0,21.0,55.0,96.0,130.0,0.4901355596320698,0.371237542085659,0.8312783428703525,0.07140575747022335,56.50322880079116,57.40005073146131,0.14216666666666666,17.0,0.07433333333333333
64.0013,44.08145274475171,17.0,30.0,55.0,87.0,124.0,0.48052193674194543,0.38047372699037674,0.824024977627675,0.06750709504783402,55.97963082171751,51.36958438347426,0.14737777777777777,11.0,0.0524
65.55588888888889,44.20628322345251,19.0,32.0,56.0,88.0,126.0,0.5172356666405671,0.3991604586824159,0.8173766887195253,0.06568258531247008,58.557042196596655,54.60031998550313,0.14775555555555556,11.0,0.048938888888888886
63.83217777777778,45.436597487678185,5.0,26.0,61.0,92.0,125.0,1.1444216694071283,0.6704369824349466,0.7273556984887779,0.05204209978963837,86.30660372078229,72.91158419441592,0.2624444444444444,19.0,0.16341111111111112
64.92293333333333,51.33933595484504,1.0,20.0,62.0,97.0,133.0,0.4017728735323617,0.33788538905232235,0.8407081901404462,0.07991293416449707,52.57003920172606,47.45100093190971,0.1168,9.0,0.08354444444444445
60.385466666666666,47.84027584814564,2.0,18.0,53.0,94.0,129.0,0.6058196217044551,0.4184145031934765,0.816037786010703,0.07446707962941564,63.1720524292904,66.00650197504861,0.1590777777777778,19.0,0.1206
64.11447777777778,48.81672704394304,3.0,22.0,58.0,98.0,134.0,0.5706616909579685,0.404762185732449,0.8203272696738415,0.06816582288127734,61.6970629357099,64.26987736271295,0.14758888888888888,19.0,0.11688333333333334
62.67781111111111,46.95384074797868,15.0,26.0,51.0,86.0,128.0,0.4453045174737046,0.35489551757437465,0.8355739203281463,0.07704190436529376,52.254197370758924,50.699101804710885,0.11903333333333334,17.0,0.1117
61.954033333333335,47.06487612693072,3.0,21.0,56.0,94.0,128.0,0.6830766900444812,0.4557241809375734,0.8013476111644645,0.06482938642822013,68.426524980844,69.42716128065715,0.1773,25.0,0.20470555555555556
63.26138888888889,47.07043868577164,7.0,23.0,56.0,96.0,131.0,0.6666471665119331,0.45193316256715993,0.8022814130727737,0.06104948330662335,66.55736166166227,67.3591621069458,0.17258888888888888,22.0,0.10428333333333334
67.78622222222222,46.57431468041819,9.0,29.0,64.0,98.0,132.0,0.854852192182787,0.580221930776315,0.7489458995212048,0.04768102800151868,81.18550747047706,64.09651437121126,0.25006666666666666,19.0,0.1905611111111111
61.10115555555556,48.37640392218575,2.0,20.0,53.0,94.0,131.0,0.6775209822410637,0.4449129204371316,0.8075120031237888,0.06989931116682632,66.34968336487916,70.56786903118515,0.16482222222222223,22.0,0.11093333333333333
65.62507777777778,45.352810031702866,7.0,29.0,62.0,94.0,127.0,0.9074052769730392,0.5969001185669064,0.7450893263728984,0.04946092595395209,81.18606476796383,65.52465353456908,0.2532,23.0,0.1801888888888889
67.33393333333333,45.00210735406362,9.0,32.0,64.0,95.0,128.0,0.8979917916652685,0.6007246470024572,0.7417061892573198,0.04604122930417135,81.25096436665788,63.91196871512915,0.2554777777777778,19.0,0.17350555555555555
60.489866666666664,47.76497377302512,2.0,20.0,52.0,93.0,129.0,0.7012862738298975,0.45547884438279956,0.803660620074027,0.0689639046863262,66.75489229769484,71.02145277536333,0.17042222222222222,22.0,0.12618333333333334
66.52206666666666,44.286957470017185,18.0,34.0,58.0,89.0,127.0,0.5019294247267927,0.39408040737799355,0.8183551937664014,0.06314565991462981,58.401126777976295,53.08554576191637,0.14907777777777778,12.0,0.03875
58.78521111111111,44.50982774324351,3.0,22.0,52.0,89.0,121.0,0.6326661055245467,0.4243481523323751,0.8145752297300392,0.06880006795509706,64.06982426621188,67.93843762838249,0.1526,23.0,0.14928333333333332
61.5133,48.60961222729284,1.0,20.0,54.0,95.0,131.0,0.6943192003818004,0.45153211373474567,0.805370642470886,0.07022802210030782,67.06727046653084,71.6281092321248,0.17408888888888888,22.0,0.11472222222222223
63.27415555555555,45.49487461801753,4.0,25.0,60.0,93.0,125.0,0.7913905045804857,0.5464935235623762,0.7619642340920514,0.056968492205894325,75.52941186873863,62.59704100644411,0.23922222222222222,19.0,0.14146111111111112
68.1465,52.56422160848152,2.0,25.0,64.0,99.0,140.0,0.4030066404924628,0.3415708810117709,0.8386303278762017,0.07211582303264821,52.8407135006917,46.52482917831242,0.1194111111111111,9.0,0.14970555555555556
71.96224444444445,53.510220800082486,2.0,28.0,69.0,104.0,146.0,0.42167856064249837,0.3507748608330257,0.835349202021461,0.06717605476863817,54.39124167599635,48.48793854660058,0.11635555555555556,9.0,0.09461111111111112
63.91113333333333,49.528107759847956,1.0,20.0,58.0,99.0,134.0,0.6876271052150795,0.44720969750524797,0.8070197029484418,0.06944586245773057,66.43089895826408,71.73346094503222,0.1675111111111111,16.0,0.059005555555555554
61.214055555555554,43.368241736670015,16.0,28.0,53.0,83.0,117.0,0.3723133223714873,0.3223806594258826,0.8465621795803925,0.07772923515263297,49.022067568168914,43.38537672493006,0.10502222222222223,11.0,0.0979
66.29178888888889,41.840085289374095,21.0,34.0,60.0,88.0,122.0,0.40151497186832363,0.3449711599049973,0.836302600238128,0.06910286698575588,52.034761099187385,44.65651841949275,0.12236666666666667,12.0,0.07372222222222222
63.06746666666667,42.20773946175169,16.0,32.0,53.0,84.0,120.0,0.4825702359779719,0.37695247629594003,0.8264943682938812,0.07094291182852923,53.54659905394267,52.936679961174946,0.1350888888888889,15.0,0.10695
63.523744444444446,43.08369261721529,18.0,29.0,56.0,86.0,120.0,0.361047070688993,0.3166678877566619,0.8486387849564199,0.07604471729720508,47.76366554496422,42.35660053951867,0.0990111111111111,10.0,0.051444444444444445
68.11757777777778,48.832115774577375,4.0,27.0,64.0,102.0,136.0,0.7096431341185595,0.4760323803238592,0.7922566059037903,0.05646571483539378,70.86761820308111,69.29499758440235,0.18834444444444445,20.0,0.153
61.010577777777776,42.19815029252606,19.0,30.0,51.0,81.0,115.0,0.40015923572816114,0.33466751863327404,0.8424551743455517,0.08124595602873706,50.37726762446013,46.295118965468205,0.10941111111111111,13.0,0.06680555555555556
62.6409,44.76896782955056,15.0,29.0,52.0,85.0,123.0,0.4363543193029161,0.3528083112418579,0.8357645214055167,0.07221670824451457,51.8238735334992,49.549772045506515,0.13011111111111112,16.0,0.08688333333333334
63.516688888888886,46.66723748856708,4.0,24.0,58.0,95.0,129.0,0.6789256831579065,0.45723809949926,0.7999585049117912,0.06069543318216486,68.8350645743162,68.79521120724696,0.1756,23.0,0.15232777777777778
66.79383333333334,45.770583417918836,8.0,30.0,64.0,96.0,129.0,0.7605472440651299,0.5401740006636764,0.7619917366030314,0.050359121756807255,75.53034369704893,60.055105832570284,0.23652222222222222,19.0,0.14468333333333333
59.14644444444444,47.663223402701185,1.0,18.0,51.0,92.0,128.0,0.6570316700409764,0.4313690749171336,0.8132661990948398,0.07483511154370671,64.56028932896297,70.12050340175935,0.1622111111111111,25.0,0.13649444444444445
66.8347888888889,45.196708394895424,10.0,30.0,63.0,95.0,128.0,1.141492153331618,0.6883930828514222,0.7171960772472804,0.04355085510934158,90.8456515296019,71.36565247874987,0.27607777777777776,18.0,0.16149444444444444
62.28581111111111,45.16616003169592,4.0,25.0,59.0,91.0,124.0,0.9679096523901671,0.609644718739164,0.7440469699856878,0.05549208796185806,80.55083533340178,68.445305612763,0.2561333333333333,19.0,0.12070555555555555
61.92657777777778,41.013657728717575,15.0,32.0,54.0,83.0,116.0,0.4975680827582093,0.3837287334593573,0.8240783102413718,0.06893917503713846,56.45571258528936,54.942048508086934,0.1410888888888889,10.0,0.04159444444444445
68.85526666666667,44.48433740637759,22.0,34.0,60.0,91.0,129.0,0.40360047240336616,0.34780340823928146,0.8347224515261449,0.07036465077472707,52.151044484573404,43.79337904360583,0.12255555555555556,17.0,0.12137222222222223
68.72737777777778,45.51779175237788,19.0,32.0,62.0,92.0,130.0,0.41513395636886985,0.3513636406005899,0.8339552439223809,0.06550203866020253,52.574437935237235,45.366022138631216,0.12943333333333334,12.0,0.05591666666666667
61.02546666666667,47.36722045540683,3.0,21.0,53.0,93.0,129.0,0.6587268039507388,0.44276712042743743,0.8068766398603899,0.06713103079390322,65.63587282079551,68.42683212459798,0.16894444444444445,21.0,0.1068111111111111
61.3859,45.21537696982447,5.0,23.0,55.0,93.0,124.10000000000582,0.4319614713481952,0.34678261428843077,0.839051007672227,0.06903375890290532,54.11047491451028,52.36359394839913,0.12092222222222222,17.0,0.09971666666666666
63.52834444444444,45.45696446986634,5.0,27.0,60.0,92.0,125.0,0.9999608505497702,0.6260654243241127,0.7378570694260311,0.05166627473743653,82.14712313081918,68.85792639919315,0.25722222222222224,19.0,0.12877222222222223
74.59627777777777,55.28058909408895,2.0,30.0,70.0,108.0,152.0,0.44558426825948994,0.36484734510799655,0.8298868360284313,0.06138038435709359,55.480384741764084,49.37204289896199,0.1355,7.0,0.037733333333333334
54.83553333333333,47.84807549414431,1.0,13.0,45.0,87.0,125.0,0.6726495602211757,0.42763841194915786,0.8170071765013782,0.09240209659517049,62.9047958563871,72.11300200564571,0.1603888888888889,20.0,0.0638
64.05703333333334,47.84158073474254,6.0,23.0,56.0,97.0,133.0,0.5531470005928345,0.40588158969139043,0.8176846749920945,0.06367674619566766,61.76504106284326,61.130755418699366,0.1539111111111111,19.0,0.08336111111111111
58.09632222222222,46.00962556087289,11.0,22.0,47.0,82.0,120.0,0.4061900314314158,0.3343329679384645,0.8436097965640099,0.08098976183609508,48.92674281553398,47.12631199136041,0.13075555555555557,13.0,0.11687777777777777
59.545744444444445,44.84502817359186,4.0,22.0,53.0,90.0,123.0,0.5244649947987159,0.38721971790024723,0.8255215110249646,0.06903055773369429,59.99652527798503,59.95228935589155,0.13233333333333333,24.0,0.16287222222222222
64.04983333333334,47.896415952379286,5.0,24.0,56.0,97.0,133.0,0.657009569244192,0.44606530314724296,0.8047155140393835,0.06104321987463863,66.71126274973184,67.92704845071017,0.16392222222222222,22.0,0.1043111111111111
59.152655555555555,42.95439877427149,11.0,27.0,49.0,80.0,117.0,0.49554586451307403,0.37959772075629283,0.8266210151748358,0.073202310814069,55.13679218960964,54.62233336827856,0.14214444444444443,13.0,0.07205555555555555
65.29998888888889,42.394625655197395,19.0,33.0,58.0,87.0,121.0,0.3922178070342241,0.3382164722243972,0.8392891267684055,0.0706001544697834,51.54487906054575,44.08327874439393,0.11177777777777778,10.0,0.09241666666666666
61.337744444444446,50.53610904669191,1.0,17.0,55.0,93.0,130.0,0.3883293624605243,0.32632528346066225,0.8461852182905876,0.08545754933835839,51.05285062858477,47.14272841802234,0.1102111111111111,9.0,0.08010555555555555
66.4995111111111,47.194328046503514,4.0,28.0,64.0,96.0,130.0,0.893331571608073,0.5844289120554207,0.7508990533423244,0.05512988752866359,80.40598829806235,67.57597157792662,0.2453,20.0,0.13875555555555555
57.09267777777778,44.23249509060751,9.0,24.0,45.0,79.0,117.0,0.4556370920534073,0.3540916581842858,0.8375119833826119,0.07990051924267405,51.88705609056748,53.45145824046414,0.12654444444444443,12.0,0.07443333333333334
71.86,46.682807922784114,22.0,35.0,64.0,94.0,137.0,0.39386705219553847,0.34105541325041105,0.8375084407457535,0.06691377522733297,51.36386237011227,43.228378515632905,0.11504444444444445,7.0,0.05007222222222222
76.65124444444444,52.377275528464544,6.0,38.0,73.0,106.0,148.0,0.3979071636036883,0.3487210061035857,0.8334235782535369,0.05721217477005785,53.00500999587669,42.30274910692778,0.12961111111111112,6.0,0.03233333333333333
60.392722222222226,45.5698360557185,3.0,21.0,55.0,93.0,124.0,0.6566632923569087,0.4364667807593502,0.8099591698976061,0.06787310082715214,65.86860254742432,69.47210598190154,0.1603888888888889,21.0,0.08992222222222222
65.22762222222222,44.41921567809684,8.0,30.0,62.0,93.0,125.0,0.9933267431758779,0.6285301711763105,0.7358426764435834,0.04858708361897618,83.5865732735097,67.38698086881779,0.2613666666666667,16.0,0.1312611111111111
70.7776,54.28044096701254,2.0,26.0,66.0,104.0,147.0,0.42622956305485027,0.3482654463223752,0.8375938475795608,0.06834404439602387,53.45489607311469,49.99910396120734,0.11443333333333333,8.0,0.07657777777777777
63.726822222222225,45.52818341437356,4.0,28.0,61.0,91.0,125.0,1.0382452657129115,0.6275789047848086,0.7409047657405499,0.05539206893182377,82.95748416227532,71.77570386913862,0.2529888888888889,21.0,0.15580555555555556
63.866277777777775,46.77520279106294,6.0,25.0,57.0,96.0,131.0,0.5714274075979762,0.41780390226805814,0.8126603053470691,0.06135588208090796,63.02989458451155,60.940746903117336,0.162,21.0,0.08733888888888888
61.21463333333333,48.68007291694302,1.0,19.0,54.0,95.0,131.0,0.7316739652427452,0.46224183733962704,0.8024725487339637,0.07114942946965258,68.09904926238339,73.69156276598302,0.17566666666666667,19.0,0.104
69.544,46.204384082513684,8.0,34.0,68.0,98.0,131.0,0.9114003571921269,0.6010865650272368,0.7432461072929301,0.047763552502123094,82.88683637494304,66.26221614982971,0.2597111111111111,18.0,0.17816666666666667
63.91667777777778,52.62979533883144,1.0,19.0,57.0,96.0,136.0,0.39368031863923963,0.33040708903330684,0.8443420619074429,0.0813766664656764,51.47053810905138,47.721710364340694,0.11572222222222223,10.0,0.08183333333333333
65.81055555555555,43.3444834337174,15.0,34.0,57.0,87.0,125.0,0.5034970712482709,0.39315240694548537,0.8194356264302644,0.06584016678689078,56.62111084087462,53.91089960327392,0.14775555555555556,13.0,0.06985555555555556
64.75505555555556,43.711905726233624,8.0,30.0,62.0,92.0,124.0,0.9222434033176363,0.604429247622137,0.7424460201210419,0.04927290660134965,81.10643216544314,65.44075722236727,0.25851111111111114,18.0,0.14635555555555554
65.14137777777778,48.361066423904305,4.0,24.0,59.0,99.0,134.0,0.6560919340946969,0.44633993654060544,0.8042502185844305,0.060912024219725566,65.90783775212628,67.64699854190344,0.17052222222222221,21.0,0.0929
67.3813,45.42216565215954,9.0,31.0,64.0,95.0,128.0,1.1491386468458593,0.6899117552749223,0.7169170165704265,0.04399496008301442,90.26088538586018,71.62481702458345,0.2779333333333333,18.0,0.16496666666666668
61.29074444444444,45.60680347517879,13.0,26.0,51.0,84.0,123.0,0.43214452299191286,0.3498814424148872,0.8369750254693363,0.07293115802941645,52.21948578857758,49.73683447885023,0.1236,12.0,0.042633333333333336
63.03688888888889,48.01183436622554,3.0,22.0,56.0,97.0,132.0,0.5967651182126972,0.42188864404947,0.8129491138153526,0.06659695316286407,64.12105095289854,64.48563097678091,0.16415555555555555,18.0,0.10413333333333333
65.83376666666666,46.20188596235969,6.0,28.0,63.0,95.0,129.0,0.9199976603542839,0.6017766673005149,0.7435079023076515,0.05038317052117322,80.91221232304947,66.16292153373104,0.2559888888888889,19.0,0.15067222222222224
68.17235555555555,44.97423415698052,8.0,33.0,65.0,96.0,129.0,0.7926851768995873,0.5537135024589583,0.7573524580395127,0.04859497771963961,76.96317916123068,61.21939968539999,0.24237777777777778,15.0,0.1451111111111111
60.14732222222222,47.94163021085068,2.0,19.0,52.0,93.0,129.0,0.6681243125542966,0.44024283844699724,0.8092429170011237,0.0710327984969938,65.69526184658302,70.10124736422316,0.16976666666666668,23.0,0.12925
58.43962222222222,48.17338913955107,1.0,15.0,51.0,92.0,128.0,0.5942407057340895,0.4077077996890415,0.8211862108312413,0.0832739484950703,61.69910790739848,66.20951975096497,0.15744444444444444,14.0,0.04688888888888889
65.72297777777777,48.5721030224318,3.0,25.0,60.0,100.0,135.0,0.5789306514095667,0.4174699294937044,0.8136459015896452,0.062375078571634164,62.50637173424572,62.69407134258531,0.1624,19.0,0.07344444444444445
68.83207777777778,53.43783981739443,2.0,24.0,65.0,101.0,142.0,0.42642773384339483,0.3523321793566813,0.8349714859950609,0.07207198599625089,54.84270086569152,49.11613454728894,0.12654444444444443,9.0,0.11228888888888888
66.22034444444445,46.572729663675524,7.0,26.0,63.0,96.0,129.0,0.7884838536481695,0.5490878923800255,0.7601265212135868,0.053049605686003004,77.17270298494672,62.07032877307155,0.2397,14.0,0.1366388888888889
68.24778888888889,41.94634284945854,21.0,38.0,60.0,89.0,124.0,0.48884925783827926,0.3885292017613524,0.8199920318672409,0.06603984282172284,55.89945709558489,52.313053892216764,0.13626666666666667,15.0,0.11515555555555555
64.9546,44.97603293799932,7.0,29.0,61.5,93.0,126.0,1.0025345260865837,0.6315966730424343,0.7347130702133702,0.048194642733683395,83.93839357493553,68.47876877505983,0.26206666666666667,23.0,0.14734444444444444
64.91812222222222,45.51395068702142,17.0,29.0,57.0,88.0,127.0,0.46628055987442346,0.37293648840617,0.8269653399530527,0.06883255242338461,55.405765262221045,50.944457752611896,0.14196666666666666,14.0,0.045983333333333334
63.74041111111111,48.69602381951721,2.0,22.0,58.0,98.0,133.0,0.7029214438317245,0.46286327893424006,0.7994514739901174,0.06462561018064758,69.1957875017671,70.81537398058626,0.1764111111111111,22.0,0.17462777777777777
66.84793333333333,48.66260266314484,3.0,26.0,62.0,101.0,135.0,0.4847993217823812,0.3746339806042438,0.8284972695033951,0.06412716251783954,56.57162104402722,56.58072171887484,0.1411111111111111,16.0,0.08515555555555555
60.207855555555554,42.93337094280472,12.0,28.0,51.0,82.0,118.0,0.4817560858752512,0.37055192335656206,0.8304916767580812,0.07316971331473719,53.72276657058849,54.38923542190897,0.1348888888888889,14.0,0.03957777777777778
64.66628888888889,46.416817033926264,6.0,25.0,61.0,95.0,129.0,0.767347447642271,0.5397763541049131,0.7630629749090196,0.055227146686164914,76.26058183290962,61.76299190953435,0.23316666666666666,20.0,0.1876722222222222
58.32516666666667,43.27230510223728,15.0,27.0,47.0,79.0,116.0,0.44536554400957484,0.36436464170796007,0.8298868066663434,0.07806233092530296,53.45299802480952,48.55150943921699,0.13663333333333333,16.0,0.04092777777777778
60.89291111111111,45.67168924658407,2.0,22.0,57.0,90.0,123.0,0.9818458592931474,0.6081810233293439,0.7466350393409067,0.06094735730010345,80.10991140886365,70.04614879299706,0.24938888888888888,17.0,0.14681666666666668
63.3989,48.957743921683225,0.0,19.0,61.0,95.0,129.0,1.04383763418008,0.6252846910735526,0.7436269590778463,0.06635933390661823,82.16568169618974,73.59118951085553,0.2531333333333333,15.0,0.12367777777777778
68.44996666666667,47.75393464881541,7.0,29.0,65.0,100.0,134.0,0.9060368172615518,0.6027571932454148,0.7416378762741548,0.04926024078802557,83.44851953597394,66.27476064359107,0.2529888888888889,17.0,0.17260555555555557
61.45726666666667,48.20733803612152,2.0,20.0,53.0,95.0,131.0,0.6006075808249722,0.4205931887413638,0.8141503125608659,0.06979929557301506,62.26987520497112,64.6034802791579,0.16418888888888888,18.0,0.08431111111111111
60.686077777777776,46.95987101953889,3.0,21.0,53.0,93.0,128.0,0.5742828846060634,0.40797711994272995,0.8187117642366841,0.06959786815061758,62.135707389677066,63.63863152786982,0.15294444444444444,22.0,0.10136666666666666
64.13822222222223,42.33623513880745,16.0,34.0,56.0,85.0,121.0,0.5070880545706051,0.3933419555336816,0.8195448767218434,0.06682194786875761,58.03252658360501,54.52924977060843,0.14393333333333333,15.0,0.11955555555555555
61.35455555555556,46.61889770995619,5.0,22.0,53.0,94.0,128.0,0.5362380547570311,0.39532572342591243,0.8220955088123548,0.06805757494637402,60.22749762034102,60.22816688184502,0.1484111111111111,21.0,0.08822777777777778
64.49942222222222,43.00697100728821,21.0,33.0,54.0,85.0,122.0,0.44414396930683103,0.37089642919728716,0.8256142363868662,0.07305287166092435,55.56121277917504,46.754811648481855,0.1388111111111111,12.0,0.058222222222222224
69.31471111111111,42.93664947370317,23.0,38.0,61.0,91.0,127.0,0.4706416967744581,0.38211229926585455,0.8221466800733559,0.0655922552384618,56.35357284671595,50.19664845683193,0.14255555555555555,14.0,0.10072777777777778
70.30092222222223,53.111441446103115,2.0,27.0,67.0,102.0,143.0,0.41735094312889853,0.34787120203726285,0.8365717905928753,0.06979952121151717,54.17169515487835,48.4271170551082,0.1242111111111111,4.0,0.05015555555555556
57.567677777777774,48.10524293147446,1.0,15.0,49.0,91.0,127.0,0.6595966301644649,0.4284822317423742,0.8151541019124996,0.08285421433919493,63.93052196121223,71.02728775767385,0.15867777777777778,22.0,0.05483888888888889
62.78858888888889,49.46008137666722,1.0,19.0,57.0,97.0,133.0,0.6985053019541168,0.45674284963255446,0.8025489143528988,0.07098496146061942,68.54867235634441,71.70608967138232,0.17528888888888888,20.0,0.07150555555555556
61.95792222222222,45.39265966742684,3.0,25.0,59.0,90.0,123.0,0.9458527868815785,0.5957736677069235,0.7500848104446058,0.06034168154656871,79.68312989192512,69.21069321333977,0.24154444444444445,18.0,0.14399444444444445
61.65824444444444,47.938217215567306,2.0,21.0,54.0,95.0,131.0,0.6092919169435091,0.4213334302748291,0.8144292342172231,0.06902827532885673,62.89179851193044,65.71628592282359,0.16097777777777778,19.0,0.07653888888888889
64.38684444444445,43.63791618711393,20.0,32.0,54.0,85.0,124.0,0.474660947118414,0.38576682587443095,0.8203982810950057,0.06962582451752175,56.52497118825089,49.365583928602035,0.14193333333333333,14.0,0.09344444444444444
66.31732222222222,48.857236538335236,3.0,24.0,61.0,100.0,135.0,0.7012623180948758,0.464317410692647,0.7983241511005433,0.06037814843342146,69.48125591224411,70.64793799909457,0.1767,23.0,0.19809444444444443
67.74884444444444,46.809698767079155,8.0,29.0,65.0,98.0,131.0,0.9071017475568879,0.597186776434268,0.7446695217135634,0.04869311904597006,82.52335506154247,66.20007387078736,0.2538666666666667,18.0,0.18015
61.40116666666667,48.315850042253786,2.0,20.0,53.0,95.0,131.0,0.5490962069775506,0.39912264217775345,0.8213271834074509,0.07193646425897215,59.639682872634026,61.497514892577215,0.15423333333333333,17.0,0.07429444444444444
61.29763333333333,48.33046477647407,1.0,16.0,58.0,93.0,127.0,0.9091429905705755,0.5711736166262122,0.7609182351081616,0.07439407022736184,76.7617791335225,69.6486991011213,0.2384111111111111,15.0,0.08956666666666667
65.47957777777778,48.76618391922779,4.0,23.0,60.0,100.0,134.0,0.5887593352796203,0.4212057284966984,0.8124138428461171,0.06533151248551776,64.79875982711036,63.712239469365706,0.1524,17.0,0.07305555555555555
75.37684444444444,54.12361334572947,3.0,33.0,72.0,109.0,151.0,0.4676587510206821,0.37698894121243987,0.8250666399322972,0.06018235374209198,56.99057699442054,51.10559678481324,0.13497777777777778,5.0,0.02398888888888889
62.68181111111111,48.24165823398198,3.0,20.0,56.0,97.0,132.0,0.5889777519267122,0.41719024395700266,0.8147215456735595,0.068567409632249,63.77034376848601,64.34608932331997,0.15511111111111112,19.0,0.10138333333333334
58.30875555555556,48.2167304182805,0.0,11.0,55.0,90.0,124.0,1.1353051513219465,0.6350469327337874,0.7472836061817721,0.08386175234622181,79.75428196270954,76.83799159957962,0.2442777777777778,13.0,0.08294444444444445
64.83072222222222,47.695038881657695,4.0,24.0,59.0,98.0,133.0,0.4739247323855438,0.3683063015700794,0.8310624908229605,0.06584696210885027,56.55091798018274,55.62737643401833,0.13197777777777778,17.0,0.07403333333333334
65.20124444444444,48.50341809955508,3.0,23.0,61.0,99.0,133.0,0.5677439197175274,0.4148669944034929,0.8138294034742342,0.0664008298712936,64.15304944447159,61.97009944120601,0.15396666666666667,18.0,0.07312222222222223
65.88205555555555,46.38629718877982,5.0,29.0,63.0,95.0,128.0,0.9774464118596735,0.6178806911182947,0.7403911345892407,0.05143752797212031,82.67268084297362,69.00815393055004,0.25993333333333335,21.0,0.17926111111111112
62.342822222222225,43.696551422935926,17.0,29.0,52.0,84.0,122.0,0.4699522656346126,0.36892679239232967,0.8299178846051756,0.07337658389209697,53.92513489010462,52.58126202339489,0.13683333333333333,13.0,0.03286111111111111
60.34585555555555,47.550414130001975,2.0,20.0,52.0,93.0,129.0,0.6386683221291336,0.4324292047441677,0.8110851477239256,0.07042756815642966,64.01648794893163,67.80806051410327,0.16727777777777778,20.0,0.08248333333333334
57.87164444444444,47.81788893948723,1.0,15.0,50.0,91.0,127.0,0.5764553714909975,0.40340247871947743,0.821789975761075,0.08336077153453683,61.30067735830873,64.88320326959548,0.14933333333333335,17.0,0.05042222222222222
68.08525555555556,46.43518694961616,7.0,31.0,65.0,98.0,131.0,0.762205092784197,0.5402945809703843,0.7620621538580497,0.05054806037675264,75.52693046090833,60.379461902186264,0.2368888888888889,17.0,0.1653111111111111
63.75096666666666,44.774989225868794,8.0,26.0,59.0,93.0,126.0,0.8129162705115155,0.5644740457787571,0.7537040392334307,0.052106296562925605,79.17516350081364,62.70804392985255,0.2447,21.0,0.20536666666666667
65.09674444444444,47.68068402824521,5.0,25.0,59.0,99.0,133.0,0.5406011957360656,0.4025041759413579,0.818338882479387,0.06261910637117292,61.28508408645859,59.97245776802816,0.14746666666666666,21.0,0.07666111111111111
55.862744444444445,45.749095131564225,2.0,17.0,48.0,87.0,121.0,0.5577086106419391,0.39113226734973133,0.826948298423742,0.0826921298089124,60.34443846789988,64.34101708340629,0.14201111111111112,20.0,0.06608333333333333
61.70267777777778,43.69909317068968,17.0,28.0,51.0,83.0,120.0,0.4644797038064451,0.3657184110543133,0.8311302922037436,0.07531527720072848,52.89575304976944,51.45299363246275,0.13727777777777778,11.0,0.044705555555555554
63.484722222222224,47.871865896027956,3.0,23.0,56.0,97.0,132.0,0.6533929709958501,0.4423655962088418,0.806503496596306,0.06318901223526763,66.03573163749908,67.95864455183332,0.17247777777777779,21.0,0.08617777777777778
63.414366666666666,48.89597870580861,2.0,20.0,58.0,97.0,132.0,0.6963709112127754,0.4563326938923129,0.802588048090084,0.06874872373316854,68.51658896546243,71.49913902266458,0.17255555555555555,19.0,0.10416666666666667
65.99366666666667,47.59569639625461,4.0,26.0,64.0,96.0,130.0,1.1877062803175207,0.6885733847123261,0.7218882851462192,0.0523559159860923,88.7771608504286,75.26056721819064,0.2678888888888889,15.0,0.13630555555555557
59.728744444444445,43.74627613842276,16.0,28.0,48.0,81.0,118.0,0.45330519233565625,0.3655794771124857,0.8301177115219939,0.07755702668876192,52.999777714067704,49.348264925408486,0.1368,14.0,0.08236666666666667
66.69442222222222,43.61980309700777,20.0,34.0,57.0,89.0,126.0,0.506528133540639,0.393346457720458,0.8192923531035716,0.06520270131160415,57.07973960612913,53.54442676514154,0.14855555555555555,14.0,0.04671111111111111
73.22707777777778,50.06761430655056,5.0,35.0,71.0,102.0,139.0,0.3757728474327282,0.3320353053470692,0.840934296969087,0.06054864663396251,50.52105696186885,40.665382535873654,0.12453333333333333,4.0,0.02166111111111111
63.245333333333335,47.07815759634893,4.0,24.0,57.0,96.0,130.0,0.5706532738261689,0.41275632636473114,0.8154977861918024,0.06429277044340079,62.84169953227894,62.08774471938257,0.15381111111111112,21.0,0.09086111111111111
62.48153333333333,49.20151728785065,1.0,19.0,56.0,97.0,132.0,0.7260313829450081,0.46206181511765343,0.8018906823038712,0.07120411408454975,67.64003345172155,73.23707506132996,0.18236666666666668,18.0,0.11461111111111111
65.08763333333333,49.20433109164951,2.0,23.0,60.0,99.0,135.0,0.7821859281961798,0.4961396125322983,0.7879562892948181,0.06215904031282493,72.10258501448985,73.9166642676094,0.1976111111111111,17.0,0.07176111111111111
73.36005555555556,50.93405468508845,4.0,35.0,71.0,103.0,142.0,0.3676270958937819,0.3256432068246813,0.8438267919573359,0.06161152008955262,50.21005243738025,41.219176373408935,0.10644444444444444,5.0,0.02316111111111111
62.7495,48.329145735547385,2.0,21.0,56.0,96.0,132.0,0.734727296115256,0.4743073716550523,0.7958605790314657,0.06494437424891618,69.58917855293846,72.06994662204926,0.1868,24.0,0.18493333333333334
70.42173333333334,43.01805133889209,22.0,39.0,63.0,95.0,128.0,0.4759479107243394,0.3804780241086043,0.8236925053482056,0.0630461674716417,55.0992916932605,49.723185843794745,0.14915555555555557,9.0,0.02606111111111111
63.24346666666667,45.462871928445324,3.0,26.0,60.0,92.0,124.0,0.9780668653967332,0.6163978497630527,0.7413238884396911,0.05472879070170633,81.1620382892567,68.45865018518604,0.2589444444444444,19.0,0.13124444444444444
58.33152222222222,48.21719764328624,1.0,16.0,50.0,92.0,128.0,0.666356006457795,0.43079950634407527,0.8145315982225972,0.08058137312944126,64.36940834677264,71.34015841319507,0.1625111111111111,20.0,0.05441666666666667
58.00465555555556,46.044475244572226,11.0,22.0,46.0,82.0,120.0,0.3877549934191638,0.3223004123742091,0.8487692186515438,0.08464854491087903,47.79884762168272,47.15548099915192,0.121,13.0,0.13021666666666668
62.730866666666664,48.032213155154764,3.0,20.0,58.0,96.0,130.0,0.5948604042460375,0.4269207465986584,0.8096567680033763,0.07145706284628561,66.3642486615034,63.39706170578789,0.15772222222222224,20.0,0.08681666666666667
56.97052222222222,42.408253755798206,10.0,27.0,47.0,77.0,113.0,0.429278466310966,0.3499193800964195,0.8368565092530302,0.07930734178625076,51.29505083886629,48.97181188641199,0.1356111111111111,15.0,0.033044444444444446
61.6215,48.760149644002894,2.0,19.0,54.0,96.0,132.0,0.679994854643684,0.4493121441594613,0.80506178298137,0.07095385900170753,67.36858080834303,70.4424695753191,0.1682,22.0,0.12324444444444445
56.54524444444444,47.59630421747543,1.0,15.0,47.0,89.0,126.0,0.6483160516474462,0.42284562439644596,0.8173804148971737,0.08435155526227958,62.59567179938744,69.9522014964904,0.1650111111111111,28.0,0.12015
66.53095555555555,47.653522868236934,6.0,26.0,63.0,98.0,132.0,0.9453295544792564,0.6130707057713747,0.7400463643343715,0.05174838799179131,84.9890730798897,68.52723587757767,0.25455555555555553,19.0,0.21377222222222222
61.1124,46.47481001833143,4.0,22.0,54.0,92.0,127.0,0.6427823514278364,0.43421505352289125,0.8100239717143891,0.06524798864387737,65.50534289320298,67.98615910773074,0.15975555555555557,22.0,0.11502222222222222
63.551566666666666,49.438715449770065,1.0,20.0,57.0,98.0,134.0,0.696954023631354,0.45598050730230455,0.802780782032018,0.06859739372861305,68.51455994827654,71.35229784966532,0.17358888888888888,21.0,0.09375
58.09852222222222,48.568628581221205,1.0,15.0,49.0,92.0,128.0,0.5867482746278005,0.4042081277987196,0.8224997696307861,0.08356281090164155,61.54470060085201,66.29865630577655,0.14974444444444446,20.0,0.054988888888888886
66.29295555555555,45.375147374578205,6.0,31.0,64.0,95.0,127.0,0.9759125830061558,0.6241136844106889,0.7367261807110215,0.048996357248888275,82.6786322556787,67.28493748807892,0.2660111111111111,21.0,0.16029444444444443
62.358444444444444,49.90845069638588,1.0,16.0,59.0,94.0,128.0,0.3931601529438522,0.33074211511429774,0.8440558369033901,0.0862072645436742,51.71313079004097,47.11906164768971,0.12298888888888888,8.0,0.07763888888888888
61.44071111111111,44.1943178391985,15.0,28.0,51.0,84.0,122.0,0.4753324440815353,0.3737257320015064,0.8277350155923116,0.07201789406109088,54.69758429440381,52.6214454077521,0.1355888888888889,13.0,0.03811111111111111
59.887322222222224,46.627247915385695,3.0,20.0,53.0,92.0,126.0,0.558337369455226,0.3993241593121628,0.8221163577144746,0.07235949383151816,61.360401644284444,62.9479650985804,0.1429888888888889,20.0,0.10373333333333333
61.31021111111111,49.35162973960873,2.0,16.0,54.0,96.0,133.0,0.5797194196187216,0.40230557637312037,0.8229243925798564,0.0795074929589303,61.55817024544229,65.97670538766636,0.1406888888888889,15.0,0.046144444444444446
61.94122222222222,46.54139938037908,3.0,21.0,59.0,92.0,125.0,0.8221471049913686,0.5502012095315861,0.7635184732140528,0.06371321963215616,75.85111260214012,65.43074052695988,0.23024444444444445,17.0,0.14228333333333334
72.85702222222223,49.49332751458699,6.0,35.0,71.0,102.0,138.0,0.3596175285138496,0.3231374555840165,0.8442544383358874,0.061140180408758765,49.444380465321345,39.144886942407716,0.11302222222222222,5.0,0.030627777777777778
61.12824444444445,44.109815713187444,6.0,24.0,55.0,91.0,123.0,0.55114225045954,0.40388681334660687,0.8183592520004837,0.0639099024495223,61.235677566086935,60.66856841085207,0.14565555555555557,20.0,0.08708333333333333
61.562977777777775,43.19227850771935,7.0,26.0,56.0,92.0,122.0,0.5827281667244588,0.41530668001476495,0.8145743914346685,0.06185230169146411,62.59545518566182,62.61732216043933,0.15267777777777777,22.0,0.13381666666666667
61.0592,48.186518236997,1.0,18.0,55.0,94.0,128.0,0.6664672375029361,0.4436055431893006,0.806894243131047,0.07329247541437914,67.3962919190785,70.045390140985,0.16593333333333332,20.0,0.09024444444444445
66.47554444444444,41.31422679004336,23.0,36.0,57.0,86.0,122.0,0.45365696878856687,0.371796008993188,0.8262711851790303,0.08114746002023958,53.15019308174979,48.23117845722533,0.14053333333333334,11.0,0.036705555555555554
65.76033333333334,48.33138874134145,5.0,24.0,60.0,100.0,134.0,0.5183226697687945,0.3896585422236143,0.8234337100380433,0.06367720631709985,59.66743415694052,58.9978113625549,0.14084444444444444,20.0,0.07533333333333334
62.68311111111111,48.19189631380973,2.0,22.0,56.0,96.0,131.0,0.6633110740744883,0.4466416110185196,0.8051762505253218,0.06581164511555168,65.98009563253075,68.20941839731427,0.1708222222222222,20.0,0.08102777777777778
62.7253,43.20500505881491,13.0,31.0,54.0,84.0,121.0,0.4849053515434204,0.37759061233468677,0.8266341011153066,0.06920976046133523,55.137881524192814,54.030073713336,0.1361888888888889,15.0,0.04385555555555556
64.11101111111111,49.39872916583864,1.0,21.0,59.0,99.0,134.0,0.7261097004880631,0.47294521314079263,0.7958522908674865,0.06697968568371084,70.43123457457155,71.81214549605187,0.18414444444444444,19.0,0.07543333333333334
66.0496888888889,45.73972547545379,8.0,29.0,63.0,95.0,128.0,1.173071721792821,0.6979694298721492,0.7146365890954193,0.04521303463364058,89.66961473013654,71.70314648863815,0.2808555555555556,18.0,0.14192222222222223
66.51168888888888,46.071473664211126,7.0,28.0,63.0,96.0,129.0,0.8467177846631095,0.5760295932558548,0.7504736920798976,0.05020803779542442,79.76715168378406,63.57718861554186,0.24874444444444443,17.0,0.14315555555555556
61.978544444444445,44.13599986522998,12.0,30.0,52.0,84.0,122.0,0.49415464219266747,0.38830094182391695,0.8213615789958673,0.06814178157228651,57.377579605657445,53.26082344605647,0.14471111111111112,14.0,0.07085
63.5547,47.524628084569656,3.0,24.0,57.0,96.0,131.0,0.658619907309016,0.4450574564788612,0.8052803604430404,0.06232490185638303,66.15175834592958,68.09452434314755,0.17024444444444445,21.0,0.09255555555555556
76.18134444444445,52.72312999447862,4.0,37.0,73.0,107.0,149.0,0.42695495576112125,0.36186688814069934,0.8291678058845974,0.058355726066483773,55.03579322123316,46.00134802443533,0.12702222222222223,6.0,0.027927777777777777
60.941155555555554,42.478305621134055,13.0,30.0,51.0,82.0,118.0,0.4978567167406778,0.3841832492552283,0.8242034899204812,0.07140089333941438,54.42822272154416,54.378301577790154,0.1489888888888889,12.0,0.06183888888888889
54.92812222222222,45.026031485828724,1.0,15.0,48.0,87.0,119.0,0.6546120941973057,0.41946502276260894,0.8194018087955943,0.08482340941394013,62.659028822767034,71.38176841843585,0.15374444444444443,20.0,0.0645
59.72215555555555,43.443146272113474,15.0,27.0,48.0,82.0,119.0,0.45320005741919367,0.3581530594363225,0.8345506923016557,0.07869145979614922,52.32619844247297,51.670006353385894,0.1319,19.0,0.12828333333333333
63.78007777777778,45.61783253649042,5.0,27.0,60.0,92.0,126.0,0.9884484233957115,0.6234806564430674,0.7382831863164948,0.05250163442759679,82.4185382692277,68.9747140029306,0.2574111111111111,16.0,0.11239444444444445
71.13984444444445,43.570575687653935,26.0,39.0,62.0,92.0,130.0,0.4612732240131542,0.38366831280783587,0.8199448564458015,0.0662151911887994,57.19693927091774,47.52686894139232,0.1396,14.0,0.04747222222222222
64.66231111111111,47.16581164823249,6.0,25.0,58.0,97.0,132.0,0.6094831806504775,0.43263418940131165,0.8078293177182955,0.06005666819953453,65.2198452956609,63.832097478454735,0.16853333333333334,20.0,0.11196666666666667
64.89902222222223,46.25236358092123,5.0,26.0,62.0,94.0,128.0,1.1483868562245763,0.6826965954892377,0.7212126621883601,0.04987005942051013,87.71590836776868,71.92494851730663,0.27197777777777776,19.0,0.1743611111111111
62.34107777777778,48.55919033457525,2.0,21.0,54.0,96.0,132.0,0.5738222260750253,0.4148201828465752,0.814666756839125,0.0688574345669839,61.09353236959732,62.142298640963894,0.16616666666666666,17.0,0.07966666666666666
59.67,47.56670906328407,2.0,19.0,52.0,92.0,128.0,0.6410335734499615,0.429086223867742,0.8129801983234803,0.07299979040731923,63.97295736763347,68.54750350486924,0.16002222222222223,25.0,0.10517222222222222
70.2106,46.62300985178885,9.0,34.0,67.0,100.0,134.0,0.8550818596361711,0.5812514028552999,0.7483870285132281,0.04646184685565283,81.92525808709375,64.33387632436457,0.2489888888888889,18.0,0.17046111111111112
63.23641111111111,48.745122477455105,2.0,21.0,56.0,97.0,133.0,0.7089678620298803,0.4562114424521724,0.8037407549705153,0.06628684284514541,67.0007170275441,72.05231992575848,0.1705111111111111,22.0,0.13391111111111112
64.6005888888889,46.07911594551133,8.0,26.0,60.0,95.0,128.0,0.8354479815662017,0.5710345149010265,0.7522391363160775,0.05168070362425685,80.38088522970607,64.11402187353352,0.23925555555555555,19.0,0.18868333333333334
73.48135555555555,54.17274147623838,2.0,29.0,71.0,106.0,149.0,0.4522243692277864,0.36815200612968535,0.8285566836988968,0.06576896700928023,56.62628023783496,50.91304272737503,0.13503333333333334,6.0,0.041605555555555555
59.36822222222222,49.32480276646443,1.0,15.0,52.0,94.0,130.0,0.6797715349940158,0.4334571760942271,0.814289179966383,0.08247343632678933,64.35764263720324,72.74485557041005,0.1627222222222222,17.0,0.04880555555555555
67.3279111111111,44.66930398772354,21.0,33.0,59.0,88.0,126.0,0.37483285981141146,0.32822379876436875,0.8431717237813646,0.07227242517946113,50.053368741189274,42.19158538925192,0.10814444444444445,10.0,0.05761666666666666
63.817188888888886,42.77936408139754,15.0,32.0,55.0,85.0,122.0,0.4960933229680503,0.3855877917100107,0.822914725462039,0.06692415204390265,54.398348725628026,54.34039719247619,0.13698888888888888,10.0,0.025777777777777778
68.7855,46.53594883737136,7.0,32.0,66.0,98.0,132.0,0.8655381371573027,0.5820932092482187,0.7492612595283636,0.0483219653425674,79.76047551793937,64.11617884431854,0.2526111111111111,17.0,0.1624611111111111
64.42434444444444,49.34227496233971,2.0,21.0,59.0,99.0,134.0,0.7035787910649769,0.46329600153614986,0.7991601595908253,0.0658168709624538,69.55360784817248,71.10307675615402,0.17876666666666666,20.0,0.07805555555555556
60.08947777777778,47.523857217595406,2.0,19.0,52.0,93.0,128.0,0.6036442079320514,0.4193043795184991,0.8152006580880546,0.07241430099178,63.23309845007834,65.53329784979057,0.1585888888888889,20.0,0.11138888888888888
56.143366666666665,47.189422442358136,1.0,15.0,47.0,89.0,125.0,0.5820780434969035,0.4030485583681017,0.8226333344163793,0.085707806901839,60.514794096448234,65.17195141331914,0.1519888888888889,22.0,0.12276111111111111
53.94317777777778,48.483177312818235,0.0,6.0,49.0,86.0,121.0,1.0213379044977127,0.5820021401699459,0.7664761296705276,0.10675771600893652,73.4299724188062,74.61139141144025,0.22346666666666667,12.0,0.052305555555555557
66.1494,53.172590387613134,1.0,22.0,59.0,99.0,140.0,0.40295377009205713,0.3346598099200978,0.8429303473355203,0.07626041900397007,51.88239683191383,48.22847670870898,0.11083333333333334,10.0,0.08043333333333333
66.46497777777778,50.91333110841464,2.0,20.0,62.0,103.0,139.0,0.5497304746777627,0.39851039138264677,0.8216008807649785,0.07079059096850095,61.93488377895134,62.54877753631792,0.13415555555555556,14.0,0.05848888888888889
63.365722222222225,45.67910746027427,3.0,26.0,61.0,92.0,125.0,0.9788226734973136,0.6154941685961752,0.7418984699844449,0.055479905941894156,81.31502697216139,68.91302206940928,0.2580222222222222,18.0,0.11844444444444445
56.603833333333334,48.76907782573115,1.0,13.0,47.0,90.0,128.0,0.6617545105759444,0.4252158626115293,0.8173943665013808,0.0894082474655757,63.43159367473553,71.93012312496163,0.16034444444444446,22.0,0.06126111111111111
64.04736666666666,48.30187448351369,4.0,23.0,57.0,98.0,133.0,0.5475222685801426,0.403369574538689,0.818487857212101,0.06488329583534713,60.61428316131945,60.53875002522899,0.15438888888888888,18.0,0.08142777777777778
70.82614444444444,53.809858109842274,1.0,26.0,67.0,104.0,145.0,0.45200144107262036,0.3649104689358434,0.830480830595979,0.06736058987932707,55.682151756788706,50.87806729121605,0.13648888888888888,8.0,0.06981111111111112
62.65745555555556,45.094444188136016,5.0,24.0,60.0,91.0,123.0,0.9715558457586231,0.6145281652330511,0.7419314199394631,0.055917012234057095,81.94730364777148,68.33479431262546,0.25832222222222223,17.0,0.17178888888888888
58.123244444444445,48.308876912889325,1.0,16.0,50.0,91.0,128.0,0.6651429700637204,0.4317605321342416,0.8139302723323646,0.08136622341227298,64.23845008026271,71.11626051096454,0.1605,15.0,0.047994444444444444
61.0897,42.95649567384038,7.0,25.0,55.0,91.0,121.0,0.4905316308915262,0.37733502235247185,0.8274888340840972,0.06460592912681083,58.42158858822384,56.04573041668228,0.1345888888888889,22.0,0.10241666666666667
66.58685555555556,43.62147343913727,19.0,34.0,58.0,88.0,126.0,0.5238349589676476,0.4039074227357636,0.814922096463121,0.0632546173255917,58.86746932123387,54.43886489695707,0.15617777777777778,12.0,0.08133888888888889
65.22177777777777,45.41612333810239,7.0,29.0,62.0,94.0,127.0,1.0713216388332718,0.6551182593035871,0.7284313665279566,0.04760217306091612,86.20467768490289,70.52676836742994,0.26718888888888886,22.0,0.18039444444444444
73.30005555555556,53.90842111083926,2.0,30.0,69.0,106.0,149.0,0.42974006629306905,0.35545120673519687,0.8335237931005708,0.06269581078323672,54.216658799873905,48.62105051335789,0.12815555555555555,7.0,0.04112222222222222
66.06614444444445,47.727821986542985,5.0,26.0,63.0,97.0,131.0,1.1313955287599318,0.6803688996767374,0.7211152888057607,0.05027264851961573,88.31440018076975,72.15959556304323,0.2717,16.0,0.17778333333333332
62.70921111111111,47.30321539035738,2.0,21.0,60.0,93.0,127.0,0.9368580701931001,0.5866893174200138,0.7546455520964663,0.06598636916437317,78.31527239393935,69.31233687588679,0.23754444444444445,17.0,0.10956666666666667
65.61028888888889,45.668174825763984,8.0,29.0,62.0,94.0,128.0,1.0290095189091844,0.6412141363072001,0.7319489614121358,0.04754595896017784,85.6536750834776,69.52417445452292,0.2650888888888889,23.0,0.18758333333333332
67.3972,43.47298764039829,20.0,36.0,59.0,89.0,127.0,0.5216761184625079,0.40376645675104306,0.8148560896614736,0.0629249044988352,58.93543556263389,54.497812917771356,0.1516,11.0,0.09315
66.28971111111112,43.497324831213454,20.0,34.0,56.0,88.0,126.0,0.4724456102280735,0.3757563114506549,0.8260279023280694,0.06871590344165539,54.39343937205358,51.584172830550116,0.13641111111111112,12.0,0.04092222222222222
65.12055555555555,45.23989880775378,7.0,29.0,61.0,93.0,127.0,1.1896335611458486,0.6961567543987204,0.7169293151423621,0.0460688212834112,89.05154108595693,72.77950266382632,0.2733333333333333,20.0,0.14894444444444443
61.46534444444445,46.88663347898278,3.0,22.0,54.0,94.0,129.0,0.5213687673143105,0.38719931357963927,0.8252528500755381,0.06917510985138482,59.49468498165745,59.65339641108282,0.14401111111111112,21.0,0.08039444444444445
62.91071111111111,43.73230390994852,13.0,30.0,54.0,85.0,122.0,0.5082953304027173,0.38856022304001075,0.8226359218532586,0.06772953520178784,56.146491141040954,55.56730752773921,0.14476666666666665,14.0,0.035005555555555554
66.0171111111111,39.5716182873097,20.0,38.0,59.0,86.0,118.0,0.4599047736229647,0.37362699149524803,0.8259023825103693,0.0706327647740508,53.86946980424902,50.22270890419761,0.12966666666666668,12.0,0.053766666666666664
64.4717111111111,44.02523316570079,16.0,32.0,56.0,87.0,124.0,0.47921717877876086,0.38076576324649614,0.823896179608445,0.06596616451194516,56.7279127827533,52.04267565268058,0.1393222222222222,13.0,0.08500555555555556
67.27702222222223,53.38028467535302,1.0,23.0,61.0,100.0,142.0,0.4191338370562596,0.3448048027054134,0.8387336844888102,0.07332016734245622,53.20918702814039,49.37567725807177,0.11928888888888889,9.0,0.08389444444444444
63.87025555555555,45.898798577125966,5.0,26.0,60.0,93.0,126.0,1.0520334131236413,0.6422179002472008,0.7341555794602455,0.052502532292851116,84.24628529758509,70.58077509887447,0.26034444444444443,19.0,0.1282111111111111
61.08123333333333,47.36884901178317,3.0,21.0,53.0,93.0,129.0,0.6287638374663967,0.4282361028772982,0.8121113888857818,0.06804809943020534,64.24977239394768,67.35289627191102,0.15996666666666667,20.0,0.09096666666666667
64.80054444444444,46.21308263219677,5.0,27.0,62.0,94.0,127.0,1.120624750655287,0.668636592431852,0.7261346786029879,0.05123577049902975,86.96807607480766,72.50054964896489,0.2677777777777778,16.0,0.14428888888888888
55.102177777777776,44.890061059481205,1.0,16.0,48.0,86.0,119.0,0.6385950660507153,0.4173955268956723,0.8192697330207237,0.0821270442674264,62.661737232927,70.08436803244476,0.14952222222222222,22.0,0.06371666666666667
62.81908888888889,48.365122466193306,3.0,22.0,55.0,96.0,132.0,0.5974423291312924,0.4228478987930784,0.8123499377825573,0.06639536871893524,62.404311145830796,63.792981809852066,0.16186666666666666,18.0,0.07551666666666666
65.1763,43.628092332031,17.0,33.0,56.0,87.0,125.0,0.5597560616398773,0.41830993687617213,0.8105266612416714,0.06397670204640574,60.07613244550582,57.53163728043746,0.1586,13.0,0.027788888888888887
66.43043333333334,45.42782143663604,9.0,29.0,63.0,96.0,128.0,0.8252301521608633,0.5678765804260206,0.7528051170106936,0.048536314919415645,79.07744079073956,62.43779430751122,0.2458,21.0,0.14851111111111112
52.86635555555556,48.11971512391686,0.0,4.0,48.0,85.0,119.0,1.0427271134178215,0.5869048444648269,0.7656392506477118,0.11062657863231508,72.16413800602206,74.59165657291872,0.2204,9.0,0.03635
65.70894444444444,44.98630171751325,18.0,31.0,56.0,88.0,127.0,0.4475909012949147,0.3605843055446807,0.832204189672517,0.06843644458502969,53.238556694483165,50.066412704409956,0.1290888888888889,14.0,0.08902222222222222
59.23594444444444,43.0789482900255,11.0,27.0,49.0,81.0,118.0,0.4794028683497202,0.3690865780770536,0.8310450522248635,0.074722434776357,53.9045012204227,54.37323885638047,0.14052222222222222,13.0,0.09372222222222222
66.6233,46.25834456132692,7.0,30.0,63.0,96.0,130.0,1.1533919642957013,0.6878566421702964,0.7184484028417792,0.045902811776954995,90.42473033239864,73.14838822468025,0.2777777777777778,20.0,0.19707222222222223
66.95197777777778,48.40664100995,6.0,26.0,61.0,101.0,136.0,0.5379108548375671,0.40441695283050527,0.816839464638814,0.05981730195901001,61.68285585334806,59.10167890450017,0.1568,19.0,0.07902222222222222
61.698122222222224,43.581587254080844,11.0,30.0,53.0,83.0,120.0,0.5249397564531344,0.3966066281883498,0.8197426583018229,0.06828714636390235,57.969988026248025,56.523805795169125,0.14996666666666666,12.0,0.06097777777777778
58.4252,43.34098630452345,14.0,26.0,46.0,80.0,117.0,0.454321782381256,0.35182274247491635,0.8385185465637879,0.08316398605909002,50.24772146569825,53.07553379388292,0.12056666666666667,9.0,0.03832222222222222
61.949622222222224,44.36972486168614,11.0,29.0,52.0,85.0,122.0,0.4972451091151106,0.3820872622603029,0.8251898092294341,0.0686964502207716,55.994382752347384,54.650041681037884,0.13834444444444444,12.0,0.03426111111111111
61.8094,42.969706182586094,15.0,30.0,51.0,83.0,120.0,0.48995674917879367,0.3795254713780234,0.8258917170371839,0.07166665573264266,53.98349343857233,53.83559079426563,0.1356888888888889,12.0,0.02875
62.75068888888889,43.59733120747554,15.0,30.0,53.0,84.0,122.0,0.4636922965067505,0.36822518763772216,0.8296167098708814,0.06968165522960705,54.1399604815881,51.409991151168185,0.13628888888888888,15.0,0.04256111111111111
60.0898,34.754709390942814,22.0,33.0,53.0,80.0,107.0,0.38730638732601796,0.326756207052121,0.8455917854865798,0.08453304597981227,48.89773513128735,45.27504302872267,0.10005555555555555,11.0,0.07290555555555556
58.70817777777778,48.887174366784535,1.0,15.0,51.0,93.0,129.0,0.6773568155464331,0.43228300951145215,0.814550676685792,0.0830709774275139,64.10821317172311,72.49691689640646,0.16216666666666665,20.0,0.04908333333333333
55.910555555555554,43.995097955747326,1.0,18.0,50.0,87.0,118.0,0.6090184207484628,0.4083292785688452,0.8215863690025661,0.07869571848171317,61.61592058404507,67.72660971814538,0.15092222222222224,18.0,0.06682222222222223
61.27172222222222,44.969119037779144,3.0,24.0,58.0,90.0,122.0,1.036635514889841,0.6315624545586739,0.7391469481494384,0.05708610405496231,82.60268925441844,71.33553326159245,0.25174444444444444,18.0,0.12957222222222223
64.88416666666667,41.46120186893605,19.0,34.0,58.0,86.0,120.0,0.40940528256581765,0.3500784480412225,0.8341558750896397,0.06980989532583012,52.930167309861694,44.924463883464604,0.1250777777777778,10.0,0.07626666666666666
63.75191111111111,46.90283249813016,3.0,24.0,60.0,94.0,127.0,0.8047228591775633,0.5473898315827936,0.7629770882503178,0.05923813626515549,75.8934847998398,64.46004195919306,0.23183333333333334,17.0,0.13852777777777778
69.20191111111112,46.715656056530975,8.0,31.0,67.0,99.0,132.0,0.7670845777265728,0.5443100002609964,0.7604737165372072,0.049180273326265005,77.20441752320669,61.122985160268286,0.23325555555555555,19.0,0.2023388888888889
66.73765555555556,48.86041737954743,4.0,25.0,62.0,101.0,136.0,0.5754694205508514,0.4178443753425577,0.8126828993625652,0.06224384540089986,64.36638705805913,62.59446102032872,0.1499888888888889,16.0,0.07425555555555556
57.61286666666667,47.117052999288674,1.0,17.0,49.0,90.0,126.0,0.5426125080629225,0.3884933893356898,0.8269964084818127,0.0812137217417222,59.53174689577437,62.79829120449159,0.14121111111111112,20.0,0.12917222222222222
65.73652222222222,41.17399437501724,21.0,36.0,58.0,87.0,120.0,0.4596870374306029,0.37725992065711417,0.8237540117311638,0.06793680042760675,56.19891886240434,48.902818901109065,0.14302222222222222,17.0,0.09716111111111111
70.18106666666667,52.653687782380864,1.0,28.0,67.0,102.0,142.0,0.4427939564434402,0.3629879512906269,0.8304692389852888,0.06729308668140452,55.41714605512354,49.404576832455454,0.1308888888888889,6.0,0.10350555555555556
73.3181,51.49868241195864,5.0,34.0,70.0,103.0,142.0,0.3805909609512198,0.33648901205430215,0.8387511112540378,0.060311301501854014,51.61617547912227,41.61047045072524,0.12128888888888889,6.0,0.03467222222222222
63.40272222222222,44.77245114440793,5.0,27.0,60.0,92.0,124.0,0.7657380976350003,0.536237029414287,0.7649724561867938,0.055740646875744385,74.63913435774367,61.30974727737488,0.23352222222222221,19.0,0.17824444444444446
66.25382222222223,43.58123598333418,21.0,33.0,57.0,88.0,126.0,0.5082863539930575,0.39543782135173733,0.8183099611337397,0.06750869167865951,57.51646183181026,53.39156941893148,0.15164444444444444,12.0,0.050244444444444446
61.51291111111111,45.93221321775152,3.0,23.0,58.0,91.0,124.0,1.0177585821187685,0.6224570194964263,0.7420808250165164,0.059130053639574916,81.5221760966961,70.63332298264314,0.25137777777777776,19.0,0.1537111111111111
61.33058888888889,43.476728256337694,12.0,29.0,52.0,83.0,120.0,0.5063154867768072,0.3879319675767982,0.8227457521403919,0.06916220885777753,56.141995103122866,55.07295673575831,0.146,11.0,0.05322222222222222
69.5906,52.9652864564875,2.0,26.0,66.0,102.0,142.0,0.4236325563099592,0.3516833611108004,0.8350421329978731,0.07073914259792778,54.37254921838566,48.857687923928694,0.12402222222222223,4.0,0.03406666666666667
63.81362222222222,41.902764387614695,16.0,33.0,54.0,84.0,120.0,0.4786955589609363,0.3807767437351558,0.8239201227597148,0.0841095122920008,53.265221614996456,51.72653982107125,0.13978888888888888,14.0,0.0542
58.45995555555555,42.607871427162145,13.0,27.0,48.0,80.0,116.0,0.48966078865635365,0.3704735871709116,0.831402840531094,0.07707541232828223,52.85758591792066,55.54936313102941,0.13895555555555555,14.0,0.11091666666666666
63.3922,47.7470155116643,4.0,23.0,57.0,96.0,132.0,0.5967523293922887,0.42290559762567914,0.8122104115832305,0.0649035146464601,63.78404593128063,64.15113886728447,0.15404444444444446,18.0,0.10607777777777777
60.2338,43.23222748269577,13.0,28.0,50.0,82.0,119.0,0.5160780919676513,0.39052062243897345,0.8223039471878355,0.0716432634215014,55.99684950853978,55.50025786332642,0.14462222222222224,18.0,0.08195555555555556
65.38256666666666,48.20754284538883,4.0,24.0,60.0,99.0,134.0,0.4687053463234938,0.36354127284183996,0.8332710434065314,0.06666393755410514,55.76952926234808,55.39498699010479,0.12995555555555555,17.0,0.07818333333333333
64.05776666666667,42.611263856598605,17.0,33.0,54.0,85.0,122.0,0.47129245385025526,0.3723185050129939,0.8281201331285488,0.07075139022472121,53.70777229327744,51.99303239392449,0.13213333333333332,18.0,0.10257222222222222
55.38671111111111,45.179703273149954,1.0,17.0,48.0,87.0,120.0,0.6613693359134686,0.42617023299515666,0.8163337373782972,0.08102070245529408,63.278756350947916,70.8999825670691,0.15544444444444444,28.0,0.09366666666666666
68.09232222222222,47.476826615688765,7.0,30.0,65.0,98.0,132.0,0.8426802925396062,0.5707007844804122,0.7533732467748754,0.04974901839684945,79.2968871867583,64.54556146407552,0.24394444444444444,17.0,0.12078888888888889
60.19551111111111,48.018095175613965,1.0,19.0,53.0,93.0,129.0,0.6690448000208797,0.43796839520810726,0.8106785486357793,0.07336882702579027,65.45298400835196,70.73662068988486,0.16433333333333333,22.0,0.11020555555555556
63.192677777777774,47.871839759305445,3.0,21.0,57.0,96.0,131.0,0.5853453074723249,0.4159455058295396,0.8152198953600001,0.06810387526160862,63.835227869560086,64.05254071252934,0.1506111111111111,18.0,0.11819444444444445
75.0830888888889,53.85462124618348,5.0,34.0,70.0,106.0,151.0,0.3768145210903681,0.3314134070088701,0.8415196492954963,0.05954216926400081,50.77593883978675,41.774347410880075,0.10845555555555556,9.0,0.042466666666666666
65.5137,48.968631354719776,2.0,23.0,61.0,100.0,135.0,0.6826100285977412,0.45590993575761646,0.801436747760181,0.06342128026694613,68.31135421731385,69.9337462372384,0.17435555555555557,18.0,0.06995
63.46286666666666,46.09286615089633,4.0,25.0,60.0,93.0,126.0,0.8586029984750357,0.5712254710051715,0.7549561491313527,0.056486497498589756,78.45538648024996,65.54965241886957,0.2427,18.0,0.14223333333333332
62.00561111111111,48.5202548960957,2.0,20.0,55.0,96.0,131.0,0.7084624612700081,0.457937485785021,0.802783413911513,0.06854035580444065,67.9732126534712,71.87769245514977,0.17664444444444444,20.0,0.10612777777777778
67.20563333333334,40.602127112299584,21.0,38.0,59.0,87.0,121.0,0.48773761852029995,0.3857928789014292,0.8217073491596539,0.06817902479861457,55.5757879673476,52.72810058980336,0.1351888888888889,15.0,0.05093888888888889
68.05582222222222,50.40398943085927,4.0,28.0,64.0,98.0,134.0,0.27498414447265696,0.2590380141161732,0.8731121226272637,0.07297362631603486,40.62375245438976,33.042095085444764,0.05893333333333333,6.0,0.08665555555555556
67.97823333333334,46.799820080269065,7.0,30.0,65.0,97.0,131.0,0.774616745524845,0.5382326073906705,0.7647435546333685,0.05228966592595335,76.93755774255422,62.971005036268885,0.2282,17.0,0.17171666666666666
58.21601111111111,48.73522152383894,1.0,14.0,51.0,92.0,128.0,0.6757997207339217,0.4319539583822702,0.8148549560918055,0.08528075822744587,64.26780771693598,72.35789799579626,0.16594444444444445,21.0,0.05535
63.439255555555555,47.012562613048466,2.0,22.0,61.0,93.0,127.0,0.7994777742978267,0.539235234132355,0.7673766919708828,0.06491817611822574,75.46410726756503,65.50739791028265,0.2292,17.0,0.12654444444444443
62.888955555555555,48.173676101490926,3.0,22.0,55.0,97.0,132.0,0.5700331838197186,0.41041043537917177,0.816903168761828,0.06684618985102407,61.808314709276644,62.652216858172395,0.1608111111111111,19.0,0.07971666666666667
56.574333333333335,45.32765022098052,2.0,18.0,49.0,88.0,121.0,0.545518180258983,0.38908301734134215,0.8268898297185341,0.07947544356231265,60.09459136168014,62.73867777593562,0.1377,23.0,0.07581666666666667
66.11733333333333,49.15755655260158,3.0,24.0,60.0,100.0,136.0,0.5784174300809461,0.4128014600880676,0.8162648388622832,0.063177734198743,61.909004356435524,63.53156050023365,0.1539888888888889,16.0,0.07028333333333334
75.1257,53.58088786082631,4.0,33.0,71.0,107.0,149.0,0.4060520202980578,0.34768020864792715,0.8352937417428838,0.05869002773864531,53.210314407502345,44.84297215580006,0.12176666666666666,5.0,0.023033333333333333
58.1513,47.282690836652314,1.0,16.0,52.0,89.0,123.0,0.9488055689160821,0.5761750614273516,0.7613332218846434,0.0729488292971575,77.78095184251315,72.19477649175786,0.22624444444444444,21.0,0.22352777777777777
61.187333333333335,48.935587318660254,1.0,18.0,54.0,95.0,131.0,0.6388299720733921,0.42144312330585415,0.817077145056969,0.07569664082219867,63.42453275819223,69.8596655204362,0.15714444444444445,19.0,0.06764444444444444
69.09621111111112,48.63306921426898,5.0,29.0,65.0,103.0,137.0,0.6016994962770736,0.438892723049332,0.8031198719102783,0.05680960955958754,67.86027718256408,61.944613815129834,0.1636,21.0,0.16125555555555557
62.87294444444444,52.380572535130085,1.0,18.0,55.0,95.0,135.0,0.37957473443622924,0.32045375144946175,0.848740133628348,0.08354448736578216,50.237291298842905,46.90591465499707,0.10574444444444445,12.0,0.09498888888888889
66.0755,43.70639591861178,18.0,34.0,57.0,88.0,126.0,0.4972260284187724,0.3905519606417527,0.8201057213814412,0.06493475995318353,57.33358838633313,53.23356082681377,0.14316666666666666,13.0,0.04373333333333333
62.46966666666667,44.0878402472458,16.0,30.0,51.0,84.0,122.0,0.4728424644765346,0.3717646614691111,0.8285947831715246,0.07167293934413548,53.728868357904936,52.346458592737136,0.13084444444444446,17.0,0.09136666666666667
65.26307777777778,48.28406064432715,4.0,25.0,59.0,99.0,134.0,0.6077421300283741,0.431163251343199,0.808501482197298,0.06136706248636763,64.4590295478516,64.33968223226778,0.16792222222222222,20.0,0.07837222222222222
69.5091,51.392548589492364,4.0,30.0,64.0,99.0,140.0,0.31328875888785734,0.28721071352669436,0.8606161486510839,0.06801603161412005,44.74121094888499,36.997440430155834,0.0792,6.0,0.08415555555555555
64.5319,45.59620968836725,4.0,28.0,62.0,93.0,126.0,0.966133935862015,0.613687766356081,0.7418630477300773,0.053946299452952796,81.81344199629474,68.5085744661614,0.2533666666666667,20.0,0.17603888888888888
63.617244444444445,47.27393606965708,5.0,23.0,56.0,96.0,131.0,0.5178682751497933,0.3910016666480241,0.8226612412719364,0.06441061351066284,60.00163613999468,58.50054429444145,0.14553333333333332,19.0,0.07938333333333333
65.16631111111111,45.344169373469356,8.0,27.0,61.0,95.0,127.0,0.8049724928505647,0.5604875504748269,0.7548840420804213,0.05060076264447003,78.83983564145258,62.00643268086401,0.23951111111111112,22.0,0.18841666666666668
64.37715555555556,46.97396250782888,5.0,25.0,58.0,96.0,131.0,0.7081360853532586,0.47031518103824344,0.7952373012521787,0.05794623213734434,70.28386152012085,69.9467900052797,0.18037777777777778,24.0,0.16251666666666667
66.15812222222222,45.34608138927596,8.0,29.0,64.0,95.0,127.0,0.767127315876407,0.5364397769599893,0.7649251988499117,0.05284304324733029,75.5814915643262,61.457562952193285,0.23034444444444444,17.0,0.1409
58.41656666666667,43.73316787304829,12.0,26.0,47.0,80.0,117.0,0.4771183021815565,0.3679735685283162,0.8314732918189368,0.07739705979902801,52.903197599392584,53.72163639626921,0.1326,17.0,0.07881666666666666
67.20754444444445,42.71798766032905,21.0,35.0,57.0,89.0,126.0,0.46072933561518703,0.36852682483044563,0.8290092326565716,0.08079941491100849,53.285558963735774,50.80221392080832,0.1315,15.0,0.060566666666666664
62.81373333333333,42.063511163424714,16.0,32.0,53.0,84.0,120.0,0.47405094275604676,0.37136174837716207,0.8289261611851222,0.08738134674282938,52.19007491363051,53.08817730341214,0.13371111111111111,15.0,0.08500555555555556
66.36192222222222,45.04059651611293,7.0,31.0,64.0,95.0,127.0,0.7878267953751449,0.5502963986234308,0.7591604707557158,0.05138659447268594,76.87655954740606,61.69905791590083,0.24037777777777777,20.0,0.13405555555555557
67.40184444444445,45.97599577724376,18.0,32.0,59.0,90.0,130.0,0.42033977062150674,0.35503013575537934,0.8326550596314484,0.06654996939968129,53.87071547216665,46.46192124340077,0.12226666666666666,10.0,0.1356888888888889
52.8111,46.5512238186304,1.0,14.0,42.0,84.0,121.0,0.7048129961260687,0.443118868916455,0.8108440217213756,0.09422857894725246,64.08081671105687,73.00227726036694,0.16845555555555555,21.0,0.10655555555555556
58.5041,47.71913341942738,1.0,17.0,50.0,91.0,127.0,0.6593994660760691,0.43013484189214884,0.814113063508694,0.07745000878703291,64.35458003740011,70.59183636613511,0.16295555555555555,22.0,0.12251666666666666
74.82265555555556,51.42558986917378,5.0,36.0,72.0,105.0,145.0,0.38988043571473846,0.34140905396285653,0.8369317503905623,0.05910707293418385,52.09482461482655,42.396703796343715,0.1194888888888889,7.0,0.04424444444444445
60.332877777777774,50.316687569241054,1.0,15.0,54.0,93.0,128.0,0.38284628620858085,0.3225233778145658,0.8478677918627024,0.08967552079396461,50.45248420976053,47.301460317573444,0.11291111111111111,6.0,0.06659444444444444
73.13802222222222,55.49228670004063,2.0,28.0,67.0,107.0,152.0,0.43279119733932875,0.35651233394108195,0.8333490240290625,0.06396886931698019,54.46242802346521,48.880296193978765,0.12416666666666666,7.0,0.07065555555555555
66.57274444444444,44.479165627431335,20.0,32.0,58.0,88.0,126.0,0.427618464372136,0.35565331111135967,0.8327562631130684,0.07039326433572504,53.34468794194295,47.20467657551472,0.12946666666666667,9.0,0.06503333333333333
62.22023333333333,45.557432587290904,6.0,24.0,57.0,92.0,125.0,1.0124289344265351,0.6312025126490008,0.736534341569277,0.05337407475081803,84.89466541007711,70.28248071903955,0.25412222222222225,21.0,0.18877777777777777
66.00976666666666,45.9898573860585,16.0,30.0,58.0,90.0,129.0,0.4522190560881124,0.36778897887048245,0.8284395174062361,0.06586429213911332,54.567745804923646,49.25637562784599,0.13745555555555555,12.0,0.09691111111111111
60.744933333333336,47.24258115650423,3.0,20.0,53.0,94.0,129.0,0.4656681506172563,0.3568833681949866,0.8369761982883256,0.07468792013118983,54.78402736068801,56.50352232411955,0.12461111111111112,17.0,0.08316666666666667
65.45265555555555,42.669937929976236,19.0,35.0,56.0,87.0,123.0,0.463129728228245,0.3749250288028098,0.8256140388419362,0.06940409514699736,55.897450948288665,50.10948279889298,0.13955555555555554,16.0,0.11126111111111112
60.43544444444444,50.026503745761524,1.0,15.0,53.0,96.0,133.0,0.6650027497828137,0.42611405353407683,0.8171385339703919,0.08292133371502189,63.524741420321725,72.8217318352239,0.15437777777777778,15.0,0.042633333333333336
64.2805,46.14411119013755,6.0,25.0,61.0,94.0,128.0,0.9427144644168783,0.6089444655727192,0.7419794097860841,0.05236684185546706,82.49460351303728,67.14849938013921,0.2565,18.0,0.16937222222222223
58.63428888888889,44.80820398400385,2.0,19.0,54.0,90.0,121.0,0.6044593833775163,0.41827505658027686,0.8153402944118554,0.07415981504716813,63.29341057272113,66.07261191098488,0.15636666666666665,19.0,0.09127777777777778
61.09797777777778,45.80630670211685,5.0,21.0,56.0,91.0,125.0,0.7817751665715895,0.5433410700104027,0.7627346385236272,0.061358689246813494,76.98072058715617,62.94450758930415,0.23353333333333334,17.0,0.2068888888888889
64.90707777777777,42.43584961005593,17.0,34.0,55.0,86.0,122.0,0.5034226686502388,0.3902838894419526,0.8209499478273653,0.06741741164080403,56.06162213702864,53.773483666089945,0.14796666666666666,12.0,0.055072222222222224
63.14331111111111,47.855800945628886,3.0,21.0,57.0,97.0,131.0,0.5804279314549055,0.4154343631503003,0.8151485129068013,0.06802427570059841,63.706778934610284,63.28776014715138,0.15463333333333334,20.0,0.11056666666666666
65.92488888888889,46.194027541915084,6.0,29.0,63.0,95.0,129.0,0.8313808290735003,0.5668946935716602,0.7543190183279793,0.05219133472510867,77.86188445147711,63.559616063262006,0.25205555555555553,16.0,0.1187
65.38128888888889,47.46731035266843,5.0,25.0,59.0,99.0,133.0,0.537369306085316,0.400233815430849,0.8192096056238851,0.062102525900932924,60.935214378751255,59.69052375707056,0.15261111111111111,17.0,0.06905555555555555
60.02396666666667,42.92898493816399,16.0,29.0,48.0,80.0,118.0,0.4404276611372729,0.3558797440744511,0.8345228042218553,0.07854441619197602,51.98710796448478,49.56146739084152,0.1305888888888889,14.0,0.0711611111111111
63.966033333333336,43.30811357957202,18.0,31.0,54.0,86.0,123.0,0.4814754495661868,0.3787010398839685,0.8252999977873013,0.06964195056680861,54.89650096794608,52.50841713825684,0.14145555555555556,14.0,0.039316666666666666
61.59334444444445,48.698207337907235,1.0,19.0,55.0,95.0,131.0,0.7309086960250258,0.4612019440498428,0.8030404268120115,0.0701173956977375,68.20656295745802,73.7793808336515,0.17516666666666666,16.0,0.10757222222222222
74.02417777777778,52.395162985947,2.0,33.0,72.0,106.0,145.0,0.4216974269489901,0.3560772810147537,0.8320790696164223,0.06101460612008652,54.062575516364085,46.22494415216491,0.1327222222222222,7.0,0.04562777777777778
62.01775555555555,44.92451565640379,15.0,27.0,52.0,85.0,124.0,0.4938260850922622,0.3805424529181255,0.8254916417884192,0.0720284908777297,55.25481171590482,53.906754514067224,0.14164444444444443,12.0,0.03707777777777778
66.06503333333333,48.5004064541846,5.0,25.0,60.0,100.0,135.0,0.5477987382691468,0.40401539132671893,0.8180850846941984,0.0625076263014917,61.51758885543282,60.63100192762166,0.15007777777777778,20.0,0.07873888888888889
57.22181111111111,43.26047451642831,9.0,25.0,47.0,79.0,116.0,0.49311898077202715,0.37451255205944756,0.8294659574890235,0.07683344187456187,54.38672864766096,55.47121628281268,0.14084444444444444,15.0,0.0695111111111111
61.472855555555554,50.13205868128278,1.0,16.0,56.0,94.0,128.0,0.39104584027770006,0.3287511977867511,0.8449493562356729,0.08627473667993768,51.52063561881427,47.3501849684294,0.11208888888888889,7.0,0.07877777777777778
65.07228888888889,46.6772637597184,6.0,25.0,62.0,96.0,129.0,0.835381315645239,0.5706511299277041,0.7526292280407538,0.05451639223826637,80.25866457792104,64.10311869819931,0.24601111111111112,19.0,0.23295
64.9922888888889,45.18931986020208,6.0,27.0,63.0,94.0,126.0,0.8317223054924815,0.5625724078403299,0.7569737893099098,0.05416373189563095,77.42826247707167,63.28335249585809,0.23945555555555556,17.0,0.1383888888888889
59.92131111111111,50.4256320100633,1.0,13.0,52.0,96.0,133.0,0.6518013594180527,0.41726048925627235,0.8212578890137054,0.08804425455181211,62.079765025946,72.40640561665337,0.14517777777777777,12.0,0.03777777777777778
56.4198,43.31269805039215,12.0,23.0,44.0,78.0,114.0,0.4177233942200498,0.33156753466590605,0.8467318284408949,0.08594335809984498,47.94818739152433,50.76336116706989,0.1149,10.0,0.026727777777777777
