SEQN,RIAGENDR,RIDAGEYR,LBXTST,LBXEST,LBXSHBG,LBDSALSI,LBXSGL,LBXSATSI,LBXSASSI,LBXSTB,LBXSCR,LBXSBU,LBXSUA,LBXHGB,LBXHCT,LBXRBCSI,LBXGH,LBDHDD,cycle,age,total_testosterone_ng_dl,shbg_nmol_l,estradiol_pg_ml,albumin_g_dl,hemoglobin_g_dl,hematocrit_pct,rbc_count,hba1c_pct,glucose_mg_dl,alt_u_l,ast_u_l,total_bilirubin_mg_dl,creatinine_mg_dl,bun_mg_dl,uric_acid_mg_dl,hdl_mg_dl,calculated_free_t_ng_dl,calculated_bio_t_ng_dl,low_total_testosterone,low_free_testosterone
73558.0,1.0,54.0,175.45,14.0,29.16,47.0,219.0,29.0,18.0,0.9,0.79,16.0,4.7,11.9,36.7,3.84,9.1,50.0,2013-2014,54.0,175.45,29.16,14.0,4.7,11.9,36.7,3.84,9.1,219.0,29.0,18.0,0.9,0.79,16.0,4.7,50.0,3.335217957379079,88.27566957147064,1,1
73562.0,1.0,56.0,206.57,22.3,28.49,43.0,104.0,16.0,24.0,0.5,0.89,18.0,9.1,14.2,41.5,4.93,5.5,38.0,2013-2014,56.0,206.57,28.49,22.3,4.3,14.2,41.5,4.93,5.5,104.0,16.0,24.0,0.5,0.89,18.0,9.1,38.0,4.201319592699036,102.09319805647839,1,1
73577.0,1.0,32.0,359.0,15.5,26.82,45.0,97.0,44.0,30.0,0.7,0.68,17.0,6.1,15.5,44.7,5.22,5.3,33.0,2013-2014,32.0,359.0,26.82,15.5,4.5,15.5,44.7,5.22,5.3,97.0,44.0,30.0,0.7,0.68,17.0,6.1,33.0,7.712951349537504,195.78557934674924,0,0
73581.0,1.0,50.0,605.0,35.7,53.68,43.0,104.0,20.0,26.0,0.5,0.95,11.0,5.3,14.8,42.5,4.73,5.0,78.0,2013-2014,50.0,605.0,53.68,35.7,4.3,14.8,42.5,4.73,5.0,104.0,20.0,26.0,0.5,0.95,11.0,5.3,78.0,9.327416247257377,226.65872787713863,0,0
73585.0,1.0,28.0,381.0,17.6,,47.0,85.0,28.0,24.0,0.9,1.21,23.0,6.6,16.0,48.5,5.73,5.0,55.0,2013-2014,28.0,381.0,,17.6,4.7,16.0,48.5,5.73,5.0,85.0,28.0,24.0,0.9,1.21,23.0,6.6,55.0,,,0,0
73589.0,1.0,35.0,516.0,25.9,35.98,44.0,96.0,21.0,22.0,0.8,0.88,12.0,6.8,15.0,43.0,4.93,5.5,45.0,2013-2014,35.0,516.0,35.98,25.9,4.4,15.0,43.0,4.93,5.5,96.0,21.0,22.0,0.8,0.88,12.0,6.8,45.0,10.009184490360887,248.6495239507767,0,0
73592.0,1.0,29.0,295.0,29.3,11.66,45.0,77.0,49.0,28.0,0.2,0.95,7.0,8.8,15.5,45.0,5.25,5.7,34.0,2013-2014,29.0,295.0,11.66,29.3,4.5,15.5,45.0,5.25,5.7,77.0,49.0,28.0,0.2,0.95,7.0,8.8,34.0,8.583093747433848,217.8732764896232,1,0
73594.0,1.0,23.0,438.0,20.7,26.65,46.0,87.0,32.0,39.0,0.8,0.81,13.0,5.7,15.1,43.4,5.09,5.2,62.0,2013-2014,23.0,438.0,26.65,20.7,4.6,15.1,43.4,5.09,5.2,87.0,32.0,39.0,0.8,0.81,13.0,5.7,62.0,9.530698028486636,247.09163448217762,0,0
73595.0,1.0,58.0,460.81,15.0,56.31,45.0,174.0,34.0,28.0,0.4,1.01,10.0,3.5,14.8,43.3,4.87,7.7,46.0,2013-2014,58.0,460.81,56.31,15.0,4.5,14.8,43.3,4.87,7.7,174.0,34.0,28.0,0.4,1.01,10.0,3.5,46.0,6.4541654483394915,163.83255439290315,0,1
73598.0,1.0,20.0,537.0,26.7,22.93,46.0,103.0,17.0,17.0,1.1,0.82,7.0,5.2,16.1,46.8,5.47,5.2,43.0,2013-2014,20.0,537.0,22.93,26.7,4.6,16.1,46.8,5.47,5.2,103.0,17.0,17.0,1.1,0.82,7.0,5.2,43.0,12.850462719571972,333.15942103513686,0,0
73600.0,1.0,37.0,334.0,29.5,28.53,42.0,119.0,24.0,29.0,0.7,1.0,13.0,7.9,14.3,43.4,5.4,6.2,42.0,2013-2014,37.0,334.0,28.53,29.5,4.2,14.3,43.4,5.4,6.2,119.0,24.0,29.0,0.7,1.0,13.0,7.9,42.0,7.165723576628708,170.2461463510256,0,0
73603.0,1.0,35.0,219.0,21.6,19.94,41.0,368.0,146.0,87.0,0.4,0.98,11.0,6.0,14.6,42.7,4.97,9.4,38.0,2013-2014,35.0,219.0,19.94,21.6,4.1,14.6,42.7,4.97,9.4,368.0,146.0,87.0,0.4,0.98,11.0,6.0,38.0,5.478629916023318,127.19480849197373,1,1
73610.0,1.0,43.0,245.0,26.7,15.99,43.0,84.0,33.0,28.0,0.6,1.04,14.0,8.6,16.1,46.3,4.86,4.9,49.0,2013-2014,43.0,245.0,15.99,26.7,4.3,16.1,46.3,4.86,4.9,84.0,33.0,28.0,0.6,1.04,14.0,8.6,49.0,6.563803612646,159.50219626095958,1,0
73623.0,1.0,32.0,174.0,12.6,18.71,45.0,62.0,72.0,55.0,0.5,1.04,15.0,5.7,15.2,44.5,5.39,5.3,29.0,2013-2014,32.0,174.0,18.71,12.6,4.5,15.2,44.5,5.39,5.3,62.0,72.0,55.0,0.5,1.04,15.0,5.7,29.0,4.1695815937289655,105.84067122512297,1,1
73632.0,1.0,23.0,207.0,24.5,16.39,46.0,109.0,39.0,32.0,0.4,0.71,14.0,4.7,16.7,46.4,5.47,4.5,29.0,2013-2014,23.0,207.0,16.39,24.5,4.6,16.7,46.4,5.47,4.5,109.0,39.0,32.0,0.4,0.71,14.0,4.7,29.0,5.199370319494249,134.79819701369289,1,1
73654.0,1.0,46.0,170.0,25.9,25.46,41.0,98.0,20.0,22.0,0.6,0.72,10.0,5.8,14.8,44.0,5.06,5.5,35.0,2013-2014,46.0,170.0,25.46,25.9,4.1,14.8,44.0,5.06,5.5,98.0,20.0,22.0,0.6,0.72,10.0,5.8,35.0,3.714060319066788,86.22761497900898,1,1
73655.0,1.0,44.0,754.0,37.4,71.6,38.0,84.0,19.0,18.0,0.5,1.22,11.0,5.7,13.6,40.9,4.64,5.7,51.0,2013-2014,44.0,754.0,71.6,37.4,3.8,13.6,40.9,4.64,5.7,84.0,19.0,18.0,0.5,1.22,11.0,5.7,51.0,10.105428390204159,218.18565533903222,0,0
73656.0,1.0,54.0,314.75,21.6,28.18,47.0,87.0,26.0,21.0,0.9,1.18,12.0,6.3,15.6,46.5,5.14,5.3,55.0,2013-2014,54.0,314.75,28.18,21.6,4.7,15.6,46.5,5.14,5.3,87.0,26.0,21.0,0.9,1.18,12.0,6.3,55.0,6.350553424274354,168.08477372128064,0,1
73660.0,1.0,59.0,248.0,15.1,18.75,43.0,123.0,17.0,17.0,0.9,0.83,14.0,6.6,14.7,43.6,4.59,5.5,49.0,2013-2014,59.0,248.0,18.75,15.1,4.3,14.7,43.6,4.59,5.5,123.0,17.0,17.0,0.9,0.83,14.0,6.6,49.0,6.244787205570478,151.75001161701442,1,1
73661.0,1.0,25.0,743.0,32.8,37.54,46.0,80.0,18.0,21.0,0.7,1.04,12.0,5.8,13.3,39.7,4.26,5.5,44.0,2013-2014,25.0,743.0,37.54,32.8,4.6,13.3,39.7,4.26,5.5,80.0,18.0,21.0,0.7,1.04,12.0,5.8,44.0,14.61409384582281,378.883091673578,0,0
73662.0,1.0,39.0,547.0,22.5,76.91,41.0,215.0,80.0,195.0,0.8,0.52,6.0,4.5,16.1,45.1,4.66,8.6,128.0,2013-2014,39.0,547.0,76.91,22.5,4.1,16.1,45.1,4.66,8.6,215.0,80.0,195.0,0.8,0.52,6.0,4.5,128.0,6.340905133131786,147.2138520829115,0,1
73663.0,1.0,25.0,672.0,23.6,35.48,45.0,100.0,16.0,18.0,0.7,1.18,21.0,6.7,15.7,46.0,5.2,4.7,49.0,2013-2014,25.0,672.0,35.48,23.6,4.5,15.7,46.0,5.2,4.7,100.0,16.0,18.0,0.7,1.18,21.0,6.7,49.0,13.572941907479198,344.5355966046555,0,0
73665.0,1.0,59.0,337.0,23.1,44.53,39.0,97.0,19.0,28.0,0.5,0.72,13.0,6.4,13.0,37.9,4.15,5.5,34.0,2013-2014,59.0,337.0,44.53,23.1,3.9,13.0,37.9,4.15,5.5,97.0,19.0,28.0,0.5,0.72,13.0,6.4,34.0,5.679447886415593,125.70209840536576,0,1
73667.0,1.0,24.0,500.67,17.4,42.99,43.0,98.0,20.0,21.0,0.5,0.87,11.0,5.5,15.8,46.2,4.9,5.2,48.0,2013-2014,24.0,500.67,42.99,17.4,4.3,15.8,46.2,4.9,5.2,98.0,20.0,21.0,0.5,0.87,11.0,5.5,48.0,8.738644111291231,212.3514063413562,0,0
73671.0,1.0,49.0,391.0,29.8,22.17,45.0,96.0,33.0,27.0,0.6,0.84,15.0,7.4,13.1,38.3,4.08,5.3,109.0,2013-2014,49.0,391.0,22.17,29.8,4.5,13.1,38.3,4.08,5.3,96.0,33.0,27.0,0.6,0.84,15.0,7.4,109.0,9.274257529120234,235.41777992138327,0,0
73673.0,1.0,45.0,250.0,14.8,34.09,45.0,105.0,20.0,18.0,0.4,0.97,16.0,6.3,14.1,42.5,4.68,5.0,69.0,2013-2014,45.0,250.0,34.09,14.8,4.5,14.1,42.5,4.68,5.0,105.0,20.0,18.0,0.4,0.97,16.0,6.3,69.0,4.5604024399967065,115.76126871623832,1,1
73675.0,1.0,29.0,284.0,18.5,19.19,49.0,90.0,24.0,26.0,0.6,1.0,18.0,8.1,17.2,48.8,5.47,5.2,38.0,2013-2014,29.0,284.0,19.19,18.5,4.9,17.2,48.8,5.47,5.2,90.0,24.0,26.0,0.6,1.0,18.0,8.1,38.0,6.577445420331623,181.21828894826007,1,0
73676.0,1.0,44.0,285.0,20.3,21.94,42.0,102.0,36.0,24.0,0.5,0.93,12.0,8.8,14.2,41.7,4.51,5.3,44.0,2013-2014,44.0,285.0,21.94,20.3,4.2,14.2,41.7,4.51,5.3,102.0,36.0,24.0,0.5,0.93,12.0,8.8,44.0,6.871256386893339,163.25007627615275,1,0
73678.0,1.0,51.0,231.0,26.4,15.74,49.0,92.0,52.0,49.0,0.7,1.11,17.0,7.0,15.6,45.1,5.26,5.8,32.0,2013-2014,51.0,231.0,15.74,26.4,4.9,15.6,45.1,5.26,5.8,92.0,52.0,49.0,0.7,1.11,17.0,7.0,32.0,5.675179164140094,156.35952742705274,1,1
73688.0,1.0,58.0,435.0,19.8,48.97,41.0,102.0,22.0,15.0,0.5,0.72,13.0,4.5,16.4,47.0,5.36,5.5,43.0,2013-2014,58.0,435.0,48.97,19.8,4.1,16.4,47.0,5.36,5.5,102.0,22.0,15.0,0.5,0.72,13.0,4.5,43.0,6.9389182544301065,161.09764522191566,0,0
73698.0,1.0,23.0,356.0,23.6,33.57,45.0,81.0,16.0,22.0,0.9,1.08,12.0,8.6,16.3,47.8,5.27,4.7,32.0,2013-2014,23.0,356.0,33.57,23.6,4.5,16.3,47.8,5.27,4.7,81.0,16.0,22.0,0.9,1.08,12.0,8.6,32.0,6.7718191403829096,171.89587662973844,0,0
73699.0,1.0,20.0,681.45,53.8,,47.0,76.0,18.0,21.0,0.7,0.99,11.0,6.5,15.6,45.6,4.61,5.0,42.0,2013-2014,20.0,681.45,,53.8,4.7,15.6,45.6,4.61,5.0,76.0,18.0,21.0,0.7,0.99,11.0,6.5,42.0,,,0,0
73701.0,1.0,47.0,348.0,23.7,30.53,45.0,99.0,21.0,21.0,1.5,1.07,16.0,6.9,14.9,43.9,4.66,5.5,49.0,2013-2014,47.0,348.0,30.53,23.7,4.5,14.9,43.9,4.66,5.5,99.0,21.0,21.0,1.5,1.07,16.0,6.9,49.0,6.963250389112021,176.75516800070608,0,0
73706.0,1.0,54.0,397.0,29.5,31.52,41.0,167.0,25.0,21.0,0.6,0.91,11.0,5.3,16.2,47.0,5.01,7.6,41.0,2013-2014,54.0,397.0,31.52,29.5,4.1,16.2,47.0,5.01,7.6,167.0,25.0,21.0,0.6,0.91,11.0,5.3,41.0,8.327226570753046,193.32935518028532,0,0
73707.0,1.0,45.0,416.0,34.2,37.88,40.0,98.0,19.0,20.0,0.6,1.07,10.0,5.1,14.6,42.6,4.07,4.8,43.0,2013-2014,45.0,416.0,37.88,34.2,4.0,14.6,42.6,4.07,4.8,98.0,19.0,20.0,0.6,1.07,10.0,5.1,43.0,7.942642844023943,180.09679934408382,0,0
73716.0,1.0,25.0,423.0,18.1,36.38,45.0,77.0,19.0,23.0,0.6,1.0,15.0,4.7,14.5,44.0,5.14,5.7,61.0,2013-2014,25.0,423.0,36.38,18.1,4.5,14.5,44.0,5.14,5.7,77.0,19.0,23.0,0.6,1.0,15.0,4.7,61.0,7.834356033133518,198.86731618600464,0,0
73718.0,1.0,53.0,337.24,28.0,,40.0,89.0,38.0,21.0,0.5,0.92,11.0,6.3,14.1,43.0,4.84,6.1,36.0,2013-2014,53.0,337.24,,28.0,4.0,14.1,43.0,4.84,6.1,89.0,38.0,21.0,0.5,0.92,11.0,6.3,36.0,,,0,0
73720.0,1.0,48.0,283.0,27.7,29.99,38.0,104.0,47.0,25.0,0.4,0.72,6.0,5.5,15.0,44.9,5.75,8.6,46.0,2013-2014,48.0,283.0,29.99,27.7,3.8,15.0,44.9,5.75,8.6,104.0,47.0,25.0,0.4,0.72,6.0,5.5,46.0,6.106969791826796,131.85519254750596,1,1
73724.0,1.0,26.0,1120.0,37.0,103.5,51.0,81.0,14.0,18.0,0.8,1.1,15.0,4.8,16.3,47.4,5.14,5.3,68.0,2013-2014,26.0,1120.0,103.5,37.0,5.1,16.3,47.4,5.14,5.3,81.0,14.0,18.0,0.8,1.1,15.0,4.8,68.0,10.769704000271425,308.39266326240454,0,0
73729.0,1.0,46.0,259.0,34.6,30.67,42.0,88.0,32.0,26.0,0.7,0.94,9.0,7.4,15.0,44.3,5.23,5.4,44.0,2013-2014,46.0,259.0,30.67,34.6,4.2,15.0,44.3,5.23,5.4,88.0,32.0,26.0,0.7,0.94,9.0,7.4,44.0,5.2072948794236344,123.71700870889418,1,1
73730.0,1.0,48.0,629.0,24.6,66.64,43.0,91.0,22.0,22.0,0.6,0.66,13.0,6.3,15.2,45.1,4.56,5.5,40.0,2013-2014,48.0,629.0,66.64,24.6,4.3,15.2,45.1,4.56,5.5,91.0,22.0,22.0,0.6,0.66,13.0,6.3,40.0,8.265869851479025,200.86286444921117,0,0
73736.0,1.0,55.0,344.94,,23.14,41.0,86.0,20.0,24.0,0.6,1.29,7.0,6.0,13.2,39.6,4.79,5.7,74.0,2013-2014,55.0,344.94,23.14,,4.1,13.2,39.6,4.79,5.7,86.0,20.0,24.0,0.6,1.29,7.0,6.0,74.0,8.383476457292574,194.63528269423642,0,0
73738.0,1.0,29.0,275.0,25.1,26.94,42.0,92.0,36.0,48.0,0.2,1.41,16.0,6.8,14.2,41.1,4.9,5.7,51.0,2013-2014,29.0,275.0,26.94,25.1,4.2,14.2,41.1,4.9,5.7,92.0,36.0,48.0,0.2,1.41,16.0,6.8,51.0,5.9679171918204865,141.78817990736417,1,1
73749.0,1.0,29.0,557.0,24.5,66.52,50.0,81.0,18.0,20.0,1.4,1.47,30.0,6.8,14.9,42.7,4.74,4.7,57.0,2013-2014,29.0,557.0,66.52,24.5,5.0,14.9,42.7,4.74,4.7,81.0,18.0,20.0,1.4,1.47,30.0,6.8,57.0,6.799005716680724,191.00675576598013,0,0
73756.0,1.0,56.0,545.81,26.7,,43.0,89.0,18.0,17.0,0.4,1.03,20.0,4.7,13.2,38.5,3.91,5.5,57.0,2013-2014,56.0,545.81,,26.7,4.3,13.2,38.5,3.91,5.5,89.0,18.0,17.0,0.4,1.03,20.0,4.7,57.0,,,0,0
73765.0,1.0,54.0,401.0,10.4,43.37,42.0,74.0,21.0,23.0,0.4,0.97,9.0,4.9,15.2,44.9,4.64,5.3,43.0,2013-2014,54.0,401.0,43.37,10.4,4.2,15.2,44.9,4.64,5.3,74.0,21.0,23.0,0.4,0.97,9.0,4.9,43.0,6.815202470607249,161.91832476026752,0,0
73783.0,1.0,26.0,590.0,24.8,22.31,43.0,86.0,20.0,24.0,0.4,1.06,9.0,7.0,15.3,44.3,5.09,5.2,70.0,2013-2014,26.0,590.0,22.31,24.8,4.3,15.3,44.3,5.09,5.2,86.0,20.0,24.0,0.4,1.06,9.0,7.0,70.0,15.157492914320347,368.331161673715,0,0
73790.0,1.0,59.0,246.0,18.8,48.75,42.0,98.0,31.0,28.0,1.0,0.83,12.0,9.7,15.6,45.9,4.69,5.0,44.0,2013-2014,59.0,246.0,48.75,18.8,4.2,15.6,45.9,4.69,5.0,98.0,31.0,28.0,1.0,0.83,12.0,9.7,44.0,3.67144965140879,87.227779301003,1,1
73795.0,1.0,59.0,340.0,27.8,,42.0,137.0,39.0,32.0,0.5,1.0,16.0,5.4,15.9,46.3,5.27,6.2,33.0,2013-2014,59.0,340.0,,27.8,4.2,15.9,46.3,5.27,6.2,137.0,39.0,32.0,0.5,1.0,16.0,5.4,33.0,,,0,0
73804.0,1.0,55.0,185.0,26.8,17.4,43.0,325.0,46.0,27.0,1.0,0.69,6.0,6.4,16.5,47.1,5.24,10.0,33.0,2013-2014,55.0,185.0,17.4,26.8,4.3,16.5,47.1,5.24,10.0,325.0,46.0,27.0,1.0,0.69,6.0,6.4,33.0,4.712593344294696,114.51728797180934,1,1
73810.0,1.0,48.0,319.0,27.1,20.87,42.0,96.0,21.0,21.0,0.7,1.21,11.0,5.0,15.7,45.2,4.58,5.5,41.0,2013-2014,48.0,319.0,20.87,27.1,4.2,15.7,45.2,4.58,5.5,96.0,21.0,21.0,0.7,1.21,11.0,5.0,41.0,7.951513445995779,188.91525850290108,0,0
73820.0,1.0,56.0,395.07,32.4,28.1,43.0,103.0,28.0,20.0,0.9,0.97,12.0,7.1,15.6,44.9,4.89,5.1,37.0,2013-2014,56.0,395.07,28.1,32.4,4.3,15.6,44.9,4.89,5.1,103.0,28.0,20.0,0.9,0.97,12.0,7.1,37.0,8.598394784537112,208.94330991411024,0,0
73823.0,1.0,35.0,590.0,24.8,49.81,40.0,79.0,19.0,17.0,0.5,0.94,10.0,4.2,13.8,42.3,4.79,4.1,36.0,2013-2014,35.0,590.0,49.81,24.8,4.0,13.8,42.3,4.79,4.1,79.0,19.0,17.0,0.5,0.94,10.0,4.2,36.0,9.868426253288773,223.76330116840884,0,0
73837.0,1.0,29.0,497.0,,32.43,42.0,75.0,19.0,17.0,0.6,0.86,17.0,4.7,14.4,43.4,4.81,5.3,38.0,2013-2014,29.0,497.0,32.43,,4.2,14.4,43.4,4.81,5.3,75.0,19.0,17.0,0.6,0.86,17.0,4.7,38.0,10.449089116281291,248.2536670445037,0,0
73842.0,1.0,53.0,334.23,21.2,,42.0,109.0,23.0,27.0,0.4,0.8,19.0,5.1,13.8,41.3,4.61,5.6,36.0,2013-2014,53.0,334.23,,21.2,4.2,13.8,41.3,4.61,5.6,109.0,23.0,27.0,0.4,0.8,19.0,5.1,36.0,,,0,0
73843.0,1.0,42.0,325.0,21.3,23.58,46.0,92.0,43.0,35.0,0.9,0.95,14.0,5.8,13.9,40.3,4.24,5.5,41.0,2013-2014,42.0,325.0,23.58,21.3,4.6,13.9,40.3,4.24,5.5,92.0,43.0,35.0,0.9,0.95,14.0,5.8,41.0,7.260325178943511,188.23024399421894,0,0
73847.0,1.0,34.0,360.0,19.7,31.44,41.0,99.0,24.0,19.0,0.7,1.04,12.0,5.8,16.0,47.2,5.05,5.8,41.0,2013-2014,34.0,360.0,31.44,19.7,4.1,16.0,47.2,5.05,5.8,99.0,24.0,19.0,0.7,1.04,12.0,5.8,41.0,7.470690815756437,173.44356201789532,0,0
73850.0,1.0,30.0,393.0,24.7,36.08,47.0,83.0,21.0,22.0,0.4,0.89,9.0,4.5,15.5,44.6,5.1,5.5,48.0,2013-2014,30.0,393.0,36.08,24.7,4.7,15.5,44.6,5.1,5.5,83.0,21.0,22.0,0.4,0.89,9.0,4.5,48.0,7.090235308403029,187.66247881455058,0,0
73858.0,1.0,52.0,511.0,25.8,51.57,44.0,88.0,33.0,27.0,0.8,1.14,17.0,4.6,14.6,42.6,4.98,6.0,47.0,2013-2014,52.0,511.0,51.57,25.8,4.4,14.6,42.6,4.98,6.0,88.0,33.0,27.0,0.8,1.14,17.0,4.6,47.0,7.810771244623487,194.03624276626962,0,0
73859.0,1.0,38.0,323.0,28.0,18.3,38.0,103.0,57.0,32.0,0.6,0.89,9.0,7.5,13.5,40.2,4.42,5.9,60.0,2013-2014,38.0,323.0,18.3,28.0,3.8,13.5,40.2,4.42,5.9,103.0,57.0,32.0,0.6,0.89,9.0,7.5,60.0,9.09791702546938,196.43254217172992,0,0
73860.0,1.0,53.0,627.37,,64.37,47.0,97.0,18.0,22.0,0.6,0.93,14.0,4.0,14.6,43.8,5.03,5.7,91.0,2013-2014,53.0,627.37,64.37,,4.7,14.6,43.8,5.03,5.7,97.0,18.0,22.0,0.6,0.93,14.0,4.0,91.0,8.190036435375367,216.77172508259184,0,0
73863.0,1.0,26.0,431.5,23.2,24.61,47.0,97.0,12.0,19.0,0.7,0.9,8.0,5.6,15.8,45.5,4.74,4.8,55.0,2013-2014,26.0,431.5,24.61,23.2,4.7,15.8,45.5,4.74,4.8,97.0,12.0,19.0,0.7,0.9,8.0,5.6,55.0,9.603799651814265,254.19083715907283,0,0
73865.0,1.0,48.0,488.0,16.1,57.99,44.0,86.0,19.0,26.0,0.9,0.91,13.0,4.8,16.0,45.6,4.59,5.1,102.0,2013-2014,48.0,488.0,57.99,16.1,4.4,16.0,45.6,4.59,5.1,86.0,19.0,26.0,0.9,0.91,13.0,4.8,102.0,6.799594986577124,168.916464483065,0,0
73868.0,1.0,32.0,462.0,21.2,,47.0,82.0,20.0,18.0,2.6,0.99,12.0,6.6,17.8,50.7,5.67,4.5,40.0,2013-2014,32.0,462.0,,21.2,4.7,17.8,50.7,5.67,4.5,82.0,20.0,18.0,2.6,0.99,12.0,6.6,40.0,,,0,0
73870.0,1.0,38.0,294.0,20.7,20.8,47.0,92.0,26.0,22.0,0.9,0.95,10.0,7.6,15.5,46.4,5.4,4.9,39.0,2013-2014,38.0,294.0,20.8,20.7,4.7,15.5,46.4,5.4,4.9,92.0,26.0,22.0,0.9,0.95,10.0,7.6,39.0,6.789129732347047,179.69289581346456,1,0
73875.0,1.0,43.0,256.0,14.6,25.95,40.0,105.0,34.0,29.0,0.8,1.05,14.0,6.5,14.0,42.4,4.65,5.3,43.0,2013-2014,43.0,256.0,25.95,14.6,4.0,14.0,42.4,4.65,5.3,105.0,34.0,29.0,0.8,1.05,14.0,6.5,43.0,5.779749043365837,131.0538978226124,1,1
73881.0,1.0,38.0,346.0,24.2,28.29,42.0,120.0,49.0,32.0,0.4,0.89,9.0,7.1,14.6,42.2,4.58,5.6,44.0,2013-2014,38.0,346.0,28.29,24.2,4.2,14.6,42.2,4.58,5.6,120.0,49.0,32.0,0.4,0.89,9.0,7.1,44.0,7.486151398506367,177.85899957861122,0,0
73884.0,1.0,43.0,545.08,22.4,46.84,48.0,106.0,69.0,43.0,0.9,0.96,12.0,6.5,16.3,47.6,5.52,5.3,46.0,2013-2014,43.0,545.08,46.84,22.4,4.8,16.3,47.6,5.52,5.3,106.0,69.0,43.0,0.9,0.96,12.0,6.5,46.0,8.64559981373462,233.51421938014224,0,0
73888.0,1.0,56.0,325.43,20.1,,46.0,239.0,25.0,27.0,1.1,0.97,11.0,5.7,16.5,47.8,5.26,8.0,39.0,2013-2014,56.0,325.43,,20.1,4.6,16.5,47.8,5.26,8.0,239.0,25.0,27.0,1.1,0.97,11.0,5.7,39.0,,,0,0
73899.0,1.0,57.0,316.0,95.1,26.16,37.0,289.0,27.0,33.0,0.4,2.04,73.0,12.4,14.6,43.0,4.94,8.9,36.0,2013-2014,57.0,316.0,26.16,95.1,3.7,14.6,43.0,4.94,8.9,289.0,27.0,33.0,0.4,2.04,73.0,12.4,36.0,7.564601239594256,159.2278137738681,0,0
73901.0,1.0,54.0,456.0,22.3,49.29,41.0,85.0,31.0,35.0,0.9,1.05,14.0,5.6,14.9,42.8,4.7,5.0,58.0,2013-2014,54.0,456.0,49.29,22.3,4.1,14.9,42.8,4.7,5.0,85.0,31.0,35.0,0.9,1.05,14.0,5.6,58.0,7.288620762321318,169.21652607391374,0,0
73910.0,1.0,51.0,453.0,14.6,42.06,45.0,92.0,15.0,23.0,0.7,0.8,18.0,5.8,15.0,45.6,5.88,5.6,55.0,2013-2014,51.0,453.0,42.06,14.6,4.5,15.0,45.6,5.88,5.6,92.0,15.0,23.0,0.7,0.8,18.0,5.8,55.0,7.737320582378441,196.4041680236096,0,0
73913.0,1.0,26.0,318.0,16.9,15.69,42.0,79.0,24.0,27.0,0.6,0.79,12.0,4.2,13.0,37.1,4.01,4.5,48.0,2013-2014,26.0,318.0,15.69,16.9,4.2,13.0,37.1,4.01,4.5,79.0,24.0,27.0,0.6,0.79,12.0,4.2,48.0,8.895084743344208,211.33300535891146,0,0
73916.0,1.0,27.0,445.0,18.1,23.19,46.0,98.0,26.0,22.0,0.7,0.91,8.0,6.2,16.2,47.7,5.3,5.5,53.0,2013-2014,27.0,445.0,23.19,18.1,4.6,16.2,47.7,5.3,5.5,98.0,26.0,22.0,0.7,0.91,8.0,6.2,53.0,10.350919549372387,268.3565906928718,0,0
73918.0,1.0,32.0,538.0,18.5,34.46,42.0,74.0,21.0,25.0,0.5,0.93,13.0,4.0,13.1,39.2,4.28,5.4,66.0,2013-2014,32.0,538.0,34.46,18.5,4.2,13.1,39.2,4.28,5.4,74.0,21.0,25.0,0.5,0.93,13.0,4.0,66.0,11.05389608391902,262.622914535769,0,0
73925.0,1.0,60.0,281.0,20.4,29.25,44.0,161.0,17.0,20.0,0.6,1.27,11.0,5.5,16.0,44.9,5.24,7.3,35.0,2013-2014,60.0,281.0,29.25,20.4,4.4,16.0,44.9,5.24,7.3,161.0,17.0,20.0,0.6,1.27,11.0,5.5,35.0,5.704138600067303,141.7029877730674,1,1
73928.0,1.0,23.0,518.1,41.3,,45.0,88.0,28.0,20.0,1.3,1.18,16.0,8.7,15.1,45.9,5.44,5.4,50.0,2013-2014,23.0,518.1,,41.3,4.5,15.1,45.9,5.44,5.4,88.0,28.0,20.0,1.3,1.18,16.0,8.7,50.0,,,0,0
73932.0,1.0,30.0,275.61,23.0,14.98,47.0,90.0,18.0,20.0,0.6,0.93,11.0,5.1,15.3,44.7,5.11,5.0,51.0,2013-2014,30.0,275.61,14.98,23.0,4.7,15.3,44.7,5.11,5.0,90.0,18.0,20.0,0.6,0.93,11.0,5.1,51.0,7.1648560352245125,189.6375205384362,1,0
73934.0,1.0,31.0,444.89,28.5,36.73,49.0,119.0,47.0,29.0,0.5,0.92,7.0,6.5,16.7,49.9,6.14,6.1,38.0,2013-2014,31.0,444.89,36.73,28.5,4.9,16.7,49.9,6.14,6.1,119.0,47.0,29.0,0.5,0.92,7.0,6.5,38.0,7.889161584885707,217.3579972598618,0,0
73941.0,1.0,28.0,565.89,27.2,65.66,46.0,90.0,19.0,24.0,1.0,0.86,10.0,5.2,13.9,42.7,4.93,5.5,42.0,2013-2014,28.0,565.89,65.66,27.2,4.6,13.9,42.7,4.93,5.5,90.0,19.0,24.0,1.0,0.86,10.0,5.2,42.0,7.21341961862886,187.01417655300867,0,0
73943.0,1.0,19.0,518.0,14.2,49.54,45.0,83.0,15.0,24.0,0.6,1.01,8.0,5.9,13.9,40.3,4.72,5.3,50.0,2013-2014,19.0,518.0,49.54,14.2,4.5,13.9,40.3,4.72,5.3,83.0,15.0,24.0,0.6,1.01,8.0,5.9,50.0,8.083810747016237,205.1994753641167,0,0
73949.0,1.0,48.0,424.4,25.5,,49.0,92.0,20.0,27.0,1.1,0.77,7.0,3.8,15.9,47.2,4.98,5.2,68.0,2013-2014,48.0,424.4,,25.5,4.9,15.9,47.2,4.98,5.2,92.0,20.0,27.0,1.1,0.77,7.0,3.8,68.0,,,0,0
73952.0,1.0,42.0,372.0,25.7,31.51,43.0,97.0,64.0,40.0,0.7,0.88,10.0,7.6,15.6,45.8,5.08,5.3,41.0,2013-2014,42.0,372.0,31.51,25.7,4.3,15.6,45.8,5.08,5.3,97.0,64.0,40.0,0.7,0.88,10.0,7.6,41.0,7.549729199172434,183.46045364968842,0,0
73962.0,1.0,49.0,584.41,20.1,65.94,42.0,90.0,46.0,48.0,0.8,0.9,12.0,11.1,14.3,41.2,4.61,4.9,60.0,2013-2014,49.0,584.41,65.94,20.1,4.2,14.3,41.2,4.61,4.9,90.0,46.0,48.0,0.8,0.9,12.0,11.1,60.0,7.711122978592445,183.20396497374236,0,0
73964.0,1.0,45.0,489.0,34.7,33.21,44.0,90.0,17.0,20.0,0.6,1.54,15.0,7.4,12.9,37.2,4.33,5.3,40.0,2013-2014,45.0,489.0,33.21,34.7,4.4,12.9,37.2,4.33,5.3,90.0,17.0,20.0,0.6,1.54,15.0,7.4,40.0,9.860684024702897,244.96045516321593,0,0
73974.0,1.0,34.0,379.18,30.0,28.29,43.0,91.0,24.0,37.0,1.1,0.63,10.0,6.5,17.0,47.5,4.97,4.8,32.0,2013-2014,34.0,379.18,28.29,30.0,4.3,17.0,47.5,4.97,4.8,91.0,24.0,37.0,1.1,0.63,10.0,6.5,32.0,8.182943272221763,198.84772623050242,0,0
73977.0,1.0,30.0,429.0,28.7,28.74,46.0,80.0,30.0,29.0,0.9,0.95,7.0,5.1,15.9,46.0,5.16,5.3,55.0,2013-2014,30.0,429.0,28.74,28.7,4.6,15.9,46.0,5.16,5.3,80.0,30.0,29.0,0.9,0.95,7.0,5.1,55.0,8.965394131423487,232.43563935076352,0,0
73980.0,1.0,43.0,511.0,22.7,40.07,46.0,105.0,15.0,22.0,0.4,1.0,17.0,6.3,15.1,43.8,5.03,5.6,53.0,2013-2014,43.0,511.0,40.07,22.7,4.6,15.1,43.8,5.03,5.6,105.0,15.0,22.0,0.4,1.0,17.0,6.3,53.0,9.057073427298926,234.8125048225609,0,0
73987.0,1.0,56.0,55.1,12.6,35.28,45.0,103.0,44.0,41.0,1.1,1.34,28.0,7.8,13.8,39.0,4.45,5.8,40.0,2013-2014,56.0,55.1,35.28,12.6,4.5,13.8,39.0,4.45,5.8,103.0,44.0,41.0,1.1,1.34,28.0,7.8,40.0,0.9249980930730454,23.48015426776988,1,1
73992.0,1.0,20.0,651.0,33.1,42.13,48.0,72.0,19.0,24.0,0.8,0.95,16.0,4.9,15.1,44.5,5.07,5.1,36.0,2013-2014,20.0,651.0,42.13,33.1,4.8,15.1,44.5,5.07,5.1,72.0,19.0,24.0,0.8,0.95,16.0,4.9,36.0,11.3766919164235,307.2799330558459,0,0
73993.0,1.0,57.0,336.63,18.2,43.43,41.0,184.0,27.0,25.0,0.8,0.94,12.0,5.2,14.1,41.5,4.0,6.4,50.0,2013-2014,57.0,336.63,43.43,18.2,4.1,14.1,41.5,4.0,6.4,184.0,27.0,25.0,0.8,0.94,12.0,5.2,50.0,5.655071569997264,131.2911724974317,0,1
73994.0,1.0,36.0,305.0,25.5,29.04,44.0,72.0,19.0,21.0,0.3,0.85,11.0,4.7,16.8,45.9,5.12,5.1,36.0,2013-2014,36.0,305.0,29.04,25.5,4.4,16.8,45.9,5.12,5.1,72.0,19.0,21.0,0.3,0.85,11.0,4.7,36.0,6.2626516865574535,155.57764591427704,0,1
74001.0,1.0,48.0,293.0,30.2,28.26,39.0,115.0,24.0,20.0,0.4,1.03,6.0,6.8,14.9,45.3,5.22,7.2,33.0,2013-2014,48.0,293.0,28.26,30.2,3.9,14.9,45.3,5.22,7.2,115.0,24.0,20.0,0.4,1.03,6.0,6.8,33.0,6.481215707396413,143.44746724170054,1,1
74005.0,1.0,23.0,826.0,22.1,56.74,49.0,75.0,23.0,24.0,0.9,1.06,11.0,5.7,16.9,48.9,5.75,5.1,60.0,2013-2014,23.0,826.0,56.74,22.1,4.9,16.9,48.9,5.75,5.1,75.0,23.0,24.0,0.9,1.06,11.0,5.7,60.0,12.261467437345523,337.8214499693308,0,0
74010.0,1.0,40.0,398.0,26.6,39.23,46.0,82.0,25.0,23.0,0.6,0.96,7.0,6.5,15.5,44.8,5.29,5.6,38.0,2013-2014,40.0,398.0,39.23,26.6,4.6,15.5,44.8,5.29,5.6,82.0,25.0,23.0,0.6,0.96,7.0,6.5,38.0,6.913226859851126,179.23141822781574,0,0
74014.0,1.0,60.0,228.0,14.6,18.77,49.0,253.0,44.0,30.0,0.7,1.24,29.0,6.5,13.9,40.6,4.44,10.3,26.0,2013-2014,60.0,228.0,18.77,14.6,4.9,13.9,40.6,4.44,10.3,253.0,44.0,30.0,0.7,1.24,29.0,6.5,26.0,5.249691182258997,144.63670813824544,1,1
74018.0,1.0,22.0,470.0,26.7,31.88,43.0,101.0,25.0,20.0,0.7,0.96,10.0,7.5,13.2,39.4,4.28,4.6,36.0,2013-2014,22.0,470.0,31.88,26.7,4.3,13.2,39.4,4.28,4.6,101.0,25.0,20.0,0.7,0.96,10.0,7.5,36.0,9.768324025220187,237.3729056746151,0,0
74023.0,1.0,19.0,451.0,22.3,26.07,45.0,86.0,21.0,29.0,0.5,1.25,13.0,6.6,14.3,40.2,4.52,4.8,39.0,2013-2014,19.0,451.0,26.07,22.3,4.5,14.3,40.2,4.52,4.8,86.0,21.0,29.0,0.5,1.25,13.0,6.6,39.0,10.09006996125311,256.12636505630616,0,0
74025.0,1.0,45.0,657.0,19.9,74.24,41.0,69.0,17.0,26.0,0.4,0.86,11.0,3.9,11.3,35.1,4.8,5.9,48.0,2013-2014,45.0,657.0,74.24,19.9,4.1,11.3,35.1,4.8,5.9,69.0,17.0,26.0,0.4,0.86,11.0,3.9,48.0,8.09203153092479,187.86894107899275,0,0
74027.0,1.0,42.0,768.0,31.4,49.89,44.0,86.0,16.0,24.0,0.6,1.07,9.0,4.3,13.3,42.5,5.87,5.6,65.0,2013-2014,42.0,768.0,49.89,31.4,4.4,13.3,42.5,5.87,5.6,86.0,16.0,24.0,0.6,1.07,9.0,4.3,65.0,12.958578499368645,321.91877150928684,0,0
74029.0,1.0,22.0,455.0,23.0,30.11,47.0,84.0,26.0,31.0,3.3,1.27,9.0,6.3,14.9,42.9,5.32,4.5,43.0,2013-2014,22.0,455.0,30.11,23.0,4.7,14.9,42.9,5.32,4.5,84.0,26.0,31.0,3.3,1.27,9.0,6.3,43.0,9.23374880689377,244.3964289589816,0,0
74036.0,1.0,43.0,403.0,14.6,24.92,43.0,107.0,36.0,26.0,0.7,1.0,15.0,6.2,14.7,45.3,6.22,5.7,64.0,2013-2014,43.0,403.0,24.92,14.6,4.3,14.7,45.3,6.22,5.7,107.0,36.0,26.0,0.7,1.0,15.0,6.2,64.0,9.345664446400328,227.10216403289144,0,0
74037.0,1.0,20.0,342.0,20.0,20.78,46.0,95.0,15.0,18.0,0.8,0.92,9.0,4.9,16.0,46.5,5.06,5.6,58.0,2013-2014,20.0,342.0,20.78,20.0,4.6,16.0,46.5,5.06,5.6,95.0,15.0,18.0,0.8,0.92,9.0,4.9,58.0,8.115246103220999,210.39481241316835,0,0
74041.0,1.0,60.0,237.0,15.8,57.42,45.0,98.0,37.0,41.0,0.8,0.84,11.0,5.5,15.7,44.9,4.85,6.7,36.0,2013-2014,60.0,237.0,57.42,15.8,4.5,15.7,44.9,4.85,6.7,98.0,37.0,41.0,0.8,0.84,11.0,5.5,36.0,3.0665439333447337,77.84116006619945,1,1
74045.0,1.0,38.0,334.0,29.8,27.75,46.0,122.0,31.0,26.0,0.2,0.86,8.0,6.7,14.3,43.4,5.02,6.3,53.0,2013-2014,38.0,334.0,27.75,29.8,4.6,14.3,43.4,5.02,6.3,122.0,31.0,26.0,0.2,0.86,8.0,6.7,53.0,6.913657663978717,179.24258719945976,0,0
74056.0,1.0,38.0,616.0,30.8,45.12,43.0,96.0,47.0,28.0,0.9,0.88,13.0,5.7,16.0,45.6,5.16,4.6,35.0,2013-2014,38.0,616.0,45.12,30.8,4.3,16.0,45.6,5.16,4.6,96.0,47.0,28.0,0.9,0.88,13.0,5.7,35.0,10.77964992926901,261.9483976226993,0,0
74059.0,1.0,57.0,327.0,20.6,39.52,45.0,417.0,20.0,15.0,1.4,0.81,7.0,4.9,16.3,45.6,5.2,12.5,46.0,2013-2014,57.0,327.0,39.52,20.6,4.5,16.3,45.6,5.2,12.5,417.0,20.0,15.0,1.4,0.81,7.0,4.9,46.0,5.590983576403384,141.92154326111947,0,1
74075.0,1.0,59.0,362.0,25.1,40.05,39.0,97.0,22.0,21.0,0.3,1.46,9.0,5.9,13.6,41.3,4.78,6.3,37.0,2013-2014,59.0,362.0,40.05,25.1,3.9,13.6,41.3,4.78,6.3,97.0,22.0,21.0,0.3,1.46,9.0,5.9,37.0,6.616795203804015,146.44822145936698,0,0
74077.0,1.0,26.0,577.0,41.8,42.07,42.0,73.0,26.0,22.0,0.6,1.03,10.0,6.0,15.7,45.4,5.07,4.7,50.0,2013-2014,26.0,577.0,42.07,41.8,4.2,15.7,45.4,5.07,4.7,73.0,26.0,22.0,0.6,1.03,10.0,6.0,50.0,10.579799822941299,251.35914465017976,0,0
74099.0,1.0,44.0,613.0,27.9,42.41,46.0,99.0,28.0,30.0,0.7,0.96,13.0,5.5,16.1,47.6,5.36,5.6,44.0,2013-2014,44.0,613.0,42.41,27.9,4.6,16.1,47.6,5.36,5.6,99.0,28.0,30.0,0.7,0.96,13.0,5.5,44.0,10.794976842682784,279.86916218342196,0,0
74110.0,1.0,60.0,573.0,19.8,55.72,44.0,86.0,41.0,38.0,1.6,0.81,10.0,5.8,16.5,50.1,5.49,5.6,43.0,2013-2014,60.0,573.0,55.72,19.8,4.4,16.5,50.1,5.49,5.6,86.0,41.0,38.0,1.6,0.81,10.0,5.8,43.0,8.431719595087905,209.46192623625538,0,0
74115.0,1.0,27.0,271.0,13.9,27.59,48.0,120.0,31.0,24.0,0.9,0.89,14.0,6.2,16.4,47.4,5.45,5.2,24.0,2013-2014,27.0,271.0,27.59,13.9,4.8,16.4,47.4,5.45,5.2,120.0,31.0,24.0,0.9,0.89,14.0,6.2,24.0,5.392646065853203,145.65322980374526,1,1
74116.0,1.0,25.0,441.0,28.6,27.24,42.0,79.0,18.0,17.0,0.7,0.97,11.0,6.5,16.8,48.6,5.55,5.4,43.0,2013-2014,25.0,441.0,27.24,28.6,4.2,16.8,48.6,5.55,5.4,79.0,18.0,17.0,0.7,0.97,11.0,6.5,43.0,10.029567947721688,238.28651418182602,0,0
74129.0,1.0,56.0,435.0,20.5,58.22,41.0,104.0,29.0,26.0,0.5,0.64,9.0,3.9,13.8,41.2,4.37,4.9,38.0,2013-2014,56.0,435.0,58.22,20.5,4.1,13.8,41.2,4.37,4.9,104.0,29.0,26.0,0.5,0.64,9.0,3.9,38.0,6.103754010750781,141.70802452067977,0,1
74143.0,1.0,30.0,325.0,30.9,21.56,48.0,88.0,23.0,33.0,1.2,1.2,13.0,6.1,14.1,42.0,4.42,5.2,61.0,2013-2014,30.0,325.0,21.56,30.9,4.8,14.1,42.0,4.42,5.2,88.0,23.0,33.0,1.2,1.2,13.0,6.1,61.0,7.3547974388206585,198.65015957561337,0,0
74144.0,1.0,51.0,636.0,21.3,80.28,44.0,93.0,27.0,23.0,0.8,0.88,18.0,6.8,15.0,42.4,4.53,5.3,51.0,2013-2014,51.0,636.0,80.28,21.3,4.4,15.0,42.4,4.53,5.3,93.0,27.0,23.0,0.8,0.88,18.0,6.8,51.0,7.12913277988425,177.10288721395943,0,0
74146.0,1.0,50.0,375.0,16.2,48.33,41.0,99.0,24.0,25.0,0.3,1.1,13.0,6.1,13.5,39.5,3.85,5.4,113.0,2013-2014,50.0,375.0,48.33,16.2,4.1,13.5,39.5,3.85,5.4,99.0,24.0,25.0,0.3,1.1,13.0,6.1,113.0,5.9230081337621625,137.51173136679424,0,1
74159.0,1.0,32.0,740.74,54.6,22.33,42.0,98.0,40.0,27.0,0.7,0.99,9.0,7.2,14.8,45.3,5.48,5.6,40.0,2013-2014,32.0,740.74,22.33,54.6,4.2,14.8,45.3,5.48,5.6,98.0,40.0,27.0,0.7,0.99,9.0,7.2,40.0,20.058579219572966,476.559802634151,0,0
74169.0,1.0,22.0,492.0,25.1,17.88,48.0,76.0,10.0,15.0,0.6,0.91,13.0,6.7,14.3,42.2,4.97,5.7,47.0,2013-2014,22.0,492.0,17.88,25.1,4.8,14.3,42.2,4.97,5.7,76.0,10.0,15.0,0.6,0.91,13.0,6.7,47.0,12.456790667041954,336.4529716000837,0,0
74170.0,1.0,56.0,415.0,37.6,49.21,42.0,108.0,20.0,26.0,0.8,1.33,12.0,8.4,14.1,43.0,4.84,6.3,49.0,2013-2014,56.0,415.0,49.21,37.6,4.2,14.1,43.0,4.84,6.3,108.0,20.0,26.0,0.8,1.33,12.0,8.4,49.0,6.491758721042363,154.23381790818283,0,1
74181.0,1.0,38.0,418.59,19.7,45.42,42.0,98.0,17.0,12.0,0.5,0.92,11.0,5.1,12.7,38.1,4.07,5.2,11.0,2013-2014,38.0,418.59,45.42,19.7,4.2,12.7,38.1,4.07,5.2,98.0,17.0,12.0,0.5,0.92,11.0,5.1,11.0,6.933026823416373,164.71764318185453,0,0
74222.0,1.0,45.0,710.0,29.1,51.94,44.0,82.0,51.0,35.0,0.5,1.02,7.0,3.9,13.5,39.2,4.42,5.0,56.0,2013-2014,45.0,710.0,51.94,29.1,4.4,13.5,39.2,4.42,5.0,82.0,51.0,35.0,0.5,1.02,7.0,3.9,56.0,11.447034813027487,284.36879744282027,0,0
74230.0,1.0,44.0,640.0,25.2,27.57,47.0,110.0,41.0,33.0,0.7,0.76,17.0,5.7,16.5,48.7,5.04,5.5,42.0,2013-2014,44.0,640.0,27.57,25.2,4.7,16.5,48.7,5.04,5.5,110.0,41.0,33.0,0.7,0.76,17.0,5.7,42.0,14.246919368466939,377.08370566896303,0,0
74251.0,1.0,20.0,332.95,19.4,,44.0,77.0,16.0,18.0,0.7,0.93,9.0,5.5,17.3,50.5,5.71,4.8,33.0,2013-2014,20.0,332.95,,19.4,4.4,17.3,50.5,5.71,4.8,77.0,16.0,18.0,0.7,0.93,9.0,5.5,33.0,,,0,0
74281.0,1.0,27.0,433.89,28.4,,48.0,85.0,15.0,19.0,0.7,0.96,16.0,4.9,14.3,42.5,4.63,5.1,59.0,2013-2014,27.0,433.89,,28.4,4.8,14.3,42.5,4.63,5.1,85.0,15.0,19.0,0.7,0.96,16.0,4.9,59.0,,,0,0
74284.0,1.0,58.0,226.13,29.2,35.19,41.0,105.0,26.0,27.0,1.0,1.11,17.0,7.9,15.3,45.8,5.49,5.5,36.0,2013-2014,58.0,226.13,35.19,29.2,4.1,15.3,45.8,5.49,5.5,105.0,26.0,27.0,1.0,1.11,17.0,7.9,36.0,4.192191386588986,97.32816210479335,1,1
74287.0,1.0,60.0,337.0,38.3,26.44,42.0,85.0,19.0,18.0,0.9,1.17,12.0,6.0,13.1,39.3,5.05,6.2,38.0,2013-2014,60.0,337.0,26.44,38.3,4.2,13.1,39.3,5.05,6.2,85.0,19.0,18.0,0.9,1.17,12.0,6.0,38.0,7.535541449850244,179.032428307679,0,0
74290.0,1.0,48.0,195.0,24.4,18.64,43.0,190.0,30.0,32.0,0.5,1.06,9.0,3.8,15.4,42.9,4.77,6.8,44.0,2013-2014,48.0,195.0,18.64,24.4,4.3,15.4,42.9,4.77,6.8,190.0,30.0,32.0,0.5,1.06,9.0,3.8,44.0,4.843505389243711,117.69848593546443,1,1
74295.0,1.0,26.0,678.0,41.0,38.85,45.0,90.0,18.0,20.0,0.8,0.74,4.0,6.0,15.8,46.0,5.36,5.0,36.0,2013-2014,26.0,678.0,38.85,41.0,4.5,15.8,46.0,5.36,5.0,90.0,18.0,20.0,0.8,0.74,4.0,6.0,36.0,12.997109404319465,329.9186626803183,0,0
74296.0,1.0,26.0,453.0,14.8,27.02,47.0,104.0,17.0,20.0,0.2,0.69,7.0,5.4,13.0,38.5,4.24,5.4,36.0,2013-2014,26.0,453.0,27.02,14.8,4.7,13.0,38.5,4.24,5.4,104.0,17.0,20.0,0.2,0.69,7.0,5.4,36.0,9.703150945400047,256.8204410039048,0,0
74300.0,1.0,46.0,399.0,23.7,38.34,48.0,80.0,17.0,25.0,0.6,0.94,10.0,4.9,14.1,41.6,4.97,5.6,46.0,2013-2014,46.0,399.0,38.34,23.7,4.8,14.1,41.6,4.97,5.6,80.0,17.0,25.0,0.6,0.94,10.0,4.9,46.0,6.883811148817226,185.92900682526508,0,0
74312.0,1.0,22.0,457.43,22.0,,51.0,93.0,22.0,21.0,0.6,1.06,17.0,6.2,15.8,45.4,5.01,5.1,46.0,2013-2014,22.0,457.43,,22.0,5.1,15.8,45.4,5.01,5.1,93.0,22.0,21.0,0.6,1.06,17.0,6.2,46.0,,,0,0
74314.0,1.0,50.0,392.0,23.4,53.84,43.0,146.0,18.0,21.0,0.9,1.01,9.0,5.5,14.1,41.0,4.38,5.1,49.0,2013-2014,50.0,392.0,53.84,23.4,4.3,14.1,41.0,4.38,5.1,146.0,18.0,21.0,0.9,1.01,9.0,5.5,49.0,5.655434875365978,137.42859120491931,0,1
74317.0,1.0,33.0,438.0,21.8,42.03,48.0,64.0,18.0,19.0,0.5,0.96,16.0,4.7,15.0,44.7,4.96,5.5,46.0,2013-2014,33.0,438.0,42.03,21.8,4.8,15.0,44.7,4.96,5.5,64.0,18.0,19.0,0.5,0.96,16.0,4.7,46.0,7.225368997541097,195.15434874905029,0,0
74328.0,1.0,44.0,468.0,33.0,29.96,44.0,108.0,38.0,31.0,0.8,0.89,17.0,6.3,14.6,43.7,5.34,5.7,37.0,2013-2014,44.0,468.0,29.96,33.0,4.4,14.6,43.7,5.34,5.7,108.0,38.0,31.0,0.8,0.89,17.0,6.3,37.0,9.930217788175941,246.6878223830657,0,0
74329.0,1.0,46.0,593.0,21.0,58.02,49.0,103.0,58.0,40.0,1.0,1.07,12.0,6.5,16.3,47.4,5.0,5.2,46.0,2013-2014,46.0,593.0,58.02,21.0,4.9,16.3,47.4,5.0,5.2,103.0,58.0,40.0,1.0,1.07,12.0,6.5,46.0,8.146382159259735,224.44480215014093,0,0
74331.0,1.0,33.0,613.76,46.8,33.95,45.0,88.0,44.0,25.0,1.1,1.02,11.0,6.0,16.3,48.5,5.63,5.5,50.0,2013-2014,33.0,613.76,33.95,46.8,4.5,16.3,48.5,5.63,5.5,88.0,44.0,25.0,1.1,1.02,11.0,6.0,50.0,12.50948057724642,317.5406911246703,0,0
74338.0,1.0,43.0,258.0,22.3,12.68,44.0,78.0,28.0,30.0,1.1,1.09,12.0,5.6,16.5,47.8,5.3,5.1,57.0,2013-2014,43.0,258.0,12.68,22.3,4.4,16.5,47.8,5.3,5.1,78.0,28.0,30.0,1.1,1.09,12.0,5.6,57.0,7.384642062382869,183.4502835996959,1,0
74340.0,1.0,41.0,658.0,14.7,56.66,44.0,102.0,39.0,31.0,0.8,1.24,10.0,4.9,17.3,50.6,4.96,5.1,45.0,2013-2014,41.0,658.0,56.66,14.7,4.4,17.3,50.6,4.96,5.1,102.0,39.0,31.0,0.8,1.24,10.0,4.9,45.0,9.801783810075127,243.49724801163455,0,0
74341.0,1.0,60.0,427.77,33.3,49.82,41.0,146.0,19.0,20.0,0.9,0.93,15.0,5.4,14.8,42.4,4.61,6.9,50.0,2013-2014,60.0,427.77,49.82,33.3,4.1,14.8,42.4,4.61,6.9,146.0,19.0,20.0,0.9,0.93,15.0,5.4,50.0,6.724079747149198,156.10983929065983,0,0
74345.0,1.0,56.0,269.0,21.4,37.17,42.0,90.0,22.0,25.0,0.5,0.92,13.0,5.5,13.3,38.5,4.45,5.7,56.0,2013-2014,56.0,269.0,37.17,21.4,4.2,13.3,38.5,4.45,5.7,90.0,22.0,25.0,0.5,0.92,13.0,5.5,56.0,4.839176915183709,114.97111387437464,1,1
74350.0,1.0,52.0,463.0,18.57,57.1,42.0,92.0,25.0,17.0,0.6,0.91,13.0,6.6,14.2,42.0,4.61,6.0,35.0,2013-2014,52.0,463.0,57.1,18.57,4.2,14.2,42.0,4.61,6.0,92.0,25.0,17.0,0.6,0.91,13.0,6.6,35.0,6.592096756092926,156.61768935076913,0,0
74376.0,1.0,21.0,455.0,47.6,20.28,44.0,85.0,13.0,15.0,0.8,0.86,10.0,7.6,13.7,42.5,4.78,5.5,39.0,2013-2014,21.0,455.0,20.28,47.6,4.4,13.7,42.5,4.78,5.5,85.0,13.0,15.0,0.8,0.86,10.0,7.6,39.0,11.573254360209052,287.5043606198406,0,0
74378.0,1.0,24.0,161.0,17.7,16.33,45.0,92.0,76.0,29.0,0.5,0.77,22.0,6.6,15.3,43.6,4.91,5.3,42.0,2013-2014,24.0,161.0,16.33,17.7,4.5,15.3,43.6,4.91,5.3,92.0,76.0,29.0,0.5,0.77,22.0,6.6,42.0,4.0553163337190075,102.94016153480864,1,1
74379.0,1.0,43.0,131.0,14.0,12.28,43.0,86.0,59.0,35.0,0.5,0.89,13.0,5.6,13.7,39.8,4.97,5.9,31.0,2013-2014,43.0,131.0,12.28,14.0,4.3,13.7,39.8,4.97,5.9,86.0,59.0,35.0,0.5,0.89,13.0,5.6,31.0,3.7241324363630026,90.49742158984569,1,1
74380.0,1.0,28.0,208.0,21.1,,45.0,98.0,44.0,35.0,1.3,0.98,8.0,8.3,16.3,48.0,5.89,5.3,39.0,2013-2014,28.0,208.0,,21.1,4.5,16.3,48.0,5.89,5.3,98.0,44.0,35.0,1.3,0.98,8.0,8.3,39.0,,,1,0
74386.0,1.0,24.0,811.0,37.0,65.03,48.0,78.0,21.0,26.0,0.7,1.14,11.0,6.2,15.6,48.7,5.75,5.2,57.0,2013-2014,24.0,811.0,65.03,37.0,4.8,15.6,48.7,5.75,5.2,78.0,21.0,26.0,0.7,1.14,11.0,6.2,57.0,10.935565042752058,295.3652712889034,0,0
74388.0,1.0,57.0,289.0,28.6,17.21,39.0,79.0,17.0,21.0,0.5,1.69,24.0,6.1,12.6,38.3,4.85,7.8,31.0,2013-2014,57.0,289.0,17.21,28.6,3.9,12.6,38.3,4.85,7.8,79.0,17.0,21.0,0.5,1.69,24.0,6.1,31.0,8.127248729207501,179.87879102954213,1,0
74393.0,1.0,26.0,720.58,52.3,63.87,42.0,74.0,14.0,16.0,0.5,0.79,13.0,3.7,14.5,45.8,5.3,5.6,47.0,2013-2014,26.0,720.58,63.87,52.3,4.2,14.5,45.8,5.3,5.6,74.0,14.0,16.0,0.5,0.79,13.0,3.7,47.0,10.148390014537233,241.1095366945543,0,0
74400.0,1.0,23.0,574.0,37.8,26.2,45.0,92.0,18.0,20.0,0.8,0.85,12.0,4.9,15.5,45.1,4.73,5.2,49.0,2013-2014,23.0,574.0,26.2,37.8,4.5,15.5,45.1,4.73,5.2,92.0,18.0,20.0,0.8,0.85,12.0,4.9,49.0,13.244431763606798,336.19669416321864,0,0
74408.0,1.0,29.0,580.92,30.5,80.14,44.0,95.0,20.0,28.0,0.8,0.94,3.0,6.1,14.1,39.2,4.35,5.0,33.0,2013-2014,29.0,580.92,80.14,30.5,4.4,14.1,39.2,4.35,5.0,95.0,20.0,28.0,0.8,0.94,3.0,6.1,33.0,6.427741180101299,159.67882159132483,0,1
74411.0,1.0,28.0,369.85,16.8,58.58,49.0,91.0,20.0,18.0,0.5,0.84,11.0,5.6,16.0,47.7,5.34,5.2,52.0,2013-2014,28.0,369.85,58.58,16.8,4.9,16.0,47.7,5.34,5.2,91.0,20.0,18.0,0.5,0.84,11.0,5.6,52.0,4.751011254874478,130.89734317230872,0,1
74412.0,1.0,37.0,588.58,23.3,69.46,45.0,91.0,21.0,23.0,1.9,0.75,9.0,5.6,15.9,46.8,5.1,5.0,72.0,2013-2014,37.0,588.58,69.46,23.3,4.5,15.9,46.8,5.1,5.0,91.0,21.0,23.0,1.9,0.75,9.0,5.6,72.0,7.2803984471452825,184.80565522236628,0,0
74421.0,1.0,47.0,316.0,31.5,16.1,48.0,104.0,64.0,39.0,0.7,1.24,20.0,4.8,15.7,45.4,4.82,5.4,31.0,2013-2014,47.0,316.0,16.1,31.5,4.8,15.7,45.4,4.82,5.4,104.0,64.0,39.0,0.7,1.24,20.0,4.8,31.0,7.975361634934608,215.4113521999361,0,0
74422.0,1.0,29.0,553.0,27.3,30.0,47.0,86.0,25.0,27.0,0.6,1.08,9.0,6.2,16.8,49.7,5.3,5.4,35.0,2013-2014,29.0,553.0,30.0,27.3,4.7,16.8,49.7,5.3,5.4,86.0,25.0,27.0,0.6,1.08,9.0,6.2,35.0,11.547091520844756,305.6253740030358,0,0
74432.0,1.0,60.0,273.0,28.8,28.14,44.0,87.0,29.0,24.0,0.6,1.27,10.0,7.1,14.3,42.3,4.85,6.0,48.0,2013-2014,60.0,273.0,28.14,28.8,4.4,14.3,42.3,4.85,6.0,87.0,29.0,24.0,0.6,1.27,10.0,7.1,48.0,5.643141078021869,140.187679025049,1,1
74433.0,1.0,22.0,373.0,22.7,11.38,47.0,82.0,20.0,20.0,1.0,0.94,13.0,6.8,15.4,45.2,5.25,5.3,48.0,2013-2014,22.0,373.0,11.38,22.7,4.7,15.4,45.2,5.25,5.3,82.0,20.0,20.0,1.0,0.94,13.0,6.8,48.0,10.73010369786442,284.00155570181704,0,0
74435.0,1.0,19.0,910.0,37.5,63.91,45.0,89.0,13.0,15.0,1.5,1.03,9.0,5.7,15.0,44.0,5.11,5.4,44.0,2013-2014,19.0,910.0,63.91,37.5,4.5,15.0,44.0,5.11,5.4,89.0,13.0,15.0,1.5,1.03,9.0,5.7,44.0,13.131356365235485,333.32638792417833,0,0
74436.0,1.0,55.0,268.0,16.0,25.31,46.0,89.0,32.0,28.0,0.2,0.85,14.0,6.6,14.4,43.7,5.07,6.3,32.0,2013-2014,55.0,268.0,25.31,16.0,4.6,14.4,43.7,5.07,6.3,89.0,32.0,28.0,0.2,0.85,14.0,6.6,32.0,5.694537632083819,147.6358402003937,1,1
74437.0,1.0,35.0,574.0,25.2,17.77,47.0,96.0,35.0,23.0,1.1,0.7,12.0,6.1,15.2,44.7,5.41,5.5,45.0,2013-2014,35.0,574.0,17.77,25.2,4.7,15.2,44.7,5.41,5.5,96.0,35.0,23.0,1.1,0.7,12.0,6.1,45.0,15.047752741995028,398.2799522611724,0,0
74445.0,1.0,47.0,358.0,24.7,35.96,44.0,87.0,17.0,33.0,2.6,0.98,19.0,4.4,15.3,44.5,5.25,4.8,43.0,2013-2014,47.0,358.0,35.96,24.7,4.4,15.3,44.5,5.25,4.8,87.0,17.0,33.0,2.6,0.98,19.0,4.4,43.0,6.618554266636295,164.41902626795923,0,0
74449.0,1.0,37.0,212.0,43.2,27.63,44.0,79.0,33.0,31.0,0.8,1.11,13.0,8.7,15.3,45.5,5.47,5.9,52.0,2013-2014,37.0,212.0,27.63,43.2,4.4,15.3,45.5,5.47,5.9,79.0,33.0,31.0,0.8,1.11,13.0,8.7,52.0,4.339014899743752,107.79039893565904,1,1
74454.0,1.0,45.0,208.0,15.8,11.64,43.0,122.0,22.0,29.0,0.4,1.04,16.0,8.2,13.7,39.2,4.48,5.9,38.0,2013-2014,45.0,208.0,11.64,15.8,4.3,13.7,39.2,4.48,5.9,122.0,22.0,29.0,0.4,1.04,16.0,8.2,38.0,6.135995704564707,149.10634883107807,1,1
74463.0,1.0,45.0,258.0,19.9,12.54,48.0,119.0,74.0,56.0,0.7,1.23,15.0,7.6,16.2,48.1,5.38,6.4,38.0,2013-2014,45.0,258.0,12.54,19.9,4.8,16.2,48.1,5.38,6.4,119.0,74.0,56.0,0.7,1.23,15.0,7.6,38.0,6.951519328707828,187.75777788955685,1,0
74464.0,1.0,45.0,235.0,24.7,23.99,42.0,148.0,42.0,43.0,0.4,0.9,11.0,5.9,14.6,44.7,5.4,6.5,19.0,2013-2014,45.0,235.0,23.99,24.7,4.2,14.6,44.7,5.4,6.5,148.0,42.0,43.0,0.4,0.9,11.0,5.9,19.0,5.340897997171374,126.89120538195871,1,1
74466.0,1.0,34.0,428.47,26.0,,43.0,100.0,31.0,22.0,0.7,1.07,10.0,5.3,15.8,48.0,5.11,5.7,40.0,2013-2014,34.0,428.47,,26.0,4.3,15.8,48.0,5.11,5.7,100.0,31.0,22.0,0.7,1.07,10.0,5.3,40.0,,,0,0
74493.0,1.0,40.0,417.0,16.8,45.49,41.0,116.0,22.0,30.0,0.8,0.69,17.0,5.1,14.0,42.5,4.99,5.7,49.0,2013-2014,40.0,417.0,45.49,16.8,4.1,14.0,42.5,4.99,5.7,116.0,22.0,30.0,0.8,0.69,17.0,5.1,49.0,6.966682246319466,161.74222893818592,0,0
74498.0,1.0,29.0,318.28,21.8,18.57,45.0,94.0,43.0,27.0,0.9,0.85,14.0,5.5,16.0,47.1,5.32,5.1,49.0,2013-2014,29.0,318.28,18.57,21.8,4.5,16.0,47.1,5.32,5.1,94.0,43.0,27.0,0.9,0.85,14.0,5.5,49.0,7.97027286679899,202.31742948456267,0,0
74499.0,1.0,59.0,390.0,15.1,26.49,46.0,105.0,31.0,41.0,0.7,1.07,15.0,5.4,15.0,45.5,5.27,5.7,42.0,2013-2014,59.0,390.0,26.49,15.1,4.6,15.0,45.5,5.27,5.7,105.0,31.0,41.0,0.7,1.07,15.0,5.4,42.0,8.397502769607643,217.7125619455225,0,0
74502.0,1.0,27.0,539.0,29.0,39.69,40.0,116.0,34.0,36.0,0.6,0.67,8.0,6.1,15.3,45.3,4.7,4.5,91.0,2013-2014,27.0,539.0,39.69,29.0,4.0,15.3,45.3,4.7,4.5,116.0,34.0,36.0,0.6,0.67,8.0,6.1,91.0,10.39551721194309,235.71491431292674,0,0
74511.0,1.0,46.0,461.75,17.3,,51.0,87.0,40.0,26.0,0.7,0.94,15.0,5.2,15.0,44.1,4.91,5.1,62.0,2013-2014,46.0,461.75,,17.3,5.1,15.0,44.1,4.91,5.1,87.0,40.0,26.0,0.7,0.94,15.0,5.2,62.0,,,0,0
74524.0,1.0,47.0,473.0,20.2,53.27,44.0,96.0,18.0,20.0,0.4,0.72,10.0,4.0,15.0,43.8,4.91,5.4,66.0,2013-2014,47.0,473.0,53.27,20.2,4.4,15.0,43.8,4.91,5.4,96.0,18.0,20.0,0.4,0.72,10.0,4.0,66.0,6.983843224091436,173.49358428646386,0,0
74529.0,1.0,51.0,303.0,19.9,34.11,46.0,90.0,36.0,21.0,0.8,0.88,15.0,5.9,15.4,44.2,4.8,5.3,50.0,2013-2014,51.0,303.0,34.11,19.9,4.6,15.4,44.2,4.8,5.3,90.0,36.0,21.0,0.8,0.88,15.0,5.9,50.0,5.557029735793648,144.07082840933822,0,1
74532.0,1.0,25.0,639.0,30.3,33.47,46.0,94.0,41.0,29.0,0.6,0.81,19.0,6.6,16.6,47.4,5.63,5.3,35.0,2013-2014,25.0,639.0,33.47,30.3,4.6,16.6,47.4,5.63,5.3,94.0,41.0,29.0,0.6,0.81,19.0,6.6,35.0,13.048771411497368,338.30074632667475,0,0
74539.0,1.0,55.0,63.5,10.1,,42.0,115.0,24.0,23.0,0.4,0.81,12.0,5.8,13.5,40.9,4.74,6.2,30.0,2013-2014,55.0,63.5,,10.1,4.2,13.5,40.9,4.74,6.2,115.0,24.0,23.0,0.4,0.81,12.0,5.8,30.0,,,1,0
74542.0,1.0,46.0,1170.0,49.9,72.2,43.0,90.0,13.0,13.0,0.5,1.3,10.0,4.6,13.7,40.2,4.33,4.8,57.0,2013-2014,46.0,1170.0,72.2,49.9,4.3,13.7,40.2,4.33,4.8,90.0,13.0,13.0,0.5,1.3,10.0,4.6,57.0,16.710961350344856,406.0808632172841,0,0
74547.0,1.0,43.0,447.0,22.3,67.76,37.0,77.0,20.0,23.0,0.3,0.69,10.0,3.4,13.8,39.7,4.07,5.3,39.0,2013-2014,43.0,447.0,67.76,22.3,3.7,13.8,39.7,4.07,5.3,77.0,20.0,23.0,0.3,0.69,10.0,3.4,39.0,5.766318438338716,121.37563493166577,0,1
74560.0,1.0,36.0,503.0,35.6,49.07,44.0,98.0,13.0,19.0,0.5,0.94,7.0,6.1,16.6,48.0,5.35,5.0,44.0,2013-2014,36.0,503.0,49.07,35.6,4.4,16.6,48.0,5.35,5.0,98.0,13.0,19.0,0.5,0.94,7.0,6.1,44.0,7.944410491979189,197.35612714527534,0,0
74571.0,1.0,53.0,250.0,15.9,27.89,41.0,87.0,24.0,24.0,0.6,0.97,16.0,6.1,14.7,42.9,4.9,5.4,60.0,2013-2014,53.0,250.0,27.89,15.9,4.1,14.7,42.9,4.9,5.4,87.0,24.0,24.0,0.6,0.97,16.0,6.1,60.0,5.348306157265485,124.1691422594955,1,1
74579.0,1.0,51.0,352.0,,51.57,43.0,87.0,24.0,29.0,1.2,1.25,19.0,4.6,14.8,43.4,4.74,5.5,41.0,2013-2014,51.0,352.0,51.57,,4.3,14.8,43.4,4.74,5.5,87.0,24.0,29.0,1.2,1.25,19.0,4.6,41.0,5.174526876686044,125.74239726683005,0,1
74586.0,1.0,24.0,650.0,36.9,21.48,43.0,73.0,16.0,21.0,0.3,0.95,8.0,6.3,14.5,42.7,4.77,5.3,65.0,2013-2014,24.0,650.0,21.48,36.9,4.3,14.5,42.7,4.77,5.3,73.0,16.0,21.0,0.3,0.95,8.0,6.3,65.0,17.218265829862744,418.4084987516914,0,0
74590.0,1.0,30.0,103.0,9.75,,45.0,99.0,21.0,24.0,0.7,0.96,15.0,5.8,15.8,43.9,4.98,5.7,57.0,2013-2014,30.0,103.0,,9.75,4.5,15.8,43.9,4.98,5.7,99.0,21.0,24.0,0.7,0.96,15.0,5.8,57.0,,,1,0
74598.0,1.0,58.0,387.0,35.7,38.72,33.0,279.0,12.0,14.0,0.6,4.35,26.0,4.2,11.4,34.2,3.95,8.8,26.0,2013-2014,58.0,387.0,38.72,35.7,3.3,11.4,34.2,3.95,8.8,279.0,12.0,14.0,0.6,4.35,26.0,4.2,26.0,7.846632772293802,148.15699798271928,0,0
74616.0,1.0,19.0,256.0,28.1,13.69,45.0,94.0,30.0,28.0,0.5,0.8,9.0,8.1,14.9,44.7,5.23,5.5,32.0,2013-2014,19.0,256.0,13.69,28.1,4.5,14.9,44.7,5.23,5.5,94.0,30.0,28.0,0.5,0.8,9.0,8.1,32.0,7.034980318295591,178.57596073039815,1,0
74631.0,1.0,30.0,247.0,,21.24,47.0,65.0,63.0,38.0,0.7,0.69,10.0,6.2,14.3,41.9,4.82,5.5,45.0,2013-2014,30.0,247.0,21.24,,4.7,14.3,41.9,4.82,5.5,65.0,63.0,38.0,0.7,0.69,10.0,6.2,45.0,5.580083634314111,147.69218245363882,1,1
74632.0,1.0,46.0,491.0,23.4,52.67,42.0,81.0,15.0,26.0,0.9,0.88,12.0,5.5,13.7,41.7,5.06,5.2,103.0,2013-2014,46.0,491.0,52.67,23.4,4.2,13.7,41.7,5.06,5.2,81.0,15.0,26.0,0.9,0.88,12.0,5.5,103.0,7.487872018015211,177.89987874979116,0,0
74638.0,1.0,34.0,228.0,24.4,24.17,47.0,74.0,44.0,28.0,1.2,0.98,13.0,4.3,16.5,47.5,5.47,4.8,28.0,2013-2014,34.0,228.0,24.17,24.4,4.7,16.5,47.5,5.47,4.8,74.0,44.0,28.0,1.2,0.98,13.0,4.3,28.0,4.833741776128859,127.93820292293003,1,1
74639.0,1.0,51.0,424.0,28.7,22.03,45.0,134.0,23.0,23.0,0.5,1.06,19.0,6.2,15.0,43.3,5.02,5.5,31.0,2013-2014,51.0,424.0,22.03,28.7,4.5,15.0,43.3,5.02,5.5,134.0,23.0,23.0,0.5,1.06,19.0,6.2,31.0,10.17549622553178,258.29482559563405,0,0
74641.0,1.0,33.0,423.0,23.1,27.21,48.0,83.0,38.0,25.0,0.6,1.13,13.0,7.1,15.2,44.2,4.98,5.7,60.0,2013-2014,33.0,423.0,27.21,23.1,4.8,15.2,44.2,4.98,5.7,83.0,38.0,25.0,0.6,1.13,13.0,7.1,60.0,8.84296372012802,238.84494015466328,0,0
74646.0,1.0,49.0,710.0,26.7,59.77,49.0,104.0,9.0,19.0,1.2,1.01,11.0,5.3,16.6,47.8,5.31,5.5,67.0,2013-2014,49.0,710.0,59.77,26.7,4.9,16.6,47.8,5.31,5.5,104.0,9.0,19.0,1.2,1.01,11.0,5.3,67.0,9.846056480468842,271.27332790372753,0,0
74650.0,1.0,56.0,251.0,20.6,29.63,42.0,122.0,40.0,29.0,0.7,1.1,21.0,6.7,14.2,41.2,4.2,6.0,42.0,2013-2014,56.0,251.0,29.63,20.6,4.2,14.2,41.2,4.2,6.0,122.0,40.0,29.0,0.7,1.1,21.0,6.7,42.0,5.131569370109663,121.91789156415528,1,1
74663.0,1.0,52.0,579.0,30.6,51.89,41.0,72.0,18.0,17.0,1.2,0.79,12.0,3.2,16.2,46.2,4.95,4.2,59.0,2013-2014,52.0,579.0,51.89,30.6,4.1,16.2,46.2,4.95,4.2,72.0,18.0,17.0,1.2,0.79,12.0,3.2,59.0,9.265489193888012,215.11256311623106,0,0
74679.0,1.0,39.0,394.0,15.4,39.74,43.0,102.0,18.0,13.0,0.6,0.65,8.0,4.5,14.8,42.9,4.89,5.3,50.0,2013-2014,39.0,394.0,39.74,15.4,4.3,14.8,42.9,4.89,5.3,102.0,18.0,13.0,0.6,0.65,8.0,4.5,50.0,7.000941652030746,170.1247683953153,0,0
74680.0,1.0,20.0,886.0,40.1,94.96,45.0,90.0,15.0,19.0,0.9,0.91,11.0,6.0,15.1,45.0,4.99,4.8,52.0,2013-2014,20.0,886.0,94.96,40.1,4.5,15.1,45.0,4.99,4.8,90.0,15.0,19.0,0.9,0.91,11.0,6.0,52.0,9.076631423904447,230.401238295455,0,0
74692.0,1.0,24.0,644.34,28.8,35.77,37.0,75.0,13.0,19.0,0.6,1.11,6.0,6.8,14.3,42.2,4.88,5.8,43.0,2013-2014,24.0,644.34,35.77,28.8,3.7,14.3,42.2,4.88,5.8,75.0,13.0,19.0,0.6,1.11,6.0,6.8,43.0,14.337127763580044,301.78319217179563,0,0
74695.0,1.0,53.0,198.36,55.3,26.05,46.0,88.0,32.0,33.0,0.7,1.04,17.0,7.0,14.5,42.1,4.65,5.7,32.0,2013-2014,53.0,198.36,26.05,55.3,4.6,14.5,42.1,4.65,5.7,88.0,32.0,33.0,0.7,1.04,17.0,7.0,32.0,4.068463075840844,105.4784432614669,1,1
74697.0,1.0,44.0,267.0,11.5,28.12,45.0,214.0,42.0,24.0,0.5,0.51,16.0,2.5,14.9,42.8,4.61,8.7,33.0,2013-2014,44.0,267.0,28.12,11.5,4.5,14.9,42.8,4.61,8.7,214.0,42.0,24.0,0.5,0.51,16.0,2.5,33.0,5.444693350479129,138.2081117434859,1,1
74698.0,1.0,34.0,703.2,22.9,48.32,49.0,70.0,18.0,20.0,0.5,1.03,18.0,6.1,14.9,43.6,5.03,5.2,50.0,2013-2014,34.0,703.2,48.32,22.9,4.9,14.9,43.6,5.03,5.2,70.0,18.0,20.0,0.5,1.03,18.0,6.1,50.0,11.291548096342902,311.09874652415994,0,0
74703.0,1.0,32.0,621.0,22.4,40.42,46.0,77.0,24.0,28.0,0.5,1.02,12.0,6.2,14.4,42.3,4.53,5.2,63.0,2013-2014,32.0,621.0,40.42,22.4,4.6,14.4,42.3,4.53,5.2,77.0,24.0,28.0,0.5,1.02,12.0,6.2,63.0,11.29713593652886,292.8880733793964,0,0
74707.0,1.0,51.0,231.0,28.8,31.91,40.0,272.0,86.0,33.0,0.8,0.72,11.0,5.2,17.2,49.7,5.65,10.3,29.0,2013-2014,51.0,231.0,31.91,28.8,4.0,17.2,49.7,5.65,10.3,272.0,86.0,33.0,0.8,0.72,11.0,5.2,29.0,4.602179953601671,104.35290821024189,1,1
74718.0,1.0,52.0,253.0,12.7,71.5,41.0,98.0,60.0,123.0,0.5,1.38,16.0,2.4,12.9,39.1,4.53,5.7,59.0,2013-2014,52.0,253.0,71.5,12.7,4.1,12.9,39.1,4.53,5.7,98.0,60.0,123.0,0.5,1.38,16.0,2.4,59.0,2.8667827699196584,66.55676528570778,1,1
74728.0,1.0,46.0,358.0,20.2,,44.0,88.0,39.0,32.0,0.6,1.47,20.0,6.7,15.4,45.6,5.23,5.3,41.0,2013-2014,46.0,358.0,,20.2,4.4,15.4,45.6,5.23,5.3,88.0,39.0,32.0,0.6,1.47,20.0,6.7,41.0,,,0,0
74733.0,1.0,53.0,311.0,20.1,36.33,42.0,90.0,20.0,24.0,0.7,0.99,13.0,5.3,16.5,47.3,5.32,4.9,32.0,2013-2014,53.0,311.0,36.33,20.1,4.2,16.5,47.3,5.32,4.9,90.0,20.0,24.0,0.7,0.99,13.0,5.3,32.0,5.754393649680746,136.71520160785596,0,1
74743.0,1.0,41.0,304.0,13.9,32.06,37.0,123.0,18.0,17.0,0.5,0.94,20.0,6.2,14.9,44.4,4.72,5.4,55.0,2013-2014,41.0,304.0,32.06,13.9,3.7,14.9,44.4,4.72,5.4,123.0,18.0,17.0,0.5,0.94,20.0,6.2,55.0,6.4320846543830825,135.3893939795824,0,1
74744.0,1.0,22.0,336.38,33.9,,43.0,79.0,31.0,25.0,0.4,1.18,19.0,5.7,13.8,40.9,4.65,5.3,30.0,2013-2014,22.0,336.38,,33.9,4.3,13.8,40.9,4.65,5.3,79.0,31.0,25.0,0.4,1.18,19.0,5.7,30.0,,,0,0
74746.0,1.0,55.0,400.24,14.2,53.3,40.0,74.0,12.0,15.0,0.7,0.86,13.0,5.3,14.0,40.9,4.47,5.4,54.0,2013-2014,55.0,400.24,53.3,14.2,4.0,14.0,40.9,4.47,5.4,74.0,12.0,15.0,0.7,0.86,13.0,5.3,54.0,5.99093782313825,135.8425335502042,0,1
74748.0,1.0,36.0,271.0,17.3,26.51,41.0,91.0,46.0,34.0,0.5,1.09,10.0,7.5,14.4,40.8,4.57,5.8,40.0,2013-2014,36.0,271.0,26.51,17.3,4.1,14.4,40.8,4.57,5.8,91.0,46.0,34.0,0.5,1.09,10.0,7.5,40.0,6.000769996376924,139.31709244700443,1,1
74760.0,1.0,53.0,592.0,34.0,,43.0,109.0,34.0,30.0,1.0,0.77,9.0,5.8,16.3,46.6,5.1,5.4,40.0,2013-2014,53.0,592.0,,34.0,4.3,16.3,46.6,5.1,5.4,109.0,34.0,30.0,1.0,0.77,9.0,5.8,40.0,,,0,0
74763.0,1.0,33.0,151.38,14.8,28.25,43.0,91.0,14.0,26.0,0.5,1.14,4.0,5.5,15.2,46.5,5.66,5.4,57.0,2013-2014,33.0,151.38,28.25,14.8,4.3,15.2,46.5,5.66,5.4,91.0,14.0,26.0,0.5,1.14,4.0,5.5,57.0,3.0361195081627566,73.77852206450858,1,1
74764.0,1.0,31.0,620.0,17.8,57.3,43.0,69.0,31.0,29.0,0.6,1.13,7.0,5.7,15.7,44.9,4.95,5.0,37.0,2013-2014,31.0,620.0,57.3,17.8,4.3,15.7,44.9,4.95,5.0,69.0,31.0,29.0,0.6,1.13,7.0,5.7,37.0,9.143525734586023,222.19013887393857,0,0
74769.0,1.0,50.0,516.39,31.6,57.17,42.0,295.0,35.0,38.0,0.8,1.43,18.0,7.1,14.4,41.8,4.23,7.6,48.0,2013-2014,50.0,516.39,57.17,31.6,4.2,14.4,41.8,4.23,7.6,295.0,35.0,38.0,0.8,1.43,18.0,7.1,48.0,7.465125664218519,177.35946171639426,0,0
74794.0,1.0,38.0,478.0,23.2,44.51,41.0,90.0,25.0,20.0,0.3,0.99,12.0,5.4,15.1,45.7,4.91,5.5,37.0,2013-2014,38.0,478.0,44.51,23.2,4.1,15.1,45.7,4.91,5.5,90.0,25.0,20.0,0.3,0.99,12.0,5.4,37.0,8.268564118204592,191.96741624081665,0,0
74800.0,1.0,28.0,651.0,42.2,60.9,46.0,65.0,15.0,28.0,0.3,0.88,5.0,4.1,15.4,45.8,4.94,5.4,40.0,2013-2014,28.0,651.0,60.9,42.2,4.6,15.4,45.8,4.94,5.4,65.0,15.0,28.0,0.3,0.88,5.0,4.1,40.0,8.998733105456033,233.299981244824,0,0
74801.0,1.0,36.0,249.0,21.2,19.84,45.0,87.0,39.0,27.0,0.3,1.13,12.0,6.0,16.3,47.8,5.34,5.0,43.0,2013-2014,36.0,249.0,19.84,21.2,4.5,16.3,47.8,5.34,5.0,87.0,39.0,27.0,0.3,1.13,12.0,6.0,43.0,5.952699266487291,151.10333538355175,1,1
74818.0,1.0,26.0,413.0,18.7,22.52,46.0,89.0,20.0,17.0,0.8,0.97,18.0,7.1,15.1,44.7,5.18,5.4,63.0,2013-2014,26.0,413.0,22.52,18.7,4.6,15.1,44.7,5.18,5.4,89.0,20.0,17.0,0.8,0.97,18.0,7.1,63.0,9.64946317322257,250.1707241401021,0,0
74826.0,1.0,47.0,713.0,30.4,56.91,41.0,86.0,23.0,26.0,0.9,0.88,15.0,6.7,13.1,41.3,6.49,5.3,45.0,2013-2014,47.0,713.0,56.91,30.4,4.1,13.1,41.3,6.49,5.3,86.0,23.0,26.0,0.9,0.88,15.0,6.7,45.0,11.083876610083317,257.32921996518627,0,0
74832.0,1.0,21.0,554.0,32.3,,53.0,81.0,21.0,22.0,0.9,0.97,10.0,5.9,16.2,46.4,5.24,5.0,50.0,2013-2014,21.0,554.0,,32.3,5.3,16.2,46.4,5.24,5.0,81.0,21.0,22.0,0.9,0.97,10.0,5.9,50.0,,,0,0
74834.0,1.0,48.0,261.55,11.7,,41.0,91.0,28.0,25.0,0.5,0.77,16.0,5.8,13.9,40.8,4.57,5.8,36.0,2013-2014,48.0,261.55,,11.7,4.1,13.9,40.8,4.57,5.8,91.0,28.0,25.0,0.5,0.77,16.0,5.8,36.0,,,1,0
74839.0,1.0,47.0,379.0,26.1,40.0,44.0,102.0,51.0,31.0,0.6,0.96,15.0,6.9,16.4,47.1,5.25,5.2,22.0,2013-2014,47.0,379.0,40.0,26.1,4.4,16.4,47.1,5.25,5.2,102.0,51.0,31.0,0.6,0.96,15.0,6.9,22.0,6.603972680471841,164.05678851904668,0,0
74844.0,1.0,20.0,361.0,26.3,22.1,44.0,103.0,57.0,38.0,1.4,1.32,12.0,8.9,16.5,47.6,4.92,5.6,46.0,2013-2014,20.0,361.0,22.1,26.3,4.4,16.5,47.6,4.92,5.6,103.0,57.0,38.0,1.4,1.32,12.0,8.9,46.0,8.625093957250204,214.26575847076413,0,0
74860.0,1.0,40.0,178.0,18.5,16.7,44.0,98.0,16.0,23.0,1.1,1.2,20.0,8.0,16.0,44.9,5.35,4.9,48.0,2013-2014,40.0,178.0,16.7,18.5,4.4,16.0,44.9,5.35,4.9,98.0,16.0,23.0,1.1,1.2,20.0,8.0,48.0,4.5322291707750395,112.59025416449335,1,1
74861.0,1.0,60.0,303.0,33.5,29.61,35.0,280.0,23.0,22.0,0.6,1.05,14.0,5.0,11.9,35.2,4.12,9.7,40.0,2013-2014,60.0,303.0,29.61,33.5,3.5,11.9,35.2,4.12,9.7,280.0,23.0,22.0,0.6,1.05,14.0,5.0,40.0,6.9094817532463555,137.95012189489043,0,0
74865.0,1.0,58.0,506.0,23.8,40.48,43.0,100.0,19.0,19.0,0.7,0.97,15.0,5.9,14.4,41.9,4.7,5.7,43.0,2013-2014,58.0,506.0,40.48,23.8,4.3,14.4,41.9,4.7,5.7,100.0,19.0,19.0,0.7,0.97,15.0,5.9,43.0,9.201804808557066,223.60633607345974,0,0
74866.0,1.0,40.0,155.0,17.3,12.56,36.0,86.0,39.0,26.0,0.9,1.05,23.0,7.6,14.7,44.7,5.1,5.6,38.0,2013-2014,40.0,155.0,12.56,17.3,3.6,14.7,44.7,5.1,5.6,86.0,39.0,26.0,0.9,1.05,23.0,7.6,38.0,4.964318045396174,101.80427449787658,1,1
74872.0,1.0,50.0,466.0,15.6,54.41,43.0,85.0,24.0,20.0,0.7,0.99,14.0,5.6,15.4,44.5,4.73,5.2,39.0,2013-2014,50.0,466.0,54.41,15.6,4.3,15.4,44.5,4.73,5.2,85.0,24.0,20.0,0.7,0.99,14.0,5.6,39.0,6.822681156438911,165.79299032403281,0,0
74874.0,1.0,36.0,445.0,17.5,32.43,43.0,103.0,18.0,22.0,0.7,0.86,12.0,5.3,15.9,46.9,5.5,5.2,53.0,2013-2014,36.0,445.0,32.43,17.5,4.3,15.9,46.9,5.5,5.2,103.0,18.0,22.0,0.7,0.86,12.0,5.3,53.0,9.089182920748913,220.86959385621137,0,0
74880.0,1.0,39.0,298.34,31.6,26.21,47.0,96.0,34.0,22.0,0.6,1.2,7.0,6.9,14.6,43.7,4.94,5.0,36.0,2013-2014,39.0,298.34,26.21,31.6,4.7,14.6,43.7,4.94,5.0,96.0,34.0,22.0,0.6,1.2,7.0,6.9,36.0,6.211072464243882,164.3930284451077,1,1
74882.0,1.0,25.0,388.0,15.5,23.76,45.0,95.0,33.0,23.0,0.5,0.67,11.0,5.3,15.1,42.2,4.85,5.2,44.0,2013-2014,25.0,388.0,23.76,15.5,4.5,15.1,42.2,4.85,5.2,95.0,33.0,23.0,0.5,0.67,11.0,5.3,44.0,8.912330440378591,226.23062165481207,0,0
74889.0,1.0,50.0,691.0,28.4,84.92,40.0,90.0,12.0,17.0,0.5,1.39,14.0,5.0,14.6,42.2,4.53,5.9,49.0,2013-2014,50.0,691.0,84.92,28.4,4.0,14.6,42.2,4.53,5.9,90.0,12.0,17.0,0.5,1.39,14.0,5.0,49.0,7.704037945552947,174.68651219328,0,0
74890.0,1.0,30.0,392.0,17.2,30.51,43.0,95.0,24.0,17.0,0.6,0.86,9.0,7.0,14.5,41.2,4.48,4.9,41.0,2013-2014,30.0,392.0,30.51,17.2,4.3,14.5,41.2,4.48,4.9,95.0,24.0,17.0,0.6,0.86,9.0,7.0,41.0,8.151862082349007,198.092444942446,0,0
74901.0,1.0,55.0,346.32,34.6,,41.0,94.0,19.0,18.0,0.5,0.91,13.0,6.3,16.5,48.0,5.13,5.6,55.0,2013-2014,55.0,346.32,,34.6,4.1,16.5,48.0,5.13,5.6,94.0,19.0,18.0,0.5,0.91,13.0,6.3,55.0,,,0,0
74905.0,1.0,44.0,249.0,24.8,30.21,41.0,155.0,18.0,21.0,0.5,1.13,14.0,6.5,13.5,40.1,4.52,5.5,57.0,2013-2014,44.0,249.0,30.21,24.8,4.1,13.5,40.1,4.52,5.5,155.0,18.0,21.0,0.5,1.13,14.0,6.5,57.0,5.092779085543768,118.23668880847829,1,1
74923.0,1.0,24.0,513.0,30.34,20.93,42.0,111.0,37.0,37.0,0.7,1.05,6.0,5.6,13.1,40.1,5.68,5.9,44.0,2013-2014,24.0,513.0,20.93,30.34,4.2,13.1,40.1,5.68,5.9,111.0,37.0,37.0,0.7,1.05,6.0,5.6,44.0,13.493852683283482,320.59238598738546,0,0
74928.0,1.0,50.0,450.0,32.7,32.22,43.0,104.0,27.0,19.0,0.9,0.86,10.0,5.4,16.5,47.7,5.45,5.5,45.0,2013-2014,50.0,450.0,32.22,32.7,4.3,16.5,47.7,5.45,5.5,104.0,27.0,19.0,0.9,0.86,10.0,5.4,45.0,9.239720720702014,224.5277029541972,0,0
74931.0,1.0,53.0,478.0,22.3,52.32,47.0,117.0,18.0,22.0,1.1,0.95,18.0,5.9,14.7,42.2,4.64,5.0,49.0,2013-2014,53.0,478.0,52.32,22.3,4.7,14.7,42.2,4.64,5.0,117.0,18.0,22.0,1.1,0.95,18.0,5.9,49.0,6.967092460729515,184.40316638872656,0,0
74932.0,1.0,32.0,413.0,26.0,13.39,46.0,89.0,57.0,31.0,0.8,1.1,13.0,5.6,16.7,49.6,5.5,5.3,30.0,2013-2014,32.0,413.0,13.39,26.0,4.6,16.7,49.6,5.5,5.3,89.0,57.0,31.0,0.8,1.1,13.0,5.6,30.0,11.645451992284768,301.91847002777064,0,0
74935.0,1.0,20.0,308.0,22.2,20.69,48.0,75.0,16.0,19.0,0.7,0.91,16.0,6.6,16.1,45.7,5.19,4.5,48.0,2013-2014,20.0,308.0,20.69,22.2,4.8,16.1,45.7,5.19,4.5,75.0,16.0,19.0,0.7,0.91,16.0,6.6,48.0,7.059138340753169,190.66452468904515,0,0
74943.0,1.0,19.0,536.0,33.9,20.11,41.0,90.0,17.0,19.0,0.7,1.17,12.0,5.0,14.9,45.0,4.62,4.5,80.0,2013-2014,19.0,536.0,20.11,33.9,4.1,14.9,45.0,4.62,4.5,90.0,17.0,19.0,0.7,1.17,12.0,5.0,80.0,14.665729169443049,340.4874287359186,0,0
74951.0,1.0,46.0,317.07,32.2,26.35,45.0,87.0,23.0,20.0,0.8,0.84,16.0,6.7,15.0,43.8,4.81,5.1,41.0,2013-2014,46.0,317.07,26.35,32.2,4.5,15.0,43.8,4.81,5.1,87.0,23.0,20.0,0.8,0.84,16.0,6.7,41.0,6.787427370260761,172.29207598206492,0,0
74963.0,1.0,39.0,317.0,13.5,37.63,41.0,114.0,23.0,26.0,1.8,0.95,14.0,4.9,14.6,44.1,4.98,5.5,51.0,2013-2014,39.0,317.0,37.63,13.5,4.1,14.6,44.1,4.98,5.5,114.0,23.0,26.0,1.8,0.95,14.0,4.9,51.0,5.812814973822033,134.9534279057925,0,1
74965.0,1.0,26.0,295.0,32.6,18.62,40.0,111.0,19.0,36.0,0.5,0.85,13.0,9.3,15.1,44.7,5.35,5.5,48.0,2013-2014,26.0,295.0,18.62,32.6,4.0,15.1,44.7,5.35,5.5,111.0,19.0,36.0,0.5,0.85,13.0,9.3,48.0,7.9117167276570814,179.39555988472614,1,0
74969.0,1.0,22.0,549.0,22.3,50.74,45.0,85.0,19.0,23.0,1.0,0.91,11.0,4.2,12.4,37.5,4.5,5.2,74.0,2013-2014,22.0,549.0,50.74,22.3,4.5,12.4,37.5,4.5,5.2,85.0,19.0,23.0,1.0,0.91,11.0,4.2,74.0,8.50213247998273,215.81815544266954,0,0
74972.0,1.0,36.0,599.0,26.0,35.41,48.0,93.0,21.0,21.0,1.1,1.18,14.0,5.7,14.4,40.9,4.88,5.0,45.0,2013-2014,36.0,599.0,35.41,26.0,4.8,14.4,40.9,4.88,5.0,93.0,21.0,21.0,1.1,1.18,14.0,5.7,45.0,11.439214612518251,308.9686462610204,0,0
74974.0,1.0,48.0,206.0,26.4,17.71,43.0,111.0,27.0,20.0,1.1,0.85,13.0,7.3,16.4,48.4,5.89,6.1,31.0,2013-2014,48.0,206.0,17.71,26.4,4.3,16.4,48.4,5.89,6.1,111.0,27.0,20.0,1.1,0.85,13.0,7.3,31.0,5.24362223710277,127.42143314119369,1,1
74981.0,1.0,33.0,169.0,63.8,23.24,46.0,97.0,35.0,30.0,0.9,1.01,20.0,5.6,16.0,45.9,4.99,5.1,43.0,2013-2014,33.0,169.0,23.24,63.8,4.6,16.0,45.9,4.99,5.1,97.0,35.0,30.0,0.9,1.01,20.0,5.6,43.0,3.6290627216221982,94.08660696664168,1,1
74982.0,1.0,43.0,185.77,29.7,18.6,41.0,94.0,40.0,27.0,0.4,1.35,15.0,6.9,14.2,40.7,4.47,5.5,39.0,2013-2014,43.0,185.77,18.6,29.7,4.1,14.2,40.7,4.47,5.5,94.0,40.0,27.0,0.4,1.35,15.0,6.9,39.0,4.740100373213455,110.04871079907643,1,1
74990.0,1.0,47.0,420.0,20.0,30.34,45.0,95.0,15.0,17.0,0.6,1.03,11.0,5.9,15.1,43.8,5.03,5.6,51.0,2013-2014,47.0,420.0,30.34,20.0,4.5,15.1,43.8,5.03,5.6,95.0,15.0,17.0,0.6,1.03,11.0,5.9,51.0,8.616248278906944,218.7148712123514,0,0
74996.0,1.0,56.0,628.0,26.3,36.1,46.0,81.0,20.0,22.0,0.4,0.9,13.0,5.6,15.0,43.5,4.91,5.6,52.0,2013-2014,56.0,628.0,36.1,26.3,4.6,15.0,43.5,4.91,5.6,81.0,20.0,22.0,0.4,0.9,13.0,5.6,52.0,12.250354135403756,317.6010841236425,0,0
75012.0,1.0,60.0,380.0,20.4,40.3,46.0,102.0,19.0,21.0,0.7,0.98,13.0,5.8,13.4,40.8,4.26,5.5,89.0,2013-2014,60.0,380.0,40.3,20.4,4.6,13.4,40.8,4.26,5.5,102.0,19.0,21.0,0.7,0.98,13.0,5.8,89.0,6.456607427462415,167.39316235736229,0,1
75016.0,1.0,53.0,200.0,19.5,13.34,38.0,394.0,42.0,65.0,0.4,1.2,21.0,4.9,11.0,34.1,3.82,10.2,24.0,2013-2014,53.0,200.0,13.34,19.5,3.8,11.0,34.1,3.82,10.2,394.0,42.0,65.0,0.4,1.2,21.0,4.9,24.0,6.13675084206997,132.49819329058087,1,1
75017.0,1.0,54.0,697.0,12.0,137.9,48.0,111.0,16.0,27.0,0.8,0.84,7.0,3.2,13.7,40.9,4.81,5.5,111.0,2013-2014,54.0,697.0,137.9,12.0,4.8,13.7,40.9,4.81,5.5,111.0,16.0,27.0,0.8,0.84,7.0,3.2,111.0,4.799032887523975,129.6199734724605,0,1
75023.0,1.0,27.0,834.91,,58.83,43.0,90.0,95.0,38.0,0.7,1.02,17.0,6.1,14.0,42.8,4.44,5.2,56.0,2013-2014,27.0,834.91,58.83,,4.3,14.0,42.8,4.44,5.2,90.0,95.0,38.0,0.7,1.02,17.0,6.1,56.0,12.843978779234,312.11214486521374,0,0
75029.0,1.0,23.0,515.0,31.1,25.7,47.0,86.0,14.0,22.0,0.5,0.88,12.0,4.7,13.1,39.7,4.66,5.1,86.0,2013-2014,23.0,515.0,25.7,31.1,4.7,13.1,39.7,4.66,5.1,86.0,14.0,22.0,0.5,0.88,12.0,4.7,86.0,11.482865649559384,303.9254605748943,0,0
75032.0,1.0,23.0,634.0,41.1,45.48,46.0,69.0,19.0,26.0,0.8,1.11,12.0,6.2,15.8,46.0,5.29,5.3,46.0,2013-2014,23.0,634.0,45.48,41.1,4.6,15.8,46.0,5.29,5.3,69.0,19.0,26.0,0.8,1.11,12.0,6.2,46.0,10.732734822954141,278.25548369499916,0,0
75049.0,1.0,59.0,226.0,14.9,24.62,47.0,86.0,26.0,16.0,0.2,0.96,17.0,6.5,14.9,45.2,4.78,5.6,56.0,2013-2014,59.0,226.0,24.62,14.9,4.7,14.9,45.2,4.78,5.6,86.0,26.0,16.0,0.2,0.96,17.0,6.5,56.0,4.747077311949018,125.6443907339539,1,1
75060.0,1.0,32.0,326.0,27.3,31.61,43.0,82.0,18.0,22.0,0.5,0.96,7.0,6.5,14.6,43.0,4.57,5.8,63.0,2013-2014,32.0,326.0,31.61,27.3,4.3,14.6,43.0,4.57,5.8,82.0,18.0,22.0,0.5,0.96,7.0,6.5,63.0,6.508198632920064,158.15098027207085,0,0
75063.0,1.0,34.0,469.46,12.3,,43.0,122.0,19.0,23.0,0.8,0.94,13.0,5.7,16.2,46.4,4.73,5.2,45.0,2013-2014,34.0,469.46,,12.3,4.3,16.2,46.4,4.73,5.2,122.0,19.0,23.0,0.8,0.94,13.0,5.7,45.0,,,0,0
75071.0,1.0,33.0,198.91,17.3,13.2,43.0,105.0,62.0,35.0,0.7,0.89,17.0,9.0,15.8,47.9,5.59,5.4,35.0,2013-2014,33.0,198.91,13.2,17.3,4.3,15.8,47.9,5.59,5.4,105.0,62.0,35.0,0.7,0.89,17.0,9.0,35.0,5.62764002432685,136.75316883595238,1,1
75084.0,1.0,19.0,550.0,17.7,31.7,46.0,84.0,16.0,21.0,0.5,0.76,10.0,5.8,14.9,43.8,4.68,5.3,51.0,2013-2014,19.0,550.0,31.7,17.7,4.6,14.9,43.8,4.68,5.3,84.0,16.0,21.0,0.5,0.76,10.0,5.8,51.0,11.292056293621018,292.7563792196472,0,0
75085.0,1.0,26.0,408.8,20.8,46.05,42.0,101.0,14.0,16.0,0.6,0.62,10.0,3.9,14.0,42.7,4.72,5.0,42.0,2013-2014,26.0,408.8,46.05,20.8,4.2,14.0,42.7,4.72,5.0,101.0,14.0,16.0,0.6,0.62,10.0,3.9,42.0,6.686051213804212,158.84989719227957,0,0
75092.0,1.0,47.0,493.0,29.8,34.35,43.0,93.0,30.0,17.0,0.7,0.86,10.0,5.2,15.4,43.8,5.02,5.0,33.0,2013-2014,47.0,493.0,34.35,29.8,4.3,15.4,43.8,5.02,5.0,93.0,30.0,17.0,0.7,0.86,10.0,5.2,33.0,9.882960383843587,240.1586000754292,0,0
75098.0,1.0,25.0,393.0,22.8,15.86,46.0,93.0,64.0,34.0,0.7,1.05,12.0,6.8,15.2,45.7,5.36,5.2,47.0,2013-2014,25.0,393.0,15.86,22.8,4.6,15.2,45.7,5.36,5.2,93.0,64.0,34.0,0.7,1.05,12.0,6.8,47.0,10.462087760128624,271.23872323092047,0,0
75099.0,1.0,46.0,315.0,26.6,31.11,44.0,95.0,20.0,25.0,0.4,0.87,13.0,4.8,14.3,41.6,4.56,5.5,83.0,2013-2014,46.0,315.0,31.11,26.6,4.4,14.3,41.6,4.56,5.5,95.0,20.0,25.0,0.4,0.87,13.0,4.8,83.0,6.248454017135155,155.2249454773469,0,1
75105.0,1.0,55.0,430.0,19.8,28.19,42.0,106.0,23.0,27.0,0.4,1.08,11.0,5.3,13.6,40.3,4.03,5.9,52.0,2013-2014,55.0,430.0,28.19,19.8,4.2,13.6,40.3,4.03,5.9,106.0,23.0,27.0,0.4,1.08,11.0,5.3,52.0,9.571679478547827,227.40781554074678,0,0
75111.0,1.0,32.0,296.0,18.2,23.35,44.0,78.0,10.0,19.0,2.1,0.87,9.0,5.6,14.5,42.5,5.29,5.2,48.0,2013-2014,32.0,296.0,23.35,18.2,4.4,14.5,42.5,5.29,5.2,78.0,10.0,19.0,2.1,0.87,9.0,5.6,48.0,6.764792279181482,168.05189088723827,1,0
75121.0,1.0,44.0,649.12,42.8,,45.0,83.0,26.0,24.0,1.1,0.89,16.0,4.5,12.0,38.3,6.27,5.2,49.0,2013-2014,44.0,649.12,,42.8,4.5,12.0,38.3,6.27,5.2,83.0,26.0,24.0,1.1,0.89,16.0,4.5,49.0,,,0,0
75123.0,1.0,35.0,330.09,28.5,27.83,44.0,89.0,41.0,34.0,0.7,1.01,7.0,5.9,14.0,41.7,4.84,5.3,59.0,2013-2014,35.0,330.09,27.83,28.5,4.4,14.0,41.7,4.84,5.3,89.0,41.0,34.0,0.7,1.01,7.0,5.9,59.0,6.986744800271547,173.56566563700605,0,0
75124.0,1.0,47.0,281.19,22.2,30.82,45.0,73.0,43.0,41.0,1.4,0.94,16.0,4.7,15.0,45.8,4.93,6.6,62.0,2013-2014,47.0,281.19,30.82,22.2,4.5,15.0,45.8,4.93,6.6,73.0,43.0,41.0,1.4,0.94,16.0,4.7,62.0,5.483358766816358,139.18959478353145,1,1
75127.0,1.0,59.0,548.02,,126.7,33.0,87.0,17.0,26.0,0.8,16.64,55.0,5.6,12.1,35.6,3.83,6.6,62.0,2013-2014,59.0,548.02,126.7,,3.3,12.1,35.6,3.83,6.6,87.0,17.0,26.0,0.8,16.64,55.0,5.6,62.0,4.236579801694572,79.99341416226402,0,1
75128.0,1.0,45.0,302.22,34.0,,47.0,90.0,24.0,16.0,1.2,1.22,12.0,6.5,16.1,47.5,5.52,5.2,45.0,2013-2014,45.0,302.22,,34.0,4.7,16.1,47.5,5.52,5.2,90.0,24.0,16.0,1.2,1.22,12.0,6.5,45.0,,,0,0
75132.0,1.0,24.0,508.0,23.1,36.9,45.0,92.0,49.0,29.0,1.2,0.65,12.0,4.1,15.8,44.7,5.1,5.0,47.0,2013-2014,24.0,508.0,36.9,23.1,4.5,15.8,44.7,5.1,5.0,92.0,49.0,29.0,1.2,0.65,12.0,4.1,47.0,9.568310486247121,242.88202103489223,0,0
75136.0,1.0,56.0,274.0,23.7,22.66,48.0,103.0,32.0,25.0,0.7,0.91,7.0,6.0,15.6,43.6,4.73,5.5,39.0,2013-2014,56.0,274.0,22.66,23.7,4.8,15.6,43.6,4.73,5.5,103.0,32.0,25.0,0.7,0.91,7.0,6.0,39.0,5.985791113107836,161.67384210051455,1,1
75139.0,1.0,44.0,352.64,25.3,41.47,47.0,568.0,46.0,35.0,0.5,1.05,10.0,4.1,15.1,45.3,4.92,11.5,31.0,2013-2014,44.0,352.64,41.47,25.3,4.7,15.1,45.3,4.92,11.5,568.0,46.0,35.0,0.5,1.05,10.0,4.1,31.0,5.779569969441017,152.97213417755097,0,1
75146.0,1.0,49.0,342.0,33.7,49.17,40.0,177.0,53.0,43.0,0.5,1.19,19.0,7.8,13.9,41.1,4.74,9.4,42.0,2013-2014,49.0,342.0,49.17,33.7,4.0,13.9,41.1,4.74,9.4,177.0,53.0,43.0,0.5,1.19,19.0,7.8,42.0,5.329053843080296,120.83453323010299,0,1
75147.0,1.0,42.0,632.0,31.8,54.13,44.0,90.0,17.0,21.0,0.7,0.92,14.0,4.4,15.1,43.5,4.55,5.2,45.0,2013-2014,42.0,632.0,54.13,31.8,4.4,15.1,43.5,4.55,5.2,90.0,17.0,21.0,0.7,0.92,14.0,4.4,45.0,9.665825794582087,240.11976047883977,0,0
75151.0,1.0,19.0,503.0,22.0,34.79,46.0,82.0,27.0,27.0,2.7,0.9,10.0,6.6,16.6,47.2,5.43,5.0,42.0,2013-2014,19.0,503.0,34.79,22.0,4.6,16.6,47.2,5.43,5.0,82.0,27.0,27.0,2.7,0.9,10.0,6.6,42.0,9.677686987474862,250.90245106860993,0,0
75156.0,1.0,42.0,619.0,31.5,57.87,45.0,97.0,38.0,31.0,0.6,0.98,10.0,6.4,15.3,44.7,5.23,5.6,37.0,2013-2014,42.0,619.0,57.87,31.5,4.5,15.3,44.7,5.23,5.6,97.0,38.0,31.0,0.6,0.98,10.0,6.4,37.0,8.891424933880716,225.699956217454,0,0
75157.0,1.0,56.0,307.43,40.0,31.57,46.0,114.0,17.0,19.0,1.0,0.99,11.0,7.2,15.5,46.4,5.0,5.3,37.0,2013-2014,56.0,307.43,31.57,40.0,4.6,15.5,46.4,5.0,5.3,114.0,17.0,19.0,1.0,0.99,11.0,7.2,37.0,5.896564195750448,152.87355454996182,0,1
75162.0,1.0,54.0,532.0,35.5,51.19,41.0,84.0,17.0,17.0,0.8,0.82,13.0,5.1,14.3,42.0,4.55,4.9,46.0,2013-2014,54.0,532.0,51.19,35.5,4.1,14.3,42.0,4.55,4.9,84.0,17.0,17.0,0.8,0.82,13.0,5.1,46.0,8.473739486619877,196.73087756105036,0,0
75175.0,1.0,34.0,524.0,24.0,40.11,42.0,108.0,20.0,19.0,0.8,1.21,16.0,6.3,16.0,45.3,5.0,5.5,54.0,2013-2014,34.0,524.0,40.11,24.0,4.2,16.0,45.3,5.0,5.5,108.0,20.0,19.0,0.8,1.21,16.0,6.3,54.0,9.751837436504688,231.68808085500774,0,0
75176.0,1.0,43.0,488.21,,29.14,45.0,114.0,28.0,29.0,1.3,1.8,26.0,7.3,14.6,44.0,5.04,6.3,44.0,2013-2014,43.0,488.21,29.14,,4.5,14.6,44.0,5.04,6.3,114.0,28.0,29.0,1.3,1.8,26.0,7.3,44.0,10.435925554870511,264.9055644441977,0,0
75189.0,1.0,59.0,453.0,20.5,34.3,44.0,89.0,29.0,26.0,1.4,0.83,16.0,5.7,15.6,46.2,5.11,5.8,62.0,2013-2014,59.0,453.0,34.3,20.5,4.4,15.6,46.2,5.11,5.8,89.0,29.0,26.0,1.4,0.83,16.0,5.7,62.0,8.869283945884137,220.33195941708954,0,0
75190.0,1.0,41.0,502.0,20.3,,46.0,97.0,37.0,25.0,1.0,0.85,14.0,8.1,15.4,43.3,5.16,5.0,34.0,2013-2014,41.0,502.0,,20.3,4.6,15.4,43.3,5.16,5.0,97.0,37.0,25.0,1.0,0.85,14.0,8.1,34.0,,,0,0
75202.0,1.0,23.0,649.46,41.8,,43.0,82.0,20.0,25.0,1.1,0.98,11.0,5.5,17.0,49.7,5.7,5.2,40.0,2013-2014,23.0,649.46,,41.8,4.3,17.0,49.7,5.7,5.2,82.0,20.0,25.0,1.1,0.98,11.0,5.5,40.0,,,0,0
75211.0,1.0,37.0,223.0,10.8,21.68,48.0,98.0,27.0,22.0,0.4,0.78,13.0,6.0,13.7,40.6,4.65,5.6,32.0,2013-2014,37.0,223.0,21.68,10.8,4.8,13.7,40.6,4.65,5.6,98.0,27.0,22.0,0.4,0.78,13.0,6.0,32.0,4.896450886005898,132.2511949445605,1,1
75212.0,1.0,55.0,434.0,36.0,58.47,42.0,98.0,22.0,25.0,1.1,1.19,21.0,5.9,14.8,44.8,5.09,5.4,54.0,2013-2014,55.0,434.0,58.47,36.0,4.2,14.8,44.8,5.09,5.4,98.0,22.0,25.0,1.1,1.19,21.0,5.9,54.0,6.016344573017554,142.93873713141937,0,1
75216.0,1.0,54.0,368.0,25.4,71.27,37.0,93.0,32.0,31.0,0.7,0.84,12.0,6.8,14.4,42.5,4.69,5.1,50.0,2013-2014,54.0,368.0,71.27,25.4,3.7,14.4,42.5,4.69,5.1,93.0,32.0,31.0,0.7,0.84,12.0,6.8,50.0,4.444264631061123,93.54763306391354,0,1
75217.0,1.0,54.0,289.0,9.36,96.83,45.0,100.0,19.0,24.0,0.4,0.98,9.0,4.6,13.3,37.8,3.89,5.5,46.0,2013-2014,54.0,289.0,96.83,9.36,4.5,13.3,37.8,3.89,5.5,100.0,19.0,24.0,0.4,0.98,9.0,4.6,46.0,2.5258504578920205,64.11619532272748,1,1
75221.0,1.0,44.0,434.0,25.6,48.13,40.0,76.0,25.0,23.0,0.5,0.75,8.0,5.4,15.6,45.1,4.84,5.4,47.0,2013-2014,44.0,434.0,48.13,25.6,4.0,15.6,45.1,4.84,5.4,76.0,25.0,23.0,0.5,0.75,8.0,5.4,47.0,7.077480104812663,160.47952039757476,0,0
75237.0,1.0,54.0,256.0,22.7,41.4,44.0,160.0,31.0,40.0,0.4,0.83,15.0,5.6,15.2,44.3,4.75,8.2,37.0,2013-2014,54.0,256.0,41.4,22.7,4.4,15.2,44.3,4.75,8.2,160.0,31.0,40.0,0.4,0.83,15.0,5.6,37.0,4.197961986232884,104.28634325258881,1,1
75251.0,1.0,22.0,559.4,30.5,,44.0,93.0,22.0,30.0,0.6,1.1,9.0,4.9,13.9,41.0,4.5,5.6,52.0,2013-2014,22.0,559.4,,30.5,4.4,13.9,41.0,4.5,5.6,93.0,22.0,30.0,0.6,1.1,9.0,4.9,52.0,,,0,0
75252.0,1.0,43.0,558.0,27.0,50.97,40.0,98.0,32.0,29.0,0.6,0.88,12.0,8.3,16.2,45.3,5.07,5.6,36.0,2013-2014,43.0,558.0,50.97,27.0,4.0,16.2,45.3,5.07,5.6,98.0,32.0,29.0,0.6,0.88,12.0,8.3,36.0,9.082310770326737,205.93839261132652,0,0
75254.0,1.0,26.0,348.0,22.3,20.88,49.0,93.0,45.0,64.0,0.6,0.95,13.0,5.5,14.2,41.3,4.35,5.5,50.0,2013-2014,26.0,348.0,20.88,22.3,4.9,14.2,41.3,4.35,5.5,93.0,45.0,64.0,0.6,0.95,13.0,5.5,50.0,7.921236577840391,218.24171046002127,0,0
75256.0,1.0,44.0,236.0,18.8,24.65,44.0,90.0,29.0,21.0,0.9,0.7,10.0,5.9,15.4,45.2,5.18,5.5,50.0,2013-2014,44.0,236.0,24.65,18.8,4.4,15.4,45.2,5.18,5.5,90.0,29.0,21.0,0.9,0.7,10.0,5.9,50.0,5.15819165204358,128.14049935463447,1,1
75257.0,1.0,21.0,669.88,29.3,,45.0,100.0,16.0,19.0,0.9,1.04,13.0,5.6,16.0,46.7,5.14,5.6,63.0,2013-2014,21.0,669.88,,29.3,4.5,16.0,46.7,5.14,5.6,100.0,16.0,19.0,0.9,1.04,13.0,5.6,63.0,,,0,0
75258.0,1.0,20.0,160.0,11.6,28.24,50.0,97.0,43.0,23.0,0.4,0.82,14.0,6.0,15.2,44.9,4.9,5.4,68.0,2013-2014,20.0,160.0,28.24,11.6,5.0,15.2,44.9,4.9,5.4,97.0,43.0,23.0,0.4,0.82,14.0,6.0,68.0,2.980145188840544,83.72222174125832,1,1
75268.0,1.0,28.0,476.65,9.3,,44.0,104.0,28.0,29.0,0.9,0.86,12.0,5.6,15.6,45.5,5.14,5.5,43.0,2013-2014,28.0,476.65,,9.3,4.4,15.6,45.5,5.14,5.5,104.0,28.0,29.0,0.9,0.86,12.0,5.6,43.0,,,0,0
75269.0,1.0,29.0,845.65,34.4,112.8,44.0,84.0,73.0,59.0,0.8,1.18,9.0,4.5,13.8,42.8,4.49,4.6,63.0,2013-2014,29.0,845.65,112.8,34.4,4.4,13.8,42.8,4.49,4.6,84.0,73.0,59.0,0.8,1.18,9.0,4.5,63.0,7.374399067433519,183.1958257244875,0,0
75270.0,1.0,24.0,266.0,16.7,,47.0,75.0,29.0,22.0,0.6,0.8,13.0,7.0,15.3,44.9,5.14,5.2,29.0,2013-2014,24.0,266.0,,16.7,4.7,15.3,44.9,5.14,5.2,75.0,29.0,22.0,0.6,0.8,13.0,7.0,29.0,,,1,0
75278.0,1.0,22.0,384.0,28.0,27.91,50.0,91.0,19.0,22.0,1.2,1.03,23.0,6.7,14.8,43.3,4.81,5.2,63.0,2013-2014,22.0,384.0,27.91,28.0,5.0,14.8,43.3,4.81,5.2,91.0,19.0,22.0,1.2,1.03,23.0,6.7,63.0,7.657335738239928,215.12010992780102,0,0
75288.0,1.0,19.0,167.0,12.0,15.91,42.0,88.0,39.0,29.0,0.6,0.86,16.0,7.7,15.6,44.2,5.07,5.7,36.0,2013-2014,19.0,167.0,15.91,12.0,4.2,15.6,44.2,5.07,5.7,88.0,39.0,29.0,0.6,0.86,16.0,7.7,36.0,4.448293445208227,105.68434698698222,1,1
75290.0,1.0,21.0,329.0,24.1,10.51,48.0,90.0,45.0,31.0,0.7,0.93,11.0,7.8,16.1,49.1,5.26,5.2,40.0,2013-2014,21.0,329.0,10.51,24.1,4.8,16.1,49.1,5.26,5.2,90.0,45.0,31.0,0.7,0.93,11.0,7.8,40.0,9.41817787327436,254.38124611865106,0,0
75301.0,1.0,48.0,352.03,34.3,48.92,42.0,109.0,19.0,23.0,0.8,0.63,7.0,2.9,15.4,44.7,5.02,5.1,46.0,2013-2014,48.0,352.03,48.92,34.3,4.2,15.4,44.7,5.02,5.1,109.0,19.0,23.0,0.8,0.63,7.0,2.9,46.0,5.4209806842093755,128.79384210968877,0,1
75306.0,1.0,59.0,549.0,16.6,61.89,43.0,92.0,24.0,25.0,1.2,0.92,13.0,4.5,16.8,49.2,5.62,5.4,56.0,2013-2014,59.0,549.0,61.89,16.6,4.3,16.8,49.2,5.62,5.4,92.0,24.0,25.0,1.2,0.92,13.0,4.5,56.0,7.474191198797711,181.62485988851665,0,0
75307.0,1.0,26.0,507.0,40.9,20.5,46.0,97.0,30.0,28.0,,1.24,17.0,5.8,16.0,46.6,5.18,5.2,30.0,2013-2014,26.0,507.0,20.5,40.9,4.6,16.0,46.6,5.18,5.2,97.0,30.0,28.0,,1.24,17.0,5.8,30.0,12.615826812924395,327.07628111102326,0,0
75321.0,1.0,25.0,441.0,17.7,34.66,47.0,86.0,37.0,27.0,0.5,0.89,11.0,7.4,15.0,42.8,4.69,5.2,33.0,2013-2014,25.0,441.0,34.66,17.7,4.7,15.0,42.8,4.69,5.2,86.0,37.0,27.0,0.5,0.89,11.0,7.4,33.0,8.256242876426738,218.524059709126,0,0
75327.0,1.0,34.0,574.0,24.2,59.55,43.0,105.0,26.0,19.0,0.7,0.71,10.0,7.9,15.1,43.0,4.91,5.6,52.0,2013-2014,34.0,574.0,59.55,24.2,4.3,15.1,43.0,4.91,5.6,105.0,26.0,19.0,0.7,0.71,10.0,7.9,52.0,8.109494065054502,197.06289070705174,0,0
75328.0,1.0,24.0,733.0,28.3,35.4,47.0,99.0,17.0,19.0,0.7,1.01,15.0,6.4,14.4,42.7,4.9,5.3,63.0,2013-2014,24.0,733.0,35.4,28.3,4.7,14.4,42.7,4.9,5.3,99.0,17.0,19.0,0.7,1.01,15.0,6.4,63.0,14.681602973605264,388.5887967261845,0,0
75330.0,1.0,55.0,311.0,11.7,40.17,37.0,88.0,19.0,29.0,1.1,1.26,9.0,6.6,18.1,54.4,5.83,4.8,55.0,2013-2014,55.0,311.0,40.17,11.7,3.7,18.1,54.4,5.83,4.8,88.0,19.0,29.0,1.1,1.26,9.0,6.6,55.0,5.696636033992571,119.90888519151181,0,1
75331.0,1.0,32.0,352.0,17.8,,41.0,76.0,34.0,51.0,0.5,1.02,15.0,5.3,14.4,41.6,4.73,5.2,63.0,2013-2014,32.0,352.0,,17.8,4.1,14.4,41.6,4.73,5.2,76.0,34.0,51.0,0.5,1.02,15.0,5.3,63.0,,,0,0
75333.0,1.0,44.0,338.21,19.0,,42.0,103.0,24.0,18.0,0.9,0.83,14.0,5.3,14.4,43.2,4.55,5.6,34.0,2013-2014,44.0,338.21,,19.0,4.2,14.4,43.2,4.55,5.6,103.0,24.0,18.0,0.9,0.83,14.0,5.3,34.0,,,0,0
75335.0,1.0,30.0,282.0,21.8,14.02,41.0,91.0,23.0,25.0,0.7,0.87,7.0,8.4,15.1,42.9,4.69,5.4,54.0,2013-2014,30.0,282.0,14.02,21.8,4.1,15.1,42.9,4.69,5.4,91.0,23.0,25.0,0.7,0.87,7.0,8.4,54.0,8.266559946449211,191.920886315175,1,0
75339.0,1.0,34.0,369.59,19.3,38.18,41.0,107.0,23.0,22.0,0.5,1.09,18.0,7.6,17.0,50.5,5.48,5.9,59.0,2013-2014,34.0,369.59,38.18,19.3,4.1,17.0,50.5,5.48,5.9,107.0,23.0,22.0,0.5,1.09,18.0,7.6,59.0,6.833743056492097,158.65584145621418,0,0
75346.0,1.0,41.0,344.0,23.1,21.89,41.0,88.0,13.0,16.0,1.1,1.04,13.0,6.1,15.6,47.4,5.1,5.1,48.0,2013-2014,41.0,344.0,21.89,23.1,4.1,15.6,47.4,5.1,5.1,88.0,13.0,16.0,1.1,1.04,13.0,6.1,48.0,8.581320762354197,199.22854211844788,0,0
75349.0,1.0,54.0,1400.0,29.3,,41.0,98.0,22.0,25.0,0.2,0.82,12.0,4.4,10.0,33.6,4.85,6.2,43.0,2013-2014,54.0,1400.0,,29.3,4.1,10.0,33.6,4.85,6.2,98.0,22.0,25.0,0.2,0.82,12.0,4.4,43.0,,,0,0
75352.0,1.0,30.0,187.0,14.9,21.48,45.0,107.0,19.0,26.0,0.4,0.94,17.0,5.0,15.1,44.2,5.07,5.4,36.0,2013-2014,30.0,187.0,21.48,14.9,4.5,15.1,44.2,5.07,5.4,107.0,19.0,26.0,0.4,0.94,17.0,5.0,36.0,4.239266526025419,107.60955374792255,1,1
75358.0,1.0,40.0,533.0,22.3,26.51,46.0,79.0,23.0,25.0,0.9,0.71,13.0,3.5,16.2,47.4,5.23,5.3,37.0,2013-2014,40.0,533.0,26.51,22.3,4.6,16.2,47.4,5.23,5.3,79.0,23.0,25.0,0.9,0.71,13.0,3.5,37.0,11.929486745884306,309.28231801738076,0,0
75362.0,1.0,40.0,161.0,22.8,21.77,41.0,157.0,22.0,57.0,0.5,0.75,6.0,7.6,13.8,40.7,3.85,5.1,93.0,2013-2014,40.0,161.0,21.77,22.8,4.1,13.8,40.7,3.85,5.1,157.0,22.0,57.0,0.5,0.75,6.0,7.6,93.0,3.792084540687237,88.03906712651083,1,1
75370.0,1.0,25.0,332.0,15.3,39.21,49.0,95.0,20.0,22.0,0.7,0.87,9.0,6.9,15.5,46.4,5.16,5.1,84.0,2013-2014,25.0,332.0,39.21,15.3,4.9,15.5,46.4,5.16,5.1,95.0,20.0,22.0,0.7,0.87,9.0,6.9,84.0,5.488226039468485,151.208694056122,0,1
75375.0,1.0,52.0,211.57,27.9,,39.0,177.0,54.0,33.0,0.6,0.81,18.0,6.0,13.8,41.8,4.47,6.8,42.0,2013-2014,52.0,211.57,,27.9,3.9,13.8,41.8,4.47,6.8,177.0,54.0,33.0,0.6,0.81,18.0,6.0,42.0,,,1,0
75377.0,1.0,53.0,521.0,25.6,48.54,39.0,56.0,28.0,28.0,0.6,1.07,18.0,5.8,14.7,40.8,4.48,4.9,42.0,2013-2014,53.0,521.0,48.54,25.6,3.9,14.7,40.8,4.48,4.9,56.0,28.0,28.0,0.6,1.07,18.0,5.8,42.0,8.779061285353578,194.30522960476026,0,0
75382.0,1.0,54.0,314.0,22.4,41.93,33.0,109.0,17.0,16.0,0.5,0.93,9.0,6.2,14.5,42.6,4.94,6.0,33.0,2013-2014,54.0,314.0,41.93,22.4,3.3,14.5,42.6,4.94,6.0,109.0,17.0,16.0,0.5,0.93,9.0,6.2,33.0,5.841950480645314,110.30538457620402,0,1
75390.0,1.0,36.0,253.0,21.8,22.03,50.0,135.0,113.0,73.0,1.4,1.19,12.0,6.0,16.9,50.1,5.66,7.2,33.0,2013-2014,36.0,253.0,22.03,21.8,5.0,16.9,50.1,5.66,7.2,135.0,113.0,73.0,1.4,1.19,12.0,6.0,33.0,5.425037291696671,152.40739840153017,1,1
75395.0,1.0,53.0,519.0,31.3,52.64,41.0,85.0,18.0,20.0,0.9,1.09,11.0,5.8,13.4,39.7,4.76,6.0,82.0,2013-2014,53.0,519.0,52.64,31.3,4.1,13.4,39.7,4.76,6.0,85.0,18.0,20.0,0.9,1.09,11.0,5.8,82.0,8.06479797923862,187.23667234677782,0,0
75404.0,1.0,43.0,230.57,21.6,,44.0,97.0,37.0,27.0,1.5,0.96,12.0,6.0,14.9,43.8,4.6,5.2,47.0,2013-2014,43.0,230.57,,21.6,4.4,14.9,43.8,4.6,5.2,97.0,37.0,27.0,1.5,0.96,12.0,6.0,47.0,,,1,0
75409.0,1.0,47.0,516.0,17.8,37.29,46.0,82.0,36.0,28.0,0.5,0.91,16.0,5.4,16.5,47.8,5.69,5.7,48.0,2013-2014,47.0,516.0,37.29,17.8,4.6,16.5,47.8,5.69,5.7,82.0,36.0,28.0,0.5,0.91,16.0,5.4,48.0,9.56859143574751,248.0740540183126,0,0
75414.0,1.0,56.0,443.0,29.2,39.82,44.0,93.0,18.0,20.0,1.0,0.91,9.0,7.3,15.4,45.6,4.86,5.4,112.0,2013-2014,56.0,443.0,39.82,29.2,4.4,15.4,45.6,4.86,5.4,93.0,18.0,20.0,1.0,0.91,9.0,7.3,112.0,7.896100167555975,196.15599548806512,0,0
75424.0,1.0,42.0,417.5,22.4,27.7,49.0,96.0,39.0,26.0,0.9,1.25,17.0,5.1,15.7,47.3,5.49,5.3,44.0,2013-2014,42.0,417.5,27.7,22.4,4.9,15.7,47.3,5.49,5.3,96.0,39.0,26.0,0.9,1.25,17.0,5.1,44.0,8.533066980589886,235.09853733236014,0,0
75426.0,1.0,24.0,432.0,19.5,34.64,48.0,97.0,18.0,25.0,0.5,1.03,9.0,5.4,15.6,44.3,4.88,4.6,54.0,2013-2014,24.0,432.0,34.64,19.5,4.8,15.6,44.3,4.88,4.6,97.0,18.0,25.0,0.5,1.03,9.0,5.4,54.0,7.978818782481341,215.50472838297136,0,0
75432.0,1.0,23.0,515.0,25.6,25.17,47.0,86.0,23.0,24.0,0.6,0.85,20.0,5.6,15.4,44.5,4.94,5.2,44.0,2013-2014,23.0,515.0,25.17,25.6,4.7,15.4,44.5,4.94,5.2,86.0,23.0,24.0,0.6,0.85,20.0,5.6,44.0,11.59360196728066,306.8564002369027,0,0
75440.0,1.0,59.0,609.0,28.8,,47.0,91.0,22.0,21.0,0.3,0.73,12.0,3.6,15.0,43.6,4.93,5.2,77.0,2013-2014,59.0,609.0,,28.8,4.7,15.0,43.6,4.93,5.2,91.0,22.0,21.0,0.3,0.73,12.0,3.6,77.0,,,0,0
75445.0,1.0,21.0,379.0,22.3,28.9,43.0,92.0,27.0,25.0,0.6,0.91,9.0,8.5,15.4,43.9,5.09,5.2,37.0,2013-2014,21.0,379.0,28.9,22.3,4.3,15.4,43.9,5.09,5.2,92.0,27.0,25.0,0.6,0.91,9.0,8.5,37.0,8.085807481287707,196.48730033968548,0,0
75446.0,1.0,23.0,374.64,11.5,,44.0,76.0,27.0,21.0,0.6,0.83,10.0,5.3,17.0,49.3,5.24,4.9,41.0,2013-2014,23.0,374.64,,11.5,4.4,17.0,49.3,5.24,4.9,76.0,27.0,21.0,0.6,0.83,10.0,5.3,41.0,,,0,0
75451.0,1.0,56.0,652.0,49.7,41.02,43.0,129.0,20.0,26.0,0.7,1.16,8.0,6.3,15.6,46.6,5.13,6.4,44.0,2013-2014,56.0,652.0,41.02,49.7,4.3,15.6,46.6,5.13,6.4,129.0,20.0,26.0,0.7,1.16,8.0,6.3,44.0,12.286552918340687,298.566546259271,0,0
75457.0,1.0,27.0,397.0,26.9,24.37,49.0,91.0,30.0,28.0,0.5,0.9,11.0,4.7,17.2,49.5,5.37,5.0,57.0,2013-2014,27.0,397.0,24.37,26.9,4.9,17.2,49.5,5.37,5.0,91.0,30.0,28.0,0.5,0.9,11.0,4.7,57.0,8.567018411115479,236.0339491456114,0,0
75468.0,1.0,54.0,226.0,22.9,28.99,42.0,86.0,28.0,25.0,0.3,0.93,12.0,5.0,15.2,43.1,4.67,5.5,44.0,2013-2014,54.0,226.0,28.99,22.9,4.2,15.2,43.1,4.67,5.5,86.0,28.0,25.0,0.3,0.93,12.0,5.0,44.0,4.637538532834543,110.18050798729257,1,1
75483.0,1.0,57.0,438.0,24.2,142.2,42.0,93.0,79.0,87.0,0.7,1.15,14.0,6.5,15.0,43.2,4.93,5.3,60.0,2013-2014,57.0,438.0,142.2,24.2,4.2,15.0,43.2,4.93,5.3,93.0,79.0,87.0,0.7,1.15,14.0,6.5,60.0,2.860344551232578,67.95721770118904,0,1
75486.0,1.0,37.0,137.69,20.4,,46.0,92.0,76.0,52.0,0.5,0.92,13.0,6.3,15.0,43.5,4.88,5.3,50.0,2013-2014,37.0,137.69,,20.4,4.6,15.0,43.5,4.88,5.3,92.0,76.0,52.0,0.5,0.92,13.0,6.3,50.0,,,1,0
75487.0,1.0,51.0,589.81,15.9,62.49,47.0,109.0,21.0,24.0,0.6,0.74,8.0,5.0,15.1,45.1,5.11,5.5,73.0,2013-2014,51.0,589.81,62.49,15.9,4.7,15.1,45.1,5.11,5.5,109.0,21.0,24.0,0.6,0.74,8.0,5.0,73.0,7.795358317218327,206.3254887074137,0,0
75490.0,1.0,28.0,329.0,15.1,,39.0,75.0,16.0,20.0,0.5,0.98,8.0,6.5,13.3,39.0,4.57,5.4,43.0,2013-2014,28.0,329.0,,15.1,3.9,13.3,39.0,4.57,5.4,75.0,16.0,20.0,0.5,0.98,8.0,6.5,43.0,,,0,0
75491.0,1.0,57.0,297.0,16.2,27.87,43.0,105.0,30.0,24.0,0.5,0.82,11.0,4.9,15.0,44.3,4.88,5.8,48.0,2013-2014,57.0,297.0,27.87,16.2,4.3,15.0,44.3,4.88,5.8,105.0,30.0,24.0,0.5,0.82,11.0,4.9,48.0,6.295453971354883,152.98122767662997,1,1
75492.0,1.0,27.0,404.0,14.6,27.77,45.0,103.0,19.0,21.0,0.7,0.9,21.0,4.9,14.9,43.2,4.97,5.2,45.0,2013-2014,27.0,404.0,27.77,14.6,4.5,14.9,43.2,4.97,5.2,103.0,19.0,21.0,0.7,0.9,21.0,4.9,45.0,8.641350331960064,219.35206179959562,0,0
75499.0,1.0,60.0,486.26,25.1,44.42,46.0,90.0,28.0,38.0,0.8,1.05,16.0,5.3,15.8,46.1,5.23,5.4,35.0,2013-2014,60.0,486.26,44.42,25.1,4.6,15.8,46.1,5.23,5.4,90.0,28.0,38.0,0.8,1.05,16.0,5.3,35.0,8.012366336672399,207.72756499900652,0,0
75515.0,1.0,21.0,521.0,22.9,36.02,50.0,73.0,15.0,20.0,0.5,1.04,15.0,5.6,15.7,46.5,5.17,4.8,49.0,2013-2014,21.0,521.0,36.02,22.9,5.0,15.7,46.5,5.17,4.8,73.0,15.0,20.0,0.5,1.04,15.0,5.6,49.0,9.432134346081968,264.980124516432,0,0
75523.0,1.0,58.0,567.3,25.1,47.2,42.0,98.0,21.0,28.0,0.9,0.87,12.0,5.1,15.4,45.5,4.67,5.1,79.0,2013-2014,58.0,567.3,47.2,25.1,4.2,15.4,45.5,4.67,5.1,98.0,21.0,28.0,0.9,0.87,12.0,5.1,79.0,9.585211351744713,227.7293112334071,0,0
75524.0,1.0,48.0,500.0,22.9,55.11,48.0,85.0,41.0,39.0,0.9,1.22,17.0,8.4,15.8,47.4,4.65,5.1,43.0,2013-2014,48.0,500.0,55.11,22.9,4.8,15.8,47.4,4.65,5.1,85.0,41.0,39.0,0.9,1.22,17.0,8.4,43.0,7.008044302880708,189.28449500622165,0,0
75526.0,1.0,20.0,614.0,39.5,27.58,45.0,109.0,38.0,32.0,0.8,0.88,13.0,5.9,15.5,45.0,4.97,5.6,66.0,2013-2014,20.0,614.0,27.58,39.5,4.5,15.5,45.0,4.97,5.6,109.0,38.0,32.0,0.8,0.88,13.0,5.9,66.0,13.965194404230322,354.4925351157784,0,0
75529.0,1.0,48.0,242.16,18.1,17.7,40.0,86.0,20.0,18.0,0.4,0.95,20.0,5.9,15.4,45.1,5.26,5.6,30.0,2013-2014,48.0,242.16,17.7,18.1,4.0,15.4,45.1,5.26,5.6,86.0,20.0,18.0,0.4,0.95,20.0,5.9,30.0,6.525666519692689,147.9673298753149,1,0
75532.0,1.0,36.0,527.0,18.9,32.09,44.0,89.0,26.0,27.0,0.8,0.78,9.0,5.3,15.6,46.0,5.3,5.7,57.0,2013-2014,36.0,527.0,32.09,18.9,4.4,15.6,46.0,5.3,5.7,89.0,26.0,27.0,0.8,0.78,9.0,5.3,57.0,10.95689963221201,272.1927925446528,0,0
75533.0,1.0,21.0,845.0,41.2,28.3,48.0,88.0,28.0,24.0,0.7,0.95,12.0,5.8,15.7,46.0,5.11,5.4,62.0,2013-2014,21.0,845.0,28.3,41.2,4.8,15.7,46.0,5.11,5.4,88.0,28.0,24.0,0.7,0.95,12.0,5.8,62.0,19.205633451399734,518.7365364725888,0,0
75544.0,1.0,26.0,478.0,17.2,25.71,47.0,90.0,14.0,17.0,1.5,0.85,10.0,5.8,15.2,42.7,4.69,5.2,41.0,2013-2014,26.0,478.0,25.71,17.2,4.7,15.2,42.7,4.69,5.2,90.0,14.0,17.0,1.5,0.85,10.0,5.8,41.0,10.554192649979619,279.34558846504524,0,0
75556.0,1.0,22.0,405.0,26.4,19.19,43.0,102.0,19.0,17.0,0.7,1.12,13.0,5.7,16.3,47.7,5.53,5.1,51.0,2013-2014,22.0,405.0,19.19,26.4,4.3,16.3,47.7,5.53,5.1,102.0,19.0,17.0,0.7,1.12,13.0,5.7,51.0,10.561542640258361,256.6483317354906,0,0
75558.0,1.0,37.0,318.0,24.3,26.96,41.0,85.0,44.0,29.0,0.5,1.02,16.0,5.1,15.6,46.9,5.13,5.6,44.0,2013-2014,37.0,318.0,26.96,24.3,4.1,15.6,46.9,5.13,5.6,85.0,44.0,29.0,0.5,1.02,16.0,5.1,44.0,7.089133318611242,164.5851186621727,0,0
75566.0,1.0,28.0,557.0,21.1,29.52,48.0,82.0,14.0,17.0,1.6,0.75,9.0,6.0,16.1,46.5,4.73,5.1,44.0,2013-2014,28.0,557.0,29.52,21.1,4.8,16.1,46.5,4.73,5.1,82.0,14.0,17.0,1.6,0.75,9.0,6.0,44.0,11.587545421703455,312.9750025420365,0,0
75571.0,1.0,57.0,507.0,18.2,,42.0,87.0,13.0,22.0,0.6,0.91,12.0,7.0,14.8,43.6,4.89,5.5,50.0,2013-2014,57.0,507.0,,18.2,4.2,14.8,43.6,4.89,5.5,87.0,13.0,22.0,0.6,0.91,12.0,7.0,50.0,,,0,0
75576.0,1.0,47.0,258.22,28.0,14.61,43.0,367.0,24.0,16.0,1.0,1.28,13.0,5.6,15.0,44.3,5.2,13.7,46.0,2013-2014,47.0,258.22,14.61,28.0,4.3,15.0,44.3,5.2,13.7,367.0,24.0,16.0,1.0,1.28,13.0,5.6,46.0,7.172668802145506,174.2977844112375,1,0
75579.0,1.0,60.0,322.77,19.4,26.45,47.0,89.0,38.0,26.0,0.7,1.0,12.0,6.3,15.8,45.4,4.91,5.3,51.0,2013-2014,60.0,322.77,26.45,19.4,4.7,15.8,45.4,4.91,5.3,89.0,38.0,26.0,0.7,1.0,12.0,6.3,51.0,6.737108566335919,178.31601330677233,0,0
75585.0,1.0,31.0,400.0,14.0,34.46,45.0,94.0,21.0,26.0,0.5,1.03,19.0,6.8,14.6,42.8,4.72,5.2,47.0,2013-2014,31.0,400.0,34.46,14.0,4.5,14.6,42.8,4.72,5.2,94.0,21.0,26.0,0.5,1.03,19.0,6.8,47.0,7.595830256764067,192.81257718931354,0,0
75588.0,1.0,32.0,254.0,33.8,24.15,44.0,86.0,40.0,25.0,0.6,0.78,11.0,5.9,15.6,45.8,5.04,5.5,47.0,2013-2014,32.0,254.0,24.15,33.8,4.4,15.6,45.8,5.04,5.5,86.0,40.0,25.0,0.6,0.78,11.0,5.9,47.0,5.63910623479059,140.08744490011705,1,1
75590.0,1.0,45.0,244.0,10.2,23.54,44.0,77.0,15.0,24.0,0.6,0.81,13.0,5.3,13.4,40.1,4.47,5.9,53.0,2013-2014,45.0,244.0,23.54,10.2,4.4,13.4,40.1,4.47,5.9,77.0,15.0,24.0,0.6,0.81,13.0,5.3,53.0,5.46703852418777,135.8129154047427,1,1
75591.0,1.0,38.0,462.0,26.1,51.1,43.0,93.0,16.0,20.0,0.9,0.84,13.0,5.6,14.8,41.8,4.71,5.4,60.0,2013-2014,38.0,462.0,51.1,26.1,4.3,14.8,41.8,4.71,5.4,93.0,16.0,20.0,0.9,0.84,13.0,5.6,60.0,7.070781418874455,171.82189354641872,0,0
75595.0,1.0,21.0,468.0,25.0,20.12,51.0,88.0,41.0,36.0,0.8,0.78,14.0,7.8,18.1,51.8,5.74,5.0,46.0,2013-2014,21.0,468.0,20.12,25.0,5.1,18.1,51.8,5.74,5.0,88.0,41.0,36.0,0.8,0.78,14.0,7.8,46.0,10.816383453795723,309.72933890285196,0,0
75596.0,1.0,35.0,428.94,24.7,,45.0,83.0,20.0,20.0,0.3,1.11,6.0,6.5,15.0,45.2,4.53,4.7,38.0,2013-2014,35.0,428.94,,24.7,4.5,15.0,45.2,4.53,4.7,83.0,20.0,20.0,0.3,1.11,6.0,6.5,38.0,,,0,0
75610.0,1.0,56.0,353.0,10.4,73.84,41.0,252.0,43.0,29.0,0.3,0.66,15.0,2.8,15.9,46.1,5.18,11.1,45.0,2013-2014,56.0,353.0,73.84,10.4,4.1,15.9,46.1,5.18,11.1,252.0,43.0,29.0,0.3,0.66,15.0,2.8,45.0,4.009323944064823,93.08261354834676,0,1
75616.0,1.0,30.0,350.0,33.2,26.88,39.0,95.0,317.0,882.0,0.4,0.81,12.0,5.1,14.9,43.4,4.71,5.5,43.0,2013-2014,30.0,350.0,26.88,33.2,3.9,14.9,43.4,4.71,5.5,95.0,317.0,882.0,0.4,0.81,12.0,5.1,43.0,8.119110131582763,179.69866105564915,0,0
75619.0,1.0,36.0,371.0,15.3,33.23,42.0,88.0,42.0,33.0,0.9,1.02,16.0,6.7,14.2,41.8,4.82,5.7,29.0,2013-2014,36.0,371.0,33.23,15.3,4.2,14.2,41.8,4.82,5.7,88.0,42.0,33.0,0.9,1.02,16.0,6.7,29.0,7.388726398141284,175.54433718715373,0,0
75646.0,1.0,20.0,324.24,15.6,,44.0,90.0,31.0,22.0,0.5,1.02,17.0,8.3,15.0,44.7,5.28,5.4,37.0,2013-2014,20.0,324.24,,15.6,4.4,15.0,44.7,5.28,5.4,90.0,31.0,22.0,0.5,1.02,17.0,8.3,37.0,,,0,0
75647.0,1.0,28.0,368.0,11.6,18.84,40.0,126.0,23.0,20.0,1.1,0.8,14.0,5.1,16.6,45.7,5.11,4.8,56.0,2013-2014,28.0,368.0,18.84,11.6,4.0,16.6,45.7,5.11,4.8,126.0,23.0,20.0,1.1,0.8,14.0,5.1,56.0,10.04107224992482,227.6779920369673,0,0
75653.0,1.0,40.0,178.0,13.8,14.3,46.0,99.0,24.0,20.0,0.4,1.17,16.0,6.4,13.8,41.0,4.76,6.0,33.0,2013-2014,40.0,178.0,14.3,13.8,4.6,13.8,41.0,4.76,6.0,99.0,24.0,20.0,0.4,1.17,16.0,6.4,33.0,4.654977229156773,120.68433273111526,1,1
75655.0,1.0,29.0,235.54,25.5,,45.0,116.0,22.0,24.0,0.9,1.15,15.0,9.5,15.3,44.1,4.81,5.6,52.0,2013-2014,29.0,235.54,,25.5,4.5,15.3,44.1,4.81,5.6,116.0,22.0,24.0,0.9,1.15,15.0,9.5,52.0,,,1,0
75666.0,1.0,37.0,343.13,22.8,34.21,43.0,107.0,54.0,209.0,0.8,1.13,15.0,5.3,13.5,40.2,4.91,5.8,39.0,2013-2014,37.0,343.13,34.21,22.8,4.3,13.5,40.2,4.91,5.8,107.0,54.0,209.0,0.8,1.13,15.0,5.3,39.0,6.578880341899382,159.8685648439125,0,0
75674.0,1.0,60.0,273.0,18.3,26.61,41.0,104.0,10.0,21.0,0.2,1.32,12.0,6.5,11.6,35.6,3.97,6.4,41.0,2013-2014,60.0,273.0,26.61,18.3,4.1,11.6,35.6,3.97,6.4,104.0,10.0,21.0,0.2,1.32,12.0,6.5,41.0,6.037053648432382,140.15947315994245,1,1
75682.0,1.0,29.0,267.0,24.3,14.29,45.0,106.0,21.0,19.0,0.7,0.89,12.0,7.5,13.5,39.0,4.7,5.0,39.0,2013-2014,29.0,267.0,14.29,24.3,4.5,13.5,39.0,4.7,5.0,106.0,21.0,19.0,0.7,0.89,12.0,7.5,39.0,7.2550621772335955,184.16251927370732,1,0
75683.0,1.0,23.0,680.0,27.7,39.65,50.0,89.0,17.0,18.0,2.5,0.87,7.0,5.5,17.3,49.2,5.61,5.2,65.0,2013-2014,23.0,680.0,39.65,27.7,5.0,17.3,49.2,5.61,5.2,89.0,17.0,18.0,2.5,0.87,7.0,5.5,65.0,12.143883341421104,341.1622016664206,0,0
75686.0,1.0,41.0,183.0,14.0,12.15,49.0,55.0,41.0,31.0,0.6,1.25,15.0,6.4,15.2,42.9,4.75,4.9,49.0,2013-2014,41.0,183.0,12.15,14.0,4.9,15.2,42.9,4.75,4.9,55.0,41.0,31.0,0.6,1.25,15.0,6.4,49.0,4.820670232109732,132.81655038084565,1,1
75689.0,1.0,58.0,361.0,19.9,49.98,39.0,97.0,25.0,25.0,0.7,0.94,13.0,6.4,15.1,43.8,4.87,6.3,51.0,2013-2014,58.0,361.0,49.98,19.9,3.9,15.1,43.8,4.87,6.3,97.0,25.0,25.0,0.7,0.94,13.0,6.4,51.0,5.64683582002335,124.98030198063842,0,1
75690.0,1.0,34.0,389.0,13.0,,51.0,95.0,18.0,20.0,0.9,1.02,13.0,5.7,16.3,49.7,5.26,5.2,62.0,2013-2014,34.0,389.0,,13.0,5.1,16.3,49.7,5.26,5.2,95.0,18.0,20.0,0.9,1.02,13.0,5.7,62.0,,,0,0
75698.0,1.0,22.0,426.0,17.9,21.79,46.0,93.0,20.0,21.0,0.8,1.15,13.0,4.7,16.8,49.9,5.88,5.1,40.0,2013-2014,22.0,426.0,21.79,17.9,4.6,16.8,49.9,5.88,5.1,93.0,20.0,21.0,0.8,1.15,13.0,4.7,40.0,10.130352269232022,262.63819214532856,0,0
75704.0,1.0,24.0,564.0,19.9,32.46,46.0,89.0,24.0,28.0,0.6,1.12,9.0,4.9,16.0,45.3,4.87,5.1,46.0,2013-2014,24.0,564.0,32.46,19.9,4.6,16.0,45.3,4.87,5.1,89.0,24.0,28.0,0.6,1.12,9.0,4.9,46.0,11.475863943809134,297.52175239373804,0,0
75710.0,1.0,35.0,356.0,15.9,20.11,45.0,91.0,38.0,25.0,0.6,0.91,12.0,7.0,14.1,42.0,5.01,5.6,48.0,2013-2014,35.0,356.0,20.11,15.9,4.5,14.1,42.0,5.01,5.6,91.0,38.0,25.0,0.6,0.91,12.0,7.0,48.0,8.720049613569463,221.34976459140606,0,0
75714.0,1.0,54.0,431.0,36.5,,42.0,150.0,33.0,27.0,0.6,0.71,14.0,5.7,15.9,45.7,4.7,7.0,35.0,2013-2014,54.0,431.0,,36.5,4.2,15.9,45.7,4.7,7.0,150.0,33.0,27.0,0.6,0.71,14.0,5.7,35.0,,,0,0
75721.0,1.0,32.0,1550.0,3.3,,38.0,93.0,28.0,33.0,0.6,0.92,9.0,3.4,15.6,47.4,5.56,5.4,10.0,2013-2014,32.0,1550.0,,3.3,3.8,15.6,47.4,5.56,5.4,93.0,28.0,33.0,0.6,0.92,9.0,3.4,10.0,,,0,0
75725.0,1.0,24.0,490.0,21.6,26.95,46.0,82.0,21.0,24.0,1.3,0.89,11.0,5.3,14.4,41.9,4.81,5.1,43.0,2013-2014,24.0,490.0,26.95,21.6,4.6,14.4,41.9,4.81,5.1,82.0,21.0,24.0,1.3,0.89,11.0,5.3,43.0,10.756140231888146,278.8622892754447,0,0
75726.0,1.0,33.0,442.0,33.0,,41.0,92.0,26.0,22.0,0.5,0.89,12.0,4.6,16.7,47.7,5.32,5.4,32.0,2013-2014,33.0,442.0,,33.0,4.1,16.7,47.7,5.32,5.4,92.0,26.0,22.0,0.5,0.89,12.0,4.6,32.0,,,0,0
75733.0,1.0,56.0,304.0,13.4,43.27,35.0,112.0,9.0,16.0,0.3,0.91,9.0,5.3,12.1,36.3,4.22,5.9,35.0,2013-2014,56.0,304.0,43.27,13.4,3.5,12.1,36.3,4.22,5.9,112.0,9.0,16.0,0.3,0.91,9.0,5.3,35.0,5.38771197604068,107.56747761583863,0,1
75735.0,1.0,19.0,393.0,40.5,15.99,49.0,93.0,121.0,275.0,1.2,0.88,11.0,6.2,15.8,46.4,5.6,4.7,60.0,2013-2014,19.0,393.0,15.99,40.5,4.9,15.8,46.4,5.6,4.7,93.0,121.0,275.0,1.2,0.88,11.0,6.2,60.0,9.965693640540188,274.569507508007,0,0
75738.0,1.0,47.0,173.0,20.5,21.03,45.0,93.0,46.0,39.0,0.3,1.01,13.0,7.4,15.6,44.7,5.22,6.3,26.0,2013-2014,47.0,173.0,21.03,20.5,4.5,15.6,44.7,5.22,6.3,93.0,46.0,39.0,0.3,1.01,13.0,7.4,26.0,3.9420974290454893,100.06621253137841,1,1
75742.0,1.0,37.0,400.0,24.56,25.85,49.0,93.0,31.0,22.0,0.8,0.94,15.0,5.3,15.1,45.3,5.22,5.1,36.0,2013-2014,37.0,400.0,25.85,24.56,4.9,15.1,45.3,5.22,5.1,93.0,31.0,22.0,0.8,0.94,15.0,5.3,36.0,8.409383401438468,231.69087293494326,0,0
75751.0,1.0,47.0,182.0,18.0,26.23,47.0,94.0,43.0,36.0,0.8,1.14,19.0,5.5,14.6,41.1,4.64,5.5,51.0,2013-2014,47.0,182.0,26.23,18.0,4.7,14.6,41.1,4.64,5.5,94.0,43.0,36.0,0.8,1.14,19.0,5.5,51.0,3.6586609582308305,96.83647364282774,1,1
75753.0,1.0,19.0,559.18,14.3,,54.0,94.0,28.0,28.0,1.4,0.8,9.0,4.9,16.0,46.8,5.0,4.4,70.0,2013-2014,19.0,559.18,,14.3,5.4,16.0,46.8,5.0,4.4,94.0,28.0,28.0,1.4,0.8,9.0,4.9,70.0,,,0,0
75754.0,1.0,55.0,622.0,46.9,56.54,44.0,93.0,26.0,18.0,1.0,0.98,13.0,6.9,16.8,49.3,5.1,5.7,50.0,2013-2014,55.0,622.0,56.54,46.9,4.4,16.8,49.3,5.1,5.7,93.0,26.0,18.0,1.0,0.98,13.0,6.9,50.0,9.183972259664722,228.14948935569436,0,0
75758.0,1.0,47.0,520.0,28.0,39.26,38.0,93.0,11.0,17.0,0.6,0.93,16.0,5.4,12.4,36.7,4.05,5.4,51.0,2013-2014,47.0,520.0,39.26,28.0,3.8,12.4,36.7,4.05,5.4,93.0,11.0,17.0,0.6,0.93,16.0,5.4,51.0,10.291731600378677,222.2081159843519,0,0
75763.0,1.0,32.0,192.0,19.6,14.66,43.0,89.0,30.0,25.0,0.6,0.9,12.0,6.9,14.3,42.5,5.0,5.0,34.0,2013-2014,32.0,192.0,14.66,19.6,4.3,14.3,42.5,5.0,5.0,89.0,30.0,25.0,0.6,0.9,12.0,6.9,34.0,5.230195235338565,127.09515338071087,1,1
75768.0,1.0,46.0,361.0,14.5,37.95,43.0,89.0,23.0,24.0,0.6,0.76,19.0,4.3,13.5,37.7,4.08,5.8,40.0,2013-2014,46.0,361.0,37.95,14.5,4.3,13.5,37.7,4.08,5.8,89.0,23.0,24.0,0.6,0.76,19.0,4.3,40.0,6.535136804869027,158.80558510833328,0,0
75775.0,1.0,41.0,561.0,24.0,39.39,44.0,90.0,25.0,18.0,0.3,0.87,9.0,5.8,16.5,46.8,5.11,5.0,45.0,2013-2014,41.0,561.0,39.39,24.0,4.4,16.5,46.8,5.11,5.0,90.0,25.0,18.0,0.3,0.87,9.0,5.8,45.0,10.433701447884333,259.19543201140743,0,0
75779.0,1.0,29.0,229.0,23.9,16.46,46.0,120.0,39.0,26.0,0.4,0.76,17.0,8.5,15.0,44.2,5.4,5.6,34.0,2013-2014,29.0,229.0,16.46,23.9,4.6,15.0,44.2,5.4,5.6,120.0,39.0,26.0,0.4,0.76,17.0,8.5,34.0,5.777127249080466,149.7770478426842,1,1
75789.0,1.0,58.0,306.0,17.1,29.89,43.0,119.0,20.0,15.0,0.7,0.74,19.0,7.3,14.5,42.0,4.49,5.9,45.0,2013-2014,58.0,306.0,29.89,17.1,4.3,14.5,42.0,4.49,5.9,119.0,20.0,15.0,0.7,0.74,19.0,7.3,45.0,6.263099886662003,152.1950147014908,0,1
75792.0,1.0,42.0,342.0,29.1,14.32,45.0,92.0,30.0,29.0,0.6,0.84,15.0,6.3,13.9,39.6,4.72,5.1,38.0,2013-2014,42.0,342.0,14.32,29.1,4.5,13.9,39.6,4.72,5.1,92.0,30.0,29.0,0.6,0.84,15.0,6.3,38.0,9.45577464124507,240.02541082013653,0,0
75803.0,1.0,40.0,217.46,,,46.0,97.0,26.0,27.0,0.5,1.25,14.0,9.1,13.9,41.7,4.79,6.0,40.0,2013-2014,40.0,217.46,,,4.6,13.9,41.7,4.79,6.0,97.0,26.0,27.0,0.5,1.25,14.0,9.1,40.0,,,1,0
75814.0,1.0,28.0,215.0,30.7,23.73,45.0,84.0,71.0,45.0,0.5,0.89,11.0,9.0,17.6,50.1,5.86,5.2,39.0,2013-2014,28.0,215.0,23.73,30.7,4.5,17.6,50.1,5.86,5.2,84.0,71.0,45.0,0.5,0.89,11.0,9.0,39.0,4.695160416519992,119.18196558175002,1,1
75819.0,1.0,20.0,721.0,30.3,,50.0,53.0,17.0,23.0,1.0,0.94,14.0,5.9,16.6,47.0,5.36,4.8,57.0,2013-2014,20.0,721.0,,30.3,5.0,16.6,47.0,5.36,4.8,53.0,17.0,23.0,1.0,0.94,14.0,5.9,57.0,,,0,0
75835.0,1.0,31.0,350.0,10.2,33.19,45.0,85.0,32.0,29.0,0.6,1.0,16.0,4.5,14.9,42.4,4.94,5.0,78.0,2013-2014,31.0,350.0,33.19,10.2,4.5,14.9,42.4,4.94,5.0,85.0,32.0,29.0,0.6,1.0,16.0,4.5,78.0,6.688858022945036,169.7899913849415,0,0
75837.0,1.0,55.0,347.0,21.2,28.77,45.0,93.0,19.0,19.0,1.8,0.93,25.0,5.8,14.9,43.6,4.89,5.4,48.0,2013-2014,55.0,347.0,28.77,21.2,4.5,14.9,43.6,4.89,5.4,93.0,19.0,19.0,1.8,0.93,25.0,5.8,48.0,7.165127553156681,181.87961851623183,0,0
75840.0,1.0,52.0,238.0,22.0,13.65,45.0,94.0,69.0,36.0,0.8,0.9,11.0,7.0,15.5,45.6,5.45,5.5,31.0,2013-2014,52.0,238.0,13.65,22.0,4.5,15.5,45.6,5.45,5.5,94.0,69.0,36.0,0.8,0.9,11.0,7.0,31.0,6.517320128978842,165.43567298876667,1,0
75842.0,1.0,23.0,502.0,37.7,15.55,47.0,93.0,25.0,27.0,0.4,1.15,15.0,7.0,16.4,48.6,5.52,5.5,47.0,2013-2014,23.0,502.0,15.55,37.7,4.7,16.4,48.6,5.52,5.5,93.0,25.0,27.0,0.4,1.15,15.0,7.0,47.0,13.550229623481,358.64390517972004,0,0
75845.0,1.0,59.0,335.0,14.4,46.7,41.0,213.0,17.0,18.0,0.4,0.89,14.0,3.9,14.0,41.8,4.78,9.1,40.0,2013-2014,59.0,335.0,46.7,14.4,4.1,14.0,41.8,4.78,9.1,213.0,17.0,18.0,0.4,0.89,14.0,3.9,40.0,5.350701873501536,124.22476249165507,0,1
75848.0,1.0,59.0,414.0,26.1,39.65,43.0,103.0,22.0,22.0,0.5,0.93,21.0,5.1,14.1,40.5,4.26,5.6,49.0,2013-2014,59.0,414.0,39.65,26.1,4.3,14.1,40.5,4.26,5.6,103.0,22.0,22.0,0.5,0.93,21.0,5.1,49.0,7.413710712191069,180.15516776882782,0,0
75860.0,1.0,60.0,460.0,25.0,43.25,38.0,104.0,16.0,22.0,0.5,0.84,13.0,5.1,13.3,39.4,4.41,6.0,55.0,2013-2014,60.0,460.0,43.25,25.0,3.8,13.3,39.4,4.41,6.0,104.0,16.0,22.0,0.5,0.84,13.0,5.1,55.0,8.342803405249965,180.12893249569584,0,0
75869.0,1.0,27.0,388.0,39.1,23.7,40.0,115.0,65.0,47.0,0.7,0.89,9.0,6.8,15.6,46.2,5.31,5.5,53.0,2013-2014,27.0,388.0,23.7,39.1,4.0,15.6,46.2,5.31,5.5,115.0,65.0,47.0,0.7,0.89,9.0,6.8,53.0,9.589478713774037,217.4382579758511,0,0
75874.0,1.0,57.0,301.0,23.5,46.27,39.0,98.0,28.0,24.0,0.6,0.96,16.0,7.0,16.2,48.1,5.65,5.8,38.0,2013-2014,57.0,301.0,46.27,23.5,3.9,16.2,48.1,5.65,5.8,98.0,28.0,24.0,0.6,0.96,16.0,7.0,38.0,4.877679501844888,107.95671709520735,0,1
75879.0,1.0,56.0,346.0,11.8,98.12,37.0,93.0,20.0,17.0,0.3,0.66,5.0,4.0,11.5,32.8,3.35,5.3,83.0,2013-2014,56.0,346.0,98.12,11.8,3.7,11.5,32.8,3.35,5.3,93.0,20.0,17.0,0.3,0.66,5.0,4.0,83.0,3.160418614911915,66.52386962959758,0,1
75882.0,1.0,54.0,480.09,27.4,,45.0,82.0,15.0,18.0,0.7,0.99,15.0,6.7,14.8,42.2,4.69,4.9,35.0,2013-2014,54.0,480.09,,27.4,4.5,14.8,42.2,4.69,4.9,82.0,15.0,18.0,0.7,0.99,15.0,6.7,35.0,,,0,0
75885.0,1.0,40.0,417.49,14.0,49.42,48.0,113.0,24.0,25.0,0.9,1.06,16.0,4.2,14.1,41.6,4.88,4.8,48.0,2013-2014,40.0,417.49,49.42,14.0,4.8,14.1,41.6,4.88,4.8,113.0,24.0,25.0,0.9,1.06,16.0,4.2,48.0,6.16428938446312,166.4950095607545,0,1
75896.0,1.0,26.0,524.35,21.7,,43.0,91.0,20.0,20.0,0.6,1.12,14.0,5.8,15.5,46.1,4.85,5.1,27.0,2013-2014,26.0,524.35,,21.7,4.3,15.5,46.1,4.85,5.1,91.0,20.0,20.0,0.6,1.12,14.0,5.8,27.0,,,0,0
75898.0,1.0,24.0,87.9,14.7,21.72,49.0,87.0,40.0,30.0,1.2,1.05,11.0,7.8,17.6,50.0,5.32,4.7,49.0,2013-2014,24.0,87.9,21.72,14.7,4.9,17.6,50.0,5.32,4.7,87.0,40.0,30.0,1.2,1.05,11.0,7.8,49.0,1.83223914638448,50.48088153273881,1,1
75900.0,1.0,21.0,416.0,15.3,16.62,44.0,90.0,29.0,28.0,0.3,1.2,28.0,5.1,16.3,48.5,5.61,5.3,43.0,2013-2014,21.0,416.0,16.62,15.3,4.4,16.3,48.5,5.61,5.3,90.0,29.0,28.0,0.3,1.2,28.0,5.1,43.0,11.310334476089674,280.9728690596206,0,0
75903.0,1.0,28.0,980.0,39.7,52.06,44.0,102.0,15.0,20.0,0.6,0.77,10.0,4.1,13.6,42.5,5.91,5.5,57.0,2013-2014,28.0,980.0,52.06,39.7,4.4,13.6,42.5,5.91,5.5,102.0,15.0,20.0,0.6,0.77,10.0,4.1,57.0,17.019004538589485,422.7884280394361,0,0
75907.0,1.0,40.0,274.0,26.7,22.85,42.0,89.0,34.0,25.0,0.4,0.85,13.0,5.3,16.5,49.3,5.52,5.2,31.0,2013-2014,40.0,274.0,22.85,26.7,4.2,16.5,49.3,5.52,5.2,89.0,34.0,25.0,0.4,0.85,13.0,5.3,31.0,6.457985714149951,153.43142521013448,1,1
75910.0,1.0,30.0,256.0,16.8,27.14,42.0,75.0,31.0,26.0,1.0,1.26,14.0,7.2,15.8,46.4,5.14,5.1,28.0,2013-2014,30.0,256.0,27.14,16.8,4.2,15.8,46.4,5.14,5.1,75.0,31.0,26.0,1.0,1.26,14.0,7.2,28.0,5.499182670554723,130.65179639300968,1,1
75924.0,1.0,30.0,459.0,23.0,36.24,48.0,81.0,13.0,21.0,0.4,0.7,11.0,4.8,13.7,39.8,4.8,5.4,50.0,2013-2014,30.0,459.0,36.24,23.0,4.8,13.7,39.8,4.8,5.4,81.0,13.0,21.0,0.4,0.7,11.0,4.8,50.0,8.325493407276106,224.86827239749405,0,0
75925.0,1.0,51.0,536.0,21.7,75.25,47.0,103.0,14.0,21.0,0.8,1.09,14.0,4.3,12.9,36.9,4.14,5.8,76.0,2013-2014,51.0,536.0,75.25,21.7,4.7,12.9,36.9,4.14,5.8,103.0,14.0,21.0,0.8,1.09,14.0,4.3,76.0,6.044179889552138,159.97575977910492,0,1
75927.0,1.0,30.0,508.0,33.8,65.68,44.0,68.0,20.0,25.0,0.7,0.98,13.0,4.3,14.1,42.1,4.82,5.1,87.0,2013-2014,30.0,508.0,65.68,33.8,4.4,14.1,42.1,4.82,5.1,68.0,20.0,25.0,0.7,0.98,13.0,4.3,87.0,6.472660729601324,160.79471915620846,0,1
75932.0,1.0,41.0,292.0,24.8,24.25,45.0,90.0,54.0,34.0,0.4,0.96,15.0,7.2,14.8,43.4,5.1,5.6,31.0,2013-2014,41.0,292.0,24.25,24.8,4.5,14.8,43.4,5.1,5.6,90.0,54.0,34.0,0.4,0.96,15.0,7.2,31.0,6.460746343864305,163.99960386392354,1,1
75934.0,1.0,46.0,375.8,19.8,,43.0,73.0,9.0,20.0,0.3,0.98,11.0,4.0,15.8,46.3,4.72,5.4,33.0,2013-2014,46.0,375.8,,19.8,4.3,15.8,46.3,4.72,5.4,73.0,9.0,20.0,0.3,0.98,11.0,4.0,33.0,,,0,0
75945.0,1.0,60.0,604.0,49.0,72.35,44.0,85.0,17.0,26.0,0.7,0.9,9.0,6.1,15.6,44.7,4.56,5.1,69.0,2013-2014,60.0,604.0,72.35,49.0,4.4,15.6,44.7,4.56,5.1,85.0,17.0,26.0,0.7,0.9,9.0,6.1,69.0,7.316569635805912,181.75921910999298,0,0
75957.0,1.0,21.0,643.0,13.7,48.02,49.0,86.0,19.0,23.0,0.6,0.79,14.0,5.6,15.0,45.6,5.39,5.4,80.0,2013-2014,21.0,643.0,48.02,13.7,4.9,15.0,45.6,5.39,5.4,86.0,19.0,23.0,0.6,0.79,14.0,5.6,80.0,10.202525925286633,281.0945850520627,0,0
75970.0,1.0,30.0,525.0,25.1,31.95,46.0,96.0,47.0,38.0,0.7,1.0,9.0,6.6,16.5,48.3,5.06,5.2,72.0,2013-2014,30.0,525.0,31.95,25.1,4.6,16.5,48.3,5.06,5.2,96.0,47.0,38.0,0.7,1.0,9.0,6.6,72.0,10.658928138164057,276.34198120798476,0,0
75975.0,1.0,31.0,868.0,28.9,103.5,43.0,80.0,22.0,24.0,0.4,1.01,8.0,5.6,13.6,39.2,4.44,5.2,32.0,2013-2014,31.0,868.0,103.5,28.9,4.3,13.6,39.2,4.44,5.2,80.0,22.0,24.0,0.4,1.01,8.0,5.6,32.0,8.291084909761057,201.47559715911186,0,0
75977.0,1.0,25.0,708.0,19.5,50.01,48.0,73.0,18.0,24.0,0.6,0.98,11.0,6.5,14.2,43.3,4.8,5.6,53.0,2013-2014,25.0,708.0,50.01,19.5,4.8,14.2,43.3,4.8,5.6,73.0,18.0,24.0,0.6,0.98,11.0,6.5,53.0,11.238678827910267,303.552254314897,0,0
75980.0,1.0,31.0,473.0,23.2,34.03,51.0,90.0,21.0,18.0,0.9,0.9,15.0,5.0,15.8,45.7,4.97,4.8,55.0,2013-2014,31.0,473.0,34.03,23.2,5.1,15.8,45.7,4.97,4.8,90.0,21.0,18.0,0.9,0.9,15.0,5.0,55.0,8.626620749552998,247.02503874222734,0,0
75986.0,1.0,55.0,490.0,16.6,46.29,41.0,82.0,20.0,26.0,1.2,1.4,20.0,6.1,15.0,44.3,5.07,5.2,42.0,2013-2014,55.0,490.0,46.29,16.6,4.1,15.0,44.3,5.07,5.2,82.0,20.0,26.0,1.2,1.4,20.0,6.1,42.0,8.279533086275283,192.22207768254418,0,0
75989.0,1.0,32.0,246.0,16.2,22.62,46.0,75.0,31.0,25.0,0.4,0.72,18.0,6.4,13.7,40.4,4.52,5.6,70.0,2013-2014,32.0,246.0,22.62,16.2,4.6,13.7,40.4,4.52,5.6,75.0,31.0,25.0,0.4,0.72,18.0,6.4,70.0,5.474278185833182,141.92542251414042,1,1
75993.0,1.0,48.0,202.0,15.8,22.65,49.0,84.0,85.0,63.0,0.7,1.08,16.0,6.0,14.7,42.2,4.57,5.2,52.0,2013-2014,48.0,202.0,22.65,15.8,4.9,14.7,42.2,4.57,5.2,84.0,85.0,63.0,0.7,1.08,16.0,6.0,52.0,4.272499020883152,117.71362780210265,1,1
75999.0,1.0,19.0,379.0,21.0,26.96,43.0,82.0,49.0,48.0,0.5,0.9,6.0,6.0,13.9,41.3,5.19,5.3,37.0,2013-2014,19.0,379.0,26.96,21.0,4.3,13.9,41.3,5.19,5.3,82.0,49.0,48.0,0.5,0.9,6.0,6.0,37.0,8.38747634793635,203.81793507734122,0,0
76012.0,1.0,59.0,352.0,19.0,30.26,53.0,153.0,38.0,25.0,0.9,0.82,12.0,3.6,16.4,46.0,5.22,7.2,54.0,2013-2014,59.0,352.0,30.26,19.0,5.3,16.4,46.0,5.22,7.2,153.0,38.0,25.0,0.9,0.82,12.0,3.6,54.0,6.466157841885062,192.1673358348212,0,1
76018.0,1.0,31.0,393.0,39.5,26.78,44.0,86.0,44.0,49.0,0.6,0.81,12.0,6.1,14.6,42.3,4.82,5.1,34.0,2013-2014,31.0,393.0,26.78,39.5,4.4,14.6,42.3,4.82,5.1,86.0,44.0,49.0,0.6,0.81,12.0,6.1,34.0,8.647866012471006,214.8314649671811,0,0
76019.0,1.0,29.0,577.0,14.1,57.41,44.0,94.0,41.0,33.0,0.6,1.01,5.0,5.5,15.3,44.1,4.84,6.0,34.0,2013-2014,29.0,577.0,57.41,14.1,4.4,15.3,44.1,4.84,6.0,94.0,41.0,33.0,0.6,1.01,5.0,5.5,34.0,8.313285859367396,206.5197792476594,0,0
76025.0,1.0,51.0,426.0,28.8,38.23,44.0,92.0,23.0,30.0,1.0,0.99,15.0,7.6,15.6,44.8,4.97,4.8,59.0,2013-2014,51.0,426.0,38.23,28.8,4.4,15.6,44.8,4.97,4.8,92.0,23.0,30.0,1.0,0.99,15.0,7.6,59.0,7.748807989191684,192.49694313797366,0,0
76030.0,1.0,32.0,443.0,16.0,46.94,42.0,92.0,17.0,15.0,0.5,1.17,13.0,4.9,13.7,43.0,5.44,5.7,79.0,2013-2014,32.0,443.0,46.94,16.0,4.2,13.7,43.0,5.44,5.7,92.0,17.0,15.0,0.5,1.17,13.0,4.9,79.0,7.227629845682086,171.71694042068268,0,0
76037.0,1.0,60.0,317.0,23.7,36.26,41.0,95.0,33.0,33.0,1.0,2.42,61.0,10.4,12.9,37.2,4.3,7.5,46.0,2013-2014,60.0,317.0,36.26,23.7,4.1,12.9,37.2,4.3,7.5,95.0,33.0,33.0,1.0,2.42,61.0,10.4,46.0,5.950225828473012,138.14363195497128,0,1
76041.0,1.0,52.0,559.21,48.4,,44.0,84.0,23.0,27.0,0.6,1.07,15.0,6.1,15.0,45.6,4.32,5.5,60.0,2013-2014,52.0,559.21,,48.4,4.4,15.0,45.6,4.32,5.5,84.0,23.0,27.0,0.6,1.07,15.0,6.1,60.0,,,0,0
76046.0,1.0,50.0,501.83,33.0,,39.0,95.0,35.0,27.0,0.6,1.1,12.0,4.1,15.2,44.5,4.72,5.6,41.0,2013-2014,50.0,501.83,,33.0,3.9,15.2,44.5,4.72,5.6,95.0,35.0,27.0,0.6,1.1,12.0,4.1,41.0,,,0,0
76048.0,1.0,49.0,387.0,22.0,43.64,43.0,86.0,42.0,28.0,0.4,0.97,16.0,8.4,14.1,40.7,4.74,6.1,33.0,2013-2014,49.0,387.0,43.64,22.0,4.3,14.1,40.7,4.74,6.1,86.0,42.0,28.0,0.4,0.97,16.0,8.4,33.0,6.454274708563917,156.84061438159168,0,1
76049.0,1.0,54.0,338.0,14.8,32.99,37.0,89.0,27.0,22.0,0.2,0.99,15.0,4.6,12.7,37.8,4.3,5.7,52.0,2013-2014,54.0,338.0,32.99,14.8,3.7,12.7,37.8,4.3,5.7,89.0,27.0,22.0,0.2,0.99,15.0,4.6,52.0,7.11400798189279,149.74324518226604,0,0
76051.0,1.0,50.0,466.0,34.4,38.31,41.0,110.0,18.0,20.0,2.1,0.91,10.0,5.7,16.3,48.1,5.37,4.9,50.0,2013-2014,50.0,466.0,38.31,34.4,4.1,16.3,48.1,5.37,4.9,110.0,18.0,20.0,2.1,0.91,10.0,5.7,50.0,8.874035478180216,206.02436384631844,0,0
76059.0,1.0,21.0,333.0,18.6,35.98,45.0,89.0,20.0,25.0,1.9,1.04,11.0,5.2,13.7,41.4,4.85,4.8,61.0,2013-2014,21.0,333.0,35.98,18.6,4.5,13.7,41.4,4.85,4.8,89.0,20.0,25.0,1.9,1.04,11.0,5.2,61.0,6.039827420895184,153.31499670683823,0,1
76062.0,1.0,30.0,266.0,29.6,12.28,42.0,92.0,25.0,22.0,0.5,0.92,13.0,6.9,15.2,43.9,5.06,5.0,21.0,2013-2014,30.0,266.0,12.28,29.6,4.2,15.2,43.9,5.06,5.0,92.0,25.0,22.0,0.5,0.92,13.0,6.9,21.0,7.968839148326184,189.32688951588025,1,0
76064.0,1.0,42.0,921.0,68.1,45.45,41.0,98.0,22.0,24.0,1.4,0.73,10.0,5.0,16.3,46.9,4.85,4.9,56.0,2013-2014,42.0,921.0,45.45,68.1,4.1,16.3,46.9,4.85,4.9,98.0,22.0,24.0,1.4,0.73,10.0,5.0,56.0,17.98452712697078,417.5384208820902,0,0
76067.0,1.0,26.0,737.0,26.8,53.96,47.0,98.0,25.0,22.0,0.9,0.89,11.0,5.4,15.1,44.5,4.96,5.2,39.0,2013-2014,26.0,737.0,53.96,26.8,4.7,15.1,44.5,4.96,5.2,98.0,25.0,22.0,0.9,0.89,11.0,5.4,39.0,11.296521981959854,298.99336551005524,0,0
76069.0,1.0,44.0,369.24,35.3,19.58,45.0,103.0,20.0,25.0,0.5,1.05,14.0,5.6,12.7,40.9,4.93,5.1,25.0,2013-2014,44.0,369.24,19.58,35.3,4.5,12.7,40.9,4.93,5.1,103.0,20.0,25.0,0.5,1.05,14.0,5.6,25.0,9.176392844025761,232.93358247212055,0,0
76071.0,1.0,34.0,419.24,23.1,26.61,44.0,79.0,26.0,24.0,1.1,1.05,15.0,4.8,15.2,46.3,5.1,5.3,39.0,2013-2014,34.0,419.24,26.61,23.1,4.4,15.2,46.3,5.1,5.3,79.0,26.0,24.0,1.1,1.05,15.0,4.8,39.0,9.326853738842793,231.69897051604502,0,0
76073.0,1.0,21.0,483.0,20.0,24.44,50.0,93.0,17.0,20.0,0.6,1.09,18.0,5.2,14.3,41.9,4.61,5.1,53.0,2013-2014,21.0,483.0,24.44,20.0,5.0,14.3,41.9,4.61,5.1,93.0,17.0,20.0,0.6,1.09,18.0,5.2,53.0,10.497316652812437,294.9046495405465,0,0
76075.0,1.0,35.0,452.39,21.7,,44.0,82.0,29.0,22.0,0.5,0.86,16.0,4.3,16.0,46.8,5.11,5.1,39.0,2013-2014,35.0,452.39,,21.7,4.4,16.0,46.8,5.11,5.1,82.0,29.0,22.0,0.5,0.86,16.0,4.3,39.0,,,0,0
76078.0,1.0,48.0,914.0,23.3,31.05,42.0,87.0,27.0,21.0,1.4,1.06,18.0,6.3,15.2,45.5,4.83,5.7,55.0,2013-2014,48.0,914.0,31.05,23.3,4.2,15.2,45.5,4.83,5.7,87.0,27.0,21.0,1.4,1.06,18.0,6.3,55.0,22.11270739473507,525.3626070115063,0,0
76081.0,1.0,35.0,193.11,26.9,,44.0,88.0,63.0,46.0,0.7,1.06,10.0,7.6,15.7,46.1,4.8,5.5,54.0,2013-2014,35.0,193.11,,26.9,4.4,15.7,46.1,4.8,5.5,88.0,63.0,46.0,0.7,1.06,10.0,7.6,54.0,,,1,0
76082.0,1.0,30.0,260.0,8.45,26.99,46.0,87.0,19.0,18.0,0.7,0.84,17.0,5.4,14.3,41.8,4.55,5.0,41.0,2013-2014,30.0,260.0,26.99,8.45,4.6,14.3,41.8,4.55,5.0,87.0,19.0,18.0,0.7,0.84,17.0,5.4,41.0,5.338783505322784,138.41260509290996,1,1
76084.0,1.0,48.0,631.49,18.6,62.25,44.0,102.0,19.0,17.0,0.4,1.14,13.0,7.0,12.5,37.7,4.19,5.2,50.0,2013-2014,48.0,631.49,62.25,18.6,4.4,12.5,37.7,4.19,5.2,102.0,19.0,17.0,0.4,1.14,13.0,7.0,50.0,8.688525804906034,215.8415410670515,0,0
76087.0,1.0,55.0,283.0,16.1,30.78,41.0,97.0,20.0,17.0,1.0,0.8,16.0,6.4,15.0,42.7,4.85,5.3,39.0,2013-2014,55.0,283.0,30.78,16.1,4.1,15.0,42.7,4.85,5.3,97.0,20.0,17.0,1.0,0.8,16.0,6.4,39.0,5.793486875929454,134.50469642590724,1,1
76088.0,1.0,27.0,205.0,17.2,10.74,48.0,97.0,181.0,120.0,0.9,1.17,9.0,8.2,15.5,46.2,4.89,5.2,55.0,2013-2014,27.0,205.0,10.74,17.2,4.8,15.5,46.2,4.89,5.2,97.0,181.0,120.0,0.9,1.17,9.0,8.2,55.0,5.697948939676904,153.8993392457065,1,1
76090.0,1.0,44.0,518.0,25.9,49.85,43.0,89.0,21.0,18.0,0.8,0.75,15.0,4.5,15.5,45.4,5.25,5.3,43.0,2013-2014,44.0,518.0,49.85,25.9,4.3,15.5,45.4,5.25,5.3,89.0,21.0,18.0,0.8,0.75,15.0,4.5,43.0,8.20838920047774,199.46606914297277,0,0
76096.0,1.0,37.0,816.0,19.0,133.7,42.0,81.0,17.0,21.0,0.6,0.74,14.0,3.8,14.9,43.6,5.14,5.1,73.0,2013-2014,37.0,816.0,133.7,19.0,4.2,14.9,43.6,5.14,5.1,81.0,17.0,21.0,0.6,0.74,14.0,3.8,73.0,6.081565546520606,144.48828328421428,0,1
76106.0,1.0,39.0,322.84,13.9,,39.0,135.0,44.0,33.0,0.3,0.75,8.0,6.2,13.9,40.9,4.65,5.1,50.0,2013-2014,39.0,322.84,,13.9,3.9,13.9,40.9,4.65,5.1,135.0,44.0,33.0,0.3,0.75,8.0,6.2,50.0,,,0,0
76108.0,1.0,48.0,294.07,30.1,22.08,43.0,93.0,24.0,22.0,0.6,1.05,20.0,5.1,14.5,42.4,4.68,5.9,49.0,2013-2014,48.0,294.07,22.08,30.1,4.3,14.5,42.4,4.68,5.9,93.0,24.0,22.0,0.6,1.05,20.0,5.1,49.0,6.989480622570448,169.84626229150575,1,0
76109.0,1.0,36.0,273.0,40.1,41.01,44.0,96.0,51.0,42.0,0.2,1.49,18.0,13.3,14.2,42.4,5.18,5.8,48.0,2013-2014,36.0,273.0,41.01,40.1,4.4,14.2,42.4,5.18,5.8,96.0,51.0,42.0,0.2,1.49,18.0,13.3,48.0,4.528331414808644,112.49342558006133,1,1
76110.0,1.0,22.0,338.0,19.0,34.27,37.0,319.0,12.0,16.0,0.5,0.81,5.0,6.0,13.8,39.9,4.68,7.1,35.0,2013-2014,22.0,338.0,34.27,19.0,3.7,13.8,39.9,4.68,7.1,319.0,12.0,16.0,0.5,0.81,5.0,6.0,35.0,6.944942443205053,146.1845729856608,0,0
76119.0,1.0,49.0,603.0,16.5,62.0,39.0,97.0,34.0,38.0,0.7,0.98,12.0,5.8,15.6,45.8,4.86,5.6,53.0,2013-2014,49.0,603.0,62.0,16.5,3.9,15.6,45.8,4.86,5.6,97.0,34.0,38.0,0.7,0.98,12.0,5.8,53.0,8.632736377829767,191.06664932502775,0,0
76120.0,1.0,40.0,406.61,28.8,,39.0,90.0,23.0,28.0,0.6,1.18,13.0,4.1,14.5,46.3,5.89,5.6,52.0,2013-2014,40.0,406.61,,28.8,3.9,14.5,46.3,5.89,5.6,90.0,23.0,28.0,0.6,1.18,13.0,4.1,52.0,,,0,0
76134.0,1.0,58.0,585.0,17.2,65.86,50.0,96.0,18.0,16.0,0.5,0.72,7.0,4.8,14.9,43.5,4.59,5.6,61.0,2013-2014,58.0,585.0,65.86,17.2,5.0,14.9,43.5,4.59,5.6,96.0,18.0,16.0,0.5,0.72,7.0,4.8,61.0,7.246484492868619,203.57792762190087,0,0
76137.0,1.0,56.0,332.0,10.9,24.38,42.0,129.0,41.0,39.0,0.4,1.11,18.0,6.7,14.7,42.7,4.72,6.0,30.0,2013-2014,56.0,332.0,24.38,10.9,4.2,14.7,42.7,4.72,6.0,129.0,41.0,39.0,0.4,1.11,18.0,6.7,30.0,7.722889690835489,183.48352326163575,0,0
76147.0,1.0,54.0,398.0,31.9,41.42,42.0,118.0,20.0,19.0,0.9,0.88,18.0,5.0,15.5,45.4,4.97,5.8,35.0,2013-2014,54.0,398.0,41.42,31.9,4.2,15.5,45.4,4.97,5.8,118.0,20.0,19.0,0.9,0.88,18.0,5.0,35.0,6.967925693877984,165.5467845999621,0,0
76151.0,1.0,55.0,698.0,51.4,52.75,42.0,104.0,33.0,28.0,0.6,1.07,7.0,6.2,16.0,47.7,4.69,5.2,39.0,2013-2014,55.0,698.0,52.75,51.4,4.2,16.0,47.7,4.69,5.2,104.0,33.0,28.0,0.6,1.07,7.0,6.2,39.0,11.324533591239062,269.0528294196699,0,0
76161.0,1.0,34.0,569.0,30.1,44.18,44.0,91.0,46.0,63.0,1.0,1.05,11.0,7.6,15.9,46.9,5.01,5.4,39.0,2013-2014,34.0,569.0,44.18,30.1,4.4,15.9,46.9,5.01,5.4,91.0,46.0,63.0,1.0,1.05,11.0,7.6,39.0,9.848298244144562,244.65276591614943,0,0
76168.0,1.0,52.0,236.0,25.9,23.5,41.0,91.0,18.0,21.0,0.4,1.08,10.0,5.9,13.9,41.3,5.04,6.1,33.0,2013-2014,52.0,236.0,23.5,25.9,4.1,13.9,41.3,5.04,6.1,91.0,18.0,21.0,0.4,1.08,10.0,5.9,33.0,5.4939420532063625,127.5503032756064,1,1
76173.0,1.0,19.0,325.0,22.2,14.1,48.0,93.0,27.0,28.0,0.8,1.02,16.0,8.3,14.9,43.3,4.95,5.3,35.0,2013-2014,19.0,325.0,14.1,22.2,4.8,14.9,43.3,4.95,5.3,93.0,27.0,28.0,0.8,1.02,16.0,8.3,35.0,8.580482289762648,231.75542090393628,0,0
76174.0,1.0,21.0,558.0,27.5,41.82,48.0,89.0,10.0,18.0,0.7,0.84,10.0,5.5,13.8,40.1,4.32,5.2,66.0,2013-2014,21.0,558.0,41.82,27.5,4.8,13.8,40.1,4.32,5.2,89.0,10.0,18.0,0.7,0.84,10.0,5.5,66.0,9.550458596442809,257.9540959469128,0,0
76180.0,1.0,55.0,197.2,21.4,60.41,45.0,82.0,24.0,23.0,0.8,1.03,13.0,5.6,15.6,44.5,5.31,5.5,43.0,2013-2014,55.0,197.2,60.41,21.4,4.5,15.6,44.5,5.31,5.5,82.0,24.0,23.0,0.8,1.03,13.0,5.6,43.0,2.4316598500332143,61.725260660632834,1,1
76184.0,1.0,59.0,215.0,23.4,21.12,39.0,126.0,35.0,33.0,0.3,0.93,18.0,7.1,16.2,47.4,5.14,7.6,43.0,2013-2014,59.0,215.0,21.12,23.4,3.9,16.2,47.4,5.14,7.6,126.0,35.0,33.0,0.3,0.93,18.0,7.1,43.0,5.384386154449148,119.17155536507882,1,1
76190.0,1.0,48.0,580.0,28.1,44.77,42.0,105.0,21.0,19.0,0.7,0.91,13.0,6.3,15.8,44.9,5.11,5.3,59.0,2013-2014,48.0,580.0,44.77,28.1,4.2,15.8,44.9,5.11,5.3,105.0,21.0,19.0,0.7,0.91,13.0,6.3,59.0,10.206524473364,242.4907185779498,0,0
76208.0,1.0,51.0,269.0,20.7,30.71,44.0,73.0,27.0,29.0,0.4,0.93,7.0,6.9,12.8,39.9,5.53,6.0,37.0,2013-2014,51.0,269.0,30.71,20.7,4.4,12.8,39.9,5.53,6.0,73.0,27.0,29.0,0.4,0.93,7.0,6.9,37.0,5.296578982537163,131.578336261446,1,1
76209.0,1.0,59.0,320.0,21.0,,42.0,108.0,24.0,22.0,0.5,0.95,19.0,5.5,16.7,46.8,4.97,5.2,58.0,2013-2014,59.0,320.0,,21.0,4.2,16.7,46.8,4.97,5.2,108.0,24.0,22.0,0.5,0.95,19.0,5.5,58.0,,,0,0
76220.0,1.0,56.0,460.0,25.0,42.01,42.0,89.0,22.0,25.0,0.8,0.94,15.0,5.1,15.7,46.2,4.93,5.6,66.0,2013-2014,56.0,460.0,42.01,25.0,4.2,15.7,46.2,4.93,5.6,89.0,22.0,25.0,0.8,0.94,15.0,5.1,66.0,8.13824233580078,193.35163866210655,0,0
76226.0,1.0,43.0,437.52,18.2,29.97,43.0,118.0,25.0,20.0,0.4,0.89,17.0,5.5,15.6,46.2,5.64,5.9,54.0,2013-2014,43.0,437.52,29.97,18.2,4.3,15.6,46.2,5.64,5.9,118.0,25.0,20.0,0.4,0.89,17.0,5.5,54.0,9.318485650785734,226.44171197672335,0,0
76230.0,1.0,24.0,310.0,35.2,,46.0,84.0,20.0,22.0,0.6,0.9,19.0,6.3,14.1,41.3,4.84,5.1,64.0,2013-2014,24.0,310.0,,35.2,4.6,14.1,41.3,4.84,5.1,84.0,20.0,22.0,0.6,0.9,19.0,6.3,64.0,,,0,0
76231.0,1.0,25.0,293.0,17.6,11.26,46.0,83.0,31.0,22.0,0.8,1.05,12.0,7.0,16.5,46.8,5.38,4.8,42.0,2013-2014,25.0,293.0,11.26,17.6,4.6,16.5,46.8,5.38,4.8,83.0,31.0,22.0,0.8,1.05,12.0,7.0,42.0,8.460373000257578,219.3425273483851,1,0
76232.0,1.0,29.0,521.0,27.3,49.9,44.0,96.0,71.0,51.0,0.9,0.82,9.0,7.7,16.3,46.3,5.05,5.3,39.0,2013-2014,29.0,521.0,49.9,27.3,4.4,16.3,46.3,5.05,5.3,96.0,71.0,51.0,0.9,0.82,9.0,7.7,39.0,8.176318166240332,203.11720916560344,0,0
76240.0,1.0,35.0,230.0,17.6,35.64,41.0,116.0,61.0,41.0,1.0,0.72,11.0,7.2,17.0,49.7,5.26,5.1,37.0,2013-2014,35.0,230.0,35.64,17.6,4.1,17.0,49.7,5.26,5.1,116.0,61.0,41.0,1.0,0.72,11.0,7.2,37.0,4.236342021521303,98.35318690863906,1,1
76241.0,1.0,20.0,449.79,24.3,15.62,44.0,92.0,29.0,36.0,0.9,0.99,13.0,7.6,16.7,47.5,5.49,5.3,35.0,2013-2014,20.0,449.79,15.62,24.3,4.4,16.7,47.5,5.49,5.3,92.0,29.0,36.0,0.9,0.99,13.0,7.6,35.0,12.594004215954328,312.86196752061375,0,0
76246.0,1.0,44.0,308.0,12.8,36.7,46.0,134.0,22.0,25.0,0.8,0.81,8.0,5.9,14.2,39.4,4.01,5.5,56.0,2013-2014,44.0,308.0,36.7,12.8,4.6,14.2,39.4,4.01,5.5,134.0,22.0,25.0,0.8,0.81,8.0,5.9,56.0,5.420665081991816,140.5354561739804,0,1
76248.0,1.0,50.0,494.0,24.2,45.01,40.0,88.0,24.0,25.0,0.2,0.96,13.0,4.8,14.0,41.8,4.49,5.7,60.0,2013-2014,50.0,494.0,45.01,24.2,4.0,14.0,41.8,4.49,5.7,88.0,24.0,25.0,0.2,0.96,13.0,4.8,60.0,8.616630876608399,195.37925505163278,0,0
76261.0,1.0,20.0,580.0,28.5,13.11,42.0,89.0,16.0,24.0,0.6,1.01,12.0,5.6,13.8,42.5,5.55,4.4,62.0,2013-2014,20.0,580.0,13.11,28.5,4.2,13.8,42.5,5.55,4.4,89.0,16.0,24.0,0.6,1.01,12.0,5.6,62.0,18.24558284127718,433.48590458986746,0,0
76276.0,1.0,42.0,262.0,27.2,19.46,45.0,106.0,42.0,25.0,0.7,1.0,17.0,6.2,13.7,39.7,4.45,6.3,34.0,2013-2014,42.0,262.0,19.46,27.2,4.5,13.7,39.7,4.45,6.3,106.0,42.0,25.0,0.7,1.0,17.0,6.2,34.0,6.337976318285231,160.88320917982435,1,1
76284.0,1.0,29.0,329.0,26.4,11.42,45.0,113.0,24.0,18.0,0.7,0.91,13.0,7.1,14.1,42.4,4.89,5.6,40.0,2013-2014,29.0,329.0,11.42,26.4,4.5,14.1,42.4,4.89,5.6,113.0,24.0,18.0,0.7,0.91,13.0,7.1,40.0,9.69622565086368,246.12901994318815,0,0
76285.0,1.0,40.0,320.69,18.6,,51.0,85.0,40.0,33.0,0.9,1.19,17.0,7.0,14.9,45.2,4.88,5.6,66.0,2013-2014,40.0,320.69,,18.6,5.1,14.9,45.2,4.88,5.6,85.0,40.0,33.0,0.9,1.19,17.0,7.0,66.0,,,0,0
76295.0,1.0,41.0,597.0,28.5,34.69,49.0,103.0,34.0,29.0,0.9,0.88,13.0,7.0,16.0,45.9,5.24,5.3,60.0,2013-2014,41.0,597.0,34.69,28.5,4.9,16.0,45.9,5.24,5.3,103.0,34.0,29.0,0.9,0.88,13.0,7.0,60.0,11.388480110318575,313.76936598117317,0,0
76302.0,1.0,49.0,336.0,33.8,28.45,45.0,96.0,19.0,38.0,0.5,1.11,11.0,8.0,15.6,48.4,5.59,4.7,67.0,2013-2014,49.0,336.0,28.45,33.8,4.5,15.6,48.4,5.59,4.7,96.0,19.0,38.0,0.5,1.11,11.0,8.0,67.0,6.955652834596788,176.5623116549348,0,0
76326.0,1.0,32.0,251.0,24.7,22.7,44.0,72.0,39.0,29.0,0.5,1.03,14.0,4.9,15.0,43.2,5.11,5.6,29.0,2013-2014,32.0,251.0,22.7,24.7,4.4,15.0,43.2,5.11,5.6,72.0,39.0,29.0,0.5,1.03,14.0,4.9,29.0,5.733485909136881,142.43203762087614,1,1
76349.0,1.0,38.0,460.76,60.4,52.55,44.0,107.0,38.0,36.0,0.8,0.73,10.0,6.9,16.3,48.1,5.44,6.5,53.0,2013-2014,38.0,460.76,52.55,60.4,4.4,16.3,48.1,5.44,6.5,107.0,38.0,36.0,0.8,0.73,10.0,6.9,53.0,6.845076928351391,170.04633307340015,0,0
76354.0,1.0,54.0,300.06,20.0,48.02,43.0,164.0,17.0,22.0,0.5,1.28,17.0,5.9,11.9,35.7,3.88,9.1,63.0,2013-2014,54.0,300.06,48.02,20.0,4.3,11.9,35.7,3.88,9.1,164.0,17.0,22.0,0.5,1.28,17.0,5.9,63.0,4.5628826629111865,110.87927807791364,0,1
76365.0,1.0,55.0,281.06,15.9,,48.0,97.0,13.0,24.0,1.1,1.16,15.0,7.6,14.3,42.2,4.4,5.7,50.0,2013-2014,55.0,281.06,,15.9,4.8,14.3,42.2,4.4,5.7,97.0,13.0,24.0,1.1,1.16,15.0,7.6,50.0,,,1,0
76367.0,1.0,42.0,460.0,33.1,34.75,43.0,92.0,29.0,25.0,0.8,1.02,14.0,7.9,15.4,44.7,5.05,5.1,47.0,2013-2014,42.0,460.0,34.75,33.1,4.3,15.4,44.7,5.05,5.1,92.0,29.0,25.0,0.8,1.02,14.0,7.9,47.0,9.06589685280223,220.30373613118405,0,0
76369.0,1.0,31.0,361.31,28.8,,45.0,91.0,43.0,48.0,0.9,0.87,7.0,6.4,16.5,46.8,4.67,4.8,62.0,2013-2014,31.0,361.31,,28.8,4.5,16.5,46.8,4.67,4.8,91.0,43.0,48.0,0.9,0.87,7.0,6.4,62.0,,,0,0
76373.0,1.0,20.0,829.0,31.4,63.53,47.0,90.0,17.0,21.0,0.5,0.76,8.0,4.1,15.8,47.3,5.31,5.3,30.0,2013-2014,20.0,829.0,63.53,31.4,4.7,15.8,47.3,5.31,5.3,90.0,17.0,21.0,0.5,0.76,8.0,4.1,30.0,11.538897789255042,305.4085044755824,0,0
76377.0,1.0,36.0,302.0,17.5,36.88,43.0,97.0,27.0,24.0,0.8,1.15,12.0,7.5,16.9,47.2,5.14,5.0,34.0,2013-2014,36.0,302.0,36.88,17.5,4.3,16.9,47.2,5.14,5.0,97.0,27.0,24.0,0.8,1.15,12.0,7.5,34.0,5.460155806318982,132.68325721339312,0,1
76383.0,1.0,23.0,572.0,51.1,39.87,47.0,86.0,44.0,32.0,0.1,0.91,11.0,5.6,15.4,43.3,4.98,5.1,30.0,2013-2014,23.0,572.0,39.87,51.1,4.7,15.4,43.3,4.98,5.1,86.0,44.0,32.0,0.1,0.91,11.0,5.6,30.0,10.23322196449394,270.8502209849757,0,0
76385.0,1.0,57.0,238.0,15.5,19.2,44.0,110.0,88.0,49.0,0.7,0.73,12.0,6.8,13.2,38.3,4.24,6.2,51.0,2013-2014,57.0,238.0,19.2,15.5,4.4,13.2,38.3,4.24,6.2,110.0,88.0,49.0,0.7,0.73,12.0,6.8,51.0,5.831470643942745,144.86618774443357,1,1
76390.0,1.0,23.0,990.15,31.6,51.85,47.0,102.0,14.0,26.0,1.6,0.86,11.0,4.8,15.0,45.8,4.91,5.1,44.0,2013-2014,23.0,990.15,51.85,31.6,4.7,15.0,45.8,4.91,5.1,102.0,14.0,26.0,1.6,0.86,11.0,4.8,44.0,16.694979871236285,441.8783256293499,0,0
76406.0,1.0,36.0,221.88,17.3,41.55,41.0,105.0,18.0,17.0,0.7,1.12,9.0,4.0,13.7,43.7,4.86,5.4,47.0,2013-2014,36.0,221.88,41.55,17.3,4.1,13.7,43.7,4.86,5.4,105.0,18.0,17.0,0.7,1.12,9.0,4.0,47.0,3.695047755133005,85.78620910462675,1,1
76408.0,1.0,48.0,786.26,24.0,73.42,42.0,85.0,14.0,18.0,0.5,1.03,14.0,4.5,14.6,42.9,4.43,5.6,53.0,2013-2014,48.0,786.26,73.42,24.0,4.2,14.6,42.9,4.43,5.6,85.0,14.0,18.0,0.5,1.03,14.0,4.5,53.0,10.054502415388269,238.8789173056913,0,0
76415.0,1.0,25.0,506.0,14.4,58.46,30.0,83.0,11.0,16.0,0.3,1.06,8.0,5.1,10.9,35.0,5.2,5.4,43.0,2013-2014,25.0,506.0,58.46,14.4,3.0,10.9,35.0,5.2,5.4,83.0,11.0,16.0,0.3,1.06,8.0,5.1,43.0,8.034413288796861,138.64185119087867,0,0
76418.0,1.0,40.0,311.0,23.1,18.37,41.0,101.0,33.0,20.0,0.4,1.04,12.0,6.2,13.5,41.1,4.95,6.9,35.0,2013-2014,40.0,311.0,18.37,23.1,4.1,13.5,41.1,4.95,6.9,101.0,33.0,20.0,0.4,1.04,12.0,6.2,35.0,8.297199030259494,192.63221970643409,0,0
76424.0,1.0,60.0,251.0,10.7,27.95,44.0,119.0,25.0,25.0,1.0,1.14,19.0,5.3,15.2,43.0,4.69,5.1,41.0,2013-2014,60.0,251.0,27.95,10.7,4.4,15.2,43.0,4.69,5.1,119.0,25.0,25.0,1.0,1.14,19.0,5.3,41.0,5.170659356908379,128.4502237764769,1,1
76425.0,1.0,29.0,394.0,19.8,23.88,43.0,115.0,43.0,29.0,0.5,0.7,7.0,4.9,14.6,42.2,4.82,5.1,33.0,2013-2014,29.0,394.0,23.88,19.8,4.3,14.6,42.2,4.82,5.1,115.0,43.0,29.0,0.5,0.7,7.0,4.9,33.0,9.3019308020325,226.039424691677,0,0
76427.0,1.0,37.0,603.88,25.2,65.99,46.0,89.0,34.0,31.0,0.8,1.0,11.0,7.9,16.3,46.4,4.95,5.6,43.0,2013-2014,37.0,603.88,65.99,25.2,4.6,16.3,46.4,4.95,5.6,89.0,34.0,31.0,0.8,1.0,11.0,7.9,43.0,7.747739317133514,200.8668793922889,0,0
76433.0,1.0,44.0,384.95,20.6,49.49,42.0,95.0,15.0,18.0,0.4,0.79,14.0,4.9,15.1,44.0,4.87,5.2,40.0,2013-2014,44.0,384.95,49.49,20.6,4.2,15.1,44.0,4.87,5.2,95.0,15.0,18.0,0.4,0.79,14.0,4.9,40.0,5.9410070701475926,141.14883840002642,0,1
76434.0,1.0,50.0,325.0,14.8,26.96,44.0,95.0,27.0,20.0,0.6,1.49,12.0,6.1,13.8,41.1,4.5,6.0,59.0,2013-2014,50.0,325.0,26.96,14.8,4.4,13.8,41.1,4.5,6.0,95.0,27.0,20.0,0.6,1.49,12.0,6.1,59.0,6.982092620100712,173.45009554376566,0,0
76439.0,1.0,28.0,324.0,19.6,15.08,49.0,93.0,39.0,37.0,0.8,0.64,10.0,7.6,14.9,40.2,4.43,5.3,33.0,2013-2014,28.0,324.0,15.08,19.6,4.9,14.9,40.2,4.43,5.3,93.0,39.0,37.0,0.8,0.64,10.0,7.6,33.0,8.248953829352326,227.27080242241797,0,0
76459.0,1.0,33.0,227.0,25.2,15.55,44.0,108.0,33.0,29.0,0.8,1.07,10.0,6.7,14.3,43.9,5.3,5.8,38.0,2013-2014,33.0,227.0,15.55,25.2,4.4,14.3,43.9,5.3,5.8,108.0,33.0,29.0,0.8,1.07,10.0,6.7,38.0,6.020117454718865,149.55257750370788,1,1
76464.0,1.0,33.0,403.0,20.9,28.3,47.0,84.0,20.0,17.0,1.1,0.9,17.0,5.9,16.3,48.6,5.67,5.3,34.0,2013-2014,33.0,403.0,28.3,20.9,4.7,16.3,48.6,5.67,5.3,84.0,20.0,17.0,1.1,0.9,17.0,5.9,34.0,8.321089515804195,220.24040346346436,0,0
76488.0,1.0,41.0,336.0,18.1,43.81,45.0,84.0,25.0,27.0,0.6,0.67,5.0,3.9,14.4,40.8,4.21,5.2,83.0,2013-2014,41.0,336.0,43.81,18.1,4.5,14.4,40.8,4.21,5.2,84.0,25.0,27.0,0.6,0.67,5.0,3.9,83.0,5.393985558362646,136.92094500185777,0,1
76489.0,1.0,39.0,844.0,20.5,72.84,40.0,58.0,18.0,16.0,0.6,1.09,7.0,5.3,15.9,48.3,5.12,5.4,42.0,2013-2014,39.0,844.0,72.84,20.5,4.0,15.9,48.3,5.12,5.4,58.0,18.0,16.0,0.6,1.09,7.0,5.3,42.0,11.240086564738858,254.8652450340249,0,0
76493.0,1.0,38.0,210.87,,23.35,47.0,93.0,25.0,26.0,0.4,1.26,10.0,5.5,14.8,44.4,5.16,5.5,47.0,2013-2014,38.0,210.87,23.35,,4.7,14.8,44.4,5.16,5.5,93.0,25.0,26.0,0.4,1.26,10.0,5.5,47.0,4.519841290448724,119.62996762726769,1,1
76494.0,1.0,29.0,456.0,29.2,19.04,50.0,114.0,22.0,23.0,1.1,0.73,8.0,4.8,14.2,44.5,5.57,6.4,33.0,2013-2014,29.0,456.0,19.04,29.2,5.0,14.2,44.5,5.57,6.4,114.0,22.0,23.0,1.1,0.73,8.0,4.8,33.0,10.878160591757613,305.6038264882265,0,0
76509.0,1.0,24.0,553.0,60.2,29.52,43.0,72.0,74.0,247.0,1.5,1.07,18.0,7.1,16.2,47.8,5.1,4.5,59.0,2013-2014,24.0,553.0,29.52,60.2,4.3,16.2,47.8,5.1,4.5,72.0,74.0,247.0,1.5,1.07,18.0,7.1,59.0,12.288754018867387,298.6200335951083,0,0
76518.0,1.0,47.0,494.0,8.44,53.79,44.0,69.0,29.0,35.0,0.7,1.11,22.0,2.9,13.5,39.6,4.36,5.4,70.0,2013-2014,47.0,494.0,53.79,8.44,4.4,13.5,39.6,4.36,5.4,69.0,29.0,35.0,0.7,1.11,22.0,2.9,70.0,7.2881017349817325,181.05201564155587,0,0
76532.0,1.0,38.0,408.0,27.6,19.22,44.0,88.0,22.0,19.0,0.9,1.22,12.0,7.3,15.2,45.2,4.84,5.5,51.0,2013-2014,38.0,408.0,19.22,27.6,4.4,15.2,45.2,4.84,5.5,88.0,22.0,19.0,0.9,1.22,12.0,7.3,51.0,10.47750603428091,260.2836315110629,0,0
76534.0,1.0,52.0,476.0,29.6,55.36,43.0,73.0,22.0,23.0,0.6,1.03,23.0,5.1,15.0,43.5,4.56,5.4,42.0,2013-2014,52.0,476.0,55.36,29.6,4.3,15.0,43.5,4.56,5.4,73.0,22.0,23.0,0.6,1.03,23.0,5.1,42.0,6.901428823136708,167.7065798416298,0,0
76541.0,1.0,26.0,445.22,,34.46,45.0,92.0,31.0,19.0,0.5,1.06,18.0,4.5,15.8,46.8,5.24,5.6,37.0,2013-2014,26.0,445.22,34.46,,4.5,15.8,46.8,5.24,5.6,92.0,31.0,19.0,0.5,1.06,18.0,4.5,37.0,8.570144192814043,217.54456495773042,0,0
76543.0,1.0,40.0,350.0,,26.98,45.0,100.0,20.0,22.0,0.6,1.11,14.0,4.6,14.8,43.1,4.52,5.7,43.0,2013-2014,40.0,350.0,26.98,,4.5,14.8,43.1,4.52,5.7,100.0,20.0,22.0,0.6,1.11,14.0,4.6,43.0,7.4771046214966175,189.79884532057275,0,0
76553.0,1.0,22.0,423.0,30.5,25.34,46.0,77.0,21.0,19.0,0.5,0.99,19.0,5.8,15.4,45.9,5.2,4.9,26.0,2013-2014,22.0,423.0,25.34,30.5,4.6,15.4,45.9,5.2,4.9,77.0,21.0,19.0,0.5,0.99,19.0,5.8,26.0,9.391327521003095,243.4783328761685,0,0
76556.0,1.0,45.0,351.0,18.8,43.48,49.0,110.0,32.0,24.0,0.5,0.8,11.0,7.1,14.7,41.9,4.57,6.2,35.0,2013-2014,45.0,351.0,43.48,18.8,4.9,14.7,41.9,4.57,6.2,110.0,32.0,24.0,0.5,0.8,11.0,7.1,35.0,5.476409723870332,150.88313719361258,0,1
76557.0,1.0,54.0,478.0,24.5,35.34,41.0,100.0,30.0,21.0,0.8,1.09,17.0,5.2,15.9,47.2,5.18,5.7,39.0,2013-2014,54.0,478.0,35.34,24.5,4.1,15.9,47.2,5.18,5.7,100.0,30.0,21.0,0.8,1.09,17.0,5.2,39.0,9.613469857660416,223.1914687123163,0,0
76560.0,1.0,57.0,323.0,14.0,46.61,44.0,81.0,21.0,27.0,0.6,1.21,16.0,6.9,13.8,40.6,4.26,5.7,78.0,2013-2014,57.0,323.0,46.61,14.0,4.4,13.8,40.6,4.26,5.7,81.0,21.0,27.0,0.6,1.21,16.0,6.9,78.0,5.002919998289293,124.28321979042683,0,1
76569.0,1.0,45.0,472.0,12.6,43.38,43.0,97.0,24.0,27.0,0.7,0.63,21.0,4.5,15.1,43.5,4.5,5.6,69.0,2013-2014,45.0,472.0,43.38,12.6,4.3,15.1,43.5,4.5,5.6,97.0,24.0,27.0,0.7,0.63,21.0,4.5,69.0,8.116437369255179,197.23161486985,0,0
76571.0,1.0,57.0,373.0,,37.4,44.0,100.0,30.0,30.0,0.8,1.09,13.0,5.3,14.5,44.5,4.75,5.6,61.0,2013-2014,57.0,373.0,37.4,,4.4,14.5,44.5,4.75,5.6,100.0,30.0,30.0,0.8,1.09,13.0,5.3,61.0,6.765034305191635,168.0579033303365,0,0
76578.0,1.0,43.0,338.0,13.7,22.48,43.0,94.0,24.0,27.0,0.4,0.89,17.0,5.3,15.4,42.2,4.84,5.1,44.0,2013-2014,43.0,338.0,22.48,13.7,4.3,15.4,42.2,4.84,5.1,94.0,24.0,27.0,0.4,0.89,17.0,5.3,44.0,8.073822189452553,196.19605451891587,0,0
76589.0,1.0,38.0,457.0,14.0,41.27,39.0,87.0,17.0,15.0,0.4,0.9,12.0,4.8,13.9,40.5,4.44,5.3,52.0,2013-2014,38.0,457.0,41.27,14.0,3.9,13.9,40.5,4.44,5.3,87.0,17.0,15.0,0.4,0.9,12.0,4.8,52.0,8.455670012123516,187.14767442263897,0,0
76598.0,1.0,40.0,271.0,10.4,24.63,45.0,111.0,159.0,102.0,0.7,0.62,5.0,5.1,12.8,36.3,3.83,5.1,98.0,2013-2014,40.0,271.0,24.63,10.4,4.5,12.8,36.3,3.83,5.1,111.0,159.0,102.0,0.7,0.62,5.0,5.1,98.0,5.914062885573227,150.1225893787717,1,1
76601.0,1.0,39.0,574.0,23.2,39.28,44.0,98.0,22.0,22.0,0.6,0.87,14.0,4.2,14.8,43.4,5.15,5.6,58.0,2013-2014,39.0,574.0,39.28,23.2,4.4,14.8,43.4,5.15,5.6,98.0,22.0,22.0,0.6,0.87,14.0,4.2,58.0,10.735531461864316,266.69353431559153,0,0
76613.0,1.0,32.0,351.0,11.5,26.09,43.0,92.0,63.0,29.0,0.4,0.81,12.0,5.1,14.7,45.3,5.21,4.9,36.0,2013-2014,32.0,351.0,26.09,11.5,4.3,14.7,45.3,5.21,4.9,92.0,63.0,29.0,0.4,0.81,12.0,5.1,36.0,7.831531118784836,190.3083162216481,0,0
76622.0,1.0,22.0,298.0,19.1,19.2,42.0,84.0,19.0,17.0,0.6,0.94,8.0,6.5,14.1,43.1,4.86,4.5,43.0,2013-2014,22.0,298.0,19.2,19.1,4.2,14.1,43.1,4.86,4.5,84.0,19.0,17.0,0.6,0.94,8.0,6.5,43.0,7.654458830969183,181.8577153360101,1,0
76624.0,1.0,51.0,502.4,16.1,59.74,39.0,97.0,21.0,17.0,0.7,0.94,9.0,3.7,14.8,42.6,4.61,5.1,56.0,2013-2014,51.0,502.4,59.74,16.1,3.9,14.8,42.6,4.61,5.1,97.0,21.0,17.0,0.7,0.94,9.0,3.7,56.0,7.180817043353935,158.93160544242258,0,0
76629.0,1.0,25.0,134.0,15.2,20.15,42.0,96.0,24.0,27.0,0.7,1.23,15.0,6.6,13.6,40.1,4.81,5.4,35.0,2013-2014,25.0,134.0,20.15,15.2,4.2,13.6,40.1,4.81,5.4,96.0,24.0,27.0,0.7,1.23,15.0,6.6,35.0,3.1983200779347585,75.98697636640887,1,1
76632.0,1.0,49.0,461.0,13.4,51.01,45.0,91.0,21.0,28.0,0.7,0.89,19.0,6.8,14.5,41.3,3.88,5.1,74.0,2013-2014,49.0,461.0,51.01,13.4,4.5,14.5,41.3,3.88,5.1,91.0,21.0,28.0,0.7,0.89,19.0,6.8,74.0,6.931228095185142,175.94231399912317,0,0
76633.0,1.0,48.0,377.0,27.7,32.81,44.0,92.0,45.0,29.0,0.6,1.16,12.0,6.1,17.8,53.9,5.95,5.4,54.0,2013-2014,48.0,377.0,32.81,27.7,4.4,17.8,53.9,5.95,5.4,92.0,45.0,29.0,0.6,1.16,12.0,6.1,54.0,7.398873306646768,183.8038181074126,0,0
76635.0,1.0,59.0,373.0,33.5,49.96,47.0,96.0,14.0,17.0,0.9,0.78,9.0,4.8,15.9,44.5,5.02,5.1,38.0,2013-2014,59.0,373.0,49.96,33.5,4.7,15.9,44.5,5.02,5.1,96.0,14.0,17.0,0.9,0.78,9.0,4.8,38.0,5.445832582153045,144.13886100009714,0,1
76639.0,1.0,43.0,687.0,38.6,55.8,45.0,88.0,12.0,18.0,1.0,0.93,8.0,5.4,16.5,47.6,4.93,5.1,59.0,2013-2014,43.0,687.0,55.8,38.6,4.5,16.5,47.6,4.93,5.1,88.0,12.0,18.0,1.0,0.93,8.0,5.4,59.0,10.336735255823719,262.3877176065383,0,0
76645.0,1.0,52.0,564.44,34.1,44.61,45.0,81.0,31.0,31.0,0.7,0.91,9.0,8.1,14.2,40.4,4.6,5.4,60.0,2013-2014,52.0,564.44,44.61,34.1,4.5,14.2,40.4,4.6,5.4,81.0,31.0,31.0,0.7,0.91,9.0,8.1,60.0,9.589002524273628,243.40726778795616,0,0
76649.0,1.0,59.0,497.0,31.2,62.14,41.0,77.0,30.0,32.0,1.0,1.11,10.0,5.6,12.7,38.4,4.85,5.6,76.0,2013-2014,59.0,497.0,62.14,31.2,4.1,12.7,38.4,4.85,5.6,77.0,30.0,32.0,1.0,1.11,10.0,5.6,76.0,6.756105731694161,156.85337171270749,0,0
76670.0,1.0,49.0,366.0,23.9,28.73,47.0,106.0,21.0,25.0,0.7,1.18,16.0,9.3,14.5,42.2,4.56,5.3,40.0,2013-2014,49.0,366.0,28.73,23.9,4.7,14.5,42.2,4.56,5.3,106.0,21.0,25.0,0.7,1.18,16.0,9.3,40.0,7.421196194261937,196.42226428419974,0,0
76675.0,1.0,48.0,318.0,21.7,16.15,44.0,148.0,78.0,41.0,1.6,0.73,12.0,7.3,15.8,47.1,5.37,7.6,36.0,2013-2014,48.0,318.0,16.15,21.7,4.4,15.8,47.1,5.37,7.6,148.0,78.0,41.0,1.6,0.73,12.0,7.3,36.0,8.523619157355126,211.74490767505642,0,0
76686.0,1.0,34.0,268.0,21.1,16.44,47.0,130.0,19.0,19.0,0.8,1.0,11.0,6.6,15.3,45.4,4.81,5.2,39.0,2013-2014,34.0,268.0,16.44,21.1,4.7,15.3,45.4,4.81,5.2,130.0,19.0,19.0,0.8,1.0,11.0,6.6,39.0,6.73438796219198,178.24400507357313,1,0
76691.0,1.0,38.0,563.0,24.0,42.33,45.0,94.0,21.0,19.0,1.1,0.74,10.0,3.4,15.5,45.5,5.63,5.2,56.0,2013-2014,38.0,563.0,42.33,24.0,4.5,15.5,45.5,5.63,5.2,94.0,21.0,19.0,1.1,0.74,10.0,3.4,56.0,9.894233914782577,251.1552622867406,0,0
76697.0,1.0,24.0,633.0,31.7,54.75,46.0,80.0,75.0,41.0,0.7,0.9,9.0,5.2,15.5,44.8,5.07,5.2,62.0,2013-2014,24.0,633.0,54.75,31.7,4.6,15.5,44.8,5.07,5.2,80.0,75.0,41.0,0.7,0.9,9.0,5.2,62.0,9.42014587232581,244.22547369524887,0,0
76700.0,1.0,53.0,308.0,22.3,34.99,42.0,96.0,23.0,29.0,0.9,0.73,17.0,4.7,14.1,41.0,4.55,5.6,45.0,2013-2014,53.0,308.0,34.99,22.3,4.2,14.1,41.0,4.55,5.6,96.0,23.0,29.0,0.9,0.73,17.0,4.7,45.0,5.825777834644473,138.41117582044217,0,1
76703.0,1.0,36.0,783.0,38.1,43.23,38.0,93.0,29.0,22.0,0.8,0.58,19.0,4.6,16.4,46.9,4.84,5.5,51.0,2013-2014,36.0,783.0,43.23,38.1,3.8,16.4,46.9,4.84,5.5,93.0,29.0,22.0,0.8,0.58,19.0,4.6,51.0,15.814465131248607,341.4491009448479,0,0
76706.0,1.0,60.0,544.0,13.2,73.96,43.0,116.0,17.0,23.0,0.2,0.91,4.0,5.0,13.1,38.5,4.03,6.1,53.0,2013-2014,60.0,544.0,73.96,13.2,4.3,13.1,38.5,4.03,6.1,116.0,17.0,23.0,0.2,0.91,4.0,5.0,53.0,6.414824076231079,155.88195338679162,0,1
76708.0,1.0,23.0,469.0,39.5,39.13,47.0,69.0,29.0,29.0,1.6,1.12,16.0,5.7,16.2,48.2,5.2,5.3,53.0,2013-2014,23.0,469.0,39.13,39.5,4.7,16.2,48.2,5.2,5.3,69.0,29.0,29.0,1.6,1.12,16.0,5.7,53.0,8.242436583089981,218.15863837709406,0,0
76730.0,1.0,58.0,353.96,27.1,,44.0,105.0,22.0,17.0,0.6,0.86,10.0,5.6,17.7,51.1,5.07,5.6,34.0,2013-2014,58.0,353.96,,27.1,4.4,17.7,51.1,5.07,5.6,105.0,22.0,17.0,0.6,0.86,10.0,5.6,34.0,,,0,0
76731.0,1.0,41.0,285.0,22.8,22.89,48.0,119.0,25.0,30.0,1.1,1.1,15.0,6.2,14.7,42.2,5.15,5.8,42.0,2013-2014,41.0,285.0,22.89,22.8,4.8,14.7,42.2,5.15,5.8,119.0,25.0,30.0,1.1,1.1,15.0,6.2,42.0,6.2172221206243155,167.92470175454542,1,1
76742.0,1.0,40.0,273.0,16.3,24.91,43.0,85.0,50.0,45.0,0.7,0.92,11.0,5.8,15.6,44.1,4.97,5.3,48.0,2013-2014,40.0,273.0,24.91,16.3,4.3,15.6,44.1,4.97,5.3,85.0,50.0,45.0,0.7,0.92,11.0,5.8,48.0,6.084113399676835,147.8455948437478,1,1
76746.0,1.0,55.0,429.15,,,44.0,116.0,55.0,31.0,0.6,0.78,9.0,7.2,18.8,53.6,5.76,6.5,30.0,2013-2014,55.0,429.15,,,4.4,18.8,53.6,5.76,6.5,116.0,55.0,31.0,0.6,0.78,9.0,7.2,30.0,,,0,0
76756.0,1.0,44.0,260.0,19.6,28.74,41.0,119.0,18.0,14.0,0.4,0.99,10.0,6.1,13.9,42.7,5.13,6.6,44.0,2013-2014,44.0,260.0,28.74,19.6,4.1,13.9,42.7,5.13,6.6,119.0,18.0,14.0,0.4,0.99,10.0,6.1,44.0,5.489758498572234,127.45317562897574,1,1
76771.0,1.0,33.0,245.0,11.6,19.07,47.0,106.0,31.0,29.0,0.6,0.72,15.0,7.4,13.7,40.3,4.39,5.5,51.0,2013-2014,33.0,245.0,19.07,11.6,4.7,13.7,40.3,4.39,5.5,106.0,31.0,29.0,0.6,0.72,15.0,7.4,51.0,5.784872182208987,153.11247174717437,1,1
76777.0,1.0,29.0,586.0,20.6,74.37,48.0,94.0,21.0,29.0,0.5,1.05,11.0,4.1,13.9,39.5,4.43,4.5,48.0,2013-2014,29.0,586.0,74.37,20.6,4.8,13.9,39.5,4.43,4.5,94.0,21.0,29.0,0.5,1.05,11.0,4.1,48.0,6.709041855169956,181.2085575728225,0,0
76799.0,1.0,36.0,525.0,21.3,39.29,45.0,89.0,21.0,21.0,0.6,0.77,13.0,5.5,15.0,44.6,4.56,5.2,64.0,2013-2014,36.0,525.0,39.29,21.3,4.5,15.0,44.6,4.56,5.2,89.0,21.0,21.0,0.6,0.77,13.0,5.5,64.0,9.564700882685422,242.79039484765048,0,0
76802.0,1.0,57.0,496.0,30.8,41.08,40.0,104.0,15.0,23.0,0.6,1.18,11.0,7.0,12.8,38.3,4.59,6.4,40.0,2013-2014,57.0,496.0,41.08,30.8,4.0,12.8,38.3,4.59,6.4,104.0,15.0,23.0,0.6,1.18,11.0,7.0,40.0,9.218504422888884,209.02653863515002,0,0
76815.0,1.0,44.0,395.0,33.3,31.67,43.0,136.0,28.0,33.0,0.6,1.19,9.0,7.6,16.0,48.2,5.26,6.0,34.0,2013-2014,44.0,395.0,31.67,33.3,4.3,16.0,48.2,5.26,6.0,136.0,28.0,33.0,0.6,1.19,9.0,7.6,34.0,8.051583900280033,195.65565810040184,0,0
76817.0,1.0,54.0,962.0,28.9,90.79,44.0,88.0,52.0,40.0,0.9,0.88,7.0,6.2,17.6,50.4,5.38,5.0,79.0,2013-2014,54.0,962.0,90.79,28.9,4.4,17.6,50.4,5.38,5.0,88.0,52.0,40.0,0.9,0.88,7.0,6.2,79.0,10.531084837444293,261.61464343448756,0,0
76825.0,1.0,28.0,456.0,13.2,27.75,46.0,81.0,17.0,20.0,0.2,0.92,13.0,5.8,14.4,41.7,4.64,5.5,45.0,2013-2014,28.0,456.0,27.75,13.2,4.6,14.4,41.7,4.64,5.5,81.0,17.0,20.0,0.2,0.92,13.0,5.8,45.0,9.77453188898573,253.41323935862417,0,0
76826.0,1.0,23.0,530.0,29.9,43.63,47.0,87.0,24.0,32.0,0.7,0.86,8.0,6.3,17.0,49.2,5.44,5.2,49.0,2013-2014,23.0,530.0,43.63,29.9,4.7,17.0,49.2,5.44,5.2,87.0,24.0,32.0,0.7,0.86,8.0,6.3,49.0,8.855700068351238,234.3903346191331,0,0
76837.0,1.0,40.0,378.0,19.3,34.84,46.0,94.0,24.0,31.0,1.2,0.93,16.0,5.6,14.9,44.2,5.4,5.5,51.0,2013-2014,40.0,378.0,34.84,19.3,4.6,14.9,44.2,5.4,5.5,94.0,24.0,31.0,1.2,0.93,16.0,5.6,51.0,7.005549762680695,181.62496976959295,0,0
76843.0,1.0,59.0,236.0,30.6,34.25,40.0,196.0,14.0,13.0,0.5,0.87,10.0,6.7,15.0,44.2,5.16,8.4,51.0,2013-2014,59.0,236.0,34.25,30.6,4.0,15.0,44.2,5.16,8.4,196.0,14.0,13.0,0.5,0.87,10.0,6.7,51.0,4.513261788358142,102.33671822431589,1,1
76854.0,1.0,36.0,320.0,25.3,16.28,46.0,97.0,33.0,25.0,0.7,1.21,16.0,5.5,16.4,46.9,5.49,5.7,41.0,2013-2014,36.0,320.0,16.28,25.3,4.6,16.4,46.9,5.49,5.7,97.0,33.0,25.0,0.7,1.21,16.0,5.5,41.0,8.296838480897682,215.10275272095308,0,0
76856.0,1.0,20.0,398.0,13.8,17.68,42.0,103.0,23.0,21.0,0.5,0.8,9.0,6.2,13.5,40.3,4.38,5.3,38.0,2013-2014,20.0,398.0,17.68,13.8,4.2,13.5,40.3,4.38,5.3,103.0,23.0,21.0,0.5,0.8,9.0,6.2,38.0,10.87509813486962,258.3749608608034,0,0
76859.0,1.0,32.0,441.0,32.5,30.05,44.0,95.0,47.0,28.0,0.7,1.05,13.0,7.0,17.5,51.1,5.69,5.5,28.0,2013-2014,32.0,441.0,30.05,32.5,4.4,17.5,51.1,5.69,5.5,95.0,47.0,28.0,0.7,1.05,13.0,7.0,28.0,9.267741677485624,230.23050063916705,0,0
76867.0,1.0,51.0,380.0,21.6,44.96,44.0,72.0,40.0,19.0,1.0,0.84,10.0,6.6,13.9,40.3,4.57,5.8,60.0,2013-2014,51.0,380.0,44.96,21.6,4.4,13.9,40.3,4.57,5.8,72.0,40.0,19.0,1.0,0.84,10.0,6.6,60.0,6.137610964721978,152.47136727701204,0,1
76868.0,1.0,55.0,407.0,56.7,85.84,40.0,337.0,35.0,32.0,7.1,0.84,11.0,3.6,16.5,45.4,4.96,8.0,37.0,2013-2014,55.0,407.0,85.84,56.7,4.0,16.5,45.4,4.96,8.0,337.0,35.0,32.0,7.1,0.84,11.0,3.6,37.0,4.16670770951022,94.4787191142202,0,1
76878.0,1.0,30.0,327.0,29.1,20.58,47.0,101.0,33.0,27.0,0.6,1.12,16.0,6.7,16.5,49.0,5.45,5.2,30.0,2013-2014,30.0,327.0,20.58,29.1,4.7,16.5,49.0,5.45,5.2,101.0,33.0,27.0,0.6,1.12,16.0,6.7,30.0,7.652266385415453,202.53816918239525,0,0
76885.0,1.0,51.0,341.41,18.1,,45.0,92.0,25.0,18.0,1.1,0.86,12.0,6.5,13.9,39.5,4.52,5.5,57.0,2013-2014,51.0,341.41,,18.1,4.5,13.9,39.5,4.52,5.5,92.0,25.0,18.0,1.1,0.86,12.0,6.5,57.0,,,0,0
76886.0,1.0,54.0,695.0,27.4,77.32,41.0,182.0,137.0,61.0,0.7,1.16,18.0,5.8,16.2,47.6,5.23,5.9,60.0,2013-2014,54.0,695.0,77.32,27.4,4.1,16.2,47.6,5.23,5.9,182.0,137.0,61.0,0.7,1.16,18.0,5.8,60.0,8.356727260109073,194.01425899575324,0,0
76898.0,1.0,19.0,294.0,19.8,22.45,52.0,81.0,17.0,22.0,0.6,1.2,15.0,5.7,15.2,43.5,4.88,5.5,49.0,2013-2014,19.0,294.0,22.45,19.8,5.2,15.2,43.5,4.88,5.5,81.0,17.0,22.0,0.6,1.2,15.0,5.7,49.0,6.1670974501418785,179.93783403766986,1,1
76899.0,1.0,60.0,309.0,26.0,31.43,37.0,86.0,16.0,18.0,0.9,1.09,14.0,8.6,14.2,41.2,4.46,4.5,40.0,2013-2014,60.0,309.0,31.43,26.0,3.7,14.2,41.2,4.46,4.5,86.0,16.0,18.0,0.9,1.09,14.0,8.6,40.0,6.630282733059671,139.56127902180666,0,0
76902.0,1.0,56.0,471.42,25.3,,45.0,91.0,28.0,31.0,0.8,0.82,15.0,5.4,14.8,43.7,4.91,5.7,50.0,2013-2014,56.0,471.42,,25.3,4.5,14.8,43.7,4.91,5.7,91.0,28.0,31.0,0.8,0.82,15.0,5.4,50.0,,,0,0
76903.0,1.0,34.0,499.0,11.2,110.6,47.0,85.0,8.0,27.0,0.3,0.97,6.0,5.9,13.3,39.9,4.62,5.8,35.0,2013-2014,34.0,499.0,110.6,11.2,4.7,13.3,39.9,4.62,5.8,85.0,8.0,27.0,0.3,0.97,6.0,5.9,35.0,4.0412974426616675,106.96399523129664,0,1
76907.0,1.0,32.0,265.0,14.0,24.51,48.0,107.0,22.0,22.0,0.7,1.05,16.0,6.2,13.9,41.8,4.84,4.8,40.0,2013-2014,32.0,265.0,24.51,14.0,4.8,13.9,41.8,4.84,4.8,107.0,22.0,22.0,0.7,1.05,16.0,6.2,40.0,5.573015067287494,150.5249249408939,1,1
76919.0,1.0,37.0,784.0,28.9,33.59,47.0,91.0,17.0,22.0,0.7,1.15,15.0,6.7,15.2,45.2,5.28,5.4,58.0,2013-2014,37.0,784.0,33.59,28.9,4.7,15.2,45.2,5.28,5.4,91.0,17.0,22.0,0.7,1.15,15.0,6.7,58.0,16.36867406294409,433.2417495254334,0,0
76924.0,1.0,19.0,555.89,20.6,34.39,43.0,59.0,15.0,26.0,0.4,0.93,12.0,4.8,13.1,39.0,4.31,5.6,36.0,2013-2014,19.0,555.89,34.39,20.6,4.3,13.1,39.0,4.31,5.6,59.0,15.0,26.0,0.4,0.93,12.0,4.8,36.0,11.34955965764166,275.79735757189565,0,0
76928.0,1.0,57.0,212.0,26.2,46.11,35.0,164.0,24.0,36.0,0.5,1.46,29.0,7.1,13.3,39.8,4.47,8.2,33.0,2013-2014,57.0,212.0,46.11,26.2,3.5,13.3,39.8,4.47,8.2,164.0,24.0,36.0,0.5,1.46,29.0,7.1,33.0,3.468258353772728,69.24494191494553,1,1
76929.0,1.0,19.0,685.0,25.5,56.73,50.0,73.0,14.0,19.0,1.0,0.99,13.0,5.7,15.1,44.7,5.2,5.2,58.0,2013-2014,19.0,685.0,56.73,25.5,5.0,15.1,44.7,5.2,5.2,73.0,14.0,19.0,1.0,0.99,13.0,5.7,58.0,9.711775381174295,272.83617422690384,0,0
76934.0,1.0,41.0,447.0,26.6,29.22,43.0,96.0,26.0,24.0,1.2,0.81,15.0,5.1,16.3,47.8,5.2,5.3,38.0,2013-2014,41.0,447.0,29.22,26.6,4.3,16.3,47.8,5.2,5.3,96.0,26.0,24.0,1.2,0.81,15.0,5.1,38.0,9.679991347581721,235.22639780868784,0,0
76935.0,1.0,43.0,463.0,16.86,41.25,51.0,101.0,36.0,28.0,0.8,0.89,15.0,5.0,15.6,46.2,4.88,5.7,40.0,2013-2014,43.0,463.0,41.25,16.86,5.1,15.6,46.2,4.88,5.7,101.0,36.0,28.0,0.8,0.89,15.0,5.0,40.0,7.5496063631422,216.18451285694957,0,0
76937.0,1.0,39.0,665.0,28.8,50.75,47.0,100.0,34.0,28.0,0.8,0.89,9.0,6.0,16.1,46.7,4.77,5.0,59.0,2013-2014,39.0,665.0,50.75,28.8,4.7,16.1,46.7,4.77,5.0,100.0,34.0,28.0,0.8,0.89,9.0,6.0,59.0,10.4336850612409,276.1560253779259,0,0
76940.0,1.0,21.0,524.67,27.5,31.13,46.0,86.0,22.0,19.0,0.6,0.91,10.0,5.7,15.1,45.6,5.31,5.0,59.0,2013-2014,21.0,524.67,31.13,27.5,4.6,15.1,45.6,5.31,5.0,86.0,22.0,19.0,0.6,0.91,10.0,5.7,59.0,10.801449446186313,280.03697005796187,0,0
76953.0,1.0,41.0,406.0,22.9,23.2,44.0,96.0,18.0,18.0,1.1,1.1,13.0,7.6,15.9,46.5,5.11,5.8,45.0,2013-2014,41.0,406.0,23.2,22.9,4.4,15.9,46.5,5.11,5.8,96.0,18.0,18.0,1.1,1.1,13.0,7.6,45.0,9.610941479939628,238.75631686149467,0,0
76954.0,1.0,48.0,386.0,33.4,25.59,44.0,97.0,18.0,26.0,0.8,1.13,7.0,5.1,16.9,50.2,5.44,5.4,43.0,2013-2014,48.0,386.0,25.59,33.4,4.4,16.9,50.2,5.44,5.4,97.0,18.0,26.0,0.8,1.13,7.0,5.1,43.0,8.670806299920782,215.4013507115366,0,0
76955.0,1.0,38.0,345.0,22.5,34.9,42.0,90.0,16.0,31.0,0.5,1.23,15.0,5.2,13.2,39.3,4.37,5.4,68.0,2013-2014,38.0,345.0,34.9,22.5,4.2,13.2,39.3,4.37,5.4,90.0,16.0,31.0,0.5,1.23,15.0,5.2,68.0,6.615970874822027,157.1849002775781,0,0
76960.0,1.0,59.0,490.0,25.3,61.47,44.0,122.0,18.0,26.0,0.8,1.04,14.0,5.1,15.8,45.1,4.81,5.8,50.0,2013-2014,59.0,490.0,61.47,25.3,4.4,15.8,45.1,4.81,5.8,122.0,18.0,26.0,0.8,1.04,14.0,5.1,50.0,6.537362801769225,162.40205684277728,0,0
76963.0,1.0,39.0,313.0,26.8,9.23,44.0,88.0,51.0,30.0,1.1,1.05,12.0,7.3,16.5,48.0,5.61,5.6,51.0,2013-2014,39.0,313.0,9.23,26.8,4.4,16.5,48.0,5.61,5.6,88.0,51.0,30.0,1.1,1.05,12.0,7.3,51.0,9.867826543059696,245.13789057675416,0,0
76965.0,1.0,35.0,539.0,32.5,42.77,45.0,91.0,19.0,29.0,1.0,0.97,16.0,6.8,15.6,47.1,5.26,5.3,57.0,2013-2014,35.0,539.0,42.77,32.5,4.5,15.6,47.1,5.26,5.3,91.0,19.0,29.0,1.0,0.97,16.0,6.8,57.0,9.343204856816559,237.16793908688152,0,0
76968.0,1.0,34.0,273.0,20.5,15.46,43.0,110.0,90.0,48.0,1.0,0.8,9.0,7.3,16.0,46.1,5.1,5.9,52.0,2013-2014,34.0,273.0,15.46,20.5,4.3,16.0,46.1,5.1,5.9,110.0,90.0,48.0,1.0,0.8,9.0,7.3,52.0,7.4626084605369165,181.34339622806326,1,0
76969.0,1.0,52.0,738.0,30.4,67.46,44.0,99.0,20.0,23.0,0.7,1.12,12.0,5.1,16.5,49.1,5.53,5.8,38.0,2013-2014,52.0,738.0,67.46,30.4,4.4,16.5,49.1,5.53,5.8,99.0,20.0,23.0,0.7,1.12,12.0,5.1,38.0,9.817669652723161,243.89188627769852,0,0
76972.0,1.0,57.0,477.0,28.2,40.09,43.0,101.0,19.0,21.0,1.1,0.8,12.0,6.3,15.1,44.7,5.14,6.1,50.0,2013-2014,57.0,477.0,40.09,28.2,4.3,15.1,44.7,5.14,6.1,101.0,19.0,21.0,1.1,0.8,12.0,6.3,50.0,8.650655456816985,210.213258331009,0,0
76975.0,1.0,53.0,186.0,15.6,24.82,37.0,276.0,57.0,40.0,1.1,0.75,11.0,4.9,13.7,39.4,4.14,5.8,37.0,2013-2014,53.0,186.0,24.82,15.6,3.7,13.7,39.4,4.14,5.8,276.0,57.0,40.0,1.1,0.75,11.0,4.9,37.0,4.365566179173285,91.89110391656084,1,1
76984.0,1.0,43.0,236.3,31.6,,40.0,107.0,43.0,27.0,0.5,0.75,10.0,5.5,13.9,40.8,4.72,6.3,36.0,2013-2014,43.0,236.3,,31.6,4.0,13.9,40.8,4.72,6.3,107.0,43.0,27.0,0.5,0.75,10.0,5.5,36.0,,,1,0
76990.0,1.0,21.0,720.59,24.4,,48.0,102.0,63.0,28.0,1.0,0.94,11.0,6.6,17.3,49.2,5.26,4.5,50.0,2013-2014,21.0,720.59,,24.4,4.8,17.3,49.2,5.26,4.5,102.0,63.0,28.0,1.0,0.94,11.0,6.6,50.0,,,0,0
76996.0,1.0,36.0,191.0,8.28,35.94,46.0,88.0,17.0,20.0,0.7,0.93,9.0,5.1,14.8,43.0,4.89,5.3,65.0,2013-2014,36.0,191.0,35.94,8.28,4.6,14.8,43.0,4.89,5.3,88.0,17.0,20.0,0.7,0.93,9.0,5.1,65.0,3.2821327190896166,85.09214495342296,1,1
76999.0,1.0,19.0,414.86,16.5,,49.0,71.0,41.0,31.0,0.6,0.94,9.0,6.1,15.4,44.7,4.89,4.9,52.0,2013-2014,19.0,414.86,,16.5,4.9,15.4,44.7,4.89,4.9,71.0,41.0,31.0,0.6,0.94,9.0,6.1,52.0,,,0,0
77003.0,1.0,42.0,349.0,19.3,33.16,43.0,103.0,25.0,16.0,0.8,0.97,17.0,5.9,15.9,46.2,5.5,5.7,52.0,2013-2014,42.0,349.0,33.16,19.3,4.3,15.9,46.2,5.5,5.7,103.0,25.0,16.0,0.8,0.97,17.0,5.9,52.0,6.828048530338678,165.92341895591892,0,0
77010.0,1.0,44.0,551.37,23.3,58.56,44.0,281.0,32.0,26.0,0.4,0.84,15.0,4.9,14.8,42.9,4.53,10.8,55.0,2013-2014,44.0,551.37,58.56,23.3,4.4,14.8,42.9,4.53,10.8,281.0,32.0,26.0,0.4,0.84,15.0,4.9,55.0,7.7683718572552385,192.98295141220652,0,0
77013.0,1.0,25.0,619.0,27.0,40.6,45.0,79.0,16.0,19.0,0.7,0.88,11.0,4.8,15.1,44.5,5.23,4.8,45.0,2013-2014,25.0,619.0,40.6,27.0,4.5,15.1,44.5,5.23,4.8,79.0,16.0,19.0,0.7,0.88,11.0,4.8,45.0,11.354575171643033,288.2245689712082,0,0
77017.0,1.0,34.0,347.0,13.2,,45.0,89.0,21.0,19.0,0.5,1.11,16.0,6.5,14.1,42.3,4.85,5.1,38.0,2013-2014,34.0,347.0,,13.2,4.5,14.1,42.3,4.85,5.1,89.0,21.0,19.0,0.5,1.11,16.0,6.5,38.0,,,0,0
77020.0,1.0,47.0,330.5,24.7,26.99,47.0,124.0,54.0,32.0,0.8,1.01,18.0,6.4,15.8,46.6,5.51,5.8,39.0,2013-2014,47.0,330.5,26.99,24.7,4.7,15.8,46.6,5.51,5.8,124.0,54.0,32.0,0.8,1.01,18.0,6.4,39.0,6.845394388008603,181.1820938854356,0,0
77021.0,1.0,43.0,518.31,38.5,,39.0,92.0,37.0,31.0,0.6,1.07,11.0,5.4,14.3,43.6,5.43,5.7,54.0,2013-2014,43.0,518.31,,38.5,3.9,14.3,43.6,5.43,5.7,92.0,37.0,31.0,0.6,1.07,11.0,5.4,54.0,,,0,0
77022.0,1.0,54.0,719.0,36.4,58.9,43.0,91.0,136.0,117.0,0.5,0.64,5.0,6.5,14.4,42.0,4.23,5.5,66.0,2013-2014,54.0,719.0,58.9,36.4,4.3,14.4,42.0,4.23,5.5,91.0,136.0,117.0,0.5,0.64,5.0,6.5,66.0,10.687354426628492,259.70559204152545,0,0
77024.0,1.0,25.0,421.0,28.0,39.66,41.0,104.0,23.0,20.0,0.6,0.99,14.0,5.3,14.3,40.3,4.88,5.1,54.0,2013-2014,25.0,421.0,39.66,28.0,4.1,14.3,40.3,4.88,5.1,104.0,23.0,20.0,0.6,0.99,14.0,5.3,54.0,7.72504208128603,179.34871732216354,0,0
77025.0,1.0,55.0,616.0,30.7,54.96,41.0,150.0,26.0,21.0,0.5,0.78,16.0,5.0,14.3,41.3,4.49,8.3,45.0,2013-2014,55.0,616.0,54.96,30.7,4.1,14.3,41.3,4.49,8.3,150.0,26.0,21.0,0.5,0.78,16.0,5.0,45.0,9.549536458734039,221.7071566566876,0,0
77028.0,1.0,54.0,382.0,25.6,29.49,45.0,111.0,45.0,41.0,0.5,1.18,12.0,7.1,12.9,37.6,5.08,5.8,63.0,2013-2014,54.0,382.0,29.49,25.6,4.5,12.9,37.6,5.08,5.8,111.0,45.0,41.0,0.5,1.18,12.0,7.1,63.0,7.867573677684916,199.71051297129486,0,0
77029.0,1.0,48.0,241.0,11.2,11.9,40.0,105.0,18.0,20.0,0.4,1.29,18.0,7.3,15.3,43.8,4.7,5.6,60.0,2013-2014,48.0,241.0,11.9,11.2,4.0,15.3,43.8,4.7,5.6,105.0,18.0,20.0,0.4,1.29,18.0,7.3,60.0,7.503604764696181,170.14175611353045,1,0
77033.0,1.0,21.0,435.74,,26.31,45.0,89.0,46.0,28.0,0.5,0.88,11.0,6.1,13.9,43.6,6.56,6.5,43.0,2013-2014,21.0,435.74,26.31,,4.5,13.9,43.6,6.56,6.5,89.0,46.0,28.0,0.5,0.88,11.0,6.1,43.0,9.66354498032924,245.29945370789625,0,0
77045.0,1.0,30.0,211.24,,17.86,40.0,136.0,18.0,18.0,0.4,0.67,7.0,5.7,14.1,42.0,4.67,7.0,45.0,2013-2014,30.0,211.24,17.86,,4.0,14.1,42.0,4.67,7.0,136.0,18.0,18.0,0.4,0.67,7.0,5.7,45.0,5.61442505165346,127.30523099383903,1,1
77047.0,1.0,28.0,580.0,33.8,24.35,44.0,86.0,24.0,19.0,0.4,0.83,9.0,4.0,16.4,49.0,5.55,5.3,37.0,2013-2014,28.0,580.0,24.35,33.8,4.4,16.4,49.0,5.55,5.3,86.0,24.0,19.0,0.4,0.83,9.0,4.0,37.0,14.075577877601523,349.66742215294227,0,0
77050.0,1.0,31.0,383.0,20.7,30.53,49.0,83.0,34.0,24.0,0.4,0.82,16.0,6.5,16.0,49.1,5.41,5.3,45.0,2013-2014,31.0,383.0,30.53,20.7,4.9,16.0,49.1,5.41,5.3,83.0,34.0,24.0,0.4,0.82,16.0,6.5,45.0,7.385639123295682,203.48521335894125,0,0
77054.0,1.0,54.0,291.0,11.8,,43.0,94.0,21.0,21.0,0.4,1.02,25.0,5.5,14.0,40.8,4.53,5.9,58.0,2013-2014,54.0,291.0,,11.8,4.3,14.0,40.8,4.53,5.9,94.0,21.0,21.0,0.4,1.02,25.0,5.5,58.0,,,1,0
77070.0,1.0,30.0,337.0,19.6,35.1,43.0,93.0,24.0,29.0,0.5,0.97,17.0,4.4,16.4,46.1,5.56,5.6,48.0,2013-2014,30.0,337.0,35.1,19.6,4.3,16.4,46.1,5.56,5.6,93.0,24.0,29.0,0.5,0.97,17.0,4.4,48.0,6.350530054127957,154.31959132706442,0,1
77076.0,1.0,35.0,660.0,25.1,51.16,45.0,87.0,50.0,58.0,0.6,1.44,15.0,7.8,15.4,45.7,4.74,5.3,70.0,2013-2014,35.0,660.0,51.16,25.1,4.5,15.4,45.7,4.74,5.3,87.0,50.0,58.0,0.6,1.44,15.0,7.8,70.0,10.493497635068996,266.3669742943368,0,0
77077.0,1.0,50.0,79.8,88.7,,40.0,94.0,42.0,38.0,0.7,0.95,5.0,8.8,13.2,37.7,3.8,5.7,57.0,2013-2014,50.0,79.8,,88.7,4.0,13.2,37.7,3.8,5.7,94.0,42.0,38.0,0.7,0.95,5.0,8.8,57.0,,,1,0
77095.0,1.0,46.0,422.0,24.2,54.19,45.0,121.0,25.0,27.0,0.9,0.81,12.0,6.4,15.8,44.9,5.06,6.3,52.0,2013-2014,46.0,422.0,54.19,24.2,4.5,15.8,44.9,5.06,6.3,121.0,25.0,27.0,0.9,0.81,12.0,6.4,52.0,6.008751327705043,152.52616106749116,0,1
77097.0,1.0,25.0,213.87,28.8,35.57,45.0,87.0,27.0,31.0,0.6,1.03,9.0,5.4,16.3,47.1,5.07,5.7,67.0,2013-2014,25.0,213.87,35.57,28.8,4.5,16.3,47.1,5.07,5.7,87.0,27.0,31.0,0.6,1.03,9.0,5.4,67.0,3.7620217456156877,95.49517086278554,1,1
77098.0,1.0,34.0,342.07,27.5,21.07,46.0,86.0,25.0,25.0,0.5,0.99,9.0,6.8,13.7,39.8,4.46,5.3,47.0,2013-2014,34.0,342.07,21.07,27.5,4.6,13.7,39.8,4.46,5.3,86.0,25.0,25.0,0.5,0.99,9.0,6.8,47.0,8.069683870702326,209.21357191325467,0,0
77108.0,1.0,19.0,254.0,17.8,29.7,46.0,105.0,28.0,21.0,0.5,0.92,7.0,5.5,15.4,45.3,5.18,5.2,31.0,2013-2014,19.0,254.0,29.7,17.8,4.6,15.4,45.3,5.18,5.2,105.0,28.0,21.0,0.5,0.92,7.0,5.5,31.0,4.953939189658741,128.43518154068113,1,1
77109.0,1.0,38.0,523.0,32.1,47.29,44.0,120.0,30.0,29.0,0.6,0.85,10.0,8.4,16.2,48.9,5.16,5.5,60.0,2013-2014,38.0,523.0,47.29,32.1,4.4,16.2,48.9,5.16,5.5,120.0,30.0,29.0,0.6,0.85,10.0,8.4,60.0,8.525915816407117,211.80196159193693,0,0
77116.0,1.0,21.0,551.0,22.2,,50.0,89.0,17.0,25.0,0.6,0.86,16.0,4.6,15.8,46.0,4.93,5.4,45.0,2013-2014,21.0,551.0,,22.2,5.0,15.8,46.0,4.93,5.4,89.0,17.0,25.0,0.6,0.86,16.0,4.6,45.0,,,0,0
77128.0,1.0,19.0,336.0,26.9,11.09,44.0,87.0,19.0,21.0,0.7,1.06,10.0,5.4,15.0,43.6,5.25,5.3,66.0,2013-2014,19.0,336.0,11.09,26.9,4.4,15.0,43.6,5.25,5.3,87.0,19.0,21.0,0.7,1.06,10.0,5.4,66.0,10.16909604972966,252.62206868202466,0,0
77132.0,1.0,25.0,389.0,19.3,26.78,44.0,93.0,13.0,14.0,0.5,1.05,14.0,5.7,13.9,41.5,4.71,5.4,40.0,2013-2014,25.0,389.0,26.78,19.3,4.4,13.9,41.5,4.71,5.4,93.0,13.0,14.0,0.5,1.05,14.0,5.7,40.0,8.549667749192546,212.39201034023358,0,0
77140.0,1.0,58.0,284.0,17.7,32.48,44.0,397.0,104.0,67.0,0.5,0.8,8.0,4.6,15.8,44.7,4.97,10.8,31.0,2013-2014,58.0,284.0,32.48,17.7,4.4,15.8,44.7,4.97,10.8,397.0,104.0,67.0,0.5,0.8,8.0,4.6,31.0,5.4442990741636175,135.24801889106038,1,1
77147.0,1.0,45.0,284.0,18.5,22.79,48.0,133.0,40.0,35.0,0.6,0.91,13.0,7.0,15.4,44.2,5.0,6.7,42.0,2013-2014,45.0,284.0,22.79,18.5,4.8,15.4,44.2,5.0,6.7,133.0,40.0,35.0,0.6,0.91,13.0,7.0,42.0,6.2057106035435545,167.61378024731528,1,1
77150.0,1.0,31.0,335.0,24.5,18.12,50.0,80.0,28.0,28.0,0.4,0.96,14.0,8.9,16.1,48.6,5.53,5.2,28.0,2013-2014,31.0,335.0,18.12,24.5,5.0,16.1,48.6,5.53,5.2,80.0,28.0,28.0,0.4,0.96,14.0,8.9,28.0,7.917661879361939,222.43353982164547,0,0
77151.0,1.0,34.0,429.69,27.1,26.68,46.0,94.0,18.0,19.0,0.8,1.13,13.0,7.2,15.2,45.1,5.04,5.6,43.0,2013-2014,34.0,429.69,26.68,27.1,4.6,15.2,45.1,5.04,5.6,94.0,18.0,19.0,0.8,1.13,13.0,7.2,43.0,9.323181202941239,241.71158031895627,0,0
77156.0,1.0,30.0,176.0,18.8,,45.0,114.0,78.0,42.0,0.6,1.07,13.0,8.0,14.3,42.2,4.73,5.8,39.0,2013-2014,30.0,176.0,,18.8,4.5,14.3,42.2,4.73,5.8,114.0,78.0,42.0,0.6,1.07,13.0,8.0,39.0,,,1,0
77158.0,1.0,20.0,322.0,14.6,27.62,45.0,91.0,29.0,21.0,0.6,0.81,13.0,5.4,16.5,47.4,5.64,4.7,49.0,2013-2014,20.0,322.0,27.62,14.6,4.5,16.5,47.4,5.64,4.7,91.0,29.0,21.0,0.6,0.81,13.0,5.4,49.0,6.740356561834413,171.09723044493794,0,0
77160.0,1.0,52.0,138.0,25.9,15.03,35.0,203.0,18.0,15.0,0.5,0.84,11.0,5.0,14.0,42.3,5.3,11.5,48.0,2013-2014,52.0,138.0,15.03,25.9,3.5,14.0,42.3,5.3,11.5,203.0,18.0,15.0,0.5,0.84,11.0,5.0,48.0,4.169568209090612,83.2468285226835,1,1
77172.0,1.0,42.0,192.0,11.4,13.4,44.0,98.0,16.0,22.0,1.0,0.92,16.0,5.4,14.9,44.7,5.18,5.3,43.0,2013-2014,42.0,192.0,13.4,11.4,4.4,14.9,44.7,5.18,5.3,98.0,16.0,22.0,1.0,0.92,16.0,5.4,43.0,5.309923804054314,131.90985013459354,1,1
77174.0,1.0,22.0,364.0,40.0,26.36,46.0,106.0,47.0,33.0,1.7,0.87,6.0,5.8,13.2,38.0,4.41,4.6,42.0,2013-2014,22.0,364.0,26.36,40.0,4.6,13.2,38.0,4.41,4.6,106.0,47.0,33.0,1.7,0.87,6.0,5.8,42.0,7.798534965445474,202.183800747731,0,0
77177.0,1.0,48.0,272.0,12.5,32.59,43.0,135.0,48.0,38.0,0.6,1.44,9.0,5.7,15.6,45.9,5.46,5.7,30.0,2013-2014,48.0,272.0,32.59,12.5,4.3,15.6,45.9,5.46,5.7,135.0,48.0,38.0,0.6,1.44,9.0,5.7,30.0,5.2431610357995435,127.41022582526466,1,1
77192.0,1.0,57.0,608.0,27.5,94.42,45.0,99.0,22.0,22.0,0.5,0.63,11.0,6.4,16.8,47.2,5.24,5.6,29.0,2013-2014,57.0,608.0,94.42,27.5,4.5,16.8,47.2,5.24,5.6,99.0,22.0,22.0,0.5,0.63,11.0,6.4,29.0,5.853185827864187,148.57728596995344,0,1
77194.0,1.0,60.0,529.5,,,42.0,96.0,42.0,33.0,0.9,1.23,8.0,5.7,15.0,46.2,6.45,5.4,40.0,2013-2014,60.0,529.5,,,4.2,15.0,46.2,6.45,5.4,96.0,42.0,33.0,0.9,1.23,8.0,5.7,40.0,,,0,0
77196.0,1.0,41.0,342.0,15.4,35.03,41.0,104.0,21.0,23.0,0.9,0.78,10.0,6.9,15.8,45.1,5.51,5.6,30.0,2013-2014,41.0,342.0,35.03,15.4,4.1,15.8,45.1,5.51,5.6,104.0,21.0,23.0,0.9,0.78,10.0,6.9,30.0,6.613500304034807,153.54256767244962,0,0
77213.0,1.0,24.0,367.74,29.2,46.68,47.0,91.0,34.0,27.0,0.8,1.13,12.0,5.7,16.5,47.0,5.14,5.2,28.0,2013-2014,24.0,367.74,46.68,29.2,4.7,16.5,47.0,5.14,5.2,91.0,34.0,27.0,0.8,1.13,12.0,5.7,28.0,5.610399564491498,148.4945765008314,0,1
77215.0,1.0,38.0,333.0,27.7,15.04,44.0,99.0,73.0,34.0,0.7,0.99,12.0,7.0,15.7,45.3,5.55,5.8,32.0,2013-2014,38.0,333.0,15.04,27.7,4.4,15.7,45.3,5.55,5.8,99.0,73.0,34.0,0.7,0.99,12.0,7.0,32.0,9.186473218458207,228.21161851457035,0,0
77228.0,1.0,27.0,486.0,29.6,24.45,45.0,100.0,46.0,29.0,0.6,0.92,11.0,5.8,15.6,45.3,5.23,5.1,24.0,2013-2014,27.0,486.0,24.45,29.6,4.5,15.6,45.3,5.23,5.1,100.0,46.0,29.0,0.6,0.92,11.0,5.8,24.0,11.317109691514055,287.27354511534065,0,0
77229.0,1.0,48.0,326.41,,30.97,41.0,124.0,27.0,23.0,0.5,1.18,12.0,9.8,16.3,49.5,5.55,6.5,32.0,2013-2014,48.0,326.41,30.97,,4.1,16.3,49.5,5.55,6.5,124.0,27.0,23.0,0.5,1.18,12.0,9.8,32.0,6.756810769608453,156.86974025080232,0,0
77240.0,1.0,35.0,634.0,25.9,57.09,46.0,85.0,15.0,19.0,0.4,1.07,11.0,5.1,14.9,43.9,4.83,5.7,37.0,2013-2014,35.0,634.0,57.09,25.9,4.6,14.9,43.9,4.83,5.7,85.0,15.0,19.0,0.4,1.07,11.0,5.1,37.0,9.153626331324078,237.31572282383087,0,0
77241.0,1.0,27.0,543.0,21.5,36.84,42.0,97.0,29.0,26.0,0.7,1.06,16.0,5.4,14.9,42.8,4.52,5.0,67.0,2013-2014,27.0,543.0,36.84,21.5,4.2,14.9,42.8,4.52,5.0,97.0,29.0,26.0,0.7,1.06,16.0,5.4,67.0,10.729155569203806,254.907598615039,0,0
77254.0,1.0,36.0,512.0,30.9,22.08,43.0,85.0,25.0,20.0,1.6,0.95,15.0,5.6,15.9,46.2,5.14,4.9,51.0,2013-2014,36.0,512.0,22.08,30.9,4.3,15.9,46.2,5.14,4.9,85.0,25.0,20.0,1.6,0.95,15.0,5.6,51.0,12.949365354391828,314.6730670356621,0,0
77256.0,1.0,30.0,337.0,26.7,22.16,43.0,90.0,37.0,27.0,0.7,1.01,10.0,5.5,14.9,43.8,4.87,5.0,30.0,2013-2014,30.0,337.0,22.16,26.7,4.3,14.9,43.8,4.87,5.0,90.0,37.0,27.0,0.7,1.01,10.0,5.5,30.0,8.100755992441437,196.85055318827125,0,0
77259.0,1.0,24.0,259.0,12.7,30.96,42.0,60.0,15.0,15.0,0.5,1.14,13.0,5.3,13.4,39.0,4.84,5.3,34.0,2013-2014,24.0,259.0,30.96,12.7,4.2,13.4,39.0,4.84,5.3,60.0,15.0,15.0,0.5,1.14,13.0,5.3,34.0,5.1794814530583135,123.0562061249154,1,1
77269.0,1.0,19.0,180.04,30.2,10.25,40.0,85.0,22.0,24.0,0.4,0.76,8.0,6.6,12.9,40.8,5.36,5.7,39.0,2013-2014,19.0,180.04,10.25,30.2,4.0,12.9,40.8,5.36,5.7,85.0,22.0,24.0,0.4,0.76,8.0,6.6,39.0,5.767449706509864,130.77501442758705,1,1
77275.0,1.0,60.0,259.0,10.9,30.38,48.0,142.0,28.0,22.0,0.7,1.18,12.0,6.2,15.2,41.6,4.8,5.2,31.0,2013-2014,60.0,259.0,30.38,10.9,4.8,15.2,41.6,4.8,5.2,142.0,28.0,22.0,0.7,1.18,12.0,6.2,31.0,4.8879837820842225,132.02250182837673,1,1
77277.0,1.0,53.0,210.76,17.5,25.25,42.0,109.0,23.0,26.0,0.5,1.2,14.0,5.9,14.9,43.9,5.01,5.6,26.0,2013-2014,53.0,210.76,25.25,17.5,4.2,14.9,43.9,5.01,5.6,109.0,23.0,26.0,0.5,1.2,14.0,5.9,26.0,4.630524049216085,110.01385506077169,1,1
77280.0,1.0,42.0,330.0,15.2,37.07,46.0,86.0,82.0,52.0,0.6,0.76,8.0,6.8,15.2,43.2,4.68,4.9,55.0,2013-2014,42.0,330.0,37.07,15.2,4.6,15.2,43.2,4.68,4.9,86.0,82.0,52.0,0.6,0.76,8.0,6.8,55.0,5.8120459398624815,150.6823452672293,0,1
77282.0,1.0,20.0,365.0,29.0,15.96,45.0,80.0,53.0,29.0,0.8,1.04,11.0,6.2,15.3,46.6,5.55,5.6,41.0,2013-2014,20.0,365.0,15.96,29.0,4.5,15.3,46.6,5.55,5.6,80.0,53.0,29.0,0.8,1.04,11.0,6.2,41.0,9.785279891408111,248.38957304253083,0,0
77289.0,1.0,24.0,578.08,49.2,,42.0,95.0,28.0,25.0,0.7,0.85,10.0,4.5,14.3,42.0,4.93,5.7,40.0,2013-2014,24.0,578.08,,49.2,4.2,14.3,42.0,4.93,5.7,95.0,28.0,25.0,0.7,0.85,10.0,4.5,40.0,,,0,0
77300.0,1.0,24.0,335.99,19.6,28.87,44.0,72.0,21.0,18.0,0.5,0.84,16.0,6.0,14.3,41.9,4.34,4.8,35.0,2013-2014,24.0,335.99,28.87,19.6,4.4,14.3,41.9,4.34,4.8,72.0,21.0,18.0,0.5,0.84,16.0,6.0,35.0,6.9879095708100865,173.59460102531852,0,0
77302.0,1.0,23.0,396.0,20.0,26.21,43.0,105.0,23.0,18.0,0.5,0.94,15.0,5.4,15.7,46.8,5.33,5.3,58.0,2013-2014,23.0,396.0,26.21,20.0,4.3,15.7,46.8,5.33,5.3,105.0,23.0,18.0,0.5,0.94,15.0,5.4,58.0,8.937031434391214,217.17227174382123,0,0
77310.0,1.0,26.0,373.54,,19.38,47.0,82.0,28.0,25.0,0.6,1.08,18.0,6.6,15.0,44.7,5.35,5.2,42.0,2013-2014,26.0,373.54,19.38,,4.7,15.0,44.7,5.35,5.2,82.0,28.0,25.0,0.6,1.08,18.0,6.6,42.0,9.063459509069824,239.88925672065588,0,0
77311.0,1.0,38.0,226.0,30.5,21.37,41.0,204.0,35.0,32.0,1.5,0.71,8.0,5.0,15.9,46.6,5.41,6.1,46.0,2013-2014,38.0,226.0,21.37,30.5,4.1,15.9,46.6,5.41,6.1,204.0,35.0,32.0,1.5,0.71,8.0,5.0,46.0,5.489495118525822,127.44706085665537,1,1
77319.0,1.0,51.0,258.0,,20.9,46.0,155.0,25.0,21.0,0.4,0.75,12.0,5.1,15.0,45.0,5.97,4.7,42.0,2013-2014,51.0,258.0,20.9,,4.6,15.0,45.0,5.97,4.7,155.0,25.0,21.0,0.4,0.75,12.0,5.1,42.0,5.966206039275642,154.67907990535122,1,1
77322.0,1.0,24.0,324.78,,14.39,50.0,84.0,13.0,16.0,0.4,1.03,10.0,6.6,15.4,46.8,5.03,5.4,42.0,2013-2014,24.0,324.78,14.39,,5.0,15.4,46.8,5.03,5.4,84.0,13.0,16.0,0.4,1.03,10.0,6.6,42.0,8.268962227963966,232.30273874308565,0,0
77331.0,1.0,54.0,460.0,23.2,48.23,44.0,84.0,16.0,17.0,0.7,0.98,20.0,7.1,15.7,45.2,5.15,5.4,49.0,2013-2014,54.0,460.0,48.23,23.2,4.4,15.7,45.2,5.15,5.4,84.0,16.0,17.0,0.7,0.98,20.0,7.1,49.0,7.258387952536749,180.31386181225665,0,0
77332.0,1.0,36.0,312.0,26.1,24.89,43.0,90.0,35.0,28.0,0.3,0.67,9.0,7.1,14.1,40.4,4.8,5.2,41.0,2013-2014,36.0,312.0,24.89,26.1,4.3,14.1,40.4,4.8,5.2,90.0,35.0,28.0,0.3,0.67,9.0,7.1,41.0,7.041969493544934,171.12175599816675,0,0
77336.0,1.0,48.0,460.0,35.8,40.48,41.0,93.0,74.0,46.0,0.4,1.26,14.0,7.2,15.0,45.0,5.27,5.9,65.0,2013-2014,48.0,460.0,40.48,35.8,4.1,15.0,45.0,5.27,5.9,93.0,74.0,46.0,0.4,1.26,14.0,7.2,65.0,8.434628897552292,195.82286516329552,0,0
77342.0,1.0,37.0,359.61,22.9,,44.0,100.0,29.0,23.0,0.6,1.04,15.0,9.5,14.3,42.9,4.84,5.3,40.0,2013-2014,37.0,359.61,,22.9,4.4,14.3,42.9,4.84,5.3,100.0,29.0,23.0,0.6,1.04,15.0,9.5,40.0,,,0,0
77346.0,1.0,30.0,241.0,24.9,18.73,42.0,95.0,52.0,24.0,0.3,0.75,13.0,5.7,14.3,42.4,5.15,5.5,27.0,2013-2014,30.0,241.0,18.73,24.9,4.2,14.3,42.4,5.15,5.5,95.0,52.0,24.0,0.3,0.75,13.0,5.7,27.0,6.1483935760601085,146.07601052148033,1,1
77360.0,1.0,41.0,380.0,25.3,,40.0,92.0,17.0,16.0,0.4,0.93,19.0,6.6,13.8,41.6,4.46,5.7,29.0,2013-2014,41.0,380.0,,25.3,4.0,13.8,41.6,4.46,5.7,92.0,17.0,16.0,0.4,0.93,19.0,6.6,29.0,,,0,0
77365.0,1.0,23.0,906.0,42.0,55.64,42.0,94.0,21.0,17.0,0.9,1.33,20.0,5.8,16.3,47.9,5.34,5.3,62.0,2013-2014,23.0,906.0,55.64,42.0,4.2,16.3,47.9,5.34,5.3,94.0,21.0,17.0,0.9,1.33,20.0,5.8,62.0,15.01195989340447,356.6601884231026,0,0
77376.0,1.0,60.0,516.0,15.0,63.58,46.0,95.0,16.0,18.0,0.9,0.95,13.0,5.8,14.8,42.6,4.56,5.4,56.0,2013-2014,60.0,516.0,63.58,15.0,4.6,14.8,42.6,4.56,5.4,95.0,16.0,18.0,0.9,0.95,13.0,5.8,56.0,6.650083843417616,172.409206692125,0,0
77377.0,1.0,36.0,321.0,23.8,16.76,46.0,100.0,33.0,28.0,0.6,0.88,11.0,5.7,15.4,46.8,5.26,5.9,45.0,2013-2014,36.0,321.0,16.76,23.8,4.6,15.4,46.8,5.26,5.9,100.0,33.0,28.0,0.6,0.88,11.0,5.7,45.0,8.238785572345789,213.59768058272593,0,0
77380.0,1.0,46.0,523.0,29.3,38.92,48.0,101.0,24.0,26.0,0.9,1.16,12.0,8.3,15.8,47.6,4.99,5.3,44.0,2013-2014,46.0,523.0,38.92,29.3,4.8,15.8,47.6,4.99,5.3,101.0,24.0,26.0,0.9,1.16,12.0,8.3,44.0,9.261629776938063,250.152944173268,0,0
77381.0,1.0,28.0,612.0,25.2,42.23,47.0,92.0,11.0,17.0,0.3,0.98,5.0,5.2,15.0,42.0,4.51,5.3,35.0,2013-2014,28.0,612.0,42.23,25.2,4.7,15.0,42.0,4.51,5.3,92.0,11.0,17.0,0.3,0.98,5.0,5.2,35.0,10.6837992323668,282.7759813171182,0,0
77385.0,1.0,52.0,1480.0,57.4,,42.0,97.0,53.0,43.0,0.6,1.0,13.0,6.3,17.1,49.3,5.49,5.7,48.0,2013-2014,52.0,1480.0,,57.4,4.2,17.1,49.3,5.49,5.7,97.0,53.0,43.0,0.6,1.0,13.0,6.3,48.0,,,0,0
77387.0,1.0,44.0,315.0,9.55,39.71,44.0,92.0,15.0,16.0,0.4,1.04,13.0,5.2,14.4,42.2,4.32,5.0,49.0,2013-2014,44.0,315.0,39.71,9.55,4.4,14.4,42.2,4.32,5.0,92.0,15.0,16.0,0.4,1.04,13.0,5.2,49.0,5.40443179288017,134.25763046112513,0,1
77388.0,1.0,46.0,206.0,22.7,25.34,44.0,83.0,36.0,25.0,0.5,1.39,10.0,6.7,13.1,41.5,5.81,6.8,47.0,2013-2014,46.0,206.0,25.34,22.7,4.4,13.1,41.5,5.81,6.8,83.0,36.0,25.0,0.5,1.39,10.0,6.7,47.0,4.399009747316057,109.28079910789278,1,1
77391.0,1.0,36.0,298.24,21.8,,42.0,105.0,27.0,18.0,0.5,0.99,12.0,8.5,15.1,42.7,4.43,5.3,35.0,2013-2014,36.0,298.24,,21.8,4.2,15.1,42.7,4.43,5.3,105.0,27.0,18.0,0.5,0.99,12.0,8.5,35.0,,,1,0
77414.0,1.0,32.0,295.44,26.1,22.48,46.0,94.0,69.0,39.0,0.5,1.08,14.0,5.0,15.1,45.0,4.89,5.5,50.0,2013-2014,32.0,295.44,22.48,26.1,4.6,15.1,45.0,4.89,5.5,94.0,69.0,39.0,0.5,1.08,14.0,5.0,50.0,6.68804940391754,173.39349686372827,1,0
77419.0,1.0,24.0,419.39,22.2,,51.0,73.0,28.0,40.0,0.6,1.03,14.0,6.6,15.4,44.4,4.89,4.9,28.0,2013-2014,24.0,419.39,,22.2,5.1,15.4,44.4,4.89,4.9,73.0,28.0,40.0,0.6,1.03,14.0,6.6,28.0,,,0,0
77440.0,1.0,19.0,659.0,24.0,36.68,46.0,84.0,21.0,45.0,0.7,1.03,8.0,6.6,16.2,46.2,5.23,5.2,58.0,2013-2014,19.0,659.0,36.68,24.0,4.6,16.2,46.2,5.23,5.2,84.0,21.0,45.0,0.7,1.03,8.0,6.6,58.0,12.845098854376399,333.02035816541263,0,0
77448.0,1.0,26.0,471.97,,36.78,47.0,75.0,22.0,24.0,1.1,1.24,10.0,6.4,14.7,44.7,4.71,5.4,52.0,2013-2014,26.0,471.97,36.78,,4.7,14.7,44.7,4.71,5.4,75.0,22.0,24.0,1.1,1.24,10.0,6.4,52.0,8.61432784904358,228.00175835586563,0,0
77452.0,1.0,27.0,383.0,24.1,24.09,44.0,92.0,57.0,33.0,0.6,1.01,15.0,6.4,16.4,45.9,5.1,4.7,27.0,2013-2014,27.0,383.0,24.09,24.1,4.4,16.4,45.9,5.1,4.7,92.0,57.0,33.0,0.6,1.01,15.0,6.4,27.0,8.850222649028145,219.85843608522458,0,0
77458.0,1.0,50.0,179.19,16.2,18.0,46.0,103.0,23.0,27.0,0.4,1.01,10.0,6.9,15.0,43.4,4.63,5.3,35.0,2013-2014,50.0,179.19,18.0,16.2,4.6,15.0,43.4,4.63,5.3,103.0,23.0,27.0,0.4,1.01,10.0,6.9,35.0,4.308873929447199,111.71130370750102,1,1
77459.0,1.0,29.0,532.0,30.0,61.16,46.0,90.0,31.0,26.0,0.8,1.01,10.0,4.7,17.2,51.4,5.41,5.0,56.0,2013-2014,29.0,532.0,61.16,30.0,4.6,17.2,51.4,5.41,5.0,90.0,31.0,26.0,0.8,1.01,10.0,4.7,56.0,7.091878443412258,183.86311589077891,0,0
77460.0,1.0,45.0,480.0,28.6,30.99,45.0,99.0,31.0,28.0,0.7,0.86,15.0,5.9,16.4,47.2,5.32,5.1,50.0,2013-2014,45.0,480.0,30.99,28.6,4.5,16.4,47.2,5.32,5.1,99.0,31.0,28.0,0.7,0.86,15.0,5.9,50.0,9.906961685175038,251.4783440471655,0,0
77468.0,1.0,54.0,516.67,34.1,60.21,43.0,74.0,19.0,27.0,0.8,1.37,15.0,5.3,15.4,45.3,5.07,5.7,72.0,2013-2014,54.0,516.67,60.21,34.1,4.3,15.4,45.3,5.07,5.7,74.0,19.0,27.0,0.8,1.37,15.0,5.3,72.0,7.117348271146961,172.95348060306287,0,0
77475.0,1.0,48.0,517.93,37.4,42.21,43.0,94.0,56.0,39.0,0.8,1.25,10.0,9.8,16.2,47.5,4.68,5.6,49.0,2013-2014,48.0,517.93,42.21,37.4,4.3,16.2,47.5,4.68,5.6,94.0,56.0,39.0,0.8,1.25,10.0,9.8,49.0,9.198948663749105,223.5369309851004,0,0
77477.0,1.0,59.0,750.0,23.3,54.69,40.0,95.0,24.0,32.0,0.4,1.02,17.0,6.9,13.5,41.1,5.32,6.3,32.0,2013-2014,59.0,750.0,54.69,23.3,4.0,13.5,41.1,5.32,6.3,95.0,24.0,32.0,0.4,1.02,17.0,6.9,32.0,12.29039804318551,278.6807104020689,0,0
77483.0,1.0,45.0,620.0,25.3,45.63,40.0,82.0,11.0,19.0,0.5,1.05,6.0,5.7,16.4,48.6,5.52,5.4,33.0,2013-2014,45.0,620.0,45.63,25.3,4.0,16.4,48.6,5.52,5.4,82.0,11.0,19.0,0.5,1.05,6.0,5.7,33.0,11.155434804002672,252.9457943591278,0,0
77484.0,1.0,40.0,513.0,24.8,37.38,48.0,89.0,19.0,17.0,1.0,0.63,11.0,4.7,15.5,45.3,4.94,4.3,48.0,2013-2014,40.0,513.0,37.38,24.8,4.8,15.5,45.3,4.94,4.3,89.0,19.0,17.0,1.0,0.63,11.0,4.7,48.0,9.278072381170988,250.5970523872439,0,0
77492.0,1.0,34.0,509.0,30.1,42.6,41.0,93.0,28.0,28.0,0.5,1.07,18.0,6.4,13.7,40.1,4.56,5.9,34.0,2013-2014,34.0,509.0,42.6,30.1,4.1,13.7,40.1,4.56,5.9,93.0,28.0,28.0,0.5,1.07,18.0,6.4,34.0,9.16373118637226,212.75009467487197,0,0
77499.0,1.0,31.0,357.0,25.8,18.24,46.0,93.0,33.0,25.0,1.0,1.03,13.0,6.2,16.4,47.9,5.26,4.3,43.0,2013-2014,31.0,357.0,18.24,25.8,4.6,16.4,47.9,5.26,4.3,93.0,33.0,25.0,1.0,1.03,13.0,6.2,43.0,8.960295983941634,232.30346544384116,0,0
77503.0,1.0,59.0,345.0,26.2,35.93,39.0,105.0,15.0,19.0,0.4,1.29,22.0,9.8,6.4,21.7,3.53,5.2,31.0,2013-2014,59.0,345.0,35.93,26.2,3.9,6.4,21.7,3.53,5.2,105.0,15.0,19.0,0.4,1.29,22.0,9.8,31.0,6.729695569694867,148.9470229603295,0,0
77507.0,1.0,43.0,284.0,23.5,27.18,48.0,95.0,37.0,28.0,0.6,0.84,6.0,6.1,15.0,45.3,5.12,5.4,51.0,2013-2014,43.0,284.0,27.18,23.5,4.8,15.0,45.3,5.12,5.4,95.0,37.0,28.0,0.6,0.84,6.0,6.1,51.0,5.714898589686683,154.35714256485997,1,1
77509.0,1.0,53.0,335.33,25.2,,43.0,106.0,32.0,20.0,0.5,1.02,10.0,7.8,13.3,40.4,4.67,6.6,41.0,2013-2014,53.0,335.33,,25.2,4.3,13.3,40.4,4.67,6.6,106.0,32.0,20.0,0.5,1.02,10.0,7.8,41.0,,,0,0
77513.0,1.0,34.0,1016.01,46.7,62.8,44.0,73.0,15.0,16.0,0.3,1.01,7.0,3.9,15.0,45.3,4.8,5.4,55.0,2013-2014,34.0,1016.01,62.8,46.7,4.4,15.0,45.3,4.8,5.4,73.0,15.0,16.0,0.3,1.01,7.0,3.9,55.0,15.457509750980543,383.99756191397984,0,0
77521.0,1.0,41.0,257.57,17.3,32.46,46.0,77.0,25.0,21.0,0.6,1.32,22.0,7.3,14.6,43.6,4.7,5.2,58.0,2013-2014,41.0,257.57,32.46,17.3,4.6,14.6,43.6,4.7,5.2,77.0,25.0,21.0,0.6,1.32,22.0,7.3,58.0,4.790928439048281,124.20898607355846,1,1
77527.0,1.0,47.0,468.23,28.0,62.27,38.0,85.0,18.0,22.0,1.0,0.85,14.0,4.2,14.2,43.0,4.97,5.4,63.0,2013-2014,47.0,468.23,62.27,28.0,3.8,14.2,43.0,4.97,5.4,85.0,18.0,22.0,1.0,0.85,14.0,4.2,63.0,6.461578234804343,139.51152066466034,0,1
77528.0,1.0,40.0,291.0,14.6,36.45,41.0,136.0,19.0,25.0,0.7,0.95,12.0,8.2,15.6,44.3,4.95,5.8,36.0,2013-2014,40.0,291.0,36.45,14.6,4.1,15.6,44.3,4.95,5.8,136.0,19.0,25.0,0.7,0.95,12.0,8.2,36.0,5.39676047599333,125.29408369296812,1,1
77538.0,1.0,23.0,507.0,32.3,18.87,44.0,87.0,32.0,28.0,0.7,0.93,12.0,6.7,14.9,44.2,4.63,5.0,60.0,2013-2014,23.0,507.0,18.87,32.3,4.4,14.9,44.2,4.63,5.0,87.0,32.0,28.0,0.7,0.93,12.0,6.7,60.0,13.443679617317098,333.9697195322784,0,0
77540.0,1.0,43.0,314.0,29.3,,42.0,106.0,20.0,20.0,0.34,1.09,14.0,5.4,14.7,44.2,5.32,5.5,44.0,2013-2014,43.0,314.0,,29.3,4.2,14.7,44.2,5.32,5.5,106.0,20.0,20.0,0.34,1.09,14.0,5.4,44.0,,,0,0
77541.0,1.0,60.0,745.0,19.8,109.4,41.0,91.0,37.0,33.0,0.8,0.95,18.0,4.8,14.5,43.4,4.32,5.3,82.0,2013-2014,60.0,745.0,109.4,19.8,4.1,14.5,43.4,4.32,5.3,91.0,37.0,33.0,0.8,0.95,18.0,4.8,82.0,6.643828643615033,154.24668665911526,0,0
77542.0,1.0,42.0,452.0,32.4,37.46,45.0,88.0,26.0,23.0,0.5,1.24,14.0,8.4,17.3,50.9,5.28,5.3,49.0,2013-2014,42.0,452.0,37.46,32.4,4.5,17.3,50.9,5.28,5.3,88.0,26.0,23.0,0.5,1.24,14.0,8.4,49.0,8.297385965878332,210.6208693369351,0,0
77543.0,1.0,43.0,194.16,12.4,46.0,48.0,100.0,36.0,27.0,1.1,1.21,10.0,5.1,15.6,45.1,5.24,5.1,39.0,2013-2014,43.0,194.16,46.0,12.4,4.8,15.6,45.1,5.24,5.1,100.0,36.0,27.0,1.1,1.21,10.0,5.1,39.0,2.8173387399607916,76.09520111562868,1,1
77546.0,1.0,20.0,302.96,28.2,18.86,45.0,93.0,24.0,22.0,0.4,1.1,10.0,8.0,15.4,44.9,5.11,5.8,36.0,2013-2014,20.0,302.96,18.86,28.2,4.5,15.4,44.9,5.11,5.8,93.0,24.0,22.0,0.4,1.1,10.0,8.0,36.0,7.5086261229854285,190.59898720546047,0,0
77547.0,1.0,36.0,150.0,24.5,20.3,47.0,109.0,76.0,42.0,0.5,0.95,11.0,7.2,15.4,44.5,4.64,5.5,32.0,2013-2014,36.0,150.0,20.3,24.5,4.7,15.4,44.5,4.64,5.5,109.0,76.0,42.0,0.5,0.95,11.0,7.2,32.0,3.3594695157133487,88.91755342358074,1,1
77550.0,1.0,26.0,469.0,29.5,26.63,45.0,94.0,91.0,56.0,0.8,0.85,10.0,6.7,15.5,45.4,4.95,5.3,33.0,2013-2014,26.0,469.0,26.63,29.5,4.5,15.5,45.4,4.95,5.3,94.0,91.0,56.0,0.8,0.85,10.0,6.7,33.0,10.436542712347817,264.92123037138515,0,0
77556.0,1.0,24.0,222.0,44.8,23.52,42.0,79.0,37.0,42.0,0.6,0.99,14.0,7.3,14.3,42.5,5.5,5.3,44.0,2013-2014,24.0,222.0,23.52,44.8,4.2,14.3,42.5,5.5,5.3,79.0,37.0,42.0,0.6,0.99,14.0,7.3,44.0,5.073099928976609,120.52875103623059,1,1
77563.0,1.0,36.0,230.0,16.5,15.43,43.0,187.0,43.0,27.0,0.7,1.01,11.0,7.4,14.5,42.7,4.72,5.5,44.0,2013-2014,36.0,230.0,15.43,16.5,4.3,14.5,42.7,4.72,5.5,187.0,43.0,27.0,0.7,1.01,11.0,7.4,44.0,6.217225888750429,151.0802641924918,1,1
77572.0,1.0,57.0,398.0,28.4,35.97,47.0,103.0,21.0,26.0,0.8,0.87,16.0,6.1,14.4,43.3,4.6,5.4,56.0,2013-2014,57.0,398.0,35.97,28.4,4.7,14.4,43.3,4.6,5.4,103.0,21.0,26.0,0.8,0.87,16.0,6.1,56.0,7.2037321354420945,190.66648290937866,0,0
77575.0,1.0,30.0,250.0,,27.77,43.0,86.0,20.0,21.0,0.9,0.81,11.0,7.7,14.7,43.5,4.88,5.0,52.0,2013-2014,30.0,250.0,27.77,,4.3,14.7,43.5,4.88,5.0,86.0,20.0,21.0,0.9,0.81,11.0,7.7,52.0,5.229234476693129,127.07180668677132,1,1
77578.0,1.0,45.0,234.0,16.2,29.8,44.0,142.0,66.0,41.0,1.0,1.09,18.0,5.7,15.6,44.8,4.98,6.7,26.0,2013-2014,45.0,234.0,29.8,16.2,4.4,15.6,44.8,4.98,6.7,142.0,66.0,41.0,1.0,1.09,18.0,5.7,26.0,4.631961036730439,115.06780675795528,1,1
77585.0,1.0,36.0,599.89,18.1,62.84,45.0,98.0,53.0,44.0,0.8,0.73,8.0,7.7,15.6,45.9,4.89,5.5,41.0,2013-2014,36.0,599.89,62.84,18.1,4.5,15.6,45.9,4.89,5.5,98.0,53.0,44.0,0.8,0.73,8.0,7.7,41.0,8.051068111118354,204.36833619986007,0,0
77587.0,1.0,20.0,202.0,13.9,,43.0,88.0,39.0,28.0,0.4,0.91,12.0,7.8,14.4,42.2,4.93,5.4,44.0,2013-2014,20.0,202.0,,13.9,4.3,14.4,42.2,4.93,5.4,88.0,39.0,28.0,0.4,0.91,12.0,7.8,44.0,,,1,0
77591.0,1.0,23.0,498.0,37.0,48.3,42.0,83.0,20.0,18.0,0.9,0.93,9.0,4.9,14.5,41.8,4.7,4.6,41.0,2013-2014,23.0,498.0,48.3,37.0,4.2,14.5,41.8,4.7,4.6,83.0,20.0,18.0,0.9,0.93,9.0,4.9,41.0,8.102050000247674,192.49176657948036,0,0
77596.0,1.0,49.0,426.0,32.5,30.46,42.0,211.0,26.0,21.0,0.4,0.81,17.0,5.1,16.4,48.6,5.55,11.3,44.0,2013-2014,49.0,426.0,30.46,32.5,4.2,16.4,48.6,5.55,11.3,211.0,26.0,21.0,0.4,0.81,17.0,5.1,44.0,9.078069888153596,215.6804401169152,0,0
77597.0,1.0,58.0,111.0,14.5,,47.0,105.0,28.0,26.0,0.7,1.17,14.0,6.5,15.8,45.3,5.23,5.9,35.0,2013-2014,58.0,111.0,,14.5,4.7,15.8,45.3,5.23,5.9,105.0,28.0,26.0,0.7,1.17,14.0,6.5,35.0,,,1,0
77601.0,1.0,42.0,323.0,29.4,36.71,44.0,87.0,43.0,26.0,0.4,1.14,22.0,5.0,15.4,43.2,4.89,4.9,26.0,2013-2014,42.0,323.0,36.71,29.4,4.4,15.4,43.2,4.89,4.9,87.0,43.0,26.0,0.4,1.14,22.0,5.0,26.0,5.832742568188143,144.89778505972177,0,1
77604.0,1.0,25.0,195.61,58.5,17.22,44.0,99.0,47.0,26.0,1.2,0.92,7.0,8.6,15.7,45.0,5.11,5.2,50.0,2013-2014,25.0,195.61,17.22,58.5,4.4,15.7,45.0,5.11,5.2,99.0,47.0,26.0,1.2,0.92,7.0,8.6,50.0,4.947020624839511,122.89455994398074,1,1
77605.0,1.0,55.0,472.74,26.3,105.5,39.0,94.0,15.0,34.0,2.6,1.28,12.0,8.4,9.4,28.9,3.14,4.1,36.0,2013-2014,55.0,472.74,105.5,26.3,3.9,9.4,28.9,3.14,4.1,94.0,15.0,34.0,2.6,1.28,12.0,8.4,36.0,4.131878638502364,91.45005387906589,0,1
77612.0,1.0,22.0,189.0,44.7,34.28,43.0,94.0,33.0,29.0,0.6,0.82,11.0,8.8,15.3,45.3,5.05,5.5,40.0,2013-2014,22.0,189.0,34.28,44.7,4.3,15.3,45.3,5.05,5.5,94.0,33.0,29.0,0.6,0.82,11.0,8.8,40.0,3.440965475172469,83.61638813975671,1,1
77613.0,1.0,19.0,494.0,29.8,17.93,48.0,124.0,25.0,30.0,0.1,0.65,9.0,5.3,15.8,43.8,5.29,5.4,39.0,2013-2014,19.0,494.0,17.93,29.8,4.8,15.8,43.8,5.29,5.4,124.0,25.0,30.0,0.1,0.65,9.0,5.3,39.0,12.500573382237281,337.6355253593889,0,0
77617.0,1.0,34.0,746.23,24.8,63.78,45.0,94.0,22.0,26.0,0.8,0.77,14.0,4.3,15.4,45.2,5.11,5.1,54.0,2013-2014,34.0,746.23,63.78,24.8,4.5,15.4,45.2,5.11,5.1,94.0,22.0,26.0,0.8,0.77,14.0,4.3,54.0,10.311821107389358,261.75529679067967,0,0
77630.0,1.0,45.0,222.0,18.4,25.44,44.0,142.0,38.0,34.0,0.4,0.81,12.0,3.6,15.6,45.7,5.03,5.7,44.0,2013-2014,45.0,222.0,25.44,18.4,4.4,15.6,45.7,5.03,5.7,142.0,38.0,34.0,0.4,0.81,12.0,3.6,44.0,4.755665059116568,118.14087892549591,1,1
77640.0,1.0,46.0,552.0,36.4,28.89,42.0,95.0,27.0,26.0,0.5,1.42,20.0,6.5,15.7,46.1,4.61,5.5,42.0,2013-2014,46.0,552.0,28.89,36.4,4.2,15.7,46.1,4.61,5.5,95.0,27.0,26.0,0.5,1.42,20.0,6.5,42.0,12.581585720997749,298.91838012996556,0,0
77644.0,1.0,60.0,409.0,17.4,37.85,43.0,93.0,22.0,27.0,0.8,0.95,23.0,4.4,15.0,42.8,4.57,5.0,51.0,2013-2014,60.0,409.0,37.85,17.4,4.3,15.0,42.8,4.57,5.0,93.0,22.0,27.0,0.8,0.95,23.0,4.4,51.0,7.530279610038152,182.98782339345794,0,0
77656.0,1.0,40.0,492.0,45.3,27.45,39.0,92.0,23.0,22.0,0.6,0.97,7.0,6.9,15.0,44.0,4.49,5.0,50.0,2013-2014,40.0,492.0,27.45,45.3,3.9,15.0,44.0,4.49,5.0,92.0,23.0,22.0,0.6,0.97,7.0,6.9,50.0,11.82689926648165,261.76242570717335,0,0
77666.0,1.0,42.0,334.0,21.5,39.54,42.0,144.0,80.0,52.0,0.9,0.79,11.0,8.2,15.7,47.0,5.64,5.8,38.0,2013-2014,42.0,334.0,39.54,21.5,4.2,15.7,47.0,5.64,5.8,144.0,80.0,52.0,0.9,0.79,11.0,8.2,38.0,5.903074402855097,140.2476188151089,0,1
77667.0,1.0,58.0,308.0,22.0,35.82,43.0,92.0,24.0,25.0,0.5,1.18,16.0,6.0,14.6,42.4,5.05,5.5,51.0,2013-2014,58.0,308.0,35.82,22.0,4.3,14.6,42.4,5.05,5.5,92.0,24.0,25.0,0.5,1.18,16.0,6.0,51.0,5.679844035025582,138.02174036116315,0,1
77668.0,1.0,47.0,136.48,37.5,,42.0,87.0,34.0,26.0,0.5,1.08,10.0,6.3,15.1,43.8,4.96,6.0,54.0,2013-2014,47.0,136.48,,37.5,4.2,15.1,43.8,4.96,6.0,87.0,34.0,26.0,0.5,1.08,10.0,6.3,54.0,,,1,0
77670.0,1.0,25.0,607.0,33.6,,45.0,85.0,19.0,25.0,1.0,0.99,20.0,7.9,15.3,45.4,5.43,5.1,71.0,2013-2014,25.0,607.0,,33.6,4.5,15.3,45.4,5.43,5.1,85.0,19.0,25.0,1.0,0.99,20.0,7.9,71.0,,,0,0
77673.0,1.0,26.0,419.0,37.1,25.21,50.0,97.0,16.0,19.0,1.1,1.06,13.0,6.4,16.0,45.5,5.1,5.3,70.0,2013-2014,26.0,419.0,25.21,37.1,5.0,16.0,45.5,5.1,5.3,97.0,16.0,19.0,1.1,1.06,13.0,6.4,70.0,8.841853636146826,248.3971698765594,0,0
77675.0,1.0,33.0,670.0,29.9,36.67,47.0,89.0,23.0,23.0,0.7,0.84,9.0,5.5,15.2,45.8,5.28,5.1,42.0,2013-2014,33.0,670.0,36.67,29.9,4.7,15.2,45.8,5.28,5.1,89.0,23.0,23.0,0.7,0.84,9.0,5.5,42.0,12.93896859387571,342.46520940603915,0,0
77678.0,1.0,34.0,373.0,14.0,36.75,45.0,79.0,18.0,22.0,0.6,0.98,13.0,5.2,15.3,43.9,4.66,5.2,62.0,2013-2014,34.0,373.0,36.75,14.0,4.5,15.3,43.9,4.66,5.2,79.0,18.0,22.0,0.6,0.98,13.0,5.2,62.0,6.762934827044691,171.67035719428583,0,0
77679.0,1.0,29.0,353.0,32.9,28.09,44.0,88.0,39.0,33.0,0.8,0.82,13.0,7.7,15.5,44.2,4.72,5.1,35.0,2013-2014,29.0,353.0,28.09,32.9,4.4,15.5,44.2,4.72,5.1,88.0,39.0,33.0,0.8,0.82,13.0,7.7,35.0,7.487930671728397,186.01619329673827,0,0
77680.0,1.0,22.0,655.0,30.5,,48.0,85.0,18.0,20.0,1.7,1.11,10.0,5.8,16.5,46.3,5.46,5.0,64.0,2013-2014,22.0,655.0,,30.5,4.8,16.5,46.3,5.46,5.0,85.0,18.0,20.0,1.7,1.11,10.0,5.8,64.0,,,0,0
77682.0,1.0,50.0,319.7,30.0,,41.0,223.0,17.0,15.0,0.5,1.01,10.0,5.0,14.6,44.0,5.18,11.1,45.0,2013-2014,50.0,319.7,,30.0,4.1,14.6,44.0,5.18,11.1,223.0,17.0,15.0,0.5,1.01,10.0,5.0,45.0,,,0,0
77696.0,1.0,37.0,580.0,19.4,,45.0,95.0,17.0,26.0,0.6,0.87,14.0,5.6,14.8,45.2,4.98,5.2,53.0,2013-2014,37.0,580.0,,19.4,4.5,14.8,45.2,4.98,5.2,95.0,17.0,26.0,0.6,0.87,14.0,5.6,53.0,,,0,0
77707.0,1.0,38.0,101.0,8.43,,46.0,88.0,22.0,22.0,0.6,1.09,13.0,7.1,14.1,42.4,4.96,5.5,51.0,2013-2014,38.0,101.0,,8.43,4.6,14.1,42.4,4.96,5.5,88.0,22.0,22.0,0.6,1.09,13.0,7.1,51.0,,,1,0
77716.0,1.0,20.0,612.0,22.8,57.11,50.0,56.0,13.0,17.0,0.7,0.84,9.0,4.6,15.4,45.2,5.19,5.0,49.0,2013-2014,20.0,612.0,57.11,22.8,5.0,15.4,45.2,5.19,5.0,56.0,13.0,17.0,0.7,0.84,9.0,4.6,49.0,8.472167408176679,238.01145025836593,0,0
77717.0,1.0,48.0,334.0,39.3,,29.0,253.0,14.0,14.0,0.4,1.48,33.0,7.2,12.1,36.0,4.72,11.6,33.0,2013-2014,48.0,334.0,,39.3,2.9,12.1,36.0,4.72,11.6,253.0,14.0,14.0,0.4,1.48,33.0,7.2,33.0,,,0,0
77718.0,1.0,21.0,683.61,19.7,50.55,47.0,78.0,14.0,18.0,0.8,0.71,12.0,4.4,14.5,40.9,4.62,4.8,49.0,2013-2014,21.0,683.61,50.55,19.7,4.7,14.5,40.9,4.62,4.8,78.0,14.0,18.0,0.8,0.71,12.0,4.4,49.0,10.810398989141015,286.12679030161144,0,0
77720.0,1.0,34.0,263.0,21.0,29.91,41.0,304.0,30.0,22.0,0.7,0.86,11.0,5.9,16.6,47.8,5.13,10.0,35.0,2013-2014,34.0,263.0,29.91,21.0,4.1,16.6,47.8,5.13,10.0,304.0,30.0,22.0,0.7,0.86,11.0,5.9,35.0,5.435745834667603,126.19918867479257,1,1
77721.0,1.0,46.0,389.0,18.2,30.55,48.0,100.0,20.0,26.0,1.2,0.89,14.0,6.7,16.5,50.1,5.54,5.9,52.0,2013-2014,46.0,389.0,30.55,18.2,4.8,16.5,50.1,5.54,5.9,100.0,20.0,26.0,1.2,0.89,14.0,6.7,52.0,7.599312809328846,205.25442268063918,0,0
77723.0,1.0,27.0,221.0,17.1,,49.0,57.0,25.0,27.0,0.8,0.98,9.0,7.4,14.5,43.4,4.86,4.6,40.0,2013-2014,27.0,221.0,,17.1,4.9,14.5,43.4,4.86,4.6,57.0,25.0,27.0,0.8,0.98,9.0,7.4,40.0,,,1,0
77736.0,1.0,58.0,570.24,15.4,53.47,44.0,101.0,17.0,15.0,0.6,0.81,9.0,2.4,14.7,43.3,4.57,6.1,66.0,2013-2014,58.0,570.24,53.47,15.4,4.4,14.7,43.3,4.57,6.1,101.0,17.0,15.0,0.6,0.81,9.0,2.4,66.0,8.642028925634023,214.68645926120445,0,0
77742.0,1.0,19.0,804.73,23.8,48.08,47.0,79.0,9.0,18.0,0.8,0.86,4.0,4.4,14.1,42.3,4.66,5.2,54.0,2013-2014,19.0,804.73,48.08,23.8,4.7,14.1,42.3,4.66,5.2,79.0,9.0,18.0,0.8,0.86,4.0,4.4,54.0,13.60844295321544,360.1846802432876,0,0
77745.0,1.0,33.0,337.0,21.5,17.89,44.0,96.0,42.0,27.0,0.5,1.0,10.0,5.2,15.4,44.9,4.84,5.5,26.0,2013-2014,33.0,337.0,17.89,21.5,4.4,15.4,44.9,4.84,5.5,96.0,42.0,27.0,0.5,1.0,10.0,5.2,26.0,8.736709836861445,217.0385353495807,0,0
77746.0,1.0,36.0,557.0,29.4,46.91,46.0,93.0,24.0,23.0,0.8,0.94,9.0,5.9,15.8,45.5,5.13,5.0,46.0,2013-2014,36.0,557.0,46.91,29.4,4.6,15.8,45.5,5.13,5.0,93.0,24.0,23.0,0.8,0.94,9.0,5.9,46.0,9.035503678055502,234.2532903159216,0,0
77747.0,1.0,27.0,814.0,35.2,52.82,47.0,88.0,12.0,21.0,0.7,0.79,8.0,5.0,15.6,45.0,4.76,5.2,67.0,2013-2014,27.0,814.0,52.82,35.2,4.7,15.6,45.0,4.76,5.2,88.0,12.0,21.0,0.7,0.79,8.0,5.0,67.0,12.93410670719716,342.3365262712593,0,0
77750.0,1.0,59.0,295.0,26.6,31.83,43.0,85.0,19.0,23.0,0.7,1.18,15.0,5.2,14.3,41.2,4.66,5.1,61.0,2013-2014,59.0,295.0,31.83,26.6,4.3,14.3,41.2,4.66,5.1,85.0,19.0,23.0,0.7,1.18,15.0,5.2,61.0,5.80763111268633,141.12700077775912,1,1
77756.0,1.0,55.0,258.0,23.9,34.3,42.0,83.0,22.0,19.0,0.9,0.87,14.0,6.9,16.2,46.8,5.14,5.8,46.0,2013-2014,55.0,258.0,34.3,23.9,4.2,16.2,46.8,5.14,5.8,83.0,22.0,19.0,0.9,0.87,14.0,6.9,46.0,4.857439977839496,115.4050150714367,1,1
77771.0,1.0,33.0,363.59,12.1,,48.0,101.0,25.0,31.0,0.9,0.92,16.0,5.6,15.0,45.2,5.1,5.3,64.0,2013-2014,33.0,363.59,,12.1,4.8,15.0,45.2,5.1,5.3,101.0,25.0,31.0,0.9,0.92,16.0,5.6,64.0,,,0,0
77772.0,1.0,56.0,427.84,36.3,,43.0,142.0,32.0,27.0,0.5,0.76,17.0,6.7,15.0,44.3,5.24,7.0,27.0,2013-2014,56.0,427.84,,36.3,4.3,15.0,44.3,5.24,7.0,142.0,32.0,27.0,0.5,0.76,17.0,6.7,27.0,,,0,0
77780.0,1.0,50.0,668.0,29.5,39.18,46.0,92.0,15.0,17.0,1.2,0.85,10.0,5.2,15.9,47.4,5.45,5.4,62.0,2013-2014,50.0,668.0,39.18,29.5,4.6,15.9,47.4,5.45,5.4,92.0,15.0,17.0,1.2,0.85,10.0,5.2,62.0,12.55015259141223,325.3736198066485,0,0
77781.0,1.0,25.0,480.36,23.0,37.69,41.0,93.0,16.0,21.0,0.5,0.94,8.0,5.2,14.4,41.5,4.75,4.9,42.0,2013-2014,25.0,480.36,37.69,23.0,4.1,14.4,41.5,4.75,4.9,93.0,16.0,21.0,0.5,0.94,8.0,5.2,42.0,9.286471780036656,215.59970608221923,0,0
77791.0,1.0,31.0,436.95,19.3,,44.0,70.0,18.0,26.0,1.2,1.12,12.0,6.0,15.9,45.0,4.97,5.2,33.0,2013-2014,31.0,436.95,,19.3,4.4,15.9,45.0,4.97,5.2,70.0,18.0,26.0,1.2,1.12,12.0,6.0,33.0,,,0,0
77801.0,1.0,33.0,766.0,18.5,60.69,43.0,88.0,17.0,23.0,0.5,0.76,15.0,5.8,15.4,44.9,4.72,5.2,69.0,2013-2014,33.0,766.0,60.69,18.5,4.3,15.4,44.9,4.72,5.2,88.0,17.0,23.0,0.5,0.76,15.0,5.8,69.0,11.275961646913364,274.00890608182,0,0
77803.0,1.0,51.0,327.0,11.9,31.27,44.0,101.0,19.0,23.0,0.6,0.98,12.0,5.4,14.4,43.3,4.58,5.6,35.0,2013-2014,51.0,327.0,31.27,11.9,4.4,14.4,43.3,4.58,5.6,101.0,19.0,23.0,0.6,0.98,12.0,5.4,35.0,6.492406659818325,161.28525024324665,0,1
77806.0,1.0,23.0,783.0,37.2,34.78,46.0,82.0,26.0,24.0,1.0,0.94,7.0,5.4,18.3,52.3,5.57,4.7,93.0,2013-2014,23.0,783.0,34.78,37.2,4.6,18.3,52.3,5.57,4.7,82.0,26.0,24.0,1.0,0.94,7.0,5.4,93.0,16.25508522484193,421.42722021495644,0,0
77807.0,1.0,30.0,700.28,21.6,,44.0,81.0,16.0,23.0,0.5,1.1,11.0,5.2,16.2,47.2,4.93,5.3,47.0,2013-2014,30.0,700.28,,21.6,4.4,16.2,47.2,4.93,5.3,81.0,16.0,23.0,0.5,1.1,11.0,5.2,47.0,,,0,0
77808.0,1.0,49.0,172.0,25.0,19.46,40.0,115.0,30.0,21.0,0.4,1.01,25.0,6.0,13.5,40.8,4.95,5.6,43.0,2013-2014,49.0,172.0,19.46,25.0,4.0,13.5,40.8,4.95,5.6,115.0,30.0,21.0,0.4,1.01,25.0,6.0,43.0,4.344867149719031,98.51842549213974,1,1
77811.0,1.0,55.0,449.0,20.8,41.0,38.0,106.0,27.0,20.0,0.6,1.01,13.0,5.4,15.0,44.8,4.88,5.8,35.0,2013-2014,55.0,449.0,41.0,20.8,3.8,15.0,44.8,4.88,5.8,106.0,27.0,20.0,0.6,1.01,13.0,5.4,35.0,8.419844264835755,181.79231674696638,0,0
77813.0,1.0,27.0,347.0,20.2,18.24,49.0,93.0,17.0,14.0,0.6,0.87,18.0,5.3,15.4,44.7,5.2,5.0,47.0,2013-2014,27.0,347.0,18.24,20.2,4.9,15.4,44.7,5.2,5.0,93.0,17.0,14.0,0.6,0.87,18.0,5.3,47.0,8.319766042698285,229.22178298084685,0,0
77821.0,1.0,23.0,642.39,42.4,26.92,45.0,76.0,32.0,34.0,0.6,1.0,15.0,5.4,15.6,47.5,5.24,5.3,48.0,2013-2014,23.0,642.39,26.92,42.4,4.5,15.6,47.5,5.24,5.3,76.0,32.0,34.0,0.6,1.0,15.0,5.4,48.0,14.891676087075293,378.0103488306064,0,0
77836.0,1.0,26.0,274.0,14.8,45.33,48.0,81.0,18.0,25.0,0.2,0.77,15.0,4.5,14.7,43.5,4.9,5.2,56.0,2013-2014,26.0,274.0,45.33,14.8,4.8,14.7,43.5,4.9,5.2,81.0,18.0,25.0,0.2,0.77,15.0,4.5,56.0,4.108730676476945,110.9751847450255,1,1
77838.0,1.0,33.0,508.07,31.0,49.51,49.0,66.0,19.0,16.0,1.0,1.14,13.0,6.3,16.2,47.8,5.78,5.6,55.0,2013-2014,33.0,508.07,49.51,31.0,4.9,16.2,47.8,5.78,5.6,66.0,19.0,16.0,1.0,1.14,13.0,6.3,55.0,7.614951044430544,209.8030938319658,0,0
77840.0,1.0,53.0,552.0,15.6,58.96,46.0,100.0,17.0,26.0,0.8,1.03,16.0,4.9,14.8,44.2,4.99,5.7,79.0,2013-2014,53.0,552.0,58.96,15.6,4.6,14.8,44.2,4.99,5.7,100.0,17.0,26.0,0.8,1.03,16.0,4.9,79.0,7.6050605309816,197.16780778485412,0,0
77841.0,1.0,56.0,258.0,21.6,16.46,40.0,101.0,28.0,22.0,0.6,1.01,19.0,5.0,14.1,40.7,4.68,6.0,53.0,2013-2014,56.0,258.0,16.46,21.6,4.0,14.1,40.7,4.68,6.0,101.0,28.0,22.0,0.6,1.01,19.0,5.0,53.0,7.197144781171404,163.19287735318431,1,0
77843.0,1.0,42.0,395.0,25.3,32.54,42.0,266.0,38.0,23.0,1.2,0.65,10.0,4.6,14.4,43.9,5.4,10.9,34.0,2013-2014,42.0,395.0,32.54,25.3,4.2,14.4,43.9,5.4,10.9,266.0,38.0,23.0,1.2,0.65,10.0,4.6,34.0,8.02608490281952,190.68695720384324,0,0
77844.0,1.0,20.0,295.0,22.8,21.71,48.0,99.0,32.0,31.0,0.8,0.99,8.0,7.3,17.9,50.1,5.88,5.0,43.0,2013-2014,20.0,295.0,21.71,22.8,4.8,17.9,50.1,5.88,5.0,99.0,32.0,31.0,0.8,0.99,8.0,7.3,43.0,6.603220965071476,178.35037733341306,1,0
77845.0,1.0,46.0,142.0,14.9,14.05,40.0,202.0,43.0,31.0,0.4,0.93,9.0,5.4,13.9,41.3,4.84,8.2,37.0,2013-2014,46.0,142.0,14.05,14.9,4.0,13.9,41.3,4.84,8.2,202.0,43.0,31.0,0.4,0.93,9.0,5.4,37.0,4.058110764805516,92.01631931305337,1,1
77851.0,1.0,45.0,278.0,18.7,34.28,45.0,96.0,25.0,22.0,1.1,0.77,7.0,5.7,16.1,45.8,4.93,5.3,45.0,2013-2014,45.0,278.0,34.28,18.7,4.5,16.1,45.8,4.93,5.3,96.0,25.0,22.0,1.1,0.77,7.0,5.7,45.0,5.099652890547937,129.44960371144077,1,1
77855.0,1.0,23.0,573.0,18.2,41.1,46.0,79.0,20.0,21.0,0.4,0.92,13.0,4.0,14.8,45.0,4.99,5.3,67.0,2013-2014,23.0,573.0,41.1,18.2,4.6,14.8,45.0,4.99,5.3,79.0,20.0,21.0,0.4,0.92,13.0,4.0,67.0,10.176438283410953,263.8330121402759,0,0
77856.0,1.0,33.0,757.83,24.1,60.3,45.0,80.0,54.0,29.0,0.4,0.74,14.0,4.7,14.7,43.9,4.74,4.8,41.0,2013-2014,33.0,757.83,60.3,24.1,4.5,14.7,43.9,4.74,4.8,80.0,54.0,29.0,0.4,0.74,14.0,4.7,41.0,10.972578784021536,278.52797156387146,0,0
77864.0,1.0,40.0,649.0,21.9,47.23,43.0,93.0,23.0,18.0,0.5,0.95,10.0,3.9,15.5,45.6,5.73,5.2,37.0,2013-2014,40.0,649.0,47.23,21.9,4.3,15.5,45.6,5.73,5.2,93.0,23.0,18.0,0.5,0.95,10.0,3.9,37.0,11.114421398301182,270.0834345170488,0,0
77865.0,1.0,38.0,368.0,16.5,33.71,40.0,80.0,20.0,22.0,0.5,1.06,11.0,6.3,14.8,43.3,4.93,5.4,52.0,2013-2014,38.0,368.0,33.71,16.5,4.0,14.8,43.3,4.93,5.4,80.0,20.0,22.0,0.5,1.06,11.0,6.3,52.0,7.438355800316315,168.662257428257,0,0
77866.0,1.0,60.0,529.0,32.6,44.06,38.0,117.0,31.0,21.0,0.8,0.95,17.0,6.5,13.4,39.3,4.67,6.4,59.0,2013-2014,60.0,529.0,44.06,32.6,3.8,13.4,39.3,4.67,6.4,117.0,31.0,21.0,0.8,0.95,17.0,6.5,59.0,9.69452418070523,209.31384894258122,0,0
77874.0,1.0,52.0,494.0,34.6,45.5,32.0,383.0,36.0,29.0,0.7,1.98,24.0,7.9,17.7,51.2,5.69,10.3,39.0,2013-2014,52.0,494.0,45.5,34.6,3.2,17.7,51.2,5.69,10.3,383.0,36.0,29.0,0.7,1.98,24.0,7.9,39.0,9.378217692027265,171.99403088671409,0,0
77889.0,1.0,38.0,474.0,52.1,,43.0,94.0,25.0,26.0,0.6,0.89,12.0,7.6,12.1,37.4,5.0,5.4,79.0,2013-2014,38.0,474.0,,52.1,4.3,12.1,37.4,5.0,5.4,94.0,25.0,26.0,0.6,0.89,12.0,7.6,79.0,,,0,0
77893.0,1.0,24.0,393.0,25.7,14.22,49.0,120.0,60.0,33.0,0.4,0.84,15.0,5.5,17.4,52.2,5.62,5.6,36.0,2013-2014,24.0,393.0,14.22,25.7,4.9,17.4,52.2,5.62,5.6,120.0,60.0,33.0,0.4,0.84,15.0,5.5,36.0,10.336738218870805,284.7923310073486,0,0
77898.0,1.0,40.0,219.0,15.6,29.33,45.0,99.0,109.0,52.0,0.5,0.96,10.0,6.9,14.9,44.0,4.85,5.4,70.0,2013-2014,40.0,219.0,29.33,15.6,4.5,14.9,44.0,4.85,5.4,99.0,109.0,52.0,0.5,0.96,10.0,6.9,70.0,4.30195530219808,109.20084582345717,1,1
77900.0,1.0,56.0,552.0,26.6,61.51,45.0,106.0,29.0,24.0,0.9,0.85,13.0,8.1,15.1,44.5,4.9,5.5,84.0,2013-2014,56.0,552.0,61.51,26.6,4.5,15.1,44.5,4.9,5.5,106.0,29.0,24.0,0.9,0.85,13.0,8.1,84.0,7.4299057227340235,188.60074833798032,0,0
77910.0,1.0,58.0,324.0,20.8,24.54,39.0,95.0,19.0,18.0,0.6,0.77,17.0,7.2,17.3,52.2,5.68,5.7,27.0,2013-2014,58.0,324.0,24.54,20.8,3.9,17.3,52.2,5.68,5.7,95.0,19.0,18.0,0.6,0.77,17.0,7.2,27.0,7.818701205037166,173.04976961378802,0,0
77930.0,1.0,43.0,382.0,30.7,34.36,46.0,88.0,26.0,23.0,0.7,1.41,14.0,7.3,15.6,45.8,5.4,5.4,52.0,2013-2014,43.0,382.0,34.36,30.7,4.6,15.6,45.8,5.4,5.4,88.0,26.0,23.0,0.7,1.41,14.0,7.3,52.0,7.145008966948911,185.24057091687735,0,0
77931.0,1.0,36.0,532.51,23.7,31.73,41.0,80.0,28.0,24.0,0.5,1.23,12.0,3.7,13.1,39.7,4.4,5.1,49.0,2013-2014,36.0,532.51,31.73,23.7,4.1,13.1,39.7,4.4,5.1,80.0,28.0,24.0,0.5,1.23,12.0,3.7,49.0,11.617874513286724,269.7268014908926,0,0
77932.0,1.0,28.0,350.0,20.3,22.88,47.0,89.0,17.0,26.0,0.4,1.02,15.0,6.2,16.5,46.9,5.21,5.2,63.0,2013-2014,28.0,350.0,22.88,20.3,4.7,16.5,46.9,5.21,5.2,89.0,17.0,26.0,0.4,1.02,15.0,6.2,63.0,7.87577066096623,208.453821421158,0,0
77941.0,1.0,50.0,418.0,33.5,45.44,43.0,88.0,46.0,39.0,0.6,1.18,10.0,7.5,15.8,46.4,4.97,6.0,59.0,2013-2014,50.0,418.0,45.44,33.5,4.3,15.8,46.4,4.97,6.0,88.0,46.0,39.0,0.6,1.18,10.0,7.5,59.0,6.85031249417711,166.46443927573208,0,0
77943.0,1.0,38.0,344.0,21.8,11.92,44.0,88.0,23.0,26.0,1.2,1.03,15.0,8.2,17.0,50.2,6.03,5.6,52.0,2013-2014,38.0,344.0,11.92,21.8,4.4,17.0,50.2,6.03,5.6,88.0,23.0,26.0,1.2,1.03,15.0,8.2,52.0,10.225233421410858,254.01664091294117,0,0
77952.0,1.0,27.0,353.81,19.1,,45.0,73.0,35.0,34.0,0.4,0.98,11.0,6.5,14.6,43.5,4.9,5.4,42.0,2013-2014,27.0,353.81,,19.1,4.5,14.6,43.5,4.9,5.4,73.0,35.0,34.0,0.4,0.98,11.0,6.5,42.0,,,0,0
77959.0,1.0,44.0,928.0,67.2,119.7,41.0,108.0,76.0,45.0,0.7,1.08,9.0,6.5,18.9,55.9,6.3,5.4,45.0,2013-2014,44.0,928.0,119.7,67.2,4.1,18.9,55.9,6.3,5.4,108.0,76.0,45.0,0.7,1.08,9.0,6.5,45.0,7.923542092370878,183.95719996884657,0,0
77963.0,1.0,32.0,222.0,15.3,22.11,44.0,101.0,30.0,24.0,0.8,0.81,10.0,7.2,16.6,46.3,5.37,5.0,23.0,2013-2014,32.0,222.0,22.11,15.3,4.4,16.6,46.3,5.37,5.0,101.0,30.0,24.0,0.8,0.81,10.0,7.2,23.0,5.087434324167562,126.38273618128662,1,1
77965.0,1.0,47.0,426.0,49.3,44.09,46.0,92.0,33.0,26.0,0.8,1.15,14.0,9.2,14.5,42.7,5.05,6.6,48.0,2013-2014,47.0,426.0,44.09,49.3,4.6,14.5,42.7,5.05,6.6,92.0,33.0,26.0,0.8,1.15,14.0,9.2,48.0,6.929671516244979,179.65776024544235,0,0
77972.0,1.0,35.0,438.09,27.8,24.26,50.0,99.0,80.0,38.0,0.5,0.98,14.0,6.5,16.3,47.0,5.21,5.2,43.0,2013-2014,35.0,438.09,24.26,27.8,5.0,16.3,47.0,5.21,5.2,99.0,80.0,38.0,0.5,0.98,14.0,6.5,43.0,9.448299215191748,265.4342496245291,0,0
77973.0,1.0,57.0,640.0,29.71,71.23,43.0,93.0,17.0,25.0,0.7,0.81,15.0,7.3,14.1,43.0,4.78,5.7,33.0,2013-2014,57.0,640.0,71.23,29.71,4.3,14.1,43.0,4.78,5.7,93.0,17.0,25.0,0.7,0.81,15.0,7.3,33.0,7.9925678211287385,194.2215514764306,0,0
77989.0,1.0,53.0,475.0,28.3,82.64,43.0,78.0,31.0,27.0,0.6,0.84,10.0,4.7,15.9,48.1,5.43,5.5,32.0,2013-2014,53.0,475.0,82.64,28.3,4.3,15.9,48.1,5.43,5.5,78.0,31.0,27.0,0.6,0.84,10.0,4.7,32.0,5.015979954116672,121.88966433138549,0,1
77993.0,1.0,21.0,120.3,30.3,,38.0,94.0,16.0,18.0,0.3,0.75,9.0,7.6,13.8,42.1,4.68,5.8,42.0,2013-2014,21.0,120.3,,30.3,3.8,13.8,42.1,4.68,5.8,94.0,16.0,18.0,0.3,0.75,9.0,7.6,42.0,,,1,0
77995.0,1.0,20.0,288.0,24.1,15.29,42.0,96.0,37.0,24.0,0.4,0.84,16.0,5.8,13.6,41.7,5.51,5.7,36.0,2013-2014,20.0,288.0,15.29,24.1,4.2,13.6,41.7,5.51,5.7,96.0,37.0,24.0,0.4,0.84,16.0,5.8,36.0,8.06564811331307,191.62691589074674,1,0
77997.0,1.0,45.0,431.0,29.8,47.45,46.0,78.0,55.0,49.0,0.7,0.88,11.0,6.4,14.9,42.6,4.68,5.5,38.0,2013-2014,45.0,431.0,47.45,29.8,4.6,14.9,42.6,4.68,5.5,78.0,55.0,49.0,0.7,0.88,11.0,6.4,38.0,6.687961994533039,173.39123069942204,0,0
78004.0,1.0,23.0,219.0,21.3,12.54,47.0,123.0,77.0,39.0,0.5,0.83,14.0,6.4,15.4,45.1,5.39,5.7,34.0,2013-2014,23.0,219.0,12.54,21.3,4.7,15.4,45.1,5.39,5.7,123.0,77.0,39.0,0.5,0.83,14.0,6.4,34.0,5.940424293800326,157.2295840257291,1,1
78012.0,1.0,33.0,253.0,20.7,20.1,45.0,88.0,50.0,44.0,0.7,1.1,16.0,8.8,13.7,39.8,4.72,5.3,29.0,2013-2014,33.0,253.0,20.1,20.7,4.5,13.7,39.8,4.72,5.3,88.0,50.0,44.0,0.7,1.1,16.0,8.8,29.0,6.0220702590079,152.864248858174,1,1
78015.0,1.0,47.0,551.0,18.6,39.94,43.0,97.0,31.0,26.0,0.6,0.75,14.0,6.1,15.4,46.1,5.18,5.9,46.0,2013-2014,47.0,551.0,39.94,18.6,4.3,15.4,46.1,5.18,5.9,97.0,31.0,26.0,0.6,0.75,14.0,6.1,46.0,10.247367629744137,249.01379433239364,0,0
78034.0,1.0,31.0,401.0,29.7,22.88,46.0,90.0,30.0,27.0,1.2,1.25,21.0,6.4,17.2,53.4,5.84,5.1,37.0,2013-2014,31.0,401.0,22.88,29.7,4.6,17.2,53.4,5.84,5.1,90.0,30.0,27.0,1.2,1.25,21.0,6.4,37.0,9.27405324278449,240.43789522919437,0,0
78046.0,1.0,19.0,374.0,21.7,21.49,45.0,85.0,30.0,21.0,0.9,0.89,10.0,7.3,15.0,42.5,4.78,4.6,35.0,2013-2014,19.0,374.0,21.49,21.7,4.5,15.0,42.5,4.78,4.6,85.0,30.0,21.0,0.9,0.89,10.0,7.3,35.0,8.950714210161022,227.2049553778967,0,0
78048.0,1.0,43.0,432.0,20.9,48.08,44.0,92.0,30.0,28.0,0.9,0.98,16.0,4.4,16.0,45.2,4.8,5.3,70.0,2013-2014,43.0,432.0,48.08,20.9,4.4,16.0,45.2,4.8,5.3,92.0,30.0,28.0,0.9,0.98,16.0,4.4,70.0,6.773484516876526,168.26782463958554,0,0
78051.0,1.0,40.0,289.0,12.6,30.53,50.0,87.0,18.0,23.0,0.6,0.87,12.0,5.6,13.6,39.7,4.64,5.1,47.0,2013-2014,40.0,289.0,30.53,12.6,5.0,13.6,39.7,4.64,5.1,87.0,18.0,23.0,0.6,0.87,12.0,5.6,47.0,5.368515181705361,150.81950374334497,1,1
78061.0,1.0,47.0,484.0,21.6,50.59,47.0,93.0,38.0,31.0,1.0,0.96,11.0,4.9,16.0,46.1,5.4,4.9,64.0,2013-2014,47.0,484.0,50.59,21.6,4.7,16.0,46.1,5.4,4.9,93.0,38.0,31.0,1.0,0.96,11.0,4.9,64.0,7.233126950951795,191.44449713639722,0,0
78068.0,1.0,19.0,638.0,14.0,45.09,50.0,105.0,11.0,17.0,0.5,1.04,15.0,7.0,15.3,43.8,4.93,5.4,46.0,2013-2014,19.0,638.0,45.09,14.0,5.0,15.3,43.8,4.93,5.4,105.0,11.0,17.0,0.5,1.04,15.0,7.0,46.0,10.42234570790707,292.7984655542687,0,0
78070.0,1.0,46.0,456.0,23.7,53.87,43.0,70.0,24.0,24.0,0.4,0.95,10.0,6.2,15.1,45.2,4.98,5.6,49.0,2013-2014,46.0,456.0,53.87,23.7,4.3,15.1,45.2,4.98,5.6,70.0,24.0,24.0,0.4,0.95,10.0,6.2,49.0,6.704980673885782,162.93283688616495,0,0
78074.0,1.0,51.0,520.0,40.5,21.14,39.0,88.0,20.0,18.0,0.8,0.95,12.0,7.3,15.2,45.7,4.9,6.1,36.0,2013-2014,51.0,520.0,21.14,40.5,3.9,15.2,45.7,4.9,6.1,88.0,20.0,18.0,0.8,0.95,12.0,7.3,36.0,14.344376041991248,317.48124198951615,0,0
78080.0,1.0,58.0,364.0,41.3,26.49,46.0,107.0,23.0,23.0,0.5,1.02,10.0,7.0,14.8,43.4,4.87,5.6,34.0,2013-2014,58.0,364.0,26.49,41.3,4.6,14.8,43.4,4.87,5.6,107.0,23.0,23.0,0.5,1.02,10.0,7.0,34.0,7.779690411194071,201.69523929114624,0,0
78082.0,1.0,40.0,641.66,25.9,61.21,46.0,84.0,30.0,23.0,1.3,1.02,14.0,6.0,16.8,49.3,5.5,4.8,43.0,2013-2014,40.0,641.66,61.21,25.9,4.6,16.8,49.3,5.5,4.8,84.0,30.0,23.0,1.3,1.02,14.0,6.0,43.0,8.812776796629118,228.47890222700403,0,0
78083.0,1.0,53.0,647.25,21.6,102.3,36.0,88.0,21.0,40.0,0.6,0.68,3.0,3.8,14.4,42.6,4.28,5.3,77.0,2013-2014,53.0,647.25,102.3,21.6,3.6,14.4,42.6,4.28,5.3,88.0,21.0,40.0,0.6,0.68,3.0,3.8,77.0,6.178468103002484,126.7030953662928,0,1
78085.0,1.0,32.0,286.0,25.7,19.21,46.0,73.0,14.0,16.0,0.9,1.08,10.0,6.5,14.2,42.7,5.32,5.3,61.0,2013-2014,32.0,286.0,19.21,25.7,4.6,14.2,42.7,5.32,5.3,73.0,14.0,16.0,0.9,1.08,10.0,6.5,61.0,6.903931724319492,178.99043375591452,1,0
78093.0,1.0,29.0,528.0,,19.65,42.0,90.0,25.0,17.0,0.6,0.78,24.0,5.7,16.5,47.6,5.35,5.2,49.0,2013-2014,29.0,528.0,19.65,,4.2,16.5,47.6,5.35,5.2,90.0,25.0,17.0,0.6,0.78,24.0,5.7,49.0,14.312275952765873,340.03681560058254,0,0
78096.0,1.0,28.0,204.0,21.4,10.65,40.0,105.0,28.0,25.0,0.4,0.74,12.0,7.4,14.1,44.8,4.8,5.5,33.0,2013-2014,28.0,204.0,10.65,21.4,4.0,14.1,44.8,4.8,5.5,105.0,28.0,25.0,0.4,0.74,12.0,7.4,33.0,6.504075527875757,147.47776127739922,1,0
78108.0,1.0,49.0,863.0,31.8,73.68,46.0,102.0,12.0,16.0,0.7,0.86,10.0,6.5,14.3,42.3,5.03,5.4,71.0,2013-2014,49.0,863.0,73.68,31.8,4.6,14.3,42.3,5.03,5.4,102.0,12.0,16.0,0.7,0.86,10.0,6.5,71.0,10.862401258186333,281.6171987890286,0,0
78111.0,1.0,32.0,394.0,8.86,53.42,44.0,80.0,16.0,21.0,0.4,0.64,13.0,3.7,16.0,45.9,5.2,5.3,59.0,2013-2014,32.0,394.0,53.42,8.86,4.4,16.0,45.9,5.2,5.3,80.0,16.0,21.0,0.4,0.64,13.0,3.7,59.0,5.670256190961537,140.86127635266473,0,1
78121.0,1.0,22.0,475.0,36.4,,44.0,96.0,24.0,21.0,0.7,0.83,9.0,6.9,16.0,46.7,5.06,5.0,43.0,2013-2014,22.0,475.0,,36.4,4.4,16.0,46.7,5.06,5.0,96.0,24.0,21.0,0.7,0.83,9.0,6.9,43.0,,,0,0
78124.0,1.0,46.0,466.66,56.0,34.29,43.0,149.0,30.0,28.0,1.9,0.64,10.0,5.6,15.1,44.9,5.19,7.6,55.0,2013-2014,46.0,466.66,34.29,56.0,4.3,15.1,44.9,5.19,7.6,149.0,30.0,28.0,1.9,0.64,10.0,5.6,55.0,9.2892008741847,225.73008401517419,0,0
78139.0,1.0,60.0,802.0,36.3,88.23,54.0,95.0,22.0,30.0,0.8,1.29,16.0,6.3,14.6,43.4,4.61,5.7,48.0,2013-2014,60.0,802.0,88.23,36.3,5.4,14.6,43.4,4.61,5.7,95.0,22.0,30.0,0.8,1.29,16.0,6.3,48.0,8.08719225525074,244.72493544364633,0,0
78146.0,1.0,33.0,298.0,48.8,39.31,42.0,96.0,37.0,25.0,1.0,0.74,9.0,7.2,15.4,44.5,5.43,5.5,44.0,2013-2014,33.0,298.0,39.31,48.8,4.2,15.4,44.5,5.43,5.5,96.0,37.0,25.0,1.0,0.74,9.0,7.2,44.0,5.224419627604546,124.123865372266,1,1
78188.0,1.0,29.0,276.0,43.1,,42.0,96.0,38.0,38.0,0.4,1.17,13.0,6.7,15.2,46.2,5.26,5.9,43.0,2013-2014,29.0,276.0,,43.1,4.2,15.2,46.2,5.26,5.9,96.0,38.0,38.0,0.4,1.17,13.0,6.7,43.0,,,1,0
78191.0,1.0,26.0,665.0,14.2,58.27,43.0,91.0,15.0,21.0,0.7,0.92,13.0,5.7,15.0,43.8,4.85,5.2,54.0,2013-2014,26.0,665.0,58.27,14.2,4.3,15.0,43.8,4.85,5.2,91.0,15.0,21.0,0.7,0.92,13.0,5.7,54.0,9.81117775395132,238.4142628287838,0,0
78193.0,1.0,33.0,589.2,35.2,35.44,45.0,78.0,21.0,16.0,0.8,0.6,11.0,5.3,15.2,44.2,4.99,5.7,50.0,2013-2014,33.0,589.2,35.44,35.2,4.5,15.2,44.2,4.99,5.7,78.0,21.0,16.0,0.8,0.6,11.0,5.3,50.0,11.635921360108236,295.36626143228705,0,0
78208.0,1.0,52.0,964.0,29.9,116.9,41.0,80.0,36.0,35.0,0.8,1.48,11.0,6.9,16.3,48.4,5.55,5.5,60.0,2013-2014,52.0,964.0,116.9,29.9,4.1,16.3,48.4,5.55,5.5,80.0,36.0,35.0,0.8,1.48,11.0,6.9,60.0,8.491284915749882,197.1382216474931,0,0
78211.0,1.0,34.0,1290.0,15.6,11.49,47.0,94.0,72.0,55.0,0.9,0.83,10.0,5.5,16.2,47.1,5.32,5.0,36.0,2013-2014,34.0,1290.0,11.49,15.6,4.7,16.2,47.1,5.32,5.0,94.0,72.0,55.0,0.9,0.83,10.0,5.5,36.0,41.36179485275203,1094.7530811970546,0,0
78213.0,1.0,38.0,281.0,21.4,30.23,49.0,69.0,18.0,21.0,0.6,1.05,12.0,7.3,13.9,40.8,4.39,4.6,74.0,2013-2014,38.0,281.0,30.23,21.4,4.9,13.9,40.8,4.39,4.6,69.0,18.0,21.0,0.6,1.05,12.0,7.3,74.0,5.292461718807781,145.81509928487677,1,1
78220.0,1.0,30.0,764.0,26.1,76.09,45.0,79.0,12.0,21.0,1.1,1.82,18.0,7.9,14.0,42.3,4.74,5.2,82.0,2013-2014,30.0,764.0,76.09,26.1,4.5,14.0,42.3,4.74,5.2,79.0,12.0,21.0,1.1,1.82,18.0,7.9,82.0,9.196130570018033,233.43460496574951,0,0
78221.0,1.0,30.0,167.0,14.4,15.51,48.0,113.0,44.0,36.0,0.7,1.12,12.0,9.3,15.4,45.1,4.83,5.3,32.0,2013-2014,30.0,167.0,15.51,14.4,4.8,15.4,45.1,4.83,5.3,113.0,44.0,36.0,0.7,1.12,12.0,9.3,32.0,4.1150214181151,111.1450951797674,1,1
78229.0,1.0,22.0,369.07,15.1,,46.0,121.0,29.0,32.0,0.6,1.17,7.0,5.4,14.5,44.7,5.33,5.2,65.0,2013-2014,22.0,369.07,,15.1,4.6,14.5,44.7,5.33,5.2,121.0,29.0,32.0,0.6,1.17,7.0,5.4,65.0,,,0,0
78236.0,1.0,47.0,315.0,14.8,34.55,44.0,92.0,54.0,32.0,0.9,0.99,16.0,5.1,16.4,48.3,5.36,5.1,39.0,2013-2014,47.0,315.0,34.55,14.8,4.4,16.4,48.3,5.36,5.1,92.0,54.0,32.0,0.9,0.99,16.0,5.1,39.0,5.8836436987609,146.1622778760607,0,1
78237.0,1.0,39.0,381.0,18.9,24.24,45.0,109.0,32.0,26.0,0.8,0.68,8.0,4.8,14.9,44.4,5.07,5.7,43.0,2013-2014,39.0,381.0,24.24,18.9,4.5,14.9,44.4,5.07,5.7,109.0,32.0,26.0,0.8,0.68,8.0,4.8,43.0,8.653220883770995,219.65338392106966,0,0
78244.0,1.0,28.0,151.0,13.6,13.31,44.0,80.0,204.0,102.0,0.8,0.99,15.0,6.2,16.3,50.1,6.0,5.7,36.0,2013-2014,28.0,151.0,13.31,13.6,4.4,16.3,50.1,6.0,5.7,80.0,204.0,102.0,0.8,0.99,15.0,6.2,36.0,4.139054875782117,102.8229647940336,1,1
78251.0,1.0,40.0,271.0,19.7,19.13,49.0,88.0,34.0,22.0,0.7,0.86,10.0,4.3,14.8,43.5,4.91,5.4,30.0,2013-2014,40.0,271.0,19.13,19.7,4.9,14.8,43.5,4.91,5.4,88.0,34.0,22.0,0.7,0.86,10.0,4.3,30.0,6.26322700251066,172.56110969481773,1,1
78267.0,1.0,32.0,512.0,30.3,25.09,43.0,90.0,29.0,25.0,0.7,1.02,9.0,5.2,16.3,45.1,5.15,5.5,59.0,2013-2014,32.0,512.0,25.09,30.3,4.3,16.3,45.1,5.15,5.5,90.0,29.0,25.0,0.7,1.02,9.0,5.2,59.0,12.211674950360669,296.7469914631219,0,0
78269.0,1.0,40.0,229.0,17.6,28.52,43.0,87.0,23.0,21.0,0.9,1.06,13.0,5.5,14.6,41.6,5.02,5.1,33.0,2013-2014,40.0,229.0,28.52,17.6,4.3,14.6,41.6,5.02,5.1,87.0,23.0,21.0,0.9,1.06,13.0,5.5,33.0,4.689588059559532,113.95825335447286,1,1
78270.0,1.0,55.0,231.0,18.6,11.8,47.0,105.0,38.0,30.0,0.9,0.97,13.0,5.0,15.0,42.8,4.84,5.6,42.0,2013-2014,55.0,231.0,11.8,18.6,4.7,15.0,42.8,4.84,5.6,105.0,38.0,30.0,0.9,0.97,13.0,5.0,42.0,6.3942114153254614,169.24030191806762,1,1
78282.0,1.0,32.0,291.0,,22.98,47.0,106.0,44.0,29.0,0.8,0.98,12.0,6.3,16.0,46.4,5.68,5.7,36.0,2013-2014,32.0,291.0,22.98,,4.7,16.0,46.4,5.68,5.7,106.0,44.0,29.0,0.8,0.98,12.0,6.3,36.0,6.429703581559224,170.17969921649467,1,1
78294.0,1.0,30.0,197.62,19.0,30.92,45.0,93.0,49.0,33.0,0.9,0.96,15.0,6.6,14.2,42.6,4.8,5.4,40.0,2013-2014,30.0,197.62,30.92,19.0,4.5,14.2,42.6,4.8,5.4,93.0,49.0,33.0,0.9,0.96,15.0,6.6,40.0,3.7463925926721147,95.09844039929833,1,1
78296.0,1.0,59.0,762.0,33.9,103.2,43.0,125.0,36.0,64.0,1.8,0.78,8.0,5.5,16.9,47.4,4.68,5.8,72.0,2013-2014,59.0,762.0,103.2,33.9,4.3,16.9,47.4,4.68,5.8,125.0,36.0,64.0,1.8,0.78,8.0,5.5,72.0,7.1164227562155755,172.9309903408704,0,0
78299.0,1.0,38.0,332.0,59.5,45.1,39.0,101.0,15.0,14.0,0.5,0.99,10.0,8.3,13.9,42.9,4.8,5.5,48.0,2013-2014,38.0,332.0,45.1,59.5,3.9,13.9,42.9,4.8,5.5,101.0,15.0,14.0,0.5,0.99,10.0,8.3,48.0,5.536091853995836,122.52922765197216,0,1
78304.0,1.0,60.0,194.79,16.8,77.03,33.0,91.0,39.0,81.0,0.5,0.66,6.0,6.1,11.5,34.8,4.14,4.9,36.0,2013-2014,60.0,194.79,77.03,16.8,3.3,11.5,34.8,4.14,4.9,91.0,39.0,81.0,0.5,0.66,6.0,6.1,36.0,2.150808329043192,40.61070710387216,1,1
78322.0,1.0,29.0,218.0,22.5,18.44,47.0,104.0,128.0,75.0,1.2,1.15,9.0,7.2,16.0,47.7,5.19,5.8,21.0,2013-2014,29.0,218.0,18.44,22.5,4.7,16.0,47.7,5.19,5.8,104.0,128.0,75.0,1.2,1.15,9.0,7.2,21.0,5.178014805858057,137.05033070681435,1,1
78323.0,1.0,55.0,459.0,23.4,44.57,41.0,102.0,23.0,19.0,0.8,0.86,17.0,4.5,15.9,45.7,5.1,5.8,56.0,2013-2014,55.0,459.0,44.57,23.4,4.1,15.9,45.7,5.1,5.8,102.0,23.0,19.0,0.8,0.86,17.0,4.5,56.0,7.884080840656043,183.04104639912978,0,0
78327.0,1.0,39.0,475.0,20.6,43.48,44.0,88.0,19.0,25.0,1.1,0.7,8.0,4.7,15.3,44.3,4.91,4.8,56.0,2013-2014,39.0,475.0,43.48,20.6,4.4,15.3,44.3,4.91,4.8,88.0,19.0,25.0,1.1,0.7,8.0,4.7,56.0,8.076877139762987,200.64688164605573,0,0
78329.0,1.0,22.0,756.0,32.0,30.28,47.0,86.0,20.0,26.0,0.6,0.97,20.0,6.9,16.0,47.2,5.85,5.4,54.0,2013-2014,22.0,756.0,30.28,32.0,4.7,16.0,47.2,5.85,5.4,86.0,20.0,26.0,0.6,0.97,20.0,6.9,54.0,16.538093515997893,437.725898941716,0,0
78330.0,1.0,27.0,488.84,19.6,26.41,50.0,99.0,20.0,19.0,0.5,0.89,17.0,6.1,15.3,44.7,5.02,5.1,38.0,2013-2014,27.0,488.84,26.41,19.6,5.0,15.3,44.7,5.02,5.1,99.0,20.0,19.0,0.5,0.89,17.0,6.1,38.0,10.277309175450156,288.7239054367245,0,0
78346.0,1.0,32.0,220.0,23.0,,46.0,109.0,43.0,31.0,0.9,0.82,13.0,7.3,14.6,42.2,4.78,5.4,34.0,2013-2014,32.0,220.0,,23.0,4.6,14.6,42.2,4.78,5.4,109.0,43.0,31.0,0.9,0.82,13.0,7.3,34.0,,,1,0
78349.0,1.0,33.0,399.85,20.7,40.12,43.0,97.0,27.0,27.0,1.1,1.13,13.0,7.3,14.4,41.2,4.82,4.9,45.0,2013-2014,33.0,399.85,40.12,20.7,4.3,14.4,41.2,4.82,4.9,97.0,27.0,27.0,1.1,1.13,13.0,7.3,45.0,7.074795058280881,171.91942606538242,0,0
78351.0,1.0,23.0,343.0,22.2,16.41,49.0,79.0,37.0,29.0,0.6,0.92,11.0,6.2,15.5,44.2,5.19,5.1,51.0,2013-2014,23.0,343.0,16.41,22.2,4.9,15.5,44.2,5.19,5.1,79.0,37.0,29.0,0.6,0.92,11.0,6.2,51.0,8.528871705233598,234.98295133002202,0,0
78352.0,1.0,25.0,562.0,26.1,,46.0,83.0,17.0,16.0,0.3,0.83,13.0,5.0,15.6,46.1,4.81,4.8,51.0,2013-2014,25.0,562.0,,26.1,4.6,15.6,46.1,4.81,4.8,83.0,17.0,16.0,0.3,0.83,13.0,5.0,51.0,,,0,0
78354.0,1.0,44.0,167.0,6.92,52.06,46.0,86.0,27.0,28.0,1.2,0.93,10.0,4.3,15.4,45.1,4.81,5.1,66.0,2013-2014,44.0,167.0,52.06,6.92,4.6,15.4,45.1,4.81,5.1,86.0,27.0,28.0,1.2,0.93,10.0,4.3,66.0,2.250118361200952,58.336275263962605,1,1
78362.0,1.0,52.0,231.0,37.0,27.66,44.0,172.0,45.0,34.0,0.3,0.8,8.0,7.0,15.3,44.8,5.29,8.7,42.0,2013-2014,52.0,231.0,27.66,37.0,4.4,15.3,44.8,5.29,8.7,172.0,45.0,34.0,0.3,0.8,8.0,7.0,42.0,4.754268142494856,118.10617653257647,1,1
78367.0,1.0,30.0,341.0,9.21,40.69,47.0,87.0,34.0,29.0,0.6,1.0,15.0,5.1,17.5,49.9,5.33,4.8,55.0,2013-2014,30.0,341.0,40.69,9.21,4.7,17.5,49.9,5.33,4.8,87.0,34.0,29.0,0.6,1.0,15.0,5.1,55.0,5.635756001108058,149.16570398001792,0,1
78368.0,1.0,52.0,561.0,26.0,47.08,44.0,96.0,16.0,17.0,0.4,0.93,13.0,5.3,14.3,41.8,4.43,5.0,45.0,2013-2014,52.0,561.0,47.08,26.0,4.4,14.3,41.8,4.43,5.0,96.0,16.0,17.0,0.4,0.93,13.0,5.3,45.0,9.278402970505532,230.49534993199933,0,0
78369.0,1.0,23.0,521.0,32.4,41.13,44.0,57.0,22.0,22.0,0.4,0.91,15.0,6.9,15.4,47.2,5.53,5.3,36.0,2013-2014,23.0,521.0,41.13,32.4,4.4,15.4,47.2,5.53,5.3,57.0,22.0,22.0,0.4,0.91,15.0,6.9,36.0,9.314987480944767,231.40418732164366,0,0
78375.0,1.0,44.0,343.91,25.1,,43.0,123.0,31.0,22.0,0.5,0.69,12.0,5.6,16.4,47.7,5.28,5.4,49.0,2013-2014,44.0,343.91,,25.1,4.3,16.4,47.7,5.28,5.4,123.0,31.0,22.0,0.5,0.69,12.0,5.6,49.0,,,0,0
78381.0,1.0,21.0,564.0,32.7,33.38,48.0,81.0,13.0,18.0,1.1,1.06,13.0,4.0,15.8,46.0,4.91,5.2,49.0,2013-2014,21.0,564.0,33.38,32.7,4.8,15.8,46.0,4.91,5.2,81.0,13.0,18.0,1.1,1.06,13.0,4.0,49.0,11.024483274260213,297.76691742874715,0,0
78382.0,1.0,46.0,614.0,23.7,51.99,40.0,96.0,19.0,23.0,0.7,1.21,15.0,5.6,14.3,42.2,4.56,5.4,84.0,2013-2014,46.0,614.0,51.99,23.7,4.0,14.3,42.2,4.56,5.4,96.0,19.0,23.0,0.7,1.21,15.0,5.6,84.0,10.023444743605237,227.27829416172378,0,0
78386.0,1.0,44.0,762.0,37.4,57.24,43.0,145.0,63.0,55.0,0.6,0.85,9.0,4.2,17.1,49.8,5.71,6.1,42.0,2013-2014,44.0,762.0,57.24,37.4,4.3,17.1,49.8,5.71,6.1,145.0,63.0,55.0,0.6,0.85,9.0,4.2,42.0,11.723465719965894,284.88337562720443,0,0
78391.0,1.0,55.0,374.0,19.2,29.92,41.0,104.0,20.0,18.0,0.7,1.33,21.0,8.7,15.9,46.1,4.81,5.9,41.0,2013-2014,55.0,374.0,29.92,19.2,4.1,15.9,46.1,4.81,5.9,104.0,20.0,18.0,0.7,1.33,21.0,8.7,41.0,8.02125936965746,186.22585665150962,0,0
78393.0,1.0,26.0,158.43,10.3,22.33,42.0,117.0,31.0,29.0,0.6,1.0,7.0,5.9,13.6,39.5,4.56,5.6,46.0,2013-2014,26.0,158.43,22.33,10.3,4.2,13.6,39.5,4.56,5.6,117.0,31.0,29.0,0.6,1.0,7.0,5.9,46.0,3.6346032732709928,86.3523682112685,1,1
78404.0,1.0,44.0,350.0,22.3,34.03,47.0,90.0,20.0,19.0,0.4,0.94,9.0,6.1,15.7,46.1,4.96,5.5,41.0,2013-2014,44.0,350.0,34.03,22.3,4.7,15.7,46.1,4.96,5.5,90.0,20.0,19.0,0.4,0.94,9.0,6.1,41.0,6.448057694853275,170.66549104813143,0,1
78411.0,1.0,41.0,315.0,16.5,29.74,45.0,98.0,26.0,24.0,0.4,0.93,16.0,5.3,14.1,41.2,4.46,5.6,45.0,2013-2014,41.0,315.0,29.74,16.5,4.5,14.1,41.2,4.46,5.6,98.0,26.0,24.0,0.4,0.93,16.0,5.3,45.0,6.32880306815679,160.65035537205372,0,1
78420.0,1.0,44.0,265.0,14.3,21.35,45.0,105.0,44.0,26.0,1.0,1.07,18.0,8.4,15.4,46.2,5.28,5.5,43.0,2013-2014,44.0,265.0,21.35,14.3,4.5,15.4,46.2,5.28,5.5,105.0,44.0,26.0,1.0,1.07,18.0,8.4,43.0,6.166621125334872,156.5335284667635,1,1
78422.0,1.0,52.0,296.0,24.5,29.99,39.0,80.0,16.0,22.0,0.4,1.16,17.0,6.5,12.8,39.7,5.1,5.9,47.0,2013-2014,52.0,296.0,29.99,24.5,3.9,12.8,39.7,5.1,5.9,80.0,16.0,22.0,0.4,1.16,17.0,6.5,47.0,6.335392540254778,140.21999188275532,1,1
78424.0,1.0,45.0,694.0,22.0,54.49,44.0,95.0,33.0,22.0,0.6,1.1,18.0,5.7,15.4,46.1,5.11,5.4,61.0,2013-2014,45.0,694.0,54.49,22.0,4.4,15.4,46.1,5.11,5.4,95.0,33.0,22.0,0.6,1.1,18.0,5.7,61.0,10.754219701681018,267.1577901136914,0,0
78434.0,1.0,32.0,335.0,21.44,10.38,46.0,104.0,48.0,27.0,0.8,0.99,15.0,7.3,15.0,43.4,4.94,5.4,27.0,2013-2014,32.0,335.0,10.38,21.44,4.6,15.0,43.4,4.94,5.4,104.0,48.0,27.0,0.8,0.99,15.0,7.3,27.0,9.957825589872318,258.16528795013176,0,0
78438.0,1.0,33.0,367.0,22.7,,45.0,78.0,18.0,21.0,0.7,0.81,9.0,6.2,14.6,42.3,4.78,4.8,60.0,2013-2014,33.0,367.0,,22.7,4.5,14.6,42.3,4.78,4.8,78.0,18.0,21.0,0.7,0.81,9.0,6.2,60.0,,,0,0
78440.0,1.0,57.0,447.0,31.2,30.66,44.0,121.0,21.0,23.0,0.9,0.95,14.0,5.9,15.9,44.6,5.36,5.3,45.0,2013-2014,57.0,447.0,30.66,31.2,4.4,15.9,44.6,5.36,5.3,121.0,21.0,23.0,0.9,0.95,14.0,5.9,45.0,9.308357565467256,231.23948605862822,0,0
78441.0,1.0,27.0,530.85,22.1,,46.0,101.0,8.0,14.0,0.7,1.04,12.0,5.3,13.8,42.2,4.88,5.5,51.0,2013-2014,27.0,530.85,,22.1,4.6,13.8,42.2,4.88,5.5,101.0,8.0,14.0,0.7,1.04,12.0,5.3,51.0,,,0,0
78460.0,1.0,32.0,785.0,40.0,40.68,47.0,95.0,24.0,22.0,0.3,1.01,11.0,6.3,13.9,39.8,4.49,5.2,53.0,2013-2014,32.0,785.0,40.68,40.0,4.7,13.9,39.8,4.49,5.2,95.0,24.0,22.0,0.3,1.01,11.0,6.3,53.0,14.695820201912815,388.9650945766811,0,0
78462.0,1.0,58.0,387.0,21.8,53.05,42.0,97.0,20.0,21.0,0.6,1.05,12.0,4.5,13.2,40.4,5.06,5.6,56.0,2013-2014,58.0,387.0,53.05,21.8,4.2,13.2,40.4,5.06,5.6,97.0,20.0,21.0,0.6,1.05,12.0,4.5,56.0,5.685033424063455,135.06731343646533,0,1
78474.0,1.0,45.0,513.0,18.2,41.74,47.0,126.0,20.0,21.0,0.7,0.8,19.0,4.8,15.5,46.4,5.22,5.8,57.0,2013-2014,45.0,513.0,41.74,18.2,4.7,15.5,46.4,5.22,5.8,126.0,20.0,21.0,0.7,0.8,19.0,4.8,57.0,8.773379990770314,232.2115085092671,0,0
78478.0,1.0,47.0,284.0,30.1,28.19,43.0,90.0,30.0,19.0,0.4,1.15,13.0,6.1,16.5,48.0,5.37,5.2,30.0,2013-2014,47.0,284.0,28.19,30.1,4.3,16.5,48.0,5.37,5.2,90.0,30.0,19.0,0.4,1.15,13.0,6.1,30.0,5.958416906755254,144.79113619957604,1,1
78479.0,1.0,28.0,621.0,37.7,43.15,44.0,52.0,19.0,21.0,0.3,1.21,18.0,5.3,16.2,47.2,5.86,5.2,64.0,2013-2014,28.0,621.0,43.15,37.7,4.4,16.2,47.2,5.86,5.2,52.0,19.0,21.0,0.3,1.21,18.0,5.3,64.0,11.087181927834013,275.4292830716105,0,0
78490.0,1.0,23.0,584.0,17.9,47.71,46.0,91.0,10.0,18.0,0.6,0.84,8.0,4.8,15.4,46.4,4.95,5.5,60.0,2013-2014,23.0,584.0,47.71,17.9,4.6,15.4,46.4,4.95,5.5,91.0,10.0,18.0,0.6,0.84,8.0,4.8,60.0,9.438824263396972,244.70972722688697,0,0
78499.0,1.0,23.0,384.97,24.0,,40.0,73.0,19.0,36.0,0.5,1.03,7.0,5.6,12.7,37.1,4.49,5.4,38.0,2013-2014,23.0,384.97,,24.0,4.0,12.7,37.1,4.49,5.4,73.0,19.0,36.0,0.5,1.03,7.0,5.6,38.0,,,0,0
78500.0,1.0,36.0,314.08,31.3,30.08,44.0,97.0,15.0,21.0,0.8,1.47,11.0,5.2,15.0,46.8,5.61,5.8,52.0,2013-2014,36.0,314.08,30.08,31.3,4.4,15.0,46.8,5.61,5.8,97.0,15.0,21.0,0.8,1.47,11.0,5.2,52.0,6.345331247230213,157.63158281808165,0,1
78506.0,1.0,57.0,607.99,16.5,105.7,41.0,88.0,26.0,30.0,0.5,0.81,17.0,4.0,12.7,37.7,3.84,5.5,46.0,2013-2014,57.0,607.99,105.7,16.5,4.1,12.7,37.7,3.84,5.5,88.0,26.0,30.0,0.5,0.81,17.0,4.0,46.0,5.4188794823638835,125.80761039991121,0,1
78508.0,1.0,51.0,456.0,20.6,,45.0,85.0,24.0,21.0,0.3,0.74,17.0,7.5,15.8,45.5,5.03,5.9,45.0,2013-2014,51.0,456.0,,20.6,4.5,15.8,45.5,5.03,5.9,85.0,24.0,21.0,0.3,0.74,17.0,7.5,45.0,,,0,0
78510.0,1.0,40.0,473.0,37.5,35.66,41.0,69.0,23.0,35.0,0.6,1.08,17.0,7.1,13.9,41.2,4.39,4.7,38.0,2013-2014,40.0,473.0,35.66,37.5,4.1,13.9,41.2,4.39,4.7,69.0,23.0,35.0,0.6,1.08,17.0,7.1,38.0,9.44496041213872,219.279263109683,0,0
78512.0,1.0,31.0,633.71,21.6,63.21,44.0,86.0,8.0,22.0,0.4,0.91,9.0,4.6,13.9,41.5,4.4,5.0,43.0,2013-2014,31.0,633.71,63.21,21.6,4.4,13.9,41.5,4.4,5.0,86.0,8.0,22.0,0.4,0.91,9.0,4.6,43.0,8.62120576240335,214.16916740496558,0,0
78514.0,1.0,45.0,623.0,21.6,76.58,42.0,85.0,7.0,19.0,0.6,1.4,6.0,6.0,14.7,44.5,4.95,5.9,58.0,2013-2014,45.0,623.0,76.58,21.6,4.2,14.7,44.5,4.95,5.9,85.0,7.0,19.0,0.6,1.4,6.0,6.0,58.0,7.347526913476303,174.5655032395622,0,0
78518.0,1.0,38.0,402.0,23.9,32.15,46.0,97.0,22.0,24.0,0.7,0.92,11.0,8.2,16.1,47.4,5.14,4.7,48.0,2013-2014,38.0,402.0,32.15,23.9,4.6,16.1,47.4,5.14,4.7,97.0,22.0,24.0,0.7,0.92,11.0,8.2,48.0,7.85215870834954,203.5740429148435,0,0
78526.0,1.0,30.0,477.0,33.7,15.37,42.0,92.0,28.0,22.0,0.8,0.94,8.0,6.6,15.6,45.1,5.08,4.8,28.0,2013-2014,30.0,477.0,15.37,33.7,4.2,15.6,45.1,5.08,4.8,92.0,28.0,22.0,0.8,0.94,8.0,6.6,28.0,13.98435709621454,332.2459873546004,0,0
78528.0,1.0,38.0,1250.0,15.4,13.7,44.0,75.0,29.0,29.0,0.5,1.19,12.0,5.3,17.6,51.4,5.82,5.2,32.0,2013-2014,38.0,1250.0,13.7,15.4,4.4,17.6,51.4,5.82,5.2,75.0,29.0,29.0,0.5,1.19,12.0,5.3,32.0,40.98205980988158,1018.0819098761461,0,0
78531.0,1.0,60.0,457.0,31.6,44.25,41.0,88.0,20.0,20.0,0.4,1.16,16.0,6.2,14.5,41.7,4.82,5.6,30.0,2013-2014,60.0,457.0,44.25,31.6,4.1,14.5,41.7,4.82,5.6,88.0,20.0,20.0,0.4,1.16,16.0,6.2,30.0,7.883710742768986,183.03245400822382,0,0
78536.0,1.0,51.0,382.0,43.2,28.46,46.0,100.0,36.0,25.0,0.5,0.89,18.0,7.3,15.8,46.7,5.12,5.3,46.0,2013-2014,51.0,382.0,28.46,43.2,4.6,15.8,46.7,5.12,5.3,100.0,36.0,25.0,0.5,0.89,18.0,7.3,46.0,7.915966147935654,205.22830627439293,0,0
78549.0,1.0,20.0,301.0,9.68,26.74,46.0,115.0,14.0,16.0,0.7,0.9,6.0,5.7,15.7,44.7,4.46,5.2,35.0,2013-2014,20.0,301.0,26.74,9.68,4.6,15.7,44.7,4.46,5.2,115.0,14.0,16.0,0.7,0.9,6.0,5.7,35.0,6.286475115021986,162.98233420673907,0,1
78560.0,1.0,22.0,339.0,20.9,26.34,44.0,91.0,19.0,22.0,0.7,1.16,18.0,5.6,14.1,41.3,4.97,4.4,41.0,2013-2014,22.0,339.0,26.34,20.9,4.4,14.1,41.3,4.97,4.4,91.0,19.0,22.0,0.7,1.16,18.0,5.6,41.0,7.401221590182368,183.86215448674412,0,0
78562.0,1.0,48.0,505.0,32.4,34.93,42.0,108.0,40.0,28.0,0.5,1.02,14.0,6.9,15.4,45.3,4.9,5.3,46.0,2013-2014,48.0,505.0,34.93,32.4,4.2,15.4,45.3,4.9,5.3,108.0,40.0,28.0,0.5,1.02,14.0,6.9,46.0,10.187403881362203,242.03644385336045,0,0
78566.0,1.0,43.0,341.0,22.4,21.23,42.0,110.0,27.0,18.0,0.5,0.82,15.0,6.3,13.9,41.0,4.39,5.9,46.0,2013-2014,43.0,341.0,21.23,22.4,4.2,13.9,41.0,4.39,5.9,110.0,27.0,18.0,0.5,0.82,15.0,6.3,46.0,8.49107181928561,201.73430361421677,0,0
78572.0,1.0,51.0,369.0,24.4,27.68,43.0,127.0,13.0,21.0,0.9,0.93,11.0,6.8,16.3,46.9,5.26,5.7,33.0,2013-2014,51.0,369.0,27.68,24.4,4.3,16.3,46.9,5.26,5.7,127.0,13.0,21.0,0.9,0.93,11.0,6.8,33.0,8.030111058565256,195.1338622613441,0,0
78575.0,1.0,22.0,428.0,26.6,26.21,49.0,88.0,44.0,35.0,1.4,0.89,14.0,6.5,14.8,43.9,4.78,3.9,48.0,2013-2014,22.0,428.0,26.21,26.6,4.9,14.8,43.9,4.78,3.9,88.0,44.0,35.0,1.4,0.89,14.0,6.5,48.0,9.00581471512966,248.12343226993676,0,0
78577.0,1.0,22.0,380.0,12.6,32.38,49.0,87.0,20.0,24.0,0.6,0.86,13.0,7.8,15.6,44.5,4.86,5.1,39.0,2013-2014,22.0,380.0,32.38,12.6,4.9,15.6,44.5,4.86,5.1,87.0,20.0,24.0,0.6,0.86,13.0,7.8,39.0,7.097949032291672,195.55892850099903,0,0
78583.0,1.0,54.0,509.77,27.1,57.66,44.0,90.0,21.0,23.0,0.9,0.83,12.0,4.9,14.3,39.2,4.18,5.9,51.0,2013-2014,54.0,509.77,57.66,27.1,4.4,14.3,39.2,4.18,5.9,90.0,21.0,23.0,0.9,0.83,12.0,4.9,51.0,7.1787703040326365,178.33598934745268,0,0
78588.0,1.0,49.0,323.53,,36.56,44.0,121.0,55.0,54.0,0.8,1.09,28.0,5.8,15.0,46.4,5.03,6.1,45.0,2013-2014,49.0,323.53,36.56,,4.4,15.0,46.4,5.03,6.1,121.0,55.0,54.0,0.8,1.09,28.0,5.8,45.0,5.857837842667986,145.5212052852992,0,1
78595.0,1.0,31.0,197.0,32.8,24.79,43.0,95.0,48.0,36.0,1.6,0.89,12.0,9.1,15.8,46.9,5.55,5.4,37.0,2013-2014,31.0,197.0,24.79,32.8,4.3,15.8,46.9,5.55,5.4,95.0,48.0,36.0,1.6,0.89,12.0,9.1,37.0,4.294016488376822,104.34575759660449,1,1
78599.0,1.0,36.0,316.0,23.4,23.11,43.0,96.0,28.0,21.0,0.5,0.98,16.0,6.4,15.0,45.0,5.38,5.2,36.0,2013-2014,36.0,316.0,23.11,23.4,4.3,15.0,45.0,5.38,5.2,96.0,28.0,21.0,0.5,0.98,16.0,6.4,36.0,7.402110062423555,179.8732688539353,0,0
78601.0,1.0,46.0,225.0,18.6,26.49,45.0,81.0,23.0,27.0,0.8,0.83,9.0,7.0,16.0,47.2,5.5,5.4,36.0,2013-2014,46.0,225.0,26.49,18.6,4.5,16.0,47.2,5.5,5.4,81.0,23.0,27.0,0.8,0.83,9.0,7.0,36.0,4.669723092389157,118.53626447250015,1,1
78603.0,1.0,33.0,721.0,25.9,34.26,49.0,88.0,17.0,21.0,0.8,1.17,10.0,6.8,14.7,42.4,4.56,5.4,42.0,2013-2014,33.0,721.0,34.26,25.9,4.9,14.7,42.4,4.56,5.4,88.0,17.0,21.0,0.8,1.17,10.0,6.8,42.0,14.288008185188604,393.6556262093724,0,0
78606.0,1.0,42.0,133.0,12.5,,43.0,112.0,26.0,25.0,0.7,1.0,16.0,4.9,14.6,42.8,4.97,5.7,38.0,2013-2014,42.0,133.0,,12.5,4.3,14.6,42.8,4.97,5.7,112.0,26.0,25.0,0.7,1.0,16.0,4.9,38.0,,,1,0
78608.0,1.0,59.0,229.0,17.8,109.1,38.0,83.0,18.0,21.0,0.8,0.69,6.0,4.5,12.8,37.2,3.82,4.9,57.0,2013-2014,59.0,229.0,109.1,17.8,3.8,12.8,37.2,3.82,4.9,83.0,18.0,21.0,0.8,0.69,6.0,4.5,57.0,1.8448083208260997,39.83113796981844,1,1
78611.0,1.0,21.0,480.0,25.1,45.24,47.0,78.0,21.0,22.0,1.2,0.84,10.0,5.2,14.4,41.8,4.49,4.6,57.0,2013-2014,21.0,480.0,45.24,25.1,4.7,14.4,41.8,4.49,4.6,78.0,21.0,22.0,1.2,0.84,10.0,5.2,57.0,7.72293623905328,204.40864023649672,0,0
78621.0,1.0,50.0,226.0,15.4,30.38,36.0,92.0,14.0,19.0,0.7,5.16,44.0,7.2,11.3,34.2,4.56,5.6,46.0,2013-2014,50.0,226.0,30.38,15.4,3.6,11.3,34.2,4.56,5.6,92.0,14.0,19.0,0.7,5.16,44.0,7.2,46.0,4.8595232890960265,99.65522722919641,1,1
78626.0,1.0,51.0,639.7,25.9,,42.0,102.0,25.0,21.0,1.1,0.83,13.0,5.8,16.3,48.6,5.24,5.4,61.0,2013-2014,51.0,639.7,,25.9,4.2,16.3,48.6,5.24,5.4,102.0,25.0,21.0,1.1,0.83,13.0,5.8,61.0,,,0,0
78633.0,1.0,24.0,522.0,12.5,27.15,48.0,100.0,22.0,21.0,0.8,0.93,8.0,7.5,15.0,43.4,5.09,5.1,43.0,2013-2014,24.0,522.0,27.15,12.5,4.8,15.0,43.4,5.09,5.1,100.0,22.0,21.0,0.8,0.93,8.0,7.5,43.0,11.21132929865932,302.8135543853325,0,0
78638.0,1.0,40.0,263.74,23.9,,43.0,81.0,18.0,21.0,0.7,0.86,7.0,5.0,15.8,47.0,5.35,5.7,68.0,2013-2014,40.0,263.74,,23.9,4.3,15.8,47.0,5.35,5.7,81.0,18.0,21.0,0.7,0.86,7.0,5.0,68.0,,,1,0
78645.0,1.0,37.0,370.0,27.4,23.97,41.0,88.0,29.0,24.0,0.9,1.15,13.0,5.9,15.7,44.7,4.98,5.2,42.0,2013-2014,37.0,370.0,23.97,27.4,4.1,15.7,44.7,4.98,5.2,88.0,29.0,24.0,0.9,1.15,13.0,5.9,42.0,8.909304139018175,206.84317997914982,0,0
78649.0,1.0,50.0,254.13,22.0,,41.0,232.0,12.0,16.0,0.7,0.81,12.0,3.9,13.4,39.3,4.26,9.3,37.0,2013-2014,50.0,254.13,,22.0,4.1,13.4,39.3,4.26,9.3,232.0,12.0,16.0,0.7,0.81,12.0,3.9,37.0,,,1,0
78650.0,1.0,21.0,862.0,21.7,59.56,52.0,100.0,12.0,23.0,0.4,0.86,8.0,6.2,15.8,44.8,4.85,5.5,54.0,2013-2014,21.0,862.0,59.56,21.7,5.2,15.8,44.8,4.85,5.5,100.0,12.0,23.0,0.4,0.86,8.0,6.2,54.0,12.121629498886834,353.67363247789183,0,0
78655.0,1.0,28.0,352.0,16.5,19.2,43.0,82.0,29.0,25.0,0.3,0.79,10.0,7.2,15.4,43.8,4.89,4.7,45.0,2013-2014,28.0,352.0,19.2,16.5,4.3,15.4,43.8,4.89,4.7,82.0,29.0,25.0,0.3,0.79,10.0,7.2,45.0,9.044998694496702,219.79590525380698,0,0
78660.0,1.0,35.0,128.0,27.2,,43.0,97.0,47.0,36.0,0.7,0.74,9.0,6.1,15.6,49.4,5.59,5.7,30.0,2013-2014,35.0,128.0,,27.2,4.3,15.6,49.4,5.59,5.7,97.0,47.0,36.0,0.7,0.74,9.0,6.1,30.0,,,1,0
78662.0,1.0,56.0,214.0,16.8,22.53,41.0,100.0,26.0,31.0,0.8,1.0,11.0,5.2,14.1,40.9,4.67,5.4,49.0,2013-2014,56.0,214.0,22.53,16.8,4.1,14.1,40.9,4.67,5.4,100.0,26.0,31.0,0.8,1.0,11.0,5.2,49.0,5.048305252767823,117.20416047027172,1,1
78664.0,1.0,37.0,330.0,22.8,21.36,41.0,59.0,27.0,18.0,0.8,1.09,12.0,6.7,16.3,46.9,5.32,5.1,34.0,2013-2014,37.0,330.0,21.36,22.8,4.1,16.3,46.9,5.32,5.1,59.0,27.0,18.0,0.8,1.09,12.0,6.7,34.0,8.289825964266631,192.46104265462813,0,0
78665.0,1.0,48.0,556.13,,41.18,43.0,130.0,17.0,29.0,0.7,1.35,9.0,7.4,15.1,45.9,4.79,7.0,56.0,2013-2014,48.0,556.13,41.18,,4.3,15.1,45.9,4.79,7.0,130.0,17.0,29.0,0.7,1.35,9.0,7.4,56.0,10.156593901306666,246.80796827436265,0,0
78672.0,1.0,31.0,256.0,19.2,25.16,41.0,149.0,19.0,21.0,0.7,0.79,12.0,6.1,13.1,38.3,4.39,6.4,32.0,2013-2014,31.0,256.0,25.16,19.2,4.1,13.1,38.3,4.39,6.4,149.0,19.0,21.0,0.7,0.79,12.0,6.1,32.0,5.796270246970734,134.56931665979496,1,1
78675.0,1.0,19.0,212.0,12.0,,42.0,85.0,12.0,21.0,0.7,1.0,3.0,5.4,13.6,40.5,4.72,5.3,54.0,2013-2014,19.0,212.0,,12.0,4.2,13.6,40.5,4.72,5.3,85.0,12.0,21.0,0.7,1.0,3.0,5.4,54.0,,,1,0
78688.0,1.0,39.0,417.27,2.117,36.15,40.0,89.0,12.0,18.0,0.4,3.89,46.0,6.3,14.1,42.2,4.28,5.4,50.0,2013-2014,39.0,417.27,36.15,2.117,4.0,14.1,42.2,4.28,5.4,89.0,12.0,18.0,0.4,3.89,46.0,6.3,50.0,8.211854472794228,186.20108398080464,0,0
78695.0,1.0,23.0,584.15,25.1,39.97,45.0,94.0,15.0,23.0,0.8,1.06,12.0,5.7,15.2,45.4,5.52,5.3,73.0,2013-2014,23.0,584.15,39.97,25.1,4.5,15.2,45.4,5.52,5.3,94.0,15.0,23.0,0.8,1.06,12.0,5.7,73.0,10.712679506296537,271.9306875470026,0,0
78703.0,1.0,59.0,502.0,30.3,34.21,44.0,99.0,32.0,26.0,0.8,1.4,15.0,6.7,16.5,47.2,5.24,5.2,45.0,2013-2014,59.0,502.0,34.21,30.3,4.4,16.5,47.2,5.24,5.2,99.0,32.0,26.0,0.8,1.4,15.0,6.7,45.0,9.989782643916094,248.16754063965783,0,0
78704.0,1.0,55.0,210.0,11.1,40.27,33.0,90.0,13.0,13.0,0.2,3.87,73.0,6.3,10.0,30.0,3.22,5.4,57.0,2013-2014,55.0,210.0,40.27,11.1,3.3,10.0,30.0,3.22,5.4,90.0,13.0,13.0,0.2,3.87,73.0,6.3,57.0,3.8604487195358903,72.89145672424168,1,1
78707.0,1.0,56.0,833.0,29.2,132.6,46.0,86.0,61.0,38.0,0.4,1.02,13.0,5.6,18.4,52.9,5.62,5.3,88.0,2013-2014,56.0,833.0,132.6,29.2,4.6,18.4,52.9,5.62,5.3,86.0,61.0,38.0,0.4,1.02,13.0,5.6,88.0,6.162001159884305,159.7552386746488,0,1
78708.0,1.0,40.0,626.0,20.4,51.18,45.0,111.0,27.0,39.0,1.0,0.84,16.0,4.0,14.6,43.8,4.91,5.7,67.0,2013-2014,40.0,626.0,51.18,20.4,4.5,14.6,43.8,4.91,5.7,111.0,27.0,39.0,1.0,0.84,16.0,4.0,67.0,9.853371917030366,250.1180212177091,0,0
78724.0,1.0,23.0,506.0,28.0,34.37,46.0,92.0,20.0,24.0,0.6,0.84,16.0,5.4,14.6,43.2,4.76,5.1,39.0,2013-2014,23.0,506.0,34.37,28.0,4.6,14.6,43.2,4.76,5.1,92.0,20.0,24.0,0.6,0.84,16.0,5.4,39.0,9.811603470726492,254.3743523534736,0,0
78725.0,1.0,35.0,399.0,31.4,31.01,42.0,88.0,22.0,19.0,0.7,1.06,13.0,5.8,14.4,41.5,4.62,5.1,36.0,2013-2014,35.0,399.0,31.01,31.4,4.2,14.4,41.5,4.62,5.1,88.0,22.0,19.0,0.7,1.06,13.0,5.8,36.0,8.345688822048668,198.2802358205222,0,0
78733.0,1.0,27.0,601.82,18.3,,48.0,97.0,27.0,22.0,0.8,0.98,18.0,5.1,15.9,46.1,5.67,4.9,57.0,2013-2014,27.0,601.82,,18.3,4.8,15.9,46.1,5.67,4.9,97.0,27.0,22.0,0.8,0.98,18.0,5.1,57.0,,,0,0
78735.0,1.0,44.0,350.0,24.9,25.1,45.0,103.0,39.0,27.0,1.4,0.98,15.0,8.6,15.1,43.9,4.81,5.4,30.0,2013-2014,44.0,350.0,25.1,24.9,4.5,15.1,43.9,4.81,5.4,103.0,39.0,27.0,1.4,0.98,15.0,8.6,30.0,7.748740455387868,196.69405011308382,0,0
78736.0,1.0,41.0,439.0,42.9,55.31,41.0,197.0,69.0,49.0,0.7,0.7,10.0,5.4,17.0,49.7,5.51,10.0,40.0,2013-2014,41.0,439.0,55.31,42.9,4.1,17.0,49.7,5.51,10.0,197.0,69.0,49.0,0.7,0.7,10.0,5.4,40.0,6.411853970395507,148.86103831501924,0,1
78739.0,1.0,53.0,484.0,32.65,30.62,43.0,85.0,19.0,18.0,0.7,1.01,11.0,5.6,15.6,44.9,4.9,5.2,39.0,2013-2014,53.0,484.0,30.62,32.65,4.3,15.6,44.9,4.9,5.2,85.0,19.0,18.0,0.7,1.01,11.0,5.6,39.0,10.332100633548455,251.0728291542976,0,0
78741.0,1.0,37.0,316.0,27.5,27.55,41.0,85.0,49.0,43.0,0.7,0.77,11.0,6.7,13.8,40.8,4.64,5.3,44.0,2013-2014,37.0,316.0,27.55,27.5,4.1,13.8,40.8,4.64,5.3,85.0,49.0,43.0,0.7,0.77,11.0,6.7,44.0,6.958569460211584,161.55387814772453,0,0
78742.0,1.0,53.0,278.01,9.28,,42.0,93.0,29.0,27.0,0.6,0.91,13.0,5.5,15.1,43.1,4.53,5.3,39.0,2013-2014,53.0,278.01,,9.28,4.2,15.1,43.1,4.53,5.3,93.0,29.0,27.0,0.6,0.91,13.0,5.5,39.0,,,1,0
78762.0,1.0,24.0,303.0,32.7,21.21,44.0,109.0,62.0,27.0,0.7,0.73,7.0,6.5,15.4,46.3,5.69,5.4,40.0,2013-2014,24.0,303.0,21.21,32.7,4.4,15.4,46.3,5.69,5.4,109.0,62.0,27.0,0.7,0.73,7.0,6.5,40.0,7.25029038329273,180.11270089453924,0,0
78765.0,1.0,33.0,344.88,25.3,,49.0,60.0,32.0,28.0,0.9,1.02,15.0,7.3,16.5,47.8,5.1,5.4,57.0,2013-2014,33.0,344.88,,25.3,4.9,16.5,47.8,5.1,5.4,60.0,32.0,28.0,0.9,1.02,15.0,7.3,57.0,,,0,0
78766.0,1.0,46.0,529.0,27.7,47.96,44.0,98.0,30.0,22.0,0.7,0.97,15.0,5.2,16.8,48.7,5.95,5.3,33.0,2013-2014,46.0,529.0,47.96,27.7,4.4,16.8,48.7,5.95,5.3,98.0,30.0,22.0,0.7,0.97,15.0,5.2,33.0,8.555714524633471,212.54222515906037,0,0
78767.0,1.0,29.0,412.0,23.8,24.15,44.0,87.0,27.0,22.0,2.1,0.66,11.0,5.3,15.7,45.2,5.06,4.6,48.0,2013-2014,29.0,412.0,24.15,23.8,4.4,15.7,45.2,5.06,4.6,87.0,27.0,22.0,2.1,0.66,11.0,5.3,48.0,9.588870244977013,238.2080202373546,0,0
78769.0,1.0,19.0,601.0,28.2,30.88,48.0,85.0,21.0,23.0,1.0,1.06,11.0,6.3,16.4,46.5,5.48,5.1,66.0,2013-2014,19.0,601.0,30.88,28.2,4.8,16.4,46.5,5.48,5.1,85.0,21.0,23.0,1.0,1.06,11.0,6.3,66.0,12.359572578264709,333.82714960975943,0,0
78776.0,1.0,24.0,419.0,17.6,35.22,47.0,88.0,28.0,31.0,1.4,1.11,15.0,4.6,14.5,42.5,4.53,5.0,69.0,2013-2014,24.0,419.0,35.22,17.6,4.7,14.5,42.5,4.53,5.0,88.0,28.0,31.0,1.4,1.11,15.0,4.6,69.0,7.723751970087852,204.4302307904537,0,0
78781.0,1.0,29.0,581.0,38.4,43.61,46.0,82.0,51.0,37.0,0.8,1.37,16.0,7.5,15.3,46.1,5.07,5.5,60.0,2013-2014,29.0,581.0,43.61,38.4,4.6,15.3,46.1,5.07,5.5,82.0,51.0,37.0,0.8,1.37,16.0,7.5,60.0,9.958331169923705,258.1783955526269,0,0
78790.0,1.0,58.0,406.0,15.8,,41.0,97.0,21.0,17.0,0.2,0.68,11.0,6.1,15.6,46.8,5.18,5.7,36.0,2013-2014,58.0,406.0,,15.8,4.1,15.6,46.8,5.18,5.7,97.0,21.0,17.0,0.2,0.68,11.0,6.1,36.0,,,0,0
78791.0,1.0,43.0,128.25,9.29,16.04,43.0,92.0,15.0,18.0,0.5,1.27,15.0,5.3,14.1,42.9,4.69,5.0,51.0,2013-2014,43.0,128.25,16.04,9.29,4.3,14.1,42.9,4.69,5.0,92.0,15.0,18.0,0.5,1.27,15.0,5.3,51.0,3.3150930684772386,80.55765474348915,1,1
78794.0,1.0,60.0,212.89,13.0,26.89,46.0,141.0,33.0,31.0,0.7,0.96,16.0,7.5,14.4,41.3,4.2,5.7,49.0,2013-2014,60.0,212.89,26.89,13.0,4.6,14.4,41.3,4.2,5.7,141.0,33.0,31.0,0.7,0.96,16.0,7.5,49.0,4.316934904314254,111.92029149092119,1,1
78797.0,1.0,37.0,402.0,36.0,29.62,44.0,74.0,41.0,29.0,0.9,0.9,13.0,7.8,14.3,40.8,4.72,5.8,51.0,2013-2014,37.0,402.0,29.62,36.0,4.4,14.3,40.8,4.72,5.8,74.0,41.0,29.0,0.9,0.9,13.0,7.8,51.0,8.414956449139373,209.0454938821476,0,0
78798.0,1.0,19.0,596.0,35.9,30.66,41.0,83.0,22.0,22.0,0.7,0.98,18.0,6.2,14.8,43.2,5.2,5.4,42.0,2013-2014,19.0,596.0,30.66,35.9,4.1,14.8,43.2,5.2,5.4,83.0,22.0,22.0,0.7,0.98,18.0,6.2,42.0,13.5169530892521,313.8168275528206,0,0
78801.0,1.0,37.0,622.0,15.3,,51.0,71.0,26.0,21.0,0.5,0.85,7.0,5.4,15.4,45.8,5.12,5.5,50.0,2013-2014,37.0,622.0,,15.3,5.1,15.4,45.8,5.12,5.5,71.0,26.0,21.0,0.5,0.85,7.0,5.4,50.0,,,0,0
78812.0,1.0,41.0,318.0,16.5,19.18,45.0,102.0,21.0,23.0,0.8,2.26,42.0,8.5,14.3,40.9,4.54,5.6,32.0,2013-2014,41.0,318.0,19.18,16.5,4.5,14.3,40.9,4.54,5.6,102.0,21.0,23.0,0.8,2.26,42.0,8.5,32.0,7.8603269857859495,199.52656292318886,0,0
78828.0,1.0,29.0,262.0,25.3,14.69,48.0,111.0,40.0,30.0,0.5,0.92,10.0,5.8,16.0,45.6,4.95,5.4,32.0,2013-2014,29.0,262.0,14.69,25.3,4.8,16.0,45.6,4.95,5.4,111.0,40.0,30.0,0.5,0.92,10.0,5.8,32.0,6.731801789982826,181.82329437830444,1,0
78829.0,1.0,38.0,282.0,16.1,27.12,45.0,104.0,44.0,22.0,0.6,0.69,10.0,4.4,16.3,46.4,5.34,5.1,37.0,2013-2014,38.0,282.0,27.12,16.1,4.5,16.3,46.4,5.34,5.1,104.0,44.0,22.0,0.6,0.69,10.0,4.4,37.0,5.886376935353136,149.41980913837375,1,1
78832.0,1.0,32.0,614.0,21.9,60.52,45.0,89.0,25.0,26.0,1.3,1.12,10.0,4.7,15.6,46.3,5.33,5.2,55.0,2013-2014,32.0,614.0,60.52,21.9,4.5,15.6,46.3,5.33,5.2,89.0,25.0,26.0,1.3,1.12,10.0,4.7,55.0,8.514822674690375,216.1402833818025,0,0
78833.0,1.0,27.0,399.0,20.5,33.08,47.0,106.0,62.0,37.0,0.9,0.94,12.0,8.2,16.5,47.2,5.36,5.4,35.0,2013-2014,27.0,399.0,33.08,20.5,4.7,16.5,47.2,5.36,5.4,106.0,62.0,37.0,0.9,0.94,12.0,8.2,35.0,7.576028486220159,200.5203245664843,0,0
78836.0,1.0,47.0,552.72,33.7,,43.0,100.0,21.0,21.0,0.6,0.96,12.0,6.0,15.7,46.2,4.68,5.7,41.0,2013-2014,47.0,552.72,,33.7,4.3,15.7,46.2,4.68,5.7,100.0,21.0,21.0,0.6,0.96,12.0,6.0,41.0,,,0,0
78852.0,1.0,40.0,397.0,20.1,15.64,45.0,103.0,42.0,30.0,0.7,0.83,9.0,5.7,16.2,46.4,4.99,5.4,43.0,2013-2014,40.0,397.0,15.64,20.1,4.5,16.2,46.4,4.99,5.4,103.0,42.0,30.0,0.7,0.83,9.0,5.7,43.0,10.798778215897991,274.1162174403474,0,0
78880.0,1.0,33.0,578.0,25.2,24.05,42.0,104.0,25.0,24.0,1.1,1.11,18.0,5.3,15.4,42.5,5.03,5.0,42.0,2013-2014,33.0,578.0,24.05,25.2,4.2,15.4,42.5,5.03,5.0,104.0,25.0,24.0,1.1,1.11,18.0,5.3,42.0,14.541966838473341,345.4939041591183,0,0
78883.0,1.0,51.0,596.0,28.3,64.57,44.0,84.0,32.0,34.0,0.5,0.93,11.0,4.4,15.8,46.6,4.85,5.3,42.0,2013-2014,51.0,596.0,64.57,28.3,4.4,15.8,46.6,4.85,5.3,84.0,32.0,34.0,0.5,0.93,11.0,4.4,42.0,7.889523727753309,195.99262267504537,0,0
78890.0,1.0,23.0,273.0,24.1,24.87,46.0,94.0,80.0,52.0,0.9,1.02,13.0,8.2,14.5,42.8,4.8,5.5,45.0,2013-2014,23.0,273.0,24.87,24.1,4.6,14.5,42.8,4.8,5.5,94.0,80.0,52.0,0.9,1.02,13.0,8.2,45.0,5.858758453796981,151.89340781315698,1,1
78900.0,1.0,27.0,392.35,16.9,,46.0,107.0,23.0,20.0,0.4,0.8,17.0,6.0,15.0,44.9,5.03,5.0,44.0,2013-2014,27.0,392.35,,16.9,4.6,15.0,44.9,5.03,5.0,107.0,23.0,20.0,0.4,0.8,17.0,6.0,44.0,,,0,0
78907.0,1.0,30.0,469.0,34.3,34.19,43.0,101.0,30.0,32.0,0.7,1.03,14.0,8.7,15.8,44.8,5.1,5.0,37.0,2013-2014,30.0,469.0,34.19,34.3,4.3,15.8,44.8,5.1,5.0,101.0,30.0,32.0,0.7,1.03,14.0,8.7,37.0,9.358626573427646,227.41714721201757,0,0
78910.0,1.0,46.0,332.75,23.3,34.15,47.0,111.0,65.0,34.0,1.5,0.91,14.0,9.9,15.0,43.6,4.53,4.2,45.0,2013-2014,46.0,332.75,34.15,23.3,4.7,15.0,43.6,4.53,4.2,111.0,65.0,34.0,1.5,0.91,14.0,9.9,45.0,6.086900898821275,161.1064881891203,0,1
78920.0,1.0,20.0,297.0,22.3,16.06,44.0,131.0,146.0,74.0,0.8,0.78,10.0,6.1,16.7,48.3,5.7,5.9,26.0,2013-2014,20.0,297.0,16.06,22.3,4.4,16.7,48.3,5.7,5.9,131.0,146.0,74.0,0.8,0.78,10.0,6.1,26.0,7.933189616071962,197.077376618164,1,0
78926.0,1.0,44.0,452.0,24.8,69.21,46.0,91.0,26.0,24.0,0.3,0.88,8.0,4.5,17.5,49.1,5.53,5.4,43.0,2013-2014,44.0,452.0,69.21,24.8,4.6,17.5,49.1,5.53,5.4,91.0,26.0,24.0,0.3,0.88,8.0,4.5,43.0,5.362767894234657,139.0344212327748,0,1
78930.0,1.0,50.0,222.0,28.1,33.41,42.0,98.0,30.0,23.0,0.6,1.01,10.0,5.6,14.5,40.6,4.6,5.2,34.0,2013-2014,50.0,222.0,33.41,28.1,4.2,14.5,40.6,4.6,5.2,98.0,30.0,23.0,0.6,1.01,10.0,5.6,34.0,4.194497466621576,99.65455992476723,1,1
78931.0,1.0,28.0,575.0,26.5,28.83,44.0,103.0,21.0,22.0,0.9,0.93,14.0,6.2,16.0,46.2,5.17,5.7,44.0,2013-2014,28.0,575.0,28.83,26.5,4.4,16.0,46.2,5.17,5.7,103.0,21.0,22.0,0.9,0.93,14.0,6.2,44.0,12.836936728973102,318.89693008649067,0,0
78934.0,1.0,20.0,431.0,19.6,17.63,47.0,86.0,20.0,20.0,0.6,0.77,18.0,5.5,15.6,46.1,5.49,5.2,51.0,2013-2014,20.0,431.0,17.63,19.6,4.7,15.6,46.1,5.49,5.2,86.0,20.0,20.0,0.6,0.77,18.0,5.5,51.0,10.985078230579955,290.7501544101378,0,0
78937.0,1.0,55.0,450.23,56.0,47.88,38.0,85.0,13.0,19.0,0.6,0.9,7.0,5.7,15.6,45.2,4.67,4.8,43.0,2013-2014,55.0,450.23,47.88,56.0,3.8,15.6,45.2,4.67,4.8,85.0,13.0,19.0,0.6,0.9,7.0,5.7,43.0,7.563960889550342,163.31299376136676,0,0
78946.0,1.0,20.0,374.0,39.9,10.83,45.0,78.0,47.0,26.0,0.4,1.01,15.0,6.0,14.4,43.4,5.32,5.4,39.0,2013-2014,20.0,374.0,10.83,39.9,4.5,14.4,43.4,5.32,5.4,78.0,47.0,26.0,0.4,1.01,15.0,6.0,39.0,11.275193586304203,286.2095465795581,0,0
78949.0,1.0,43.0,707.14,39.2,56.6,43.0,92.0,87.0,88.0,0.8,1.07,6.0,6.1,15.4,46.3,4.69,5.3,78.0,2013-2014,43.0,707.14,56.6,39.2,4.3,15.4,46.3,4.69,5.3,92.0,87.0,88.0,0.8,1.07,6.0,6.1,78.0,10.799137299975081,262.4219459813037,0,0
78957.0,1.0,19.0,532.0,29.0,24.41,44.0,80.0,25.0,29.0,0.8,1.06,14.0,7.4,15.3,43.5,5.42,5.1,48.0,2013-2014,19.0,532.0,24.41,29.0,4.4,15.3,43.5,5.42,5.1,80.0,25.0,29.0,0.8,1.06,14.0,7.4,48.0,12.734743503133085,316.3582320556386,0,0
78963.0,1.0,52.0,340.0,20.9,38.62,45.0,102.0,15.0,22.0,0.6,1.12,12.0,5.9,14.6,43.0,4.51,6.0,40.0,2013-2014,52.0,340.0,38.62,20.9,4.5,14.6,43.0,4.51,6.0,102.0,15.0,22.0,0.6,1.12,12.0,5.9,40.0,5.920620873653956,150.28905736716524,0,1
78964.0,1.0,35.0,501.0,17.8,38.52,46.0,104.0,52.0,35.0,0.7,0.9,13.0,4.9,16.0,46.8,5.05,5.3,55.0,2013-2014,35.0,501.0,38.52,17.8,4.6,16.0,46.8,5.05,5.3,104.0,52.0,35.0,0.7,0.9,13.0,4.9,55.0,9.07124756330519,235.17998162464744,0,0
78974.0,1.0,54.0,986.0,33.6,171.1,41.0,149.0,30.0,29.0,0.8,0.78,9.0,4.6,15.0,43.2,4.67,6.4,58.0,2013-2014,54.0,986.0,171.1,33.6,4.1,15.0,43.2,4.67,6.4,149.0,30.0,29.0,0.8,0.78,9.0,4.6,58.0,5.977852117045069,138.7850186772227,0,1
78975.0,1.0,48.0,457.0,43.5,50.63,49.0,85.0,33.0,39.0,1.5,1.21,12.0,8.5,14.9,43.8,4.68,5.6,67.0,2013-2014,48.0,457.0,50.63,43.5,4.9,14.9,43.8,4.68,5.6,85.0,33.0,39.0,1.5,1.21,12.0,8.5,67.0,6.652909753830125,183.29744225464052,0,0
78983.0,1.0,52.0,380.0,14.16,45.78,44.0,97.0,16.0,17.0,0.8,0.97,18.0,5.2,14.4,42.7,4.65,5.2,54.0,2013-2014,52.0,380.0,45.78,14.16,4.4,14.4,42.7,4.65,5.2,97.0,16.0,17.0,0.8,0.97,18.0,5.2,54.0,6.0635506613901775,150.63155113766155,0,1
78987.0,1.0,30.0,555.39,17.1,35.95,46.0,124.0,37.0,31.0,1.9,0.84,18.0,5.2,15.6,45.5,5.25,4.8,58.0,2013-2014,30.0,555.39,35.95,17.1,4.6,15.6,45.5,5.25,4.8,124.0,37.0,31.0,1.9,0.84,18.0,5.2,58.0,10.642500325323164,275.91607587411613,0,0
78999.0,1.0,23.0,430.0,21.9,33.48,44.0,71.0,23.0,26.0,0.4,1.16,9.0,5.9,15.4,43.6,4.43,4.6,56.0,2013-2014,23.0,430.0,33.48,21.9,4.4,15.4,43.6,4.43,4.6,71.0,23.0,26.0,0.4,1.16,9.0,5.9,56.0,8.478574566129202,210.62590380659245,0,0
79000.0,1.0,36.0,408.0,10.9,24.32,43.0,113.0,44.0,36.0,,0.67,13.0,4.9,15.5,45.7,5.24,6.0,38.0,2013-2014,36.0,408.0,24.32,10.9,4.3,15.5,45.7,5.24,6.0,113.0,44.0,36.0,,0.67,13.0,4.9,38.0,9.588146777511717,232.99455001047136,0,0
79001.0,1.0,28.0,335.41,24.2,,46.0,83.0,46.0,24.0,0.5,0.89,5.0,6.2,15.1,45.3,5.11,5.1,24.0,2013-2014,28.0,335.41,,24.2,4.6,15.1,45.3,5.11,5.1,83.0,46.0,24.0,0.5,0.89,5.0,6.2,24.0,,,0,0
79005.0,1.0,44.0,391.36,18.3,,45.0,95.0,22.0,23.0,0.8,1.1,13.0,6.4,14.5,43.4,4.98,5.2,43.0,2013-2014,44.0,391.36,,18.3,4.5,14.5,43.4,4.98,5.2,95.0,22.0,23.0,0.8,1.1,13.0,6.4,43.0,,,0,0
79022.0,1.0,44.0,480.0,36.0,44.16,46.0,99.0,35.0,28.0,0.7,1.12,9.0,4.6,14.7,44.8,4.99,6.1,46.0,2013-2014,44.0,480.0,44.16,36.0,4.6,14.7,44.8,4.99,6.1,99.0,35.0,28.0,0.7,1.12,9.0,4.6,46.0,7.925073035725513,205.46441025988446,0,0
79024.0,1.0,32.0,393.9,45.2,15.68,49.0,83.0,34.0,30.0,1.4,1.16,8.0,5.5,15.1,44.0,5.3,5.5,53.0,2013-2014,32.0,393.9,15.68,45.2,4.9,15.1,44.0,5.3,5.5,83.0,34.0,30.0,1.4,1.16,8.0,5.5,53.0,10.053999528585075,277.0024645168307,0,0
79026.0,1.0,23.0,842.34,32.4,,44.0,89.0,20.0,23.0,0.7,0.77,7.0,4.7,15.4,44.4,5.0,5.0,39.0,2013-2014,23.0,842.34,,32.4,4.4,15.4,44.4,5.0,5.0,89.0,20.0,23.0,0.7,0.77,7.0,4.7,39.0,,,0,0
79029.0,1.0,52.0,525.0,22.3,37.06,47.0,101.0,21.0,23.0,0.9,1.1,15.0,6.2,15.9,47.3,5.32,5.7,73.0,2013-2014,52.0,525.0,37.06,22.3,4.7,15.9,47.3,5.32,5.7,101.0,21.0,23.0,0.9,1.1,15.0,6.2,73.0,9.684184703015333,256.31844750088317,0,0
79032.0,1.0,33.0,335.0,27.4,27.58,42.0,140.0,23.0,27.0,0.8,0.94,9.0,8.1,15.8,48.0,6.51,6.1,22.0,2013-2014,33.0,335.0,27.58,27.4,4.2,15.8,48.0,6.51,6.1,140.0,23.0,27.0,0.8,0.94,9.0,8.1,22.0,7.321672228412779,173.95123722021134,0,0
79033.0,1.0,41.0,425.0,12.8,16.62,42.0,142.0,13.0,16.0,0.5,0.85,9.0,5.7,14.7,42.8,4.44,5.4,63.0,2013-2014,41.0,425.0,16.62,12.8,4.2,14.7,42.8,4.44,5.4,142.0,13.0,16.0,0.5,0.85,9.0,5.7,63.0,11.970600594589513,284.40234945470274,0,0
79044.0,1.0,31.0,309.0,22.3,15.47,47.0,100.0,36.0,25.0,0.6,0.87,10.0,6.0,14.5,41.8,4.79,5.6,38.0,2013-2014,31.0,309.0,15.47,22.3,4.7,14.5,41.8,4.79,5.6,100.0,36.0,25.0,0.6,0.87,10.0,6.0,38.0,8.010342877410524,212.01564336627376,0,0
79064.0,1.0,48.0,178.0,9.94,17.75,46.0,184.0,44.0,40.0,0.9,1.14,19.0,8.2,13.6,38.6,4.27,6.1,40.0,2013-2014,48.0,178.0,17.75,9.94,4.6,13.6,38.6,4.27,6.1,184.0,44.0,40.0,0.9,1.14,19.0,8.2,40.0,4.302451944767629,111.54480816999143,1,1
79067.0,1.0,26.0,384.0,20.2,21.59,45.0,91.0,31.0,18.0,0.6,0.72,10.0,6.3,15.3,43.7,5.0,5.5,46.0,2013-2014,26.0,384.0,21.59,20.2,4.5,15.3,43.7,5.0,5.5,91.0,31.0,18.0,0.6,0.72,10.0,6.3,46.0,9.196691789101592,233.44885095258851,0,0
79069.0,1.0,30.0,321.88,24.2,24.91,44.0,100.0,16.0,20.0,0.7,1.01,5.0,6.5,14.1,41.0,4.69,5.3,38.0,2013-2014,30.0,321.88,24.91,24.2,4.4,14.1,41.0,4.69,5.3,100.0,16.0,20.0,0.7,1.01,5.0,6.5,38.0,7.187578707032609,178.55480889412192,0,0
79075.0,1.0,27.0,308.0,28.3,13.52,48.0,151.0,87.0,55.0,0.4,0.99,11.0,7.8,15.3,43.9,5.16,5.4,42.0,2013-2014,27.0,308.0,13.52,28.3,4.8,15.3,43.9,5.16,5.4,151.0,87.0,55.0,0.4,0.99,11.0,7.8,42.0,8.205659862392363,221.63161591420086,0,0
79096.0,1.0,44.0,999.14,24.5,,45.0,89.0,10.0,19.0,0.8,1.0,12.0,4.6,14.8,44.3,5.06,5.7,69.0,2013-2014,44.0,999.14,,24.5,4.5,14.8,44.3,5.06,5.7,89.0,10.0,19.0,0.8,1.0,12.0,4.6,69.0,,,0,0
79099.0,1.0,34.0,584.0,27.3,47.35,48.0,82.0,19.0,23.0,1.2,0.9,13.0,6.2,15.2,43.1,5.12,4.8,44.0,2013-2014,34.0,584.0,47.35,27.3,4.8,15.2,43.1,5.12,4.8,82.0,19.0,23.0,1.2,0.9,13.0,6.2,44.0,9.296774787112627,251.1021969484176,0,0
79114.0,1.0,28.0,254.0,36.2,23.58,43.0,93.0,23.0,19.0,0.6,1.0,12.0,6.6,16.3,46.3,5.45,5.1,66.0,2013-2014,28.0,254.0,23.58,36.2,4.3,16.3,46.3,5.45,5.1,93.0,23.0,19.0,0.6,1.0,12.0,6.6,66.0,5.780135164164957,140.45884182050636,1,1
79135.0,1.0,60.0,374.0,28.9,39.7,32.0,389.0,30.0,26.0,0.5,1.19,24.0,5.1,14.7,43.2,4.99,14.7,40.0,2013-2014,60.0,374.0,39.7,28.9,3.2,14.7,43.2,4.99,14.7,389.0,30.0,26.0,0.5,1.19,24.0,5.1,40.0,7.503448912011999,137.6112675467761,0,0
79137.0,1.0,25.0,219.0,22.9,10.96,48.0,88.0,26.0,20.0,1.2,1.04,9.0,7.5,15.7,44.9,5.22,5.4,29.0,2013-2014,25.0,219.0,10.96,22.9,4.8,15.7,44.9,5.22,5.4,88.0,26.0,20.0,1.2,1.04,9.0,7.5,29.0,6.072647459255934,164.01979753518128,1,1
79148.0,1.0,33.0,296.0,38.9,,41.0,99.0,25.0,24.0,0.5,0.85,13.0,6.2,15.8,46.4,5.43,5.7,42.0,2013-2014,33.0,296.0,,38.9,4.1,15.8,46.4,5.43,5.7,99.0,25.0,24.0,0.5,0.85,13.0,6.2,42.0,,,1,0
79152.0,1.0,53.0,426.0,21.4,49.97,42.0,95.0,20.0,16.0,0.5,1.24,11.0,5.2,14.6,42.5,4.84,5.2,34.0,2013-2014,53.0,426.0,49.97,21.4,4.2,14.6,42.5,4.84,5.2,95.0,20.0,16.0,0.5,1.24,11.0,5.2,34.0,6.614219295464988,157.14328554985727,0,0
79163.0,1.0,19.0,372.22,27.9,56.38,44.0,91.0,23.0,18.0,0.6,0.6,15.0,5.0,14.1,41.1,4.95,5.5,43.0,2013-2014,19.0,372.22,56.38,27.9,4.4,14.1,41.1,4.95,5.5,91.0,23.0,18.0,0.6,0.6,15.0,5.0,43.0,5.118182531411561,127.14658733228929,0,1
79164.0,1.0,33.0,278.0,32.8,24.9,41.0,79.0,39.0,31.0,0.6,0.95,13.0,7.4,15.1,43.7,5.15,5.6,55.0,2013-2014,33.0,278.0,24.9,32.8,4.1,15.1,43.7,5.15,5.6,79.0,39.0,31.0,0.6,0.95,13.0,7.4,55.0,6.374795318407535,148.00066478827404,1,1
79166.0,1.0,19.0,492.0,26.9,19.81,48.0,86.0,17.0,22.0,2.3,1.05,11.0,7.1,15.4,44.8,4.78,4.6,72.0,2013-2014,19.0,492.0,19.81,26.9,4.8,15.4,44.8,4.78,4.6,86.0,17.0,22.0,2.3,1.05,11.0,7.1,72.0,12.00028491184494,324.1229323472808,0,0
79173.0,1.0,51.0,598.0,34.7,47.06,49.0,131.0,24.0,24.0,0.6,1.39,24.0,8.0,13.7,39.9,4.61,5.5,55.0,2013-2014,51.0,598.0,47.06,34.7,4.9,13.7,39.9,4.61,5.5,131.0,24.0,24.0,0.6,1.39,24.0,8.0,55.0,9.499291293737238,261.71943732911643,0,0
79175.0,1.0,21.0,753.0,31.2,26.41,43.0,121.0,58.0,41.0,0.8,1.01,6.0,5.5,17.7,52.7,5.77,5.0,56.0,2013-2014,21.0,753.0,26.41,31.2,4.3,17.7,52.7,5.77,5.0,121.0,58.0,41.0,0.8,1.01,6.0,5.5,56.0,18.669842193756008,453.6821954898757,0,0
79176.0,1.0,55.0,570.0,50.3,56.35,43.0,99.0,21.0,18.0,0.4,1.35,9.0,7.0,14.3,42.2,4.55,6.1,33.0,2013-2014,55.0,570.0,56.35,50.3,4.3,14.3,42.2,4.55,6.1,99.0,21.0,18.0,0.4,1.35,9.0,7.0,33.0,8.38796081384308,203.8297077294035,0,0
79177.0,1.0,43.0,482.0,29.2,30.69,45.0,113.0,26.0,21.0,1.0,0.84,12.0,6.9,16.8,49.7,5.52,6.0,45.0,2013-2014,43.0,482.0,30.69,29.2,4.5,16.8,49.7,5.52,6.0,113.0,26.0,21.0,1.0,0.84,12.0,6.9,45.0,10.006438807750804,254.00347161411327,0,0
79190.0,1.0,41.0,381.0,29.5,45.68,45.0,109.0,54.0,53.0,0.9,0.84,12.0,7.8,16.5,46.9,5.22,6.1,49.0,2013-2014,41.0,381.0,45.68,29.5,4.5,16.5,46.9,5.22,6.1,109.0,54.0,53.0,0.9,0.84,12.0,7.8,49.0,6.0320205191326615,153.11682628993677,0,1
79193.0,1.0,20.0,537.0,26.6,22.44,49.0,92.0,24.0,26.0,0.6,1.27,17.0,5.9,15.4,45.4,5.12,5.4,39.0,2013-2014,20.0,537.0,22.44,26.6,4.9,15.4,45.4,5.12,5.4,92.0,24.0,26.0,0.6,1.27,17.0,5.9,39.0,12.419922676491746,342.18712470746004,0,0
79198.0,1.0,46.0,494.21,16.4,68.69,46.0,92.0,24.0,25.0,0.8,1.1,15.0,4.9,15.1,43.6,4.16,4.4,30.0,2013-2014,46.0,494.21,68.69,16.4,4.6,15.1,43.6,4.16,4.4,92.0,24.0,25.0,0.8,1.1,15.0,4.9,30.0,5.965605217995279,154.6635030911711,0,1
79205.0,1.0,20.0,292.44,22.0,37.7,46.0,85.0,15.0,22.0,1.5,1.12,11.0,5.7,14.3,44.6,5.18,5.6,61.0,2013-2014,20.0,292.44,37.7,22.0,4.6,14.3,44.6,5.18,5.6,85.0,15.0,22.0,1.5,1.12,11.0,5.7,61.0,5.040555962552692,130.68079670170795,1,1
79210.0,1.0,25.0,520.0,18.6,37.01,44.0,86.0,16.0,27.0,0.5,1.1,15.0,6.0,12.8,40.2,5.73,5.2,54.0,2013-2014,25.0,520.0,37.01,18.6,4.4,12.8,40.2,5.73,5.2,86.0,16.0,27.0,0.5,1.1,15.0,6.0,54.0,9.92850124590167,246.64517980616546,0,0
79217.0,1.0,33.0,319.0,28.0,31.42,43.0,79.0,22.0,27.0,0.6,1.11,18.0,5.5,13.6,41.8,5.11,5.5,46.0,2013-2014,33.0,319.0,31.42,28.0,4.3,13.6,41.8,5.11,5.5,79.0,22.0,27.0,0.6,1.11,18.0,5.5,46.0,6.375928882338926,154.93678969575103,0,1
79219.0,1.0,23.0,346.0,21.7,26.71,44.0,86.0,23.0,24.0,0.6,0.79,14.0,4.3,15.2,44.9,5.34,5.1,53.0,2013-2014,23.0,346.0,26.71,21.7,4.4,15.2,44.9,5.34,5.1,86.0,23.0,24.0,0.6,0.79,14.0,4.3,53.0,7.5168183032952545,186.73382377343515,0,0
79220.0,1.0,55.0,501.0,18.0,60.91,38.0,115.0,18.0,19.0,0.2,0.78,12.0,4.3,14.7,42.7,4.97,5.7,40.0,2013-2014,55.0,501.0,60.91,18.0,3.8,14.7,42.7,4.97,5.7,115.0,18.0,19.0,0.2,0.78,12.0,4.3,40.0,7.111050912836394,153.5342435428496,0,0
79226.0,1.0,24.0,492.0,18.6,19.15,42.0,87.0,15.0,23.0,0.4,1.13,19.0,8.5,14.6,42.8,5.1,5.5,46.0,2013-2014,24.0,492.0,19.15,18.6,4.2,14.6,42.8,5.1,5.5,87.0,15.0,23.0,0.4,1.13,19.0,8.5,46.0,13.351957060230786,317.22117263391635,0,0
79228.0,1.0,42.0,797.0,24.6,96.77,44.0,90.0,42.0,40.0,0.4,1.01,15.0,4.0,13.9,40.9,4.18,5.5,62.0,2013-2014,42.0,797.0,96.77,24.6,4.4,13.9,40.9,4.18,5.5,90.0,42.0,40.0,0.4,1.01,15.0,4.0,62.0,7.907550891289102,196.4404559261633,0,0
79231.0,1.0,52.0,545.0,26.2,47.25,46.0,89.0,19.0,29.0,0.9,1.12,16.0,6.8,16.5,49.7,5.22,5.5,48.0,2013-2014,52.0,545.0,47.25,26.2,4.6,16.5,49.7,5.22,5.5,89.0,19.0,29.0,0.9,1.12,16.0,6.8,48.0,8.767566663700666,227.30679021516,0,0
79241.0,1.0,47.0,260.0,11.7,,43.0,123.0,33.0,19.0,0.9,0.94,8.0,5.2,15.4,45.7,5.41,6.6,47.0,2013-2014,47.0,260.0,,11.7,4.3,15.4,45.7,5.41,6.6,123.0,33.0,19.0,0.9,0.94,8.0,5.2,47.0,,,1,0
79247.0,1.0,51.0,387.0,23.2,35.48,40.0,128.0,13.0,19.0,0.8,1.2,9.0,5.1,13.7,39.3,4.26,5.0,37.0,2013-2014,51.0,387.0,35.48,23.2,4.0,13.7,39.3,4.26,5.0,128.0,13.0,19.0,0.8,1.2,9.0,5.1,37.0,7.628068267539549,172.96392487239754,0,0
79259.0,1.0,59.0,285.0,17.8,37.77,41.0,147.0,27.0,23.0,0.4,0.99,14.0,6.9,15.1,44.4,4.86,5.5,40.0,2013-2014,59.0,285.0,37.77,17.8,4.1,15.1,44.4,4.86,5.5,147.0,27.0,23.0,0.4,0.99,14.0,6.9,40.0,5.157730782894214,119.74464222609393,1,1
79263.0,1.0,46.0,259.0,36.0,25.22,44.0,88.0,144.0,91.0,0.6,0.86,13.0,7.9,15.0,43.5,4.38,5.5,48.0,2013-2014,46.0,259.0,25.22,36.0,4.4,15.0,43.5,4.38,5.5,88.0,144.0,91.0,0.6,0.86,13.0,7.9,48.0,5.637998696063142,140.05993127224835,1,1
79287.0,1.0,19.0,417.0,20.6,34.08,50.0,85.0,21.0,26.0,1.0,0.65,15.0,4.8,15.9,46.0,5.24,5.4,51.0,2013-2014,19.0,417.0,34.08,20.6,5.0,15.9,46.0,5.24,5.4,85.0,21.0,26.0,1.0,0.65,15.0,4.8,51.0,7.569649535004371,212.65671191000428,0,0
79292.0,1.0,58.0,447.0,16.0,37.49,42.0,104.0,26.0,25.0,0.8,0.81,8.0,5.2,15.5,46.2,5.48,5.7,54.0,2013-2014,58.0,447.0,37.49,16.0,4.2,15.5,46.2,5.48,5.7,104.0,26.0,25.0,0.8,0.81,8.0,5.2,54.0,8.476698557754203,201.3928178786801,0,0
79294.0,1.0,39.0,579.0,35.4,,46.0,105.0,21.0,25.0,0.4,0.67,11.0,4.6,15.2,46.0,5.73,7.1,61.0,2013-2014,39.0,579.0,,35.4,4.6,15.2,46.0,5.73,7.1,105.0,21.0,25.0,0.4,0.67,11.0,4.6,61.0,,,0,0
79295.0,1.0,21.0,527.0,19.4,,47.0,72.0,16.0,21.0,0.8,1.07,10.0,4.4,14.9,43.2,4.65,5.1,59.0,2013-2014,21.0,527.0,,19.4,4.7,14.9,43.2,4.65,5.1,72.0,16.0,21.0,0.8,1.07,10.0,4.4,59.0,,,0,0
79300.0,1.0,39.0,452.67,64.6,,51.0,97.0,77.0,36.0,0.4,0.81,13.0,6.9,17.5,50.8,5.43,5.3,41.0,2013-2014,39.0,452.67,,64.6,5.1,17.5,50.8,5.43,5.3,97.0,77.0,36.0,0.4,0.81,13.0,6.9,41.0,,,0,0
79304.0,1.0,38.0,392.0,22.2,26.33,45.0,112.0,35.0,26.0,0.4,0.96,20.0,6.4,15.0,43.3,4.76,5.5,59.0,2013-2014,38.0,392.0,26.33,22.2,4.5,15.0,43.3,4.76,5.5,112.0,35.0,26.0,0.4,0.96,20.0,6.4,59.0,8.582196784936842,217.85050799100702,0,0
79305.0,1.0,46.0,406.0,14.8,38.49,42.0,116.0,53.0,31.0,0.5,0.91,15.0,5.4,16.4,49.6,5.89,5.6,34.0,2013-2014,46.0,406.0,38.49,14.8,4.2,16.4,49.6,5.89,5.6,116.0,53.0,31.0,0.5,0.91,15.0,5.4,34.0,7.4731699085744525,177.55058011319795,0,0
79314.0,1.0,55.0,185.0,9.34,35.74,42.0,103.0,17.0,20.0,0.3,0.78,11.0,4.4,14.2,42.1,4.75,5.6,57.0,2013-2014,55.0,185.0,35.74,9.34,4.2,14.2,42.1,4.75,5.6,103.0,17.0,20.0,0.3,0.78,11.0,4.4,57.0,3.3145517496656396,78.74845522957061,1,1
79315.0,1.0,32.0,678.37,39.1,,46.0,88.0,39.0,25.0,0.4,1.04,8.0,6.4,17.0,50.5,5.66,5.4,40.0,2013-2014,32.0,678.37,,39.1,4.6,17.0,50.5,5.66,5.4,88.0,39.0,25.0,0.4,1.04,8.0,6.4,40.0,,,0,0
79330.0,1.0,35.0,357.0,17.3,41.25,39.0,90.0,22.0,19.0,0.6,0.93,9.0,5.8,13.5,40.7,4.83,5.6,32.0,2013-2014,35.0,357.0,41.25,17.3,3.9,13.5,40.7,4.83,5.6,90.0,22.0,19.0,0.6,0.93,9.0,5.8,32.0,6.385792463147213,141.33548342238208,0,1
79331.0,1.0,58.0,196.0,15.0,25.93,43.0,100.0,57.0,37.0,0.7,1.03,12.0,7.9,17.8,49.9,5.57,5.5,37.0,2013-2014,58.0,196.0,25.93,15.0,4.3,17.8,49.9,5.57,5.5,100.0,57.0,37.0,0.7,1.03,12.0,7.9,37.0,4.174496881527091,101.44139894820586,1,1
79334.0,1.0,45.0,429.0,24.0,26.83,40.0,90.0,27.0,25.0,0.6,0.77,19.0,6.2,14.7,42.2,4.7,5.4,46.0,2013-2014,45.0,429.0,26.83,24.0,4.0,14.7,42.2,4.7,5.4,90.0,27.0,25.0,0.6,0.77,19.0,6.2,46.0,10.080882371546709,228.58067337696932,0,0
79338.0,1.0,44.0,208.0,16.7,29.34,46.0,71.0,24.0,26.0,0.5,1.19,24.0,7.8,16.7,47.6,5.34,5.7,52.0,2013-2014,44.0,208.0,29.34,16.7,4.6,16.7,47.6,5.34,5.7,71.0,24.0,26.0,0.5,1.19,24.0,7.8,52.0,4.0253501662247615,104.36070358778511,1,1
79342.0,1.0,21.0,594.0,19.3,30.36,46.0,74.0,34.0,32.0,0.5,1.11,18.0,6.3,15.2,45.0,5.3,5.2,55.0,2013-2014,21.0,594.0,30.36,19.3,4.6,15.2,45.0,5.3,5.2,74.0,34.0,32.0,0.5,1.11,18.0,6.3,55.0,12.62717902780195,327.3705971538466,0,0
79359.0,1.0,25.0,160.09,21.2,19.99,41.0,149.0,47.0,29.0,0.7,0.99,17.0,6.7,15.2,45.7,5.13,5.7,42.0,2013-2014,25.0,160.09,19.99,21.2,4.1,15.2,45.7,5.13,5.7,149.0,47.0,29.0,0.7,0.99,17.0,6.7,42.0,3.922488189380332,91.0665881265444,1,1
79362.0,1.0,59.0,510.0,23.0,60.22,44.0,102.0,19.0,21.0,0.6,0.79,12.0,7.6,15.9,43.8,4.64,5.7,37.0,2013-2014,59.0,510.0,60.22,23.0,4.4,15.9,43.8,4.64,5.7,102.0,19.0,21.0,0.6,0.79,12.0,7.6,37.0,6.95136142997938,172.6866671344413,0,0
79365.0,1.0,29.0,338.0,27.5,32.24,45.0,106.0,25.0,29.0,0.5,1.1,13.0,7.5,14.4,41.3,4.75,5.4,42.0,2013-2014,29.0,338.0,32.24,27.5,4.5,14.4,41.3,4.75,5.4,106.0,25.0,29.0,0.5,1.1,13.0,7.5,42.0,6.542401598986519,166.07234109592588,0,0
79366.0,1.0,42.0,213.0,18.5,24.49,45.0,100.0,34.0,27.0,0.4,1.15,17.0,7.2,13.9,41.1,4.78,6.2,33.0,2013-2014,42.0,213.0,24.49,18.5,4.5,13.9,41.1,4.78,6.2,100.0,34.0,27.0,0.4,1.15,17.0,7.2,33.0,4.57879746555995,116.22820809829652,1,1
79369.0,1.0,30.0,405.0,30.8,22.15,46.0,98.0,82.0,45.0,1.6,0.92,11.0,5.7,15.7,46.1,5.18,5.3,37.0,2013-2014,30.0,405.0,22.15,30.8,4.6,15.7,46.1,5.18,5.3,98.0,82.0,45.0,1.6,0.92,11.0,5.7,37.0,9.510824226602281,246.57638888565336,0,0
79376.0,1.0,50.0,279.0,29.1,27.38,45.0,94.0,31.0,24.0,0.4,0.63,9.0,5.6,16.5,47.5,4.97,5.4,36.0,2013-2014,50.0,279.0,27.38,29.1,4.5,16.5,47.5,4.97,5.4,94.0,31.0,24.0,0.4,0.63,9.0,5.6,36.0,5.790011705479679,146.97367386477464,1,1
79385.0,1.0,44.0,418.0,22.8,34.18,45.0,106.0,21.0,20.0,0.3,0.73,8.0,5.6,15.6,44.3,5.03,5.4,24.0,2013-2014,44.0,418.0,34.18,22.8,4.5,15.6,44.3,5.03,5.4,106.0,21.0,20.0,0.3,0.73,8.0,5.6,24.0,8.01864569717298,203.54532555057136,0,0
79387.0,1.0,38.0,345.0,14.6,13.63,44.0,96.0,31.0,25.0,0.8,0.9,17.0,6.9,14.8,44.2,4.61,5.4,37.0,2013-2014,38.0,345.0,13.63,14.6,4.4,14.8,44.2,4.61,5.4,96.0,31.0,25.0,0.8,0.9,17.0,6.9,37.0,9.857018411801935,244.8693935084238,0,0
79389.0,1.0,55.0,670.99,31.2,,44.0,90.0,56.0,38.0,0.6,1.07,18.0,5.1,15.2,45.6,5.18,5.5,37.0,2013-2014,55.0,670.99,,31.2,4.4,15.2,45.6,5.18,5.5,90.0,56.0,38.0,0.6,1.07,18.0,5.1,37.0,,,0,0
79398.0,1.0,29.0,693.86,27.0,69.92,43.0,91.0,20.0,23.0,0.6,0.9,12.0,4.9,16.5,45.8,5.14,5.4,59.0,2013-2014,29.0,693.86,69.92,27.0,4.3,16.5,45.8,5.14,5.4,91.0,20.0,23.0,0.6,0.9,12.0,4.9,59.0,8.931372571483315,217.03475985050216,0,0
79399.0,1.0,26.0,667.0,15.3,58.99,47.0,85.0,25.0,23.0,0.8,0.7,11.0,5.2,15.0,41.5,4.87,4.9,47.0,2013-2014,26.0,667.0,58.99,15.3,4.7,15.0,41.5,4.87,4.9,85.0,25.0,23.0,0.8,0.7,11.0,5.2,47.0,9.399942369273724,248.7951963514093,0,0
79421.0,1.0,31.0,410.0,16.0,28.13,46.0,104.0,60.0,29.0,0.5,1.06,10.0,6.6,14.8,44.1,5.3,5.3,31.0,2013-2014,31.0,410.0,28.13,16.0,4.6,14.8,44.1,5.3,5.3,104.0,60.0,29.0,0.5,1.06,10.0,6.6,31.0,8.61608347250283,223.3794567504155,0,0
79425.0,1.0,53.0,275.0,18.2,18.11,42.0,100.0,39.0,26.0,0.9,1.04,16.0,7.9,14.8,44.2,4.76,5.9,40.0,2013-2014,53.0,275.0,18.11,18.2,4.2,14.8,44.2,4.76,5.9,100.0,39.0,26.0,0.9,1.04,16.0,7.9,40.0,7.188560591823018,170.78871735441618,1,0
79431.0,1.0,56.0,323.0,19.0,31.36,44.0,112.0,24.0,23.0,1.0,0.8,12.0,4.4,14.8,43.7,5.18,5.8,44.0,2013-2014,56.0,323.0,31.36,19.0,4.4,14.8,43.7,5.18,5.8,112.0,24.0,23.0,1.0,0.8,12.0,4.4,44.0,6.394644995396545,158.85664166454367,0,1
79437.0,1.0,60.0,153.0,26.7,34.73,38.0,76.0,15.0,16.0,0.4,1.02,19.0,6.3,14.1,41.9,4.69,8.1,40.0,2013-2014,60.0,153.0,34.73,26.7,3.8,14.1,41.9,4.69,8.1,76.0,15.0,16.0,0.4,1.02,19.0,6.3,40.0,2.8775471030588746,62.1289346880573,1,1
79442.0,1.0,45.0,512.0,20.4,36.02,39.0,93.0,22.0,20.0,0.3,0.91,13.0,5.9,14.7,43.3,4.58,5.5,62.0,2013-2014,45.0,512.0,36.02,20.4,3.9,14.7,43.3,4.58,5.5,93.0,22.0,20.0,0.3,0.91,13.0,5.9,62.0,10.55634208561816,233.64143455228427,0,0
79443.0,1.0,44.0,196.0,18.7,36.23,44.0,110.0,22.0,20.0,0.8,1.32,14.0,8.0,13.1,39.2,4.67,5.4,52.0,2013-2014,44.0,196.0,36.23,18.7,4.4,13.1,39.2,4.67,5.4,110.0,22.0,20.0,0.8,1.32,14.0,8.0,52.0,3.424987024166293,85.08399399738015,1,1
79446.0,1.0,47.0,311.67,20.1,,48.0,81.0,28.0,28.0,0.7,1.15,18.0,8.4,14.3,42.4,4.56,5.2,43.0,2013-2014,47.0,311.67,,20.1,4.8,14.3,42.4,4.56,5.2,81.0,28.0,28.0,0.7,1.15,18.0,8.4,43.0,,,0,0
79453.0,1.0,54.0,331.0,20.5,37.67,45.0,110.0,33.0,36.0,0.4,1.0,9.0,5.4,14.1,42.7,4.74,6.1,29.0,2013-2014,54.0,331.0,37.67,20.5,4.5,14.1,42.7,4.74,6.1,110.0,33.0,36.0,0.4,1.0,9.0,5.4,29.0,5.8362783574464405,148.1481066920075,0,1
79459.0,1.0,30.0,316.0,39.5,21.55,43.0,144.0,76.0,33.0,0.2,0.63,8.0,3.5,14.6,43.5,5.1,6.9,49.0,2013-2014,30.0,316.0,21.55,39.5,4.3,14.6,43.5,5.1,6.9,144.0,76.0,33.0,0.2,0.63,8.0,3.5,49.0,7.644845322790812,185.77180108057908,0,0
79462.0,1.0,25.0,398.0,28.6,26.37,45.0,124.0,28.0,18.0,0.7,0.78,13.0,6.2,15.6,45.7,5.54,5.5,35.0,2013-2014,25.0,398.0,26.37,28.6,4.5,15.6,45.7,5.54,5.5,124.0,28.0,18.0,0.7,0.78,13.0,6.2,35.0,8.722126508343326,221.40248449434793,0,0
79463.0,1.0,33.0,281.0,29.2,29.73,44.0,97.0,43.0,28.0,0.5,0.94,13.0,7.3,14.7,43.5,5.41,5.5,46.0,2013-2014,33.0,281.0,29.73,29.2,4.4,14.7,43.5,5.41,5.5,97.0,43.0,28.0,0.5,0.94,13.0,7.3,46.0,5.654003688018421,140.4575294616262,1,1
79467.0,1.0,26.0,414.07,32.1,32.11,47.0,97.0,34.0,22.0,2.3,0.91,12.0,8.1,15.6,43.3,4.97,5.0,34.0,2013-2014,26.0,414.07,32.11,32.1,4.7,15.6,43.3,4.97,5.0,97.0,34.0,22.0,2.3,0.91,12.0,8.1,34.0,8.026617308034746,212.44639070531022,0,0
79468.0,1.0,52.0,308.0,40.7,24.36,41.0,300.0,15.0,14.0,0.5,0.85,11.0,4.8,16.0,46.4,5.57,10.8,39.0,2013-2014,52.0,308.0,24.36,40.7,4.1,16.0,46.4,5.57,10.8,300.0,15.0,14.0,0.5,0.85,11.0,4.8,39.0,7.212534306542623,167.45006213677144,0,0
79471.0,1.0,42.0,215.0,20.6,17.55,47.0,85.0,69.0,39.0,0.2,1.0,14.0,6.4,14.7,42.2,5.21,5.6,34.0,2013-2014,42.0,215.0,17.55,20.6,4.7,14.7,42.2,5.21,5.6,85.0,69.0,39.0,0.2,1.0,14.0,6.4,34.0,5.201227756068002,137.66472495291706,1,1
79484.0,1.0,54.0,71.0,15.0,,44.0,104.0,23.0,20.0,0.8,0.59,14.0,5.5,14.1,42.4,4.57,5.7,61.0,2013-2014,54.0,71.0,,15.0,4.4,14.1,42.4,4.57,5.7,104.0,23.0,20.0,0.8,0.59,14.0,5.5,61.0,,,1,0
79488.0,1.0,42.0,437.0,27.5,31.79,44.0,340.0,49.0,25.0,0.4,0.97,13.0,4.6,17.3,49.6,5.5,10.9,26.0,2013-2014,42.0,437.0,31.79,27.5,4.4,17.3,49.6,5.5,10.9,340.0,49.0,25.0,0.4,0.97,13.0,4.6,26.0,8.892913908882061,220.91897817531773,0,0
79490.0,1.0,34.0,359.0,42.8,32.03,44.0,89.0,25.0,23.0,0.5,0.82,7.0,4.7,14.3,43.1,4.83,5.2,51.0,2013-2014,34.0,359.0,32.03,42.8,4.4,14.3,43.1,4.83,5.2,89.0,25.0,23.0,0.5,0.82,7.0,4.7,51.0,7.10288362967725,176.45080225045731,0,0
79496.0,1.0,54.0,430.6,,34.75,46.0,103.0,25.0,23.0,0.4,1.8,22.0,9.9,15.2,46.8,5.35,5.8,40.0,2013-2014,54.0,430.6,34.75,,4.6,15.2,46.8,5.35,5.8,103.0,25.0,23.0,0.4,1.8,22.0,9.9,40.0,8.117886386096387,210.46326404275783,0,0
79507.0,1.0,24.0,403.0,36.2,24.94,42.0,94.0,23.0,29.0,0.7,1.03,11.0,6.8,15.5,45.9,5.31,5.5,44.0,2013-2014,24.0,403.0,24.94,36.2,4.2,15.5,45.9,5.31,5.5,94.0,23.0,29.0,0.7,1.03,11.0,6.8,44.0,9.475431116687748,225.12110820072033,0,0
79519.0,1.0,23.0,271.0,26.3,13.71,39.0,122.0,42.0,30.0,0.3,0.85,13.0,6.4,16.0,47.2,5.4,5.1,34.0,2013-2014,23.0,271.0,13.71,26.3,3.9,16.0,47.2,5.4,5.1,122.0,42.0,30.0,0.3,0.85,13.0,6.4,34.0,8.264932841885548,182.92612630347034,1,0
79521.0,1.0,60.0,505.3,16.9,66.04,43.0,122.0,21.0,24.0,0.7,1.31,14.0,5.6,13.3,38.8,4.32,6.4,46.0,2013-2014,60.0,505.3,66.04,16.9,4.3,13.3,38.8,4.32,6.4,122.0,21.0,24.0,0.7,1.31,14.0,5.6,46.0,6.456634004110419,156.89794589903238,0,1
79526.0,1.0,27.0,461.0,53.2,72.22,39.0,92.0,49.0,98.0,0.4,0.82,7.0,5.4,17.0,51.2,5.38,6.1,48.0,2013-2014,27.0,461.0,72.22,53.2,3.9,17.0,51.2,5.38,6.1,92.0,49.0,98.0,0.4,0.82,7.0,5.4,48.0,5.577774841058582,123.4517889724349,0,1
79533.0,1.0,60.0,243.0,14.5,54.24,44.0,107.0,15.0,19.0,0.4,1.48,14.0,4.3,12.7,37.2,4.0,5.8,42.0,2013-2014,60.0,243.0,54.24,14.5,4.4,12.7,37.2,4.0,5.8,107.0,15.0,19.0,0.4,1.48,14.0,4.3,42.0,3.3059256032593787,82.12625396791847,1,1
79563.0,1.0,49.0,384.85,,38.45,40.0,108.0,20.0,16.0,0.7,0.88,9.0,4.4,14.8,45.7,5.33,6.5,48.0,2013-2014,49.0,384.85,38.45,,4.0,14.8,45.7,5.33,6.5,108.0,20.0,16.0,0.7,0.88,9.0,4.4,48.0,7.20118108379953,163.28439918021152,0,0
79564.0,1.0,28.0,676.37,29.8,39.25,46.0,72.0,18.0,20.0,0.8,1.0,8.0,4.9,15.0,44.9,4.47,5.3,53.0,2013-2014,28.0,676.37,39.25,29.8,4.6,15.0,44.9,4.47,5.3,72.0,18.0,20.0,0.8,1.0,8.0,4.9,53.0,12.722919272698483,329.85274626050176,0,0
79569.0,1.0,44.0,408.0,19.9,,49.0,97.0,59.0,46.0,0.5,0.84,7.0,7.1,17.7,52.8,5.36,5.6,43.0,2013-2014,44.0,408.0,,19.9,4.9,17.7,52.8,5.36,5.6,97.0,59.0,46.0,0.5,0.84,7.0,7.1,43.0,,,0,0
79573.0,1.0,29.0,449.0,24.3,23.68,50.0,92.0,21.0,21.0,1.2,1.06,10.0,8.4,16.7,47.4,5.36,5.3,43.0,2013-2014,29.0,449.0,23.68,24.3,5.0,16.7,47.4,5.36,5.3,92.0,21.0,21.0,1.2,1.06,10.0,8.4,43.0,9.811507995925957,275.6379961375748,0,0
79576.0,1.0,53.0,791.53,41.1,,44.0,97.0,23.0,25.0,0.9,1.05,12.0,6.6,14.8,43.3,4.44,5.1,46.0,2013-2014,53.0,791.53,,41.1,4.4,14.8,43.3,4.44,5.1,97.0,23.0,25.0,0.9,1.05,12.0,6.6,46.0,,,0,0
79585.0,1.0,32.0,266.0,13.3,37.29,43.0,72.0,17.0,24.0,0.5,1.32,7.0,6.0,14.6,44.4,5.1,5.6,88.0,2013-2014,32.0,266.0,37.29,13.3,4.3,14.6,44.4,5.1,5.6,72.0,17.0,24.0,0.5,1.32,7.0,6.0,88.0,4.720906055150817,114.71928908529163,1,1
79593.0,1.0,59.0,356.0,34.5,39.7,40.0,102.0,26.0,20.0,0.9,0.89,15.0,5.2,16.4,48.6,5.15,4.8,39.0,2013-2014,59.0,356.0,39.7,34.5,4.0,16.4,48.6,5.15,4.8,102.0,26.0,20.0,0.9,0.89,15.0,5.2,39.0,6.459801733121017,146.47386762553435,0,1
79606.0,1.0,44.0,280.31,16.6,16.96,42.0,249.0,26.0,22.0,0.5,0.79,9.0,6.7,14.9,42.6,4.68,8.8,35.0,2013-2014,44.0,280.31,16.96,16.6,4.2,14.9,42.6,4.68,8.8,249.0,26.0,22.0,0.5,0.79,9.0,6.7,35.0,7.5340569234751245,178.99715833224414,1,0
79608.0,1.0,56.0,1120.0,49.7,90.33,41.0,98.0,47.0,31.0,1.0,1.35,7.0,3.4,16.2,47.7,5.43,5.8,54.0,2013-2014,56.0,1120.0,90.33,49.7,4.1,16.2,47.7,5.43,5.8,98.0,47.0,31.0,1.0,1.35,7.0,3.4,54.0,13.13239579941657,304.888739402211,0,0
79611.0,1.0,35.0,391.75,11.4,53.3,45.0,97.0,17.0,23.0,0.8,0.93,17.0,5.2,14.1,41.1,4.56,5.3,54.0,2013-2014,35.0,391.75,53.3,11.4,4.5,14.1,41.1,4.56,5.3,97.0,17.0,23.0,0.8,0.93,17.0,5.2,54.0,5.594425377070295,142.00890993919498,0,1
79633.0,1.0,25.0,325.0,8.34,30.31,45.0,78.0,18.0,20.0,0.8,0.93,17.0,5.0,15.0,42.7,4.85,5.1,38.0,2013-2014,25.0,325.0,30.31,8.34,4.5,15.0,42.7,4.85,5.1,78.0,18.0,20.0,0.8,0.93,17.0,5.0,38.0,6.482962216941707,164.56353165032317,0,1
79634.0,1.0,43.0,244.12,34.0,21.69,41.0,130.0,31.0,20.0,0.4,0.95,18.0,5.1,15.8,47.7,5.31,8.2,57.0,2013-2014,43.0,244.12,21.69,34.0,4.1,15.8,47.7,5.31,8.2,130.0,31.0,20.0,0.4,0.95,18.0,5.1,57.0,5.923690011448852,137.52756220463195,1,1
79638.0,1.0,42.0,709.02,40.5,,43.0,97.0,20.0,25.0,0.7,1.37,10.0,4.8,14.9,45.9,5.56,6.4,55.0,2013-2014,42.0,709.02,,40.5,4.3,14.9,45.9,5.56,6.4,97.0,20.0,25.0,0.7,1.37,10.0,4.8,55.0,,,0,0
79641.0,1.0,31.0,132.0,23.8,,32.0,87.0,22.0,21.0,0.3,0.91,7.0,5.0,11.5,34.3,5.2,5.6,36.0,2013-2014,31.0,132.0,,23.8,3.2,11.5,34.3,5.2,5.6,87.0,22.0,21.0,0.3,0.91,7.0,5.0,36.0,,,1,0
79644.0,1.0,47.0,360.0,27.2,44.39,42.0,97.0,23.0,24.0,0.5,0.88,5.0,8.1,14.8,41.3,4.44,4.6,42.0,2013-2014,47.0,360.0,44.39,27.2,4.2,14.8,41.3,4.44,4.6,97.0,23.0,24.0,0.5,0.88,5.0,8.1,42.0,5.944212548995062,141.22499545732225,0,1
79646.0,1.0,25.0,517.0,21.0,50.46,47.0,89.0,24.0,27.0,0.9,0.94,18.0,5.7,14.4,42.1,4.99,5.4,78.0,2013-2014,25.0,517.0,50.46,21.0,4.7,14.4,42.1,4.99,5.4,89.0,24.0,27.0,0.9,0.94,18.0,5.7,78.0,7.8129403511728714,206.79084534664977,0,0
79649.0,1.0,20.0,656.0,45.6,37.75,46.0,95.0,37.0,74.0,0.8,0.98,16.0,5.7,16.2,47.4,5.49,5.3,58.0,2013-2014,20.0,656.0,37.75,45.6,4.6,16.2,47.4,5.49,5.3,95.0,37.0,74.0,0.8,0.98,16.0,5.7,58.0,12.561570812063335,325.66964710655105,0,0
79650.0,1.0,58.0,260.0,19.8,28.17,47.0,101.0,23.0,21.0,0.7,1.42,22.0,5.7,13.3,38.9,4.55,5.3,47.0,2013-2014,58.0,260.0,28.17,19.8,4.7,13.3,38.9,4.55,5.3,101.0,23.0,21.0,0.7,1.42,22.0,5.7,47.0,5.162740467327299,136.64605354163513,1,1
79651.0,1.0,42.0,487.0,24.5,20.21,43.0,105.0,56.0,43.0,0.7,1.04,8.0,6.4,17.4,51.2,5.69,5.9,42.0,2013-2014,42.0,487.0,20.21,24.5,4.3,17.4,51.2,5.69,5.9,105.0,56.0,43.0,0.7,1.04,8.0,6.4,42.0,12.70547732302776,308.7465221632068,0,0
79660.0,1.0,36.0,537.0,40.5,58.56,41.0,107.0,61.0,51.0,0.8,0.88,13.0,6.2,15.1,42.8,5.19,5.5,49.0,2013-2014,36.0,537.0,58.56,40.5,4.1,15.1,42.8,5.19,5.5,107.0,61.0,51.0,0.8,0.88,13.0,6.2,49.0,7.739143477026494,179.67610288354854,0,0
79661.0,1.0,52.0,556.0,20.0,37.99,46.0,87.0,31.0,24.0,0.9,0.83,10.0,4.9,15.6,47.1,5.95,5.3,48.0,2013-2014,52.0,556.0,37.99,20.0,4.6,15.6,47.1,5.95,5.3,87.0,31.0,24.0,0.9,0.83,10.0,4.9,48.0,10.313624836988359,267.3896928420566,0,0
79662.0,1.0,33.0,438.0,22.4,34.65,45.0,81.0,99.0,45.0,0.6,1.06,13.0,3.8,14.7,42.8,4.8,5.1,58.0,2013-2014,33.0,438.0,34.65,22.4,4.5,14.7,42.8,4.8,5.1,81.0,99.0,45.0,0.6,1.06,13.0,3.8,58.0,8.386214706190867,212.8756983377396,0,0
79663.0,1.0,39.0,351.0,17.0,29.05,47.0,94.0,17.0,20.0,0.9,0.79,7.0,5.6,13.5,39.7,5.23,5.1,40.0,2013-2014,39.0,351.0,29.05,17.0,4.7,13.5,39.7,5.23,5.1,94.0,17.0,20.0,0.9,0.79,7.0,5.6,40.0,7.046192622272711,186.49676860983126,0,0
79664.0,1.0,40.0,375.5,20.9,24.44,43.0,95.0,30.0,20.0,0.5,1.17,16.0,5.3,16.3,47.5,5.36,5.1,48.0,2013-2014,40.0,375.5,24.44,20.9,4.3,16.3,47.5,5.36,5.1,95.0,30.0,20.0,0.5,1.17,16.0,5.3,48.0,8.71896182496983,211.87312148078357,0,0
79667.0,1.0,51.0,346.0,24.3,38.21,46.0,86.0,44.0,31.0,0.5,0.96,13.0,5.4,15.8,46.0,5.28,5.2,49.0,2013-2014,51.0,346.0,38.21,24.3,4.6,15.8,46.0,5.28,5.2,86.0,44.0,31.0,0.5,0.96,13.0,5.4,49.0,6.012758688863653,155.88599782907482,0,1
79671.0,1.0,31.0,415.0,28.6,24.64,47.0,83.0,21.0,31.0,0.9,1.12,15.0,5.7,15.1,46.3,5.15,5.5,70.0,2013-2014,31.0,415.0,24.64,28.6,4.7,15.1,46.3,5.15,5.5,83.0,21.0,31.0,0.9,1.12,15.0,5.7,70.0,9.190908965606196,243.26255533443205,0,0
79678.0,1.0,32.0,367.0,11.9,30.04,43.0,90.0,55.0,34.0,0.4,0.81,11.0,8.7,16.0,46.2,5.42,5.5,44.0,2013-2014,32.0,367.0,30.04,11.9,4.3,16.0,46.2,5.42,5.5,90.0,55.0,34.0,0.4,0.81,11.0,8.7,44.0,7.637748778201225,185.59935313504303,0,0
79682.0,1.0,49.0,454.0,17.4,,44.0,104.0,42.0,36.0,1.6,0.85,14.0,4.9,16.3,45.8,4.53,5.5,51.0,2013-2014,49.0,454.0,,17.4,4.4,16.3,45.8,4.53,5.5,104.0,42.0,36.0,1.6,0.85,14.0,4.9,51.0,,,0,0
79691.0,1.0,31.0,392.0,25.0,36.37,44.0,107.0,31.0,30.0,0.4,0.91,10.0,8.2,15.6,46.3,5.18,6.0,40.0,2013-2014,31.0,392.0,36.37,25.0,4.4,15.6,46.3,5.18,6.0,107.0,31.0,30.0,0.4,0.91,10.0,8.2,40.0,7.274543657452653,180.71520403352326,0,0
79693.0,1.0,57.0,327.0,27.6,39.35,41.0,347.0,19.0,21.0,1.5,1.02,15.0,4.7,15.0,43.3,5.2,9.6,52.0,2013-2014,57.0,327.0,39.35,27.6,4.1,15.0,43.3,5.2,9.6,347.0,19.0,21.0,1.5,1.02,15.0,4.7,52.0,5.84609711806943,135.72612400475123,0,1
79712.0,1.0,55.0,315.0,23.0,24.49,41.0,104.0,15.0,17.0,0.4,1.74,19.0,7.2,17.1,47.8,5.39,5.7,31.0,2013-2014,55.0,315.0,24.49,23.0,4.1,17.1,47.8,5.39,5.7,104.0,15.0,17.0,0.4,1.74,19.0,7.2,31.0,7.37353762569772,171.18800148664621,0,0
79715.0,1.0,55.0,475.24,48.2,71.51,41.0,87.0,13.0,17.0,0.7,1.01,11.0,7.7,12.1,37.9,4.61,4.8,63.0,2013-2014,55.0,475.24,71.51,48.2,4.1,12.1,37.9,4.61,4.8,87.0,13.0,17.0,0.7,1.01,11.0,7.7,63.0,5.735066232526864,133.14837145717053,0,1
79720.0,1.0,25.0,608.42,33.2,,47.0,103.0,17.0,18.0,1.5,1.15,13.0,6.5,15.4,43.1,4.68,5.0,41.0,2013-2014,25.0,608.42,,33.2,4.7,15.4,43.1,4.68,5.0,103.0,17.0,18.0,1.5,1.15,13.0,6.5,41.0,,,0,0
79741.0,1.0,22.0,319.0,21.3,,48.0,81.0,176.0,93.0,0.7,0.93,10.0,9.1,15.4,45.6,5.47,5.6,26.0,2013-2014,22.0,319.0,,21.3,4.8,15.4,45.6,5.47,5.6,81.0,176.0,93.0,0.7,0.93,10.0,9.1,26.0,,,0,0
79756.0,1.0,46.0,432.0,,43.74,45.0,95.0,29.0,27.0,0.9,0.9,11.0,5.6,14.9,42.2,4.62,5.2,41.0,2013-2014,46.0,432.0,43.74,,4.5,14.9,42.2,4.62,5.2,95.0,29.0,27.0,0.9,0.9,11.0,5.6,41.0,7.147962032434809,181.44388888862022,0,0
79758.0,1.0,38.0,322.0,23.6,23.99,43.0,91.0,44.0,30.0,0.5,1.11,13.0,5.1,13.5,40.9,4.6,5.7,48.0,2013-2014,38.0,322.0,23.99,23.6,4.3,13.5,40.9,4.6,5.7,91.0,44.0,30.0,0.5,1.11,13.0,5.1,48.0,7.422788773901462,180.37576711427602,0,0
79762.0,1.0,56.0,346.0,18.5,24.6,45.0,130.0,22.0,20.0,0.7,0.91,12.0,6.1,15.7,43.6,4.78,5.6,56.0,2013-2014,56.0,346.0,24.6,18.5,4.5,15.7,43.6,4.78,5.6,130.0,22.0,20.0,0.7,0.91,12.0,6.1,56.0,7.725482237931845,196.1036634539649,0,0
79763.0,1.0,59.0,366.0,15.2,39.73,45.0,70.0,26.0,26.0,0.7,1.0,13.0,5.5,14.9,42.6,4.34,5.4,83.0,2013-2014,59.0,366.0,39.73,15.2,4.5,14.9,42.6,4.34,5.4,70.0,26.0,26.0,0.7,1.0,13.0,5.5,83.0,6.312535417989057,160.2374172931832,0,1
79768.0,1.0,57.0,334.47,38.4,,40.0,118.0,22.0,17.0,0.5,0.95,10.0,7.0,15.0,44.7,4.81,7.1,41.0,2013-2014,57.0,334.47,,38.4,4.0,15.0,44.7,4.81,7.1,118.0,22.0,17.0,0.5,0.95,10.0,7.0,41.0,,,0,0
79782.0,1.0,30.0,666.0,28.3,,43.0,84.0,17.0,15.0,0.6,0.79,5.0,4.1,15.0,42.9,4.8,4.8,47.0,2013-2014,30.0,666.0,,28.3,4.3,15.0,42.9,4.8,4.8,84.0,17.0,15.0,0.6,0.79,5.0,4.1,47.0,,,0,0
79788.0,1.0,45.0,184.0,16.1,16.88,47.0,96.0,18.0,18.0,0.5,0.91,13.0,7.4,16.3,44.9,5.16,5.3,32.0,2013-2014,45.0,184.0,16.88,16.1,4.7,16.3,44.9,5.16,5.3,96.0,18.0,18.0,0.5,0.91,13.0,7.4,32.0,4.479213803974968,118.55465002664677,1,1
79793.0,1.0,52.0,525.0,32.4,81.63,44.0,94.0,27.0,34.0,0.8,0.95,21.0,3.9,15.1,44.7,5.07,5.3,39.0,2013-2014,52.0,525.0,81.63,32.4,4.4,15.1,44.7,5.07,5.3,94.0,27.0,34.0,0.8,0.95,21.0,3.9,39.0,5.637568476328485,140.0492436950217,0,1
79794.0,1.0,29.0,457.0,28.5,32.94,42.0,94.0,30.0,24.0,0.8,0.91,8.0,6.0,15.5,45.4,5.27,5.3,39.0,2013-2014,29.0,457.0,32.94,28.5,4.2,15.5,45.4,5.27,5.3,94.0,30.0,24.0,0.8,0.91,8.0,6.0,39.0,9.403400193340095,223.40976851716903,0,0
79799.0,1.0,33.0,328.77,26.9,23.0,47.0,79.0,26.0,22.0,0.6,0.79,8.0,6.3,16.5,50.3,5.12,5.2,56.0,2013-2014,33.0,328.77,23.0,26.9,4.7,16.5,50.3,5.12,5.2,79.0,26.0,22.0,0.6,0.79,8.0,6.3,56.0,7.338154915892071,194.22434962199537,0,0
79802.0,1.0,22.0,276.8,22.6,10.22,47.0,86.0,27.0,20.0,0.3,0.89,14.0,10.0,16.5,48.6,5.33,5.3,41.0,2013-2014,22.0,276.8,10.22,22.6,4.7,16.5,48.6,5.33,5.3,86.0,27.0,20.0,0.3,0.89,14.0,10.0,41.0,8.032138602977456,212.59252688417402,1,0
79809.0,1.0,38.0,968.0,53.4,42.76,42.0,63.0,23.0,30.0,0.2,1.36,16.0,5.1,16.0,47.9,5.49,5.5,69.0,2013-2014,38.0,968.0,42.76,53.4,4.2,16.0,47.9,5.49,5.5,63.0,23.0,30.0,0.2,1.36,16.0,5.1,69.0,19.685865863743693,467.7047286357,0,0
79815.0,1.0,49.0,284.0,18.5,17.09,46.0,80.0,33.0,24.0,0.6,1.13,16.0,9.2,15.7,46.2,5.2,5.5,40.0,2013-2014,49.0,284.0,17.09,18.5,4.6,15.7,46.2,5.2,5.5,80.0,33.0,24.0,0.6,1.13,16.0,9.2,40.0,7.169268868511538,185.86952996180452,1,0
79821.0,1.0,55.0,496.0,20.1,37.34,45.0,91.0,31.0,33.0,1.1,0.9,7.0,4.2,16.5,48.6,5.23,5.0,46.0,2013-2014,55.0,496.0,37.34,20.1,4.5,16.5,48.6,5.23,5.0,91.0,31.0,33.0,1.1,0.9,7.0,4.2,46.0,9.243083144860936,234.62644926125265,0,0
79823.0,1.0,47.0,336.18,30.0,18.68,44.0,96.0,21.0,25.0,0.7,1.34,13.0,7.7,14.3,44.0,5.56,6.0,33.0,2013-2014,47.0,336.18,18.68,30.0,4.4,14.3,44.0,5.56,6.0,96.0,21.0,25.0,0.7,1.34,13.0,7.7,33.0,8.56629163584429,212.80498319592914,0,0
79824.0,1.0,41.0,163.0,16.9,17.95,42.0,121.0,25.0,23.0,0.6,1.04,12.0,6.8,15.0,42.8,4.38,5.4,47.0,2013-2014,41.0,163.0,17.95,16.9,4.2,15.0,42.8,4.38,5.4,121.0,25.0,23.0,0.6,1.04,12.0,6.8,47.0,4.130802699599795,98.14127400015354,1,1
79829.0,1.0,47.0,255.0,12.6,34.94,42.0,81.0,29.0,24.0,0.6,0.74,17.0,5.4,13.9,40.4,4.61,5.4,66.0,2013-2014,47.0,255.0,34.94,12.6,4.2,13.9,40.4,4.61,5.4,81.0,29.0,24.0,0.6,0.74,17.0,5.4,66.0,4.742942191214127,112.68473054884255,1,1
79831.0,1.0,44.0,553.0,23.3,56.24,48.0,94.0,27.0,32.0,0.9,0.99,10.0,6.3,16.7,47.6,4.97,4.7,39.0,2013-2014,44.0,553.0,56.24,23.3,4.8,16.7,47.6,4.97,4.7,94.0,27.0,32.0,0.9,0.99,10.0,6.3,39.0,7.752074546449367,209.38045656647594,0,0
79832.0,1.0,57.0,492.22,21.4,163.6,46.0,88.0,24.0,26.0,0.5,0.88,12.0,3.8,11.5,35.4,3.94,5.6,39.0,2013-2014,57.0,492.22,163.6,21.4,4.6,11.5,35.4,3.94,5.6,88.0,24.0,26.0,0.5,0.88,12.0,3.8,39.0,2.8128744442887834,72.92621610243447,0,1
79833.0,1.0,54.0,248.0,21.9,12.61,44.0,155.0,24.0,22.0,0.8,0.69,9.0,5.1,13.7,43.5,5.45,6.7,42.0,2013-2014,54.0,248.0,12.61,21.9,4.4,13.7,43.5,5.45,6.7,155.0,24.0,22.0,0.8,0.69,9.0,5.1,42.0,7.093199508747685,176.21022799974418,1,0
79835.0,1.0,37.0,336.0,25.6,14.93,45.0,95.0,42.0,27.0,0.7,0.92,14.0,6.5,15.8,44.5,4.97,5.2,43.0,2013-2014,37.0,336.0,14.93,25.6,4.5,15.8,44.5,4.97,5.2,95.0,42.0,27.0,0.7,0.92,14.0,6.5,43.0,9.150821743856877,232.28448559153424,0,0
79846.0,1.0,39.0,380.0,23.6,26.7,49.0,107.0,22.0,20.0,1.1,0.86,16.0,6.0,14.6,42.8,4.76,5.8,63.0,2013-2014,39.0,380.0,26.7,23.6,4.9,14.6,42.8,4.76,5.8,107.0,22.0,20.0,1.1,0.86,16.0,6.0,63.0,7.826562739933852,215.63330707281034,0,0
79848.0,1.0,26.0,432.0,24.4,37.19,47.0,74.0,12.0,17.0,2.2,1.04,12.0,6.8,17.2,49.7,5.53,4.8,40.0,2013-2014,26.0,432.0,37.19,24.4,4.7,17.2,49.7,5.53,4.8,74.0,12.0,17.0,2.2,1.04,12.0,6.8,40.0,7.743880307168083,204.96298230949205,0,0
79854.0,1.0,45.0,297.0,14.0,22.24,45.0,108.0,35.0,20.0,1.2,0.52,14.0,5.1,14.4,41.7,4.55,5.6,37.0,2013-2014,45.0,297.0,22.24,14.0,4.5,14.4,41.7,4.55,5.6,108.0,35.0,20.0,1.2,0.52,14.0,5.1,37.0,6.850335880721086,173.88894579339262,1,0
79863.0,1.0,45.0,528.0,25.5,31.01,46.0,103.0,25.0,25.0,0.8,0.94,12.0,5.5,15.1,44.7,5.08,5.4,57.0,2013-2014,45.0,528.0,31.01,25.5,4.6,15.1,44.7,5.08,5.4,103.0,25.0,25.0,0.8,0.94,12.0,5.5,57.0,10.90247113058286,282.65604507650477,0,0
79868.0,1.0,30.0,295.0,13.3,23.29,43.0,97.0,67.0,42.0,0.7,0.85,14.0,7.5,15.5,45.7,5.17,5.4,35.0,2013-2014,30.0,295.0,23.29,13.3,4.3,15.5,45.7,5.17,5.4,97.0,67.0,42.0,0.7,0.85,14.0,7.5,35.0,6.840505820819281,166.2261344709427,1,0
79871.0,1.0,45.0,80.6,8.54,34.96,43.0,93.0,20.0,18.0,0.3,0.73,8.0,6.5,10.7,30.5,3.44,5.5,63.0,2013-2014,45.0,80.6,34.96,8.54,4.3,10.7,30.5,3.44,5.5,93.0,20.0,18.0,0.3,0.73,8.0,6.5,63.0,1.398242410933647,33.97766731159572,1,1
79872.0,1.0,54.0,544.32,29.8,,45.0,94.0,46.0,34.0,0.7,1.06,19.0,6.3,16.0,48.9,5.74,5.7,47.0,2013-2014,54.0,544.32,,29.8,4.5,16.0,48.9,5.74,5.7,94.0,46.0,34.0,0.7,1.06,19.0,6.3,47.0,,,0,0
79890.0,1.0,41.0,413.54,50.7,42.46,42.0,83.0,28.0,27.0,0.8,1.21,12.0,5.2,14.1,43.7,5.22,5.5,52.0,2013-2014,41.0,413.54,42.46,50.7,4.2,14.1,43.7,5.22,5.5,83.0,28.0,27.0,0.8,1.21,12.0,5.2,52.0,7.157604528313099,170.0532507316246,0,0
79894.0,1.0,58.0,217.29,16.3,,40.0,102.0,28.0,28.0,0.7,0.89,15.0,5.5,14.6,43.7,4.85,5.6,53.0,2013-2014,58.0,217.29,,16.3,4.0,14.6,43.7,4.85,5.6,102.0,28.0,28.0,0.7,0.89,15.0,5.5,53.0,,,1,0
79895.0,1.0,19.0,348.0,16.4,18.75,38.0,94.0,19.0,20.0,0.6,0.85,11.0,5.8,14.5,43.5,5.03,4.7,28.0,2013-2014,19.0,348.0,18.75,16.4,3.8,14.5,43.5,5.03,4.7,94.0,19.0,20.0,0.6,0.85,11.0,5.8,28.0,9.776895825972218,211.0923298451181,0,0
79896.0,1.0,22.0,459.0,23.9,22.77,46.0,91.0,47.0,19.0,0.6,0.93,11.0,6.0,16.0,47.6,5.41,4.7,32.0,2013-2014,22.0,459.0,22.77,23.9,4.6,16.0,47.6,5.41,4.7,91.0,47.0,19.0,0.6,0.93,11.0,6.0,32.0,10.802147291031126,280.05506229242405,0,0
79898.0,1.0,29.0,590.0,40.8,36.5,47.0,85.0,31.0,26.0,0.4,1.05,12.0,6.6,17.0,50.4,5.86,5.7,57.0,2013-2014,29.0,590.0,36.5,40.8,4.7,17.0,50.4,5.86,5.7,85.0,31.0,26.0,0.4,1.05,12.0,6.6,57.0,11.180298886921687,295.91720327260276,0,0
79899.0,1.0,37.0,484.0,29.1,33.63,44.0,94.0,22.0,17.0,1.6,0.98,15.0,6.6,17.9,52.5,5.91,5.4,47.0,2013-2014,37.0,484.0,33.63,29.1,4.4,17.9,52.5,5.91,5.4,94.0,22.0,17.0,1.6,0.98,15.0,6.6,47.0,9.675254371464991,240.3539864695511,0,0
79901.0,1.0,23.0,429.0,39.9,,46.0,60.0,23.0,20.0,0.6,1.02,12.0,6.7,16.3,47.8,5.28,5.2,55.0,2013-2014,23.0,429.0,,39.9,4.6,16.3,47.8,5.28,5.2,60.0,23.0,20.0,0.6,1.02,12.0,6.7,55.0,,,0,0
79908.0,1.0,19.0,486.0,31.0,20.16,46.0,83.0,31.0,29.0,0.6,0.71,16.0,6.5,15.0,43.8,5.02,5.3,46.0,2013-2014,19.0,486.0,20.16,31.0,4.6,15.0,43.8,5.02,5.3,83.0,31.0,29.0,0.6,0.71,16.0,6.5,46.0,12.112631865850412,314.03051451931583,0,0
79920.0,1.0,59.0,306.0,17.4,35.2,47.0,137.0,59.0,43.0,1.1,0.87,11.0,5.6,15.6,45.9,5.1,5.6,35.0,2013-2014,59.0,306.0,35.2,17.4,4.7,15.6,45.9,5.1,5.6,137.0,59.0,43.0,1.1,0.87,11.0,5.6,35.0,5.457784149309986,144.4551919285971,0,1
79923.0,1.0,50.0,379.0,24.1,31.03,41.0,439.0,21.0,18.0,0.6,1.09,15.0,3.4,16.7,47.4,5.31,11.2,45.0,2013-2014,50.0,379.0,31.03,24.1,4.1,16.7,47.4,5.31,11.2,439.0,21.0,18.0,0.6,1.09,15.0,3.4,45.0,7.9747059817574275,185.14504824697053,0,0
79924.0,1.0,59.0,203.0,11.8,21.76,43.0,133.0,63.0,38.0,0.4,0.92,19.0,8.2,15.1,42.6,4.59,6.1,38.0,2013-2014,59.0,203.0,21.76,11.8,4.3,15.1,42.6,4.59,6.1,133.0,63.0,38.0,0.4,0.92,19.0,8.2,38.0,4.720985398056813,114.72121713928456,1,1
79925.0,1.0,49.0,414.0,15.4,31.5,45.0,89.0,21.0,19.0,0.5,0.82,10.0,5.0,15.1,43.1,4.78,5.2,66.0,2013-2014,49.0,414.0,31.5,15.4,4.5,15.1,43.1,4.78,5.2,89.0,21.0,19.0,0.5,0.82,10.0,5.0,66.0,8.306493330085598,210.8520506962922,0,0
79932.0,1.0,22.0,329.0,18.5,14.3,44.0,91.0,27.0,31.0,0.4,0.89,10.0,6.4,15.0,42.7,4.5,5.1,51.0,2013-2014,22.0,329.0,14.3,18.5,4.4,15.0,42.7,4.5,5.1,91.0,27.0,31.0,0.4,0.89,10.0,6.4,51.0,9.22143401870736,229.08011947458976,0,0
79936.0,1.0,55.0,660.0,12.1,70.91,49.0,91.0,18.0,21.0,0.2,0.81,6.0,4.6,13.7,40.0,4.4,5.6,61.0,2013-2014,55.0,660.0,70.91,12.1,4.9,13.7,40.0,4.4,5.6,91.0,18.0,21.0,0.2,0.81,6.0,4.6,61.0,7.936545990726626,218.6635072870189,0,0
79938.0,1.0,31.0,423.2,39.0,31.5,38.0,93.0,20.0,28.0,1.1,1.42,9.0,6.0,14.3,43.4,4.75,5.4,36.0,2013-2014,31.0,423.2,31.5,39.0,3.8,14.3,43.4,4.75,5.4,93.0,20.0,28.0,1.1,1.42,9.0,6.0,36.0,9.322303372771103,201.27725338482566,0,0
79942.0,1.0,54.0,113.0,6.25,27.25,38.0,106.0,22.0,17.0,0.4,0.73,19.0,7.1,15.5,43.5,4.82,6.1,26.0,2013-2014,54.0,113.0,27.25,6.25,3.8,15.5,43.5,4.82,6.1,106.0,22.0,17.0,0.4,0.73,19.0,7.1,26.0,2.4179850335875597,52.206559562054856,1,1
79952.0,1.0,55.0,844.0,16.5,110.0,48.0,112.0,536.0,338.0,1.1,1.0,10.0,5.0,15.5,44.9,4.86,5.6,52.0,2013-2014,55.0,844.0,110.0,16.5,4.8,15.5,44.9,4.86,5.6,112.0,536.0,338.0,1.1,1.0,10.0,5.0,52.0,7.362106728369964,198.84758058515607,0,0
79953.0,1.0,19.0,433.0,39.5,19.95,43.0,96.0,22.0,20.0,0.5,0.98,16.0,5.2,15.0,44.4,5.04,5.6,49.0,2013-2014,19.0,433.0,19.95,39.5,4.3,15.0,44.4,5.04,5.6,96.0,22.0,20.0,0.5,0.98,16.0,5.2,49.0,11.196957135361643,272.0890751650714,0,0
79955.0,1.0,37.0,327.0,17.3,33.93,43.0,95.0,55.0,28.0,0.7,0.98,14.0,5.4,14.7,41.8,4.85,5.1,34.0,2013-2014,37.0,327.0,33.93,17.3,4.3,14.7,41.8,4.85,5.1,95.0,55.0,28.0,0.7,0.98,14.0,5.4,34.0,6.267578029714691,152.30383478420904,0,1
79962.0,1.0,24.0,563.09,21.5,,49.0,81.0,27.0,35.0,0.7,0.81,13.0,5.6,14.5,43.1,4.86,5.2,45.0,2013-2014,24.0,563.09,,21.5,4.9,14.5,43.1,4.86,5.2,81.0,27.0,35.0,0.7,0.81,13.0,5.6,45.0,,,0,0
79963.0,1.0,25.0,294.0,30.38,17.14,40.0,80.0,18.0,18.0,0.5,0.88,11.0,7.2,14.0,42.8,5.4,5.6,64.0,2013-2014,25.0,294.0,17.14,30.38,4.0,14.0,42.8,5.4,5.6,80.0,18.0,18.0,0.5,0.88,11.0,7.2,64.0,8.15866907323635,184.995122637671,1,0
79980.0,1.0,47.0,181.05,16.0,18.8,42.0,93.0,42.0,23.0,0.7,1.41,34.0,7.4,12.9,38.2,4.18,6.0,25.0,2013-2014,47.0,181.05,18.8,16.0,4.2,12.9,38.2,4.18,6.0,93.0,42.0,23.0,0.7,1.41,34.0,7.4,25.0,4.5252599743490665,107.51294878052315,1,1
79982.0,1.0,45.0,744.07,31.6,,45.0,95.0,14.0,17.0,0.8,0.97,8.0,5.1,13.9,40.5,4.03,5.9,57.0,2013-2014,45.0,744.07,,31.6,4.5,13.9,40.5,4.03,5.9,95.0,14.0,17.0,0.8,0.97,8.0,5.1,57.0,,,0,0
79985.0,1.0,36.0,337.0,24.0,26.33,46.0,100.0,43.0,25.0,0.5,0.83,9.0,4.3,15.9,46.1,4.76,5.2,41.0,2013-2014,36.0,337.0,26.33,24.0,4.6,15.9,46.1,4.76,5.2,100.0,43.0,25.0,0.5,0.83,9.0,4.3,41.0,7.167963000779429,185.8356742052398,0,0
79992.0,1.0,33.0,514.55,19.1,,44.0,116.0,28.0,29.0,0.7,0.92,12.0,5.8,14.6,43.5,4.71,5.1,53.0,2013-2014,33.0,514.55,,19.1,4.4,14.6,43.5,4.71,5.1,116.0,28.0,29.0,0.7,0.92,12.0,5.8,53.0,,,0,0
79996.0,1.0,22.0,164.4,30.9,15.29,44.0,92.0,81.0,38.0,0.4,1.08,15.0,8.3,14.8,43.9,5.38,5.6,36.0,2013-2014,22.0,164.4,15.29,30.9,4.4,14.8,43.9,5.38,5.6,92.0,81.0,38.0,0.4,1.08,15.0,8.3,36.0,4.309943902978748,107.06821327574299,1,1
80002.0,1.0,55.0,273.0,27.3,39.94,45.0,98.0,35.0,24.0,1.0,0.96,14.0,7.0,15.9,44.1,5.11,4.7,38.0,2013-2014,55.0,273.0,39.94,27.3,4.5,15.9,44.1,5.11,4.7,98.0,35.0,24.0,1.0,0.96,14.0,7.0,38.0,4.559750182140036,115.7447118009196,1,1
80006.0,1.0,47.0,432.0,25.0,61.62,40.0,103.0,33.0,28.0,0.6,1.34,11.0,5.3,15.5,46.9,5.09,5.4,56.0,2013-2014,47.0,432.0,61.62,25.0,4.0,15.5,46.9,5.09,5.4,103.0,33.0,28.0,0.6,1.34,11.0,5.3,56.0,5.844825594138562,132.52948708637223,0,1
80010.0,1.0,39.0,595.95,22.0,48.88,43.0,80.0,23.0,26.0,1.1,1.33,8.0,6.5,14.2,43.5,5.39,6.0,55.0,2013-2014,39.0,595.95,48.88,22.0,4.3,14.2,43.5,5.39,6.0,80.0,23.0,26.0,1.1,1.33,8.0,6.5,55.0,9.805214022096697,238.26934253791904,0,0
80015.0,1.0,48.0,300.0,39.4,23.95,44.0,101.0,72.0,43.0,0.4,1.08,9.0,8.2,15.4,44.3,4.91,5.8,29.0,2013-2014,48.0,300.0,23.95,39.4,4.4,15.4,44.3,4.91,5.8,101.0,72.0,43.0,0.4,1.08,9.0,8.2,29.0,6.7823577551341065,168.4882548325522,0,0
80016.0,1.0,40.0,435.0,26.6,39.95,41.0,102.0,31.0,23.0,1.3,0.74,9.0,5.9,14.9,42.9,4.7,5.2,67.0,2013-2014,40.0,435.0,39.95,26.6,4.1,14.9,42.9,4.7,5.2,102.0,31.0,23.0,1.3,0.74,9.0,5.9,67.0,7.980440905282962,185.2781933052657,0,0
80017.0,1.0,28.0,388.0,17.7,43.16,46.0,121.0,17.0,20.0,0.5,0.99,3.0,5.6,16.0,46.6,5.16,5.4,36.0,2013-2014,28.0,388.0,43.16,17.7,4.6,16.0,46.6,5.16,5.4,121.0,17.0,20.0,0.5,0.99,3.0,5.6,36.0,6.327370234221496,164.04257573523444,0,1
80019.0,1.0,44.0,614.0,25.8,81.6,39.0,89.0,82.0,46.0,0.2,0.72,5.0,4.4,13.9,41.4,4.38,5.5,49.0,2013-2014,44.0,614.0,81.6,25.8,3.9,13.9,41.4,4.38,5.5,89.0,82.0,46.0,0.2,0.72,5.0,4.4,49.0,6.992353727301022,154.76038408885609,0,0
80022.0,1.0,21.0,700.0,30.7,49.08,51.0,93.0,17.0,19.0,0.7,0.88,8.0,4.5,15.9,48.2,5.59,5.0,55.0,2013-2014,21.0,700.0,49.08,30.7,5.1,15.9,48.2,5.59,5.0,93.0,17.0,19.0,0.7,0.88,8.0,4.5,55.0,10.893219565667753,311.9295565851899,0,0
80031.0,1.0,33.0,362.0,16.4,34.91,41.0,87.0,23.0,23.0,0.8,1.08,11.0,5.9,15.7,46.3,4.8,5.5,59.0,2013-2014,33.0,362.0,34.91,16.4,4.1,15.7,46.3,4.8,5.5,87.0,23.0,23.0,0.8,1.08,11.0,5.9,59.0,7.062033842944852,163.95596271069326,0,0
80038.0,1.0,38.0,647.0,20.3,33.09,44.0,81.0,14.0,17.0,0.7,0.9,15.0,5.0,16.2,47.7,5.49,5.1,54.0,2013-2014,38.0,647.0,33.09,20.3,4.4,16.2,47.7,5.49,5.1,81.0,14.0,17.0,0.7,0.9,15.0,5.0,54.0,13.682991721171694,339.9147434007473,0,0
80048.0,1.0,24.0,384.0,31.3,33.66,44.0,87.0,32.0,21.0,0.2,0.95,15.0,6.6,14.6,41.3,4.88,5.6,45.0,2013-2014,24.0,384.0,33.66,31.3,4.4,14.6,41.3,4.88,5.6,87.0,32.0,21.0,0.2,0.95,15.0,6.6,45.0,7.4421134600209955,184.87799588507417,0,0
80062.0,1.0,34.0,252.0,18.4,40.88,47.0,105.0,32.0,24.0,0.4,0.9,15.0,5.8,15.0,42.6,4.84,5.3,34.0,2013-2014,34.0,252.0,40.88,18.4,4.7,15.0,42.6,4.84,5.3,105.0,32.0,24.0,0.4,0.9,15.0,5.8,34.0,4.043569008877812,107.02411844701105,1,1
80064.0,1.0,32.0,326.0,26.1,20.89,49.0,79.0,22.0,34.0,0.7,0.95,15.0,9.6,14.3,44.5,6.78,5.9,35.0,2013-2014,32.0,326.0,20.89,26.1,4.9,14.3,44.5,6.78,5.9,79.0,22.0,34.0,0.7,0.95,15.0,9.6,35.0,7.37786097017728,203.27091380809475,0,0
80075.0,1.0,32.0,318.0,22.8,20.52,41.0,95.0,22.0,23.0,0.9,0.84,13.0,4.3,11.7,37.1,6.15,5.4,42.0,2013-2014,32.0,318.0,20.52,22.8,4.1,11.7,37.1,6.15,5.4,95.0,22.0,23.0,0.9,0.84,13.0,4.3,42.0,8.104986687103818,188.1697149283735,0,0
80079.0,1.0,26.0,160.39,24.2,22.46,45.0,120.0,36.0,27.0,0.8,0.97,9.0,8.4,15.2,44.1,4.84,5.2,43.0,2013-2014,26.0,160.39,22.46,24.2,4.5,15.2,44.1,4.84,5.2,120.0,36.0,27.0,0.8,0.97,9.0,8.4,43.0,3.533382482635647,89.69139115054281,1,1
80083.0,1.0,41.0,273.0,12.8,32.97,43.0,107.0,37.0,32.0,0.6,0.68,14.0,5.6,15.2,42.8,4.93,6.4,35.0,2013-2014,41.0,273.0,32.97,12.8,4.3,15.2,42.8,4.93,6.4,107.0,37.0,32.0,0.6,0.68,14.0,5.6,35.0,5.2288463218554515,127.0623744196359,1,1
80088.0,1.0,22.0,201.11,9.57,,43.0,80.0,13.0,21.0,0.7,0.72,12.0,5.4,14.4,42.8,4.82,5.0,42.0,2013-2014,22.0,201.11,,9.57,4.3,14.4,42.8,4.82,5.0,80.0,13.0,21.0,0.7,0.72,12.0,5.4,42.0,,,1,0
80097.0,1.0,48.0,229.9,21.2,23.98,42.0,121.0,15.0,20.0,0.6,0.86,10.0,5.4,13.9,41.5,4.78,5.2,49.0,2013-2014,48.0,229.9,23.98,21.2,4.2,13.9,41.5,4.78,5.2,121.0,15.0,20.0,0.6,0.86,10.0,5.4,49.0,5.217282088079952,123.95428883397285,1,1
80100.0,1.0,30.0,178.0,31.0,14.45,43.0,90.0,47.0,27.0,0.3,1.0,12.0,7.6,15.5,46.9,5.4,5.4,38.0,2013-2014,30.0,178.0,14.45,31.0,4.3,15.5,46.9,5.4,5.4,90.0,47.0,27.0,0.3,1.0,12.0,7.6,38.0,4.854289284693318,117.96053750037521,1,1
80101.0,1.0,29.0,275.42,22.2,21.84,45.0,76.0,24.0,27.0,0.9,1.12,18.0,6.2,14.7,43.4,4.89,5.3,46.0,2013-2014,29.0,275.42,21.84,22.2,4.5,14.7,43.4,4.89,5.3,76.0,24.0,27.0,0.9,1.12,18.0,6.2,46.0,6.364271713295698,161.55069156276255,1,1
80103.0,1.0,53.0,417.56,27.2,44.45,39.0,103.0,22.0,19.0,0.5,1.0,9.0,5.8,14.4,42.5,4.85,6.1,32.0,2013-2014,53.0,417.56,44.45,27.2,3.9,14.4,42.5,4.85,6.1,103.0,22.0,19.0,0.5,1.0,9.0,5.8,32.0,7.241476258767969,160.2741638772671,0,0
80112.0,1.0,60.0,362.97,25.7,,47.0,107.0,28.0,31.0,0.9,1.41,11.0,7.0,13.4,39.8,4.67,5.6,76.0,2013-2014,60.0,362.97,,25.7,4.7,13.4,39.8,4.67,5.6,107.0,28.0,31.0,0.9,1.41,11.0,7.0,76.0,,,0,0
80127.0,1.0,57.0,145.0,27.7,,45.0,86.0,27.0,22.0,0.4,0.98,15.0,6.7,15.9,45.0,5.13,5.6,46.0,2013-2014,57.0,145.0,,27.7,4.5,15.9,45.0,5.13,5.6,86.0,27.0,22.0,0.4,0.98,15.0,6.7,46.0,,,1,0
80130.0,1.0,51.0,447.0,14.1,,43.0,101.0,16.0,22.0,0.9,1.17,14.0,6.7,14.9,47.0,5.35,5.6,58.0,2013-2014,51.0,447.0,,14.1,4.3,14.9,47.0,5.35,5.6,101.0,16.0,22.0,0.9,1.17,14.0,6.7,58.0,,,0,0
80132.0,1.0,37.0,355.0,24.9,23.01,51.0,132.0,45.0,29.0,0.6,0.87,15.0,5.5,17.8,50.6,5.84,7.8,35.0,2013-2014,37.0,355.0,23.01,24.9,5.1,17.8,50.6,5.84,7.8,132.0,45.0,29.0,0.6,0.87,15.0,5.5,35.0,7.576007821944719,216.94052399652372,0,0
80137.0,1.0,30.0,672.0,32.0,66.89,44.0,91.0,18.0,18.0,0.9,0.81,9.0,6.4,15.7,48.0,5.29,5.2,53.0,2013-2014,30.0,672.0,66.89,32.0,4.4,15.7,48.0,5.29,5.2,91.0,18.0,18.0,0.9,0.81,9.0,6.4,53.0,8.836963803913745,219.52905804958067,0,0
80143.0,1.0,27.0,475.0,20.2,47.37,48.0,94.0,21.0,20.0,1.2,0.96,10.0,6.0,15.3,44.1,5.12,4.4,31.0,2013-2014,27.0,475.0,47.37,20.2,4.8,15.3,44.1,5.12,4.4,94.0,21.0,20.0,1.2,0.96,10.0,6.0,31.0,7.332794136088846,198.0558591023204,0,0
80144.0,1.0,50.0,554.07,21.7,,44.0,75.0,26.0,27.0,0.8,1.01,22.0,6.0,15.1,44.7,4.93,5.4,58.0,2013-2014,50.0,554.07,,21.7,4.4,15.1,44.7,4.93,5.4,75.0,26.0,27.0,0.8,1.01,22.0,6.0,58.0,,,0,0
80145.0,1.0,22.0,899.0,60.3,45.8,45.0,79.0,84.0,81.0,0.4,0.94,13.0,5.6,14.3,42.2,4.49,5.4,80.0,2013-2014,22.0,899.0,45.8,60.3,4.5,14.3,42.2,4.49,5.4,79.0,84.0,81.0,0.4,0.94,13.0,5.6,80.0,16.487795094897713,418.52623833788425,0,0
80146.0,1.0,33.0,503.0,22.7,42.9,40.0,84.0,20.0,22.0,0.6,0.7,13.0,6.3,15.0,43.1,4.86,5.1,38.0,2013-2014,33.0,503.0,42.9,22.7,4.0,15.0,43.1,4.86,5.1,84.0,20.0,22.0,0.6,0.7,13.0,6.3,38.0,9.097925906275448,206.29246065403115,0,0
80155.0,1.0,52.0,341.0,15.04,34.17,39.0,71.0,15.0,27.0,0.8,0.8,16.0,4.2,13.5,40.7,4.76,5.5,57.0,2013-2014,52.0,341.0,34.17,15.04,3.9,13.5,40.7,4.76,5.5,71.0,15.0,27.0,0.8,0.8,16.0,4.2,57.0,6.855566904559808,151.73290835588918,0,0
80156.0,1.0,45.0,197.0,11.1,16.37,46.0,92.0,27.0,21.0,0.7,0.93,15.0,4.0,14.6,41.8,4.63,5.3,35.0,2013-2014,45.0,197.0,16.37,11.1,4.6,14.6,41.8,4.63,5.3,92.0,27.0,21.0,0.7,0.93,15.0,4.0,35.0,4.936931847225931,127.99425139817104,1,1
80158.0,1.0,35.0,397.0,29.1,53.8,47.0,100.0,62.0,32.0,1.1,0.91,16.0,8.3,17.5,50.1,5.27,5.1,40.0,2013-2014,35.0,397.0,53.8,29.1,4.7,17.5,50.1,5.27,5.1,100.0,62.0,32.0,1.1,0.91,16.0,8.3,40.0,5.545318712931271,146.77203368018914,0,1
80164.0,1.0,19.0,555.26,39.5,,40.0,88.0,14.0,16.0,0.3,0.9,10.0,4.3,14.9,45.5,4.8,5.4,47.0,2013-2014,19.0,555.26,,39.5,4.0,14.9,45.5,4.8,5.4,88.0,14.0,16.0,0.3,0.9,10.0,4.3,47.0,,,0,0
80168.0,1.0,38.0,403.0,31.2,41.61,43.0,95.0,21.0,20.0,0.7,1.06,9.0,5.3,16.3,47.0,5.19,5.5,22.0,2013-2014,38.0,403.0,41.61,31.2,4.3,16.3,47.0,5.19,5.5,95.0,21.0,20.0,0.7,1.06,9.0,5.3,22.0,6.971006462772722,169.39733523096177,0,0
80178.0,1.0,35.0,256.0,16.0,18.45,44.0,92.0,56.0,36.0,0.6,1.0,10.0,6.7,15.8,45.7,4.93,5.6,32.0,2013-2014,35.0,256.0,18.45,16.0,4.4,15.8,45.7,4.93,5.6,92.0,56.0,36.0,0.6,1.0,10.0,6.7,32.0,6.4100503728684215,159.23934414928186,1,1
80187.0,1.0,60.0,346.0,24.8,36.63,37.0,110.0,13.0,18.0,0.4,1.25,15.0,6.9,14.8,43.5,4.64,6.0,45.0,2013-2014,60.0,346.0,36.63,24.8,3.7,14.8,43.5,4.64,6.0,110.0,13.0,18.0,0.4,1.25,15.0,6.9,45.0,6.828969943514641,143.7434598326051,0,0
80188.0,1.0,55.0,273.0,19.6,36.3,48.0,72.0,25.0,29.0,0.5,1.19,14.0,2.9,14.1,41.3,4.38,5.5,72.0,2013-2014,55.0,273.0,36.3,19.6,4.8,14.1,41.3,4.38,5.5,72.0,25.0,29.0,0.5,1.19,14.0,2.9,72.0,4.687954147078908,126.61978078212191,1,1
80197.0,1.0,44.0,671.0,29.5,49.24,42.0,95.0,33.0,29.0,0.5,0.9,10.0,5.3,15.0,44.2,5.28,4.7,45.0,2013-2014,44.0,671.0,49.24,29.5,4.2,15.0,44.2,5.28,4.7,95.0,33.0,29.0,0.5,0.9,10.0,5.3,45.0,11.355926893784,269.79868414353047,0,0
80200.0,1.0,57.0,670.0,28.7,54.65,41.0,110.0,24.0,19.0,0.9,1.04,11.0,4.9,16.1,47.6,5.45,5.6,53.0,2013-2014,57.0,670.0,54.65,28.7,4.1,16.1,47.6,5.45,5.6,110.0,24.0,19.0,0.9,1.04,11.0,4.9,53.0,10.605689984378616,246.2273829708596,0,0
80202.0,1.0,49.0,377.0,24.7,37.53,45.0,92.0,16.0,20.0,0.7,0.86,9.0,6.3,14.5,41.4,4.27,5.0,55.0,2013-2014,49.0,377.0,37.53,24.7,4.5,14.5,41.4,4.27,5.0,92.0,16.0,20.0,0.7,0.86,9.0,6.3,55.0,6.7574740462739875,171.53174071942087,0,0
80204.0,1.0,59.0,241.26,23.4,36.44,38.0,109.0,69.0,78.0,0.8,0.68,12.0,7.0,14.1,40.8,4.21,5.8,49.0,2013-2014,59.0,241.26,36.44,23.4,3.8,14.1,40.8,4.21,5.8,109.0,69.0,78.0,0.8,0.68,12.0,7.0,49.0,4.546134747896272,98.15530336059854,1,1
80210.0,1.0,37.0,364.0,22.8,21.53,43.0,100.0,113.0,61.0,0.8,0.74,11.0,7.4,13.9,40.4,4.63,5.1,36.0,2013-2014,37.0,364.0,21.53,22.8,4.3,13.9,40.4,4.63,5.1,100.0,113.0,61.0,0.8,0.74,11.0,7.4,36.0,8.935161287613093,217.12682667324265,0,0
80214.0,1.0,46.0,231.0,,27.31,45.0,81.0,20.0,30.0,0.6,1.17,18.0,7.1,14.1,40.5,4.11,4.7,64.0,2013-2014,46.0,231.0,27.31,,4.5,14.1,40.5,4.11,4.7,81.0,20.0,30.0,0.6,1.17,18.0,7.1,64.0,4.729059591945403,120.04246234871577,1,1
80215.0,1.0,22.0,581.0,21.4,34.13,46.0,101.0,16.0,16.0,0.6,0.94,13.0,4.8,13.9,41.2,4.57,5.4,59.0,2013-2014,22.0,581.0,34.13,21.4,4.6,13.9,41.2,4.57,5.4,101.0,16.0,16.0,0.6,0.94,13.0,4.8,59.0,11.551747710007566,299.48910502253716,0,0
80226.0,1.0,30.0,325.0,21.9,32.4,46.0,92.0,9.0,14.0,1.1,0.88,7.0,5.7,15.2,42.0,4.29,4.2,40.0,2013-2014,30.0,325.0,32.4,21.9,4.6,15.2,42.0,4.29,4.2,92.0,9.0,14.0,1.1,0.88,7.0,5.7,40.0,6.177477473042471,160.15647555179874,0,1
80227.0,1.0,37.0,389.0,15.8,24.85,43.0,106.0,42.0,30.0,0.7,0.99,9.0,5.9,14.7,44.2,5.1,5.1,50.0,2013-2014,37.0,389.0,24.85,15.8,4.3,14.7,44.2,5.1,5.1,106.0,42.0,30.0,0.7,0.99,9.0,5.9,50.0,8.995830220558268,218.60109808973058,0,0
80233.0,1.0,21.0,513.0,22.2,33.23,45.0,75.0,30.0,21.0,0.7,0.96,11.0,4.4,15.1,45.2,4.88,5.3,49.0,2013-2014,21.0,513.0,33.23,22.2,4.5,15.1,45.2,4.88,5.3,75.0,30.0,21.0,0.7,0.96,11.0,4.4,49.0,10.284849396106813,261.0706467935365,0,0
80237.0,1.0,59.0,227.63,,25.44,45.0,114.0,21.0,25.0,0.5,1.21,20.0,4.8,12.4,37.2,3.93,5.8,49.0,2013-2014,59.0,227.63,25.44,,4.5,12.4,37.2,3.93,5.8,114.0,21.0,25.0,0.5,1.21,20.0,4.8,49.0,4.824906169718758,122.47543215590699,1,1
80238.0,1.0,22.0,413.0,24.5,29.37,46.0,100.0,19.0,21.0,0.7,0.9,15.0,5.9,15.1,44.5,5.03,5.1,69.0,2013-2014,22.0,413.0,29.37,24.5,4.6,15.1,44.5,5.03,5.1,100.0,19.0,21.0,0.7,0.9,15.0,5.9,69.0,8.495643933417732,220.25695696290074,0,0
80242.0,1.0,22.0,479.0,21.3,23.57,42.0,88.0,15.0,19.0,0.3,0.8,11.0,4.5,14.8,43.5,4.71,5.0,48.0,2013-2014,22.0,479.0,23.57,21.3,4.2,14.8,43.5,4.71,5.0,88.0,15.0,19.0,0.3,0.8,11.0,4.5,48.0,11.835823329221029,281.2002569096385,0,0
80245.0,1.0,20.0,416.0,31.0,23.57,42.0,87.0,21.0,22.0,0.7,0.99,12.0,7.0,14.7,43.1,4.87,5.3,48.0,2013-2014,20.0,416.0,23.57,31.0,4.2,14.7,43.1,4.87,5.3,87.0,21.0,22.0,0.7,0.99,12.0,7.0,48.0,10.092521532028998,239.78219078903706,0,0
80249.0,1.0,50.0,309.0,14.8,71.13,38.0,90.0,12.0,13.0,0.3,1.74,16.0,4.6,13.9,40.8,4.72,5.4,18.0,2013-2014,50.0,309.0,71.13,14.8,3.8,13.9,40.8,4.72,5.4,90.0,12.0,13.0,0.3,1.74,16.0,4.6,18.0,3.6465688361336706,78.73283353548587,0,1
80258.0,1.0,19.0,1160.0,43.4,,47.0,88.0,22.0,25.0,0.9,1.02,12.0,5.2,15.4,45.5,4.8,5.6,83.0,2013-2014,19.0,1160.0,,43.4,4.7,15.4,45.5,4.8,5.6,88.0,22.0,25.0,0.9,1.02,12.0,5.2,83.0,,,0,0
80259.0,1.0,27.0,491.0,18.5,36.77,45.0,84.0,12.0,20.0,0.6,1.04,8.0,4.8,14.1,42.0,4.64,5.3,44.0,2013-2014,27.0,491.0,36.77,18.5,4.5,14.1,42.0,4.64,5.3,84.0,12.0,20.0,0.6,1.04,8.0,4.8,44.0,9.22135312119044,234.07485427760196,0,0
80260.0,1.0,40.0,356.83,15.7,37.8,47.0,85.0,21.0,22.0,0.9,0.91,11.0,5.7,13.9,40.9,4.52,5.1,34.0,2013-2014,40.0,356.83,37.8,15.7,4.7,13.9,40.9,4.52,5.1,85.0,21.0,22.0,0.9,0.91,11.0,5.7,34.0,6.196840781218288,164.01634801094485,0,1
80263.0,1.0,52.0,273.92,38.8,32.11,38.0,153.0,43.0,26.0,0.7,0.96,9.0,5.9,15.4,45.1,5.13,6.6,33.0,2013-2014,52.0,273.92,32.11,38.8,3.8,15.4,45.1,5.13,6.6,153.0,43.0,26.0,0.7,0.96,9.0,5.9,33.0,5.655169474490049,122.10040091333266,1,1
80269.0,1.0,25.0,521.0,15.8,28.29,43.0,83.0,30.0,28.0,0.7,1.04,18.0,4.7,16.7,48.3,5.48,5.1,52.0,2013-2014,25.0,521.0,28.29,15.8,4.3,16.7,48.3,5.48,5.1,83.0,30.0,28.0,0.7,1.04,18.0,4.7,52.0,11.731470793199174,285.07790106356543,0,0
80273.0,1.0,44.0,458.0,12.2,66.77,42.0,105.0,18.0,20.0,0.6,1.0,16.0,5.6,15.4,44.3,4.92,5.2,62.0,2013-2014,44.0,458.0,66.77,12.2,4.2,15.4,44.3,4.92,5.2,105.0,18.0,20.0,0.6,1.0,16.0,5.6,62.0,5.7682380057372615,137.04412139413137,0,1
80275.0,1.0,24.0,789.0,29.2,57.94,49.0,81.0,12.0,15.0,1.0,0.76,8.0,5.9,15.3,44.2,4.97,5.0,45.0,2013-2014,24.0,789.0,57.94,29.2,4.9,15.3,44.2,4.97,5.0,81.0,12.0,15.0,1.0,0.76,8.0,5.9,45.0,11.426394470914486,314.81396234262985,0,0
80278.0,1.0,47.0,471.0,29.3,33.46,41.0,104.0,34.0,32.0,1.0,0.79,11.0,5.8,14.4,40.2,4.66,5.5,41.0,2013-2014,47.0,471.0,33.46,29.3,4.1,14.4,40.2,4.66,5.5,104.0,34.0,32.0,1.0,0.79,11.0,5.8,41.0,9.769686318469782,226.81827379324133,0,0
80279.0,1.0,38.0,399.38,19.2,22.6,49.0,83.0,17.0,19.0,0.9,1.12,17.0,6.0,13.6,39.4,4.23,4.7,46.0,2013-2014,38.0,399.38,22.6,19.2,4.9,13.6,39.4,4.23,4.7,83.0,17.0,19.0,0.9,1.12,17.0,6.0,46.0,8.911364592195541,245.52119255903534,0,0
80285.0,1.0,50.0,223.0,20.1,21.07,47.0,124.0,59.0,39.0,0.9,0.95,18.0,3.5,15.7,46.7,5.22,6.2,61.0,2013-2014,50.0,223.0,21.07,20.1,4.7,15.7,46.7,5.22,6.2,124.0,59.0,39.0,0.9,0.95,18.0,3.5,61.0,5.0209830138711675,132.89405463766536,1,1
80286.0,1.0,38.0,286.0,22.7,21.62,45.0,87.0,21.0,22.0,0.8,1.12,12.0,6.2,14.4,43.7,4.86,5.4,33.0,2013-2014,38.0,286.0,21.62,22.7,4.5,14.4,43.7,4.86,5.4,87.0,21.0,22.0,0.8,1.12,12.0,6.2,33.0,6.659117459507575,169.03505683669607,1,0
80291.0,1.0,31.0,482.0,20.1,31.53,41.0,133.0,16.0,20.0,0.3,1.03,13.0,4.0,14.8,44.9,5.28,5.2,37.0,2013-2014,31.0,482.0,31.53,20.1,4.1,14.8,44.9,5.28,5.2,133.0,16.0,20.0,0.3,1.03,13.0,4.0,37.0,10.388571896087157,241.18665306508402,0,0
80301.0,1.0,24.0,442.0,22.1,46.05,46.0,77.0,17.0,25.0,0.4,1.06,12.0,5.8,15.3,42.8,4.85,5.4,38.0,2013-2014,24.0,442.0,46.05,22.1,4.6,15.3,42.8,4.85,5.4,77.0,17.0,25.0,0.4,1.06,12.0,5.8,38.0,7.020176178622674,182.00417232232493,0,0
80303.0,1.0,33.0,396.0,29.3,,46.0,80.0,76.0,33.0,0.6,1.05,14.0,5.9,15.1,44.4,5.52,5.3,36.0,2013-2014,33.0,396.0,,29.3,4.6,15.1,44.4,5.52,5.3,80.0,76.0,33.0,0.6,1.05,14.0,5.9,36.0,,,0,0
80304.0,1.0,43.0,336.0,18.8,,43.0,109.0,19.0,16.0,0.5,0.91,20.0,4.4,16.2,48.8,5.36,5.7,51.0,2013-2014,43.0,336.0,,18.8,4.3,16.2,48.8,5.36,5.7,109.0,19.0,16.0,0.5,0.91,20.0,4.4,51.0,,,0,0
80308.0,1.0,39.0,328.0,7.86,32.0,45.0,82.0,23.0,24.0,0.9,1.05,14.0,5.6,15.8,43.9,5.01,5.0,62.0,2013-2014,39.0,328.0,32.0,7.86,4.5,15.8,43.9,5.01,5.0,82.0,23.0,24.0,0.9,1.05,14.0,5.6,62.0,6.355903736880509,161.33827882525634,0,1
80312.0,1.0,40.0,557.54,,32.75,44.0,99.0,38.0,25.0,1.0,1.01,13.0,6.1,18.0,51.9,5.47,5.4,69.0,2013-2014,40.0,557.54,32.75,,4.4,18.0,51.9,5.47,5.4,99.0,38.0,25.0,1.0,1.01,13.0,6.1,69.0,11.562378004175768,287.23416870234723,0,0
80323.0,1.0,33.0,434.93,27.1,28.43,43.0,102.0,50.0,28.0,0.3,1.24,13.0,7.2,17.0,49.5,5.38,5.7,28.0,2013-2014,33.0,434.93,28.43,27.1,4.3,17.0,49.5,5.38,5.7,102.0,50.0,28.0,0.3,1.24,13.0,7.2,28.0,9.522572230228002,231.40107084384616,0,0
80327.0,1.0,27.0,513.0,26.5,26.93,47.0,86.0,19.0,23.0,1.5,0.75,10.0,5.4,16.3,48.6,5.64,5.0,59.0,2013-2014,27.0,513.0,26.93,26.5,4.7,16.3,48.6,5.64,5.0,86.0,19.0,23.0,1.5,0.75,10.0,5.4,59.0,11.182921524081486,295.9866185414946,0,0
80331.0,1.0,27.0,476.0,19.6,40.95,45.0,88.0,20.0,24.0,0.5,1.01,7.0,5.1,13.9,41.5,4.16,4.6,60.0,2013-2014,27.0,476.0,40.95,19.6,4.5,13.9,41.5,4.16,4.6,88.0,20.0,24.0,0.5,1.01,7.0,5.1,60.0,8.327582698105337,211.3873832750526,0,0
80332.0,1.0,24.0,348.0,32.0,13.04,42.0,93.0,18.0,19.0,1.1,0.8,9.0,5.6,15.0,43.7,5.06,5.0,59.0,2013-2014,24.0,348.0,13.04,32.0,4.2,15.0,43.7,5.06,5.0,93.0,18.0,19.0,1.1,0.8,9.0,5.6,59.0,10.440196342401673,248.04238894157575,0,0
80335.0,1.0,28.0,506.0,19.6,49.62,47.0,87.0,33.0,28.0,0.2,0.89,11.0,4.5,15.1,43.6,4.92,5.1,43.0,2013-2014,28.0,506.0,49.62,19.6,4.7,15.1,43.6,4.92,5.1,87.0,33.0,28.0,0.2,0.89,11.0,4.5,43.0,7.711045852743004,204.0939286265161,0,0
80338.0,1.0,23.0,666.0,25.3,27.78,47.0,90.0,35.0,28.0,0.8,0.88,18.0,6.2,17.2,47.8,5.2,5.0,54.0,2013-2014,23.0,666.0,27.78,25.3,4.7,17.2,47.8,5.2,5.0,90.0,35.0,28.0,0.8,0.88,18.0,6.2,54.0,14.866398892866183,393.47992639605843,0,0
80352.0,1.0,20.0,598.0,49.4,22.69,45.0,96.0,27.0,18.0,0.6,0.87,11.0,7.1,15.8,45.1,5.16,5.0,60.0,2013-2014,20.0,598.0,22.69,49.4,4.5,15.8,45.1,5.16,5.0,96.0,27.0,18.0,0.6,0.87,11.0,7.1,60.0,14.81094550888849,375.96108360060475,0,0
80361.0,1.0,19.0,380.0,18.5,24.38,48.0,110.0,21.0,20.0,0.5,0.91,14.0,5.6,15.6,43.9,4.97,5.0,53.0,2013-2014,19.0,380.0,24.38,18.5,4.8,15.6,43.9,4.97,5.0,110.0,21.0,20.0,0.5,0.91,14.0,5.6,53.0,8.268499008719914,223.3288763145587,0,0
80368.0,1.0,46.0,297.0,21.1,50.64,50.0,95.0,28.0,28.0,0.5,0.92,15.0,6.7,15.9,47.0,4.81,4.8,61.0,2013-2014,46.0,297.0,50.64,21.1,5.0,15.9,47.0,4.81,4.8,95.0,28.0,28.0,0.5,0.92,15.0,6.7,61.0,4.100514812411097,115.1971426303435,1,1
80372.0,1.0,42.0,449.0,28.8,22.33,48.0,105.0,22.0,23.0,0.7,1.02,16.0,8.8,14.8,42.3,4.74,5.6,44.0,2013-2014,42.0,449.0,22.33,28.8,4.8,14.8,42.3,4.74,5.6,105.0,22.0,23.0,0.7,1.02,16.0,8.8,44.0,10.333868492276318,279.11368628437225,0,0
80375.0,1.0,47.0,348.93,21.3,38.05,45.0,100.0,16.0,22.0,0.6,1.12,8.0,6.9,13.6,41.8,5.04,5.9,63.0,2013-2014,47.0,348.93,38.05,21.3,4.5,13.6,41.8,5.04,5.9,100.0,16.0,22.0,0.6,1.12,8.0,6.9,63.0,6.148804410665114,156.08126893009683,0,1
80377.0,1.0,44.0,247.0,39.9,29.44,41.0,95.0,17.0,18.0,0.5,1.32,13.0,9.0,14.7,44.0,5.45,5.9,50.0,2013-2014,44.0,247.0,29.44,39.9,4.1,14.7,44.0,5.45,5.9,95.0,17.0,18.0,0.5,1.32,13.0,9.0,50.0,5.122756510332165,118.93266076925829,1,1
80380.0,1.0,39.0,546.34,22.7,42.97,43.0,97.0,22.0,23.0,0.6,0.82,15.0,4.5,14.6,43.5,5.1,5.0,35.0,2013-2014,39.0,546.34,42.97,22.7,4.3,14.6,43.5,5.1,5.0,97.0,22.0,23.0,0.6,0.82,15.0,4.5,35.0,9.673504715309313,235.0687708967868,0,0
80386.0,1.0,33.0,260.0,20.6,19.16,48.0,80.0,29.0,29.0,0.8,0.99,18.0,5.6,15.3,43.6,4.72,5.0,93.0,2013-2014,33.0,260.0,19.16,20.6,4.8,15.3,43.6,4.72,5.0,80.0,29.0,29.0,0.8,0.99,18.0,5.6,93.0,6.069284076420644,163.9289538997852,1,1
80391.0,1.0,23.0,1010.0,33.5,64.16,48.0,95.0,19.0,21.0,0.7,0.79,9.0,2.0,16.8,50.5,5.61,4.9,53.0,2013-2014,23.0,1010.0,64.16,33.5,4.8,16.8,50.5,5.61,4.9,95.0,19.0,21.0,0.7,0.79,9.0,2.0,53.0,14.486972586378707,391.2873794268803,0,0
80394.0,1.0,60.0,557.0,27.3,55.85,46.0,84.0,18.0,19.0,0.7,1.19,20.0,6.9,15.8,45.5,4.7,5.6,47.0,2013-2014,60.0,557.0,55.85,27.3,4.6,15.8,45.5,4.7,5.6,84.0,18.0,19.0,0.7,1.19,20.0,6.9,47.0,7.996887303802391,207.32625761096193,0,0
80396.0,1.0,31.0,477.0,29.7,35.53,42.0,97.0,17.0,19.0,0.6,1.06,8.0,7.2,15.6,47.4,5.11,5.6,50.0,2013-2014,31.0,477.0,35.53,29.7,4.2,15.6,47.4,5.11,5.6,97.0,17.0,19.0,0.6,1.06,8.0,7.2,50.0,9.440567280802078,224.2927991481763,0,0
80410.0,1.0,47.0,390.0,19.8,44.14,42.0,63.0,20.0,22.0,0.9,0.79,17.0,5.2,15.4,46.0,5.03,5.3,53.0,2013-2014,47.0,390.0,44.14,19.8,4.2,15.4,46.0,5.03,5.3,63.0,20.0,22.0,0.9,0.79,17.0,5.2,53.0,6.5268769863804605,155.0681717981157,0,0
80411.0,1.0,41.0,560.0,25.6,,44.0,87.0,26.0,24.0,0.2,0.83,11.0,4.7,15.3,44.8,4.93,5.2,36.0,2013-2014,41.0,560.0,,25.6,4.4,15.3,44.8,4.93,5.2,87.0,26.0,24.0,0.2,0.83,11.0,4.7,36.0,,,0,0
80413.0,1.0,46.0,243.0,14.7,30.9,44.0,94.0,21.0,18.0,0.8,0.84,13.0,4.5,15.4,45.1,5.09,5.0,54.0,2013-2014,46.0,243.0,30.9,14.7,4.4,15.4,45.1,5.09,5.0,94.0,21.0,18.0,0.8,0.84,13.0,4.5,54.0,4.728571521384198,117.46781757211753,1,1
80414.0,1.0,24.0,119.0,15.0,,45.0,95.0,29.0,28.0,0.5,0.71,9.0,6.8,14.9,43.1,5.13,5.1,44.0,2013-2014,24.0,119.0,,15.0,4.5,14.9,43.1,5.13,5.1,95.0,29.0,28.0,0.5,0.71,9.0,6.8,44.0,,,1,0
80416.0,1.0,39.0,473.0,34.9,,42.0,75.0,35.0,26.0,0.6,1.08,12.0,6.3,16.0,45.0,4.35,4.5,37.0,2013-2014,39.0,473.0,,34.9,4.2,16.0,45.0,4.35,4.5,75.0,35.0,26.0,0.6,1.08,12.0,6.3,37.0,,,0,0
80427.0,1.0,52.0,150.0,23.1,20.29,45.0,340.0,24.0,28.0,0.5,1.14,20.0,4.8,14.8,40.5,4.7,9.8,40.0,2013-2014,52.0,150.0,20.29,23.1,4.5,14.8,40.5,4.7,9.8,340.0,24.0,28.0,0.5,1.14,20.0,4.8,40.0,3.4476757020371167,87.5158099841409,1,1
80428.0,1.0,56.0,389.0,24.9,43.83,42.0,113.0,28.0,36.0,0.5,1.09,15.0,6.3,14.6,41.8,4.73,5.5,60.0,2013-2014,56.0,389.0,43.83,24.9,4.2,14.6,41.8,4.73,5.5,113.0,28.0,36.0,0.5,1.09,15.0,6.3,60.0,6.539164724809774,155.36010883595836,0,0
80430.0,1.0,46.0,319.45,18.2,,45.0,100.0,48.0,36.0,0.9,0.98,16.0,8.5,16.1,47.4,5.03,4.7,32.0,2013-2014,46.0,319.45,,18.2,4.5,16.1,47.4,5.03,4.7,100.0,48.0,36.0,0.9,0.98,16.0,8.5,32.0,,,0,0
80445.0,1.0,22.0,570.0,16.8,60.73,47.0,89.0,18.0,20.0,0.5,0.98,8.0,5.5,13.3,38.4,4.49,5.8,53.0,2013-2014,22.0,570.0,60.73,16.8,4.7,13.3,38.4,4.49,5.8,89.0,18.0,20.0,0.5,0.98,8.0,5.5,53.0,7.65513180452227,202.6140103398517,0,0
80453.0,1.0,38.0,767.04,26.4,,48.0,82.0,23.0,28.0,1.0,1.07,15.0,4.8,16.3,46.2,5.06,4.7,98.0,2013-2014,38.0,767.04,,26.4,4.8,16.3,46.2,5.06,4.7,82.0,23.0,28.0,1.0,1.07,15.0,4.8,98.0,,,0,0
80477.0,1.0,49.0,283.0,10.5,39.6,45.0,95.0,32.0,36.0,0.4,0.78,17.0,5.6,14.5,43.8,5.35,5.3,78.0,2013-2014,49.0,283.0,39.6,10.5,4.5,14.5,43.8,5.35,5.3,95.0,32.0,36.0,0.4,0.78,17.0,5.6,78.0,4.766931877235185,121.00381254796083,1,1
80493.0,1.0,52.0,464.45,28.3,43.45,40.0,290.0,29.0,20.0,1.0,0.91,12.0,5.8,16.0,47.2,5.64,11.4,49.0,2013-2014,52.0,464.45,43.45,28.3,4.0,16.0,47.2,5.64,11.4,290.0,29.0,20.0,1.0,0.91,12.0,5.8,49.0,8.222443455309799,186.4411856568859,0,0
80503.0,1.0,44.0,499.0,22.3,71.1,46.0,83.0,23.0,25.0,0.4,0.98,11.0,3.4,13.9,41.1,4.76,5.6,61.0,2013-2014,44.0,499.0,71.1,22.3,4.6,13.9,41.1,4.76,5.6,83.0,23.0,25.0,0.4,0.98,11.0,3.4,61.0,5.870474971011713,152.19716871087647,0,1
80505.0,1.0,46.0,462.0,37.1,45.16,45.0,93.0,17.0,21.0,1.1,1.2,13.0,5.7,17.2,50.8,5.31,5.4,63.0,2013-2014,46.0,462.0,45.16,37.1,4.5,17.2,50.8,5.31,5.4,93.0,17.0,21.0,1.1,1.2,13.0,5.7,63.0,7.552400260098112,191.71015002843416,0,0
80506.0,1.0,53.0,582.0,43.5,52.88,43.0,92.0,18.0,21.0,0.8,0.99,12.0,6.4,15.9,47.4,5.66,5.6,42.0,2013-2014,53.0,582.0,52.88,43.5,4.3,15.9,47.4,5.66,5.6,92.0,18.0,21.0,0.8,0.99,12.0,6.4,42.0,9.010290781386853,218.95249361394778,0,0
80517.0,1.0,55.0,517.0,29.1,72.91,42.0,92.0,63.0,53.0,0.4,0.79,10.0,5.2,14.5,43.1,4.68,5.5,33.0,2013-2014,55.0,517.0,72.91,29.1,4.2,14.5,43.1,4.68,5.5,92.0,63.0,53.0,0.4,0.79,10.0,5.2,33.0,6.1677024750411364,146.53475911911292,0,1
80521.0,1.0,41.0,469.0,17.5,39.3,43.0,90.0,24.0,19.0,0.4,0.8,12.0,4.5,14.4,41.8,4.48,5.1,46.0,2013-2014,41.0,469.0,39.3,17.5,4.3,14.4,41.8,4.48,5.1,90.0,24.0,19.0,0.4,0.8,12.0,4.5,46.0,8.593025237648915,208.8128284780198,0,0
80522.0,1.0,55.0,330.21,18.1,26.66,40.0,110.0,30.0,45.0,0.4,0.71,9.0,7.4,13.6,39.8,4.31,5.3,129.0,2013-2014,55.0,330.21,26.66,18.1,4.0,13.6,39.8,4.31,5.3,110.0,30.0,45.0,0.4,0.71,9.0,7.4,129.0,7.537116623929906,170.90162643712233,0,0
80523.0,1.0,52.0,642.0,22.2,39.14,43.0,99.0,23.0,23.0,0.6,0.96,12.0,4.8,14.5,43.0,4.82,5.9,38.0,2013-2014,52.0,642.0,39.14,22.2,4.3,14.5,43.0,4.82,5.9,99.0,23.0,23.0,0.6,0.96,12.0,4.8,38.0,12.429102739338632,302.0305453164599,0,0
80530.0,1.0,59.0,241.0,9.06,,41.0,91.0,125.0,143.0,0.5,1.08,21.0,7.5,11.6,33.9,3.61,5.0,38.0,2013-2014,59.0,241.0,,9.06,4.1,11.6,33.9,3.61,5.0,91.0,125.0,143.0,0.5,1.08,21.0,7.5,38.0,,,1,0
80539.0,1.0,40.0,250.95,31.6,14.08,47.0,370.0,37.0,29.0,1.0,1.13,14.0,6.8,15.6,46.6,5.47,10.7,44.0,2013-2014,40.0,250.95,14.08,31.6,4.7,15.6,46.6,5.47,10.7,370.0,37.0,29.0,1.0,1.13,14.0,6.8,44.0,6.617882520504898,175.16036975945738,1,0
80543.0,1.0,28.0,469.0,19.7,50.19,48.0,88.0,24.0,42.0,0.7,0.8,10.0,5.6,13.0,39.5,4.74,5.6,63.0,2013-2014,28.0,469.0,50.19,19.7,4.8,13.0,39.5,4.74,5.6,88.0,24.0,42.0,0.7,0.8,10.0,5.6,63.0,6.95328605625691,187.80549649941267,0,0
80545.0,1.0,55.0,320.0,13.6,31.79,43.0,84.0,31.0,21.0,0.5,0.89,15.0,4.5,14.6,43.2,5.25,5.4,36.0,2013-2014,55.0,320.0,31.79,13.6,4.3,14.6,43.2,5.25,5.4,84.0,31.0,21.0,0.5,0.89,15.0,4.5,36.0,6.355505523133744,154.4404965644366,0,1
80547.0,1.0,55.0,444.0,17.4,64.42,41.0,91.0,18.0,22.0,0.9,0.92,18.0,6.2,14.3,41.7,4.5,5.9,39.0,2013-2014,55.0,444.0,64.42,17.4,4.1,14.3,41.7,4.5,5.9,91.0,18.0,22.0,0.9,0.92,18.0,6.2,39.0,5.774445992160335,134.06263306304936,0,1
80559.0,1.0,26.0,489.0,21.2,32.27,47.0,98.0,14.0,20.0,0.3,0.81,12.0,6.9,13.9,40.8,4.8,5.5,42.0,2013-2014,26.0,489.0,32.27,21.2,4.7,13.9,40.8,4.8,5.5,98.0,14.0,20.0,0.3,0.81,12.0,6.9,42.0,9.655622158907375,255.56246161389902,0,0
80560.0,1.0,25.0,372.76,16.2,,47.0,83.0,25.0,20.0,0.7,0.89,11.0,6.0,15.9,47.3,5.21,5.4,47.0,2013-2014,25.0,372.76,,16.2,4.7,15.9,47.3,5.21,5.4,83.0,25.0,20.0,0.7,0.89,11.0,6.0,47.0,,,0,0
80561.0,1.0,41.0,398.0,27.23,19.59,40.0,93.0,17.0,20.0,1.4,0.81,8.0,5.9,15.0,44.3,4.72,5.3,43.0,2013-2014,41.0,398.0,19.59,27.23,4.0,15.0,44.3,4.72,5.3,93.0,17.0,20.0,1.4,0.81,8.0,5.9,43.0,10.77524716432589,244.3251653820251,0,0
80578.0,1.0,44.0,322.03,14.5,44.24,46.0,74.0,24.0,31.0,0.8,1.18,16.0,6.1,15.0,43.9,4.93,5.5,81.0,2013-2014,44.0,322.03,44.24,14.5,4.6,15.0,43.9,4.93,5.5,74.0,24.0,31.0,0.8,1.18,16.0,6.1,81.0,5.066934967642225,131.36469534838676,0,1
80585.0,1.0,41.0,188.42,18.9,,46.0,82.0,25.0,25.0,0.7,1.1,12.0,7.2,14.8,44.2,5.62,5.9,40.0,2013-2014,41.0,188.42,,18.9,4.6,14.8,44.2,5.62,5.9,82.0,25.0,25.0,0.7,1.1,12.0,7.2,40.0,,,1,0
80587.0,1.0,36.0,652.52,34.7,23.8,46.0,85.0,14.0,12.0,1.2,1.04,19.0,5.3,15.9,46.4,5.07,4.9,46.0,2013-2014,36.0,652.52,23.8,34.7,4.6,15.9,46.4,5.07,4.9,85.0,14.0,12.0,1.2,1.04,19.0,5.3,46.0,15.798379618141128,409.58673020052305,0,0
80592.0,1.0,20.0,468.0,22.1,19.5,45.0,92.0,49.0,30.0,0.4,0.8,8.0,6.0,15.0,42.8,4.65,5.1,46.0,2013-2014,20.0,468.0,19.5,22.1,4.5,15.0,42.8,4.65,5.1,92.0,49.0,30.0,0.4,0.8,8.0,6.0,46.0,11.947174903317492,303.2671222726198,0,0
80596.0,1.0,32.0,389.0,22.1,23.27,48.0,85.0,13.0,19.0,0.6,0.83,8.0,7.3,17.0,50.0,5.52,5.5,41.0,2013-2014,32.0,389.0,23.27,22.1,4.8,17.0,50.0,5.52,5.5,85.0,13.0,19.0,0.6,0.83,8.0,7.3,41.0,8.662781910300675,233.9783009885186,0,0
80604.0,1.0,58.0,336.0,22.3,41.39,37.0,65.0,11.0,17.0,0.4,1.28,29.0,9.2,11.4,34.6,3.71,5.1,55.0,2013-2014,58.0,336.0,41.39,22.3,3.7,11.4,34.6,3.71,5.1,65.0,11.0,17.0,0.4,1.28,29.0,9.2,55.0,6.0837239222218775,128.0567248765025,0,1
80618.0,1.0,32.0,420.0,12.5,37.97,41.0,112.0,12.0,18.0,0.5,1.02,18.0,6.5,15.2,43.6,4.89,5.6,31.0,2013-2014,32.0,420.0,37.97,12.5,4.1,15.2,43.6,4.89,5.6,112.0,12.0,18.0,0.5,1.02,18.0,6.5,31.0,7.924083344117452,183.9697659594878,0,0
80619.0,1.0,33.0,325.0,28.9,24.08,45.0,88.0,20.0,19.0,0.4,0.85,7.0,6.9,15.1,46.2,6.61,6.0,27.0,2013-2014,33.0,325.0,24.08,28.9,4.5,15.1,46.2,6.61,6.0,88.0,20.0,19.0,0.4,0.85,7.0,6.9,27.0,7.285704620729979,184.94034714797485,0,0
80620.0,1.0,22.0,253.0,17.2,31.96,45.0,66.0,21.0,16.0,0.9,0.81,11.0,3.9,15.0,44.7,4.95,5.2,40.0,2013-2014,22.0,253.0,31.96,17.2,4.5,15.0,44.7,4.95,5.2,66.0,21.0,16.0,0.9,0.81,11.0,3.9,40.0,4.7925706420326035,121.6546270276734,1,1
80632.0,1.0,57.0,396.38,25.0,41.56,40.0,168.0,31.0,28.0,0.6,0.71,20.0,2.8,13.5,39.7,4.63,8.5,70.0,2013-2014,57.0,396.38,41.56,25.0,4.0,13.5,39.7,4.63,8.5,168.0,31.0,28.0,0.6,0.71,20.0,2.8,70.0,7.071759901248792,160.34981667380416,0,0
80639.0,1.0,32.0,321.07,23.0,22.06,50.0,104.0,28.0,19.0,0.8,0.97,16.0,5.8,15.0,43.8,4.98,5.4,50.0,2013-2014,32.0,321.07,22.06,23.0,5.0,15.0,43.8,4.98,5.4,104.0,28.0,19.0,0.8,0.97,16.0,5.8,50.0,7.003660451537392,196.75619010771254,0,0
80643.0,1.0,39.0,362.0,24.1,36.02,47.0,83.0,48.0,44.0,1.0,0.98,16.0,4.8,14.6,43.1,5.16,5.4,64.0,2013-2014,39.0,362.0,36.02,24.1,4.7,14.6,43.1,5.16,5.4,83.0,48.0,44.0,1.0,0.98,16.0,4.8,64.0,6.478012153911405,171.45831777304076,0,1
80646.0,1.0,34.0,603.0,31.3,36.37,38.0,93.0,20.0,19.0,0.9,1.17,13.0,6.8,15.1,44.3,4.97,5.7,41.0,2013-2014,34.0,603.0,36.37,31.3,3.8,15.1,44.3,4.97,5.7,93.0,20.0,19.0,0.9,1.17,13.0,6.8,41.0,12.90764384501184,278.688109247968,0,0
80647.0,1.0,52.0,358.0,16.6,29.7,40.0,76.0,26.0,28.0,0.8,0.99,14.0,6.6,14.7,42.3,4.57,5.5,53.0,2013-2014,52.0,358.0,29.7,16.6,4.0,14.7,42.3,4.57,5.5,76.0,26.0,28.0,0.8,0.99,14.0,6.6,53.0,7.770581095048784,176.19535609798766,0,0
80648.0,1.0,43.0,240.0,19.8,,46.0,92.0,28.0,29.0,0.8,1.06,15.0,5.8,14.9,44.5,4.91,5.2,60.0,2013-2014,43.0,240.0,,19.8,4.6,14.9,44.5,4.91,5.2,92.0,28.0,29.0,0.8,1.06,15.0,5.8,60.0,,,1,0
80649.0,1.0,19.0,747.0,36.3,37.95,51.0,91.0,31.0,40.0,0.8,1.27,21.0,4.3,17.0,49.2,5.37,5.4,75.0,2013-2014,19.0,747.0,37.95,36.3,5.1,17.0,49.2,5.37,5.4,91.0,31.0,40.0,0.8,1.27,21.0,4.3,75.0,13.7480556665941,393.6783686528332,0,0
80652.0,1.0,60.0,953.57,32.1,,42.0,94.0,39.0,45.0,0.3,1.28,12.0,6.4,13.4,40.7,4.88,5.9,36.0,2013-2014,60.0,953.57,,32.1,4.2,13.4,40.7,4.88,5.9,94.0,39.0,45.0,0.3,1.28,12.0,6.4,36.0,,,0,0
80657.0,1.0,51.0,187.0,20.8,25.2,45.0,90.0,21.0,22.0,0.7,1.1,17.0,9.0,14.5,40.6,4.7,5.5,38.0,2013-2014,51.0,187.0,25.2,20.8,4.5,14.5,40.6,4.7,5.5,90.0,21.0,22.0,0.7,1.1,17.0,9.0,38.0,3.9318086447228224,99.8050420003977,1,1
80658.0,1.0,50.0,167.0,9.17,32.24,42.0,95.0,24.0,21.0,0.6,0.98,9.0,4.1,14.7,41.3,4.88,5.3,34.0,2013-2014,50.0,167.0,32.24,9.17,4.2,14.7,41.3,4.88,5.3,95.0,24.0,21.0,0.6,0.98,9.0,4.1,34.0,3.1621005659526165,75.12645861523774,1,1
80660.0,1.0,45.0,213.0,10.4,29.38,49.0,111.0,27.0,22.0,0.2,0.95,10.0,4.3,15.0,44.3,5.02,5.5,39.0,2013-2014,45.0,213.0,29.38,10.4,4.9,15.0,44.3,5.02,5.5,111.0,27.0,22.0,0.2,0.95,10.0,4.3,39.0,3.991785530730251,109.97955855191066,1,1
80663.0,1.0,41.0,399.0,30.2,24.64,45.0,89.0,17.0,21.0,0.5,1.24,15.0,6.7,13.1,40.0,4.6,5.3,53.0,2013-2014,41.0,399.0,24.64,30.2,4.5,13.1,40.0,4.6,5.3,89.0,17.0,21.0,0.5,1.24,15.0,6.7,53.0,9.03843904204933,229.4317627640704,0,0
80669.0,1.0,50.0,349.0,22.3,24.2,45.0,101.0,24.0,27.0,0.7,0.89,10.0,5.8,14.1,42.0,4.44,5.5,51.0,2013-2014,50.0,349.0,24.2,22.3,4.5,14.1,42.0,4.44,5.5,101.0,24.0,27.0,0.7,0.89,10.0,5.8,51.0,7.860124459609167,199.52142199813213,0,0
80683.0,1.0,58.0,185.0,17.3,10.06,43.0,140.0,29.0,28.0,0.4,0.73,11.0,5.7,15.9,46.2,5.4,5.8,19.0,2013-2014,58.0,185.0,10.06,17.3,4.3,15.9,46.2,5.4,5.8,140.0,29.0,28.0,0.4,0.73,11.0,5.7,19.0,5.655586795060897,137.4322828944373,1,1
80684.0,1.0,48.0,341.0,16.8,35.54,43.0,106.0,48.0,31.0,0.5,0.81,17.0,4.9,16.3,47.6,5.28,5.7,48.0,2013-2014,48.0,341.0,35.54,16.8,4.3,16.3,47.6,5.28,5.7,106.0,48.0,31.0,0.5,0.81,17.0,4.9,48.0,6.3860460496592415,155.18263958748466,0,1
80692.0,1.0,37.0,357.0,18.2,39.87,45.0,76.0,17.0,22.0,0.7,1.2,16.0,6.0,13.9,42.1,4.8,5.6,52.0,2013-2014,37.0,357.0,39.87,18.2,4.5,13.9,42.1,4.8,5.6,76.0,17.0,22.0,0.7,1.2,16.0,6.0,52.0,6.126813432986512,155.52304988915023,0,1
80693.0,1.0,30.0,919.0,36.5,75.32,45.0,88.0,34.0,37.0,1.1,0.89,12.0,3.6,15.6,46.4,4.96,5.0,62.0,2013-2014,30.0,919.0,75.32,36.5,4.5,15.6,46.4,4.96,5.0,88.0,34.0,37.0,1.1,0.89,12.0,3.6,62.0,11.622629345160094,295.02885688643005,0,0
80695.0,1.0,56.0,144.77,22.8,44.17,38.0,80.0,16.0,19.0,0.4,0.76,11.0,6.5,9.7,31.4,4.61,6.2,43.0,2013-2014,56.0,144.77,44.17,22.8,3.8,9.7,31.4,4.61,6.2,80.0,16.0,19.0,0.4,0.76,11.0,6.5,43.0,2.3172037455089782,50.03059724395536,1,1
80705.0,1.0,54.0,450.9,26.1,,43.0,117.0,27.0,24.0,0.5,1.18,11.0,7.5,14.7,42.5,4.51,5.9,52.0,2013-2014,54.0,450.9,,26.1,4.3,14.7,42.5,4.51,5.9,117.0,27.0,24.0,0.5,1.18,11.0,7.5,52.0,,,0,0
80706.0,1.0,50.0,370.0,15.5,23.47,43.0,86.0,41.0,30.0,0.5,0.95,18.0,6.4,14.7,42.8,4.78,5.3,50.0,2013-2014,50.0,370.0,23.47,15.5,4.3,14.7,42.8,4.78,5.3,86.0,41.0,30.0,0.5,0.95,18.0,6.4,50.0,8.745036131011725,212.50673414275445,0,0
80713.0,1.0,38.0,265.07,18.7,,46.0,94.0,42.0,33.0,0.9,1.11,11.0,7.3,16.3,48.6,5.86,6.1,38.0,2013-2014,38.0,265.07,,18.7,4.6,16.3,48.6,5.86,6.1,94.0,42.0,33.0,0.9,1.11,11.0,7.3,38.0,,,1,0
80714.0,1.0,45.0,676.73,34.3,47.35,42.0,89.0,35.0,29.0,1.4,1.01,10.0,6.8,14.5,41.8,4.62,5.7,51.0,2013-2014,45.0,676.73,47.35,34.3,4.2,14.5,41.8,4.62,5.7,89.0,35.0,29.0,1.4,1.01,10.0,6.8,51.0,11.797322620872292,280.28554157655816,0,0
80729.0,1.0,31.0,454.0,28.4,18.14,48.0,96.0,65.0,40.0,0.9,0.86,14.0,7.2,15.9,46.4,5.05,5.2,44.0,2013-2014,31.0,454.0,18.14,28.4,4.8,15.9,46.4,5.05,5.2,96.0,65.0,40.0,0.9,0.86,14.0,7.2,44.0,11.341580519485513,306.33158816087456,0,0
80730.0,1.0,39.0,519.0,14.9,56.19,40.0,78.0,21.0,17.0,0.4,0.73,10.0,4.7,16.3,46.3,5.23,5.4,38.0,2013-2014,39.0,519.0,56.19,14.9,4.0,16.3,46.3,5.23,5.4,78.0,21.0,17.0,0.4,0.73,10.0,4.7,38.0,7.750515430763774,175.74037379733414,0,0
80732.0,1.0,52.0,188.0,13.2,17.87,46.0,102.0,20.0,20.0,0.6,1.29,19.0,8.4,13.8,41.2,4.6,5.9,51.0,2013-2014,52.0,188.0,17.87,13.2,4.6,13.8,41.2,4.6,5.9,102.0,20.0,20.0,0.6,1.29,19.0,8.4,51.0,4.54510704646494,117.8358526994285,1,1
80733.0,1.0,47.0,709.0,28.3,65.51,41.0,84.0,11.0,18.0,0.8,0.75,11.0,4.4,15.1,44.2,4.56,5.2,36.0,2013-2014,47.0,709.0,65.51,28.3,4.1,15.1,44.2,4.56,5.2,84.0,11.0,18.0,0.8,0.75,11.0,4.4,36.0,9.838493050268063,228.41572775676687,0,0
80735.0,1.0,41.0,330.0,18.2,44.12,39.0,90.0,27.0,20.0,0.6,1.02,7.0,5.7,15.1,43.7,4.7,5.2,33.0,2013-2014,41.0,330.0,44.12,18.2,3.9,15.1,43.7,4.7,5.2,90.0,27.0,20.0,0.6,1.02,7.0,5.7,33.0,5.584106677825932,123.5919302650982,0,1
80738.0,1.0,40.0,304.29,13.0,16.93,44.0,96.0,28.0,19.0,0.6,1.08,7.0,6.1,15.1,44.5,5.16,5.6,45.0,2013-2014,40.0,304.29,16.93,13.0,4.4,15.1,44.5,5.16,5.6,96.0,28.0,19.0,0.6,1.08,7.0,6.1,45.0,7.986452214208556,198.40053333325898,0,0
80741.0,1.0,51.0,294.0,25.1,20.63,44.0,125.0,48.0,28.0,0.8,1.11,7.0,6.0,14.7,44.7,5.19,6.1,37.0,2013-2014,51.0,294.0,20.63,25.1,4.4,14.7,44.7,5.19,6.1,125.0,48.0,28.0,0.8,1.11,7.0,6.0,37.0,7.102155500225063,176.43271395946465,1,0
80745.0,1.0,50.0,397.0,21.1,38.07,42.0,93.0,15.0,23.0,0.5,1.03,9.0,4.8,14.1,42.7,4.54,5.3,52.0,2013-2014,50.0,397.0,38.07,21.1,4.2,14.1,42.7,4.54,5.3,93.0,15.0,23.0,0.5,1.03,9.0,4.8,52.0,7.337213562318675,174.3204744896007,0,0
80761.0,1.0,23.0,457.0,25.4,24.82,50.0,81.0,25.0,28.0,1.0,0.86,12.0,6.6,15.4,47.2,5.77,4.9,61.0,2013-2014,23.0,457.0,24.82,25.4,5.0,15.4,47.2,5.77,4.9,81.0,25.0,28.0,1.0,0.86,12.0,6.6,61.0,9.80325383929355,275.40610933741044,0,0
80765.0,1.0,37.0,230.0,18.2,12.03,45.0,100.0,57.0,23.0,1.1,0.72,14.0,6.9,15.5,44.7,4.9,5.4,37.0,2013-2014,37.0,230.0,12.03,18.2,4.5,15.5,44.7,4.9,5.4,100.0,57.0,23.0,1.1,0.72,14.0,6.9,37.0,6.535653227917641,165.901040425211,1,0
80771.0,1.0,59.0,203.0,23.1,23.97,43.0,175.0,61.0,37.0,0.3,0.93,14.0,5.5,13.6,39.7,4.67,8.0,36.0,2013-2014,59.0,203.0,23.97,23.1,4.3,13.6,39.7,4.67,8.0,175.0,61.0,37.0,0.3,0.93,14.0,5.5,36.0,4.5080927936775215,109.54786949360081,1,1
80772.0,1.0,36.0,690.03,15.3,79.87,39.0,109.0,21.0,17.0,0.6,0.85,17.0,6.1,14.5,43.2,4.64,5.5,58.0,2013-2014,36.0,690.03,79.87,15.3,3.9,14.5,43.2,4.64,5.5,109.0,21.0,17.0,0.6,0.85,17.0,6.1,58.0,8.180022730288593,181.04682757284897,0,0
80778.0,1.0,32.0,542.0,36.6,38.5,46.0,94.0,22.0,21.0,1.4,1.08,21.0,5.3,15.1,45.6,6.05,5.3,40.0,2013-2014,32.0,542.0,38.5,36.6,4.6,15.1,45.6,6.05,5.3,94.0,22.0,21.0,1.4,1.08,21.0,5.3,40.0,9.933478072089892,257.5340573785134,0,0
80793.0,1.0,41.0,305.85,13.1,,48.0,90.0,15.0,17.0,0.6,0.91,13.0,5.4,13.7,40.0,4.22,5.5,42.0,2013-2014,41.0,305.85,,13.1,4.8,13.7,40.0,4.22,5.5,90.0,15.0,17.0,0.6,0.91,13.0,5.4,42.0,,,0,0
80794.0,1.0,58.0,362.0,20.7,31.01,46.0,102.0,24.0,25.0,0.7,1.14,10.0,6.0,14.7,43.8,4.96,5.9,43.0,2013-2014,58.0,362.0,31.01,20.7,4.6,14.7,43.8,4.96,5.9,102.0,24.0,25.0,0.7,1.14,10.0,6.0,43.0,7.127202000834437,184.7789098350507,0,0
80798.0,1.0,29.0,628.0,37.3,48.68,45.0,102.0,29.0,24.0,0.7,0.95,7.0,6.4,14.8,42.6,4.53,4.9,27.0,2013-2014,29.0,628.0,48.68,37.3,4.5,14.8,42.6,4.53,4.9,102.0,29.0,24.0,0.7,0.95,7.0,6.4,27.0,10.243734363610011,260.0269826898171,0,0
80810.0,1.0,56.0,293.92,,29.55,42.0,101.0,22.0,21.0,0.7,1.14,13.0,5.9,14.7,44.5,4.97,5.2,49.0,2013-2014,56.0,293.92,29.55,,4.2,14.7,44.5,4.97,5.2,101.0,22.0,21.0,0.7,1.14,13.0,5.9,49.0,6.104711032896916,145.03818307016735,1,1
80812.0,1.0,23.0,521.0,35.5,,44.0,96.0,27.0,30.0,0.4,1.02,12.0,4.3,14.8,43.4,4.78,5.4,36.0,2013-2014,23.0,521.0,,35.5,4.4,14.8,43.4,4.78,5.4,96.0,27.0,30.0,0.4,1.02,12.0,4.3,36.0,,,0,0
80814.0,1.0,56.0,339.0,23.9,63.64,43.0,84.0,16.0,27.0,0.9,0.93,18.0,5.3,12.3,35.9,3.72,4.9,79.0,2013-2014,56.0,339.0,63.64,23.9,4.3,12.3,35.9,3.72,4.9,84.0,16.0,27.0,0.9,0.93,18.0,5.3,79.0,4.249866080259559,103.27289078399089,0,1
80821.0,1.0,38.0,558.0,21.1,25.16,47.0,95.0,23.0,23.0,0.5,0.63,10.0,4.9,13.9,39.9,4.63,5.6,72.0,2013-2014,38.0,558.0,25.16,21.1,4.7,13.9,39.9,4.63,5.6,95.0,23.0,23.0,0.5,0.63,10.0,4.9,72.0,12.700346602930095,336.1494254619653,0,0
80825.0,1.0,30.0,283.0,20.6,18.91,44.0,117.0,16.0,25.0,0.5,0.93,12.0,5.2,14.7,41.6,4.73,5.2,44.0,2013-2014,30.0,283.0,18.91,20.6,4.4,14.7,41.6,4.73,5.2,117.0,16.0,25.0,0.5,0.93,12.0,5.2,44.0,7.069802725404747,175.6290019222547,1,0
80826.0,1.0,33.0,243.0,14.7,19.8,44.0,96.0,81.0,38.0,2.1,1.0,15.0,7.3,16.8,48.0,5.59,5.5,27.0,2013-2014,33.0,243.0,19.8,14.7,4.4,16.8,48.0,5.59,5.5,96.0,81.0,38.0,2.1,1.0,15.0,7.3,27.0,5.885715897078088,146.21375570880485,1,1
80833.0,1.0,33.0,231.0,19.1,14.26,44.0,88.0,71.0,94.0,0.7,1.2,8.0,9.7,16.4,45.4,4.64,5.4,64.0,2013-2014,33.0,231.0,14.26,19.1,4.4,16.4,45.4,4.64,5.4,88.0,71.0,94.0,0.7,1.2,8.0,9.7,64.0,6.322125608620957,157.0551051840924,1,1
80847.0,1.0,42.0,465.0,29.5,37.2,45.0,93.0,65.0,33.0,1.1,0.91,10.0,6.3,15.4,43.6,5.02,5.0,27.0,2013-2014,42.0,465.0,37.2,29.5,4.5,15.4,43.6,5.02,5.0,93.0,65.0,33.0,1.1,0.91,10.0,6.3,27.0,8.605469391682696,218.4412599079006,0,0
80862.0,1.0,21.0,401.0,19.9,24.55,50.0,89.0,15.0,16.0,1.7,0.84,19.0,6.5,16.0,46.6,5.09,5.0,50.0,2013-2014,21.0,401.0,24.55,19.9,5.0,16.0,46.6,5.09,5.0,89.0,15.0,16.0,1.7,0.84,19.0,6.5,50.0,8.524138807681831,239.4715002753474,0,0
80864.0,1.0,54.0,977.43,30.0,152.5,45.0,124.0,94.0,85.0,0.8,1.16,6.0,7.3,18.5,54.1,5.58,5.6,37.0,2013-2014,54.0,977.43,152.5,30.0,4.5,18.5,54.1,5.58,5.6,124.0,94.0,85.0,0.8,1.16,6.0,7.3,37.0,6.527523419638062,165.69467334834735,0,0
80880.0,1.0,28.0,127.0,25.0,9.27,40.0,193.0,62.0,33.0,0.3,0.74,9.0,5.2,13.9,42.2,5.32,8.7,43.0,2013-2014,28.0,127.0,9.27,25.0,4.0,13.9,42.2,5.32,8.7,193.0,62.0,33.0,0.3,0.74,9.0,5.2,43.0,4.1254322414950435,93.54281152943494,1,1
80884.0,1.0,60.0,327.0,21.5,31.99,42.0,92.0,21.0,23.0,0.6,1.11,11.0,5.8,15.4,46.3,5.55,5.5,49.0,2013-2014,60.0,327.0,31.99,21.5,4.2,15.4,46.3,5.55,5.5,92.0,21.0,23.0,0.6,1.11,11.0,5.8,49.0,6.563924393327755,155.94835901126,0,0
80885.0,1.0,32.0,802.18,34.9,38.59,48.0,90.0,16.0,19.0,1.0,0.98,12.0,7.7,15.4,45.3,4.88,5.2,57.0,2013-2014,32.0,802.18,38.59,34.9,4.8,15.4,45.3,4.88,5.2,90.0,16.0,19.0,1.0,0.98,12.0,7.7,57.0,15.372558180500558,415.2066948197974,0,0
80911.0,1.0,44.0,480.0,21.1,31.92,44.0,94.0,32.0,31.0,0.7,0.9,8.0,4.9,13.6,45.0,6.69,5.8,49.0,2013-2014,44.0,480.0,31.92,21.1,4.4,13.6,45.0,6.69,5.8,94.0,32.0,31.0,0.7,0.9,8.0,4.9,49.0,9.871947208603205,245.240256711252,0,0
80917.0,1.0,34.0,182.0,12.5,34.28,39.0,103.0,37.0,28.0,0.6,0.51,13.0,3.8,15.4,43.8,4.86,5.4,38.0,2013-2014,34.0,182.0,34.28,12.5,3.9,15.4,43.8,4.86,5.4,103.0,37.0,28.0,0.6,0.51,13.0,3.8,38.0,3.450224089919902,76.3631283789086,1,1
80923.0,1.0,28.0,338.0,21.2,38.16,43.0,59.0,26.0,37.0,1.3,1.21,13.0,7.8,16.5,46.8,5.2,4.3,32.0,2013-2014,28.0,338.0,38.16,21.2,4.3,16.5,46.8,5.2,4.3,59.0,26.0,37.0,1.3,1.21,13.0,7.8,32.0,6.052899942220848,147.08709941778227,0,1
80936.0,1.0,38.0,315.17,21.0,37.88,47.0,75.0,57.0,34.0,0.9,1.19,11.0,7.4,14.6,44.4,5.17,5.6,39.0,2013-2014,38.0,315.17,37.88,21.0,4.7,14.6,44.4,5.17,5.6,75.0,57.0,34.0,0.9,1.19,11.0,7.4,39.0,5.399068159427355,142.90111258875265,0,1
80939.0,1.0,47.0,360.0,19.5,33.96,42.0,126.0,26.0,22.0,0.3,0.76,16.0,6.3,15.5,45.7,5.09,6.8,52.0,2013-2014,47.0,360.0,33.96,19.5,4.2,15.5,45.7,5.09,6.8,126.0,26.0,22.0,0.3,0.76,16.0,6.3,52.0,7.052459550347619,167.55517400352278,0,0
80946.0,1.0,60.0,304.91,20.0,50.47,43.0,88.0,18.0,20.0,0.7,1.2,12.0,7.0,15.4,45.3,5.02,5.4,33.0,2013-2014,60.0,304.91,50.47,20.0,4.3,15.4,45.3,5.02,5.4,88.0,18.0,20.0,0.7,1.2,12.0,7.0,33.0,4.48544431121213,108.9975052675524,0,1
80965.0,1.0,25.0,421.04,14.9,51.62,42.0,86.0,13.0,19.0,0.7,1.15,8.0,6.5,13.8,42.6,4.86,5.6,48.0,2013-2014,25.0,421.04,51.62,14.9,4.2,13.8,42.6,4.86,5.6,86.0,13.0,19.0,0.7,1.15,8.0,6.5,48.0,6.376241282261792,151.48930807907425,0,1
80967.0,1.0,40.0,227.0,17.1,37.04,42.0,190.0,41.0,40.0,1.0,0.94,10.0,5.7,14.8,41.9,4.76,6.1,28.0,2013-2014,40.0,227.0,37.04,17.1,4.2,14.8,41.9,4.76,6.1,190.0,41.0,40.0,1.0,0.94,10.0,5.7,28.0,4.035406692181395,95.87481724019332,1,1
80968.0,1.0,25.0,938.0,33.6,,43.0,70.0,14.0,11.0,0.9,1.22,16.0,5.1,15.4,44.5,4.69,4.8,42.0,2013-2014,25.0,938.0,,33.6,4.3,15.4,44.5,4.69,4.8,70.0,14.0,11.0,0.9,1.22,16.0,5.1,42.0,,,0,0
80976.0,1.0,59.0,476.0,22.2,37.41,45.0,88.0,27.0,25.0,0.7,0.99,15.0,5.7,14.3,42.7,4.61,5.3,75.0,2013-2014,59.0,476.0,37.41,22.2,4.5,14.3,42.7,4.61,5.3,88.0,27.0,25.0,0.7,0.99,15.0,5.7,75.0,8.807931284764,223.58055318698237,0,0
80979.0,1.0,29.0,460.73,31.7,25.07,44.0,95.0,25.0,26.0,1.4,1.18,21.0,4.7,14.1,42.3,4.36,4.9,67.0,2013-2014,29.0,460.73,25.07,31.7,4.4,14.1,42.3,4.36,4.9,95.0,25.0,26.0,1.4,1.18,21.0,4.7,67.0,10.680565965498896,265.32807397083104,0,0
80982.0,1.0,31.0,266.0,24.6,18.59,42.0,91.0,31.0,22.0,1.0,0.99,13.0,6.9,16.8,48.7,5.44,5.4,33.0,2013-2014,31.0,266.0,18.59,24.6,4.2,16.8,48.7,5.44,5.4,91.0,31.0,22.0,1.0,0.99,13.0,6.9,33.0,6.859828642157624,162.97857131479978,1,0
80985.0,1.0,46.0,252.0,20.8,13.46,42.0,79.0,48.0,31.0,0.7,0.89,7.0,6.0,13.5,40.6,4.9,5.9,49.0,2013-2014,46.0,252.0,13.46,20.8,4.2,13.5,40.6,4.9,5.9,79.0,48.0,31.0,0.7,0.89,7.0,6.0,49.0,7.304699074576888,173.54798219633514,1,0
80989.0,1.0,46.0,507.0,21.9,,43.0,102.0,25.0,24.0,0.6,0.89,14.0,5.2,15.4,43.4,4.67,5.1,31.0,2013-2014,46.0,507.0,,21.9,4.3,15.4,43.4,4.67,5.1,102.0,25.0,24.0,0.6,0.89,14.0,5.2,31.0,,,0,0
80990.0,1.0,35.0,443.0,13.4,18.26,49.0,78.0,32.0,24.0,0.4,0.83,16.0,6.9,15.4,46.1,5.4,5.1,38.0,2013-2014,35.0,443.0,18.26,13.4,4.9,15.4,46.1,5.4,5.1,78.0,32.0,24.0,0.4,0.83,16.0,6.9,38.0,10.85276630331961,299.009663198962,0,0
80997.0,1.0,26.0,535.0,17.1,33.85,41.0,99.0,20.0,24.0,0.3,0.73,11.0,5.3,15.9,45.7,5.26,5.3,75.0,2013-2014,26.0,535.0,33.85,17.1,4.1,15.9,45.7,5.26,5.3,99.0,20.0,24.0,0.3,0.73,11.0,5.3,75.0,11.246543957973596,261.10579229804057,0,0
81000.0,1.0,28.0,431.0,30.3,18.59,45.0,85.0,19.0,23.0,0.5,0.89,8.0,4.0,13.7,41.1,4.84,5.2,35.0,2013-2014,28.0,431.0,18.59,30.3,4.5,13.7,41.1,4.84,5.2,85.0,19.0,23.0,0.5,0.89,8.0,4.0,35.0,11.106658909795463,281.9314618640025,0,0
81004.0,1.0,50.0,484.76,26.1,59.55,42.0,93.0,18.0,22.0,0.8,0.99,18.0,7.1,14.6,42.6,4.63,4.9,68.0,2013-2014,50.0,484.76,59.55,26.1,4.2,14.6,42.6,4.63,4.9,93.0,18.0,22.0,0.8,0.99,18.0,7.1,68.0,6.72869511856376,159.8630482541419,0,0
81008.0,1.0,48.0,263.9,12.6,,41.0,80.0,18.0,15.0,0.5,0.97,13.0,4.7,13.1,38.8,4.16,5.5,48.0,2013-2014,48.0,263.9,,12.6,4.1,13.1,38.8,4.16,5.5,80.0,18.0,15.0,0.5,0.97,13.0,4.7,48.0,,,1,0
81010.0,1.0,51.0,742.0,31.4,76.6,44.0,87.0,24.0,25.0,1.1,0.89,9.0,5.3,15.0,44.0,4.86,5.8,55.0,2013-2014,51.0,742.0,76.6,31.4,4.4,15.0,44.0,4.86,5.8,87.0,24.0,25.0,1.1,0.89,9.0,5.3,55.0,8.898953137927256,221.06900552555425,0,0
81012.0,1.0,34.0,506.29,22.7,,46.0,106.0,18.0,25.0,0.8,1.05,11.0,5.2,16.0,47.8,5.28,5.6,55.0,2013-2014,34.0,506.29,,22.7,4.6,16.0,47.8,5.28,5.6,106.0,18.0,25.0,0.8,1.05,11.0,5.2,55.0,,,0,0
81013.0,1.0,43.0,783.0,35.7,54.62,43.0,86.0,26.0,20.0,0.6,1.19,13.0,6.4,14.2,41.6,4.58,5.8,34.0,2013-2014,43.0,783.0,54.62,35.7,4.3,14.2,41.6,4.58,5.8,86.0,26.0,20.0,0.6,1.19,13.0,6.4,34.0,12.557626800415427,305.15371462862987,0,0
81014.0,1.0,27.0,483.0,21.9,48.98,43.0,101.0,16.0,18.0,0.3,1.13,12.0,6.5,14.4,41.8,4.6,5.4,69.0,2013-2014,27.0,483.0,48.98,21.9,4.3,14.4,41.8,4.6,5.4,101.0,16.0,18.0,0.3,1.13,12.0,6.5,69.0,7.667410700281362,186.32014583334802,0,0
81020.0,1.0,40.0,373.27,29.0,,44.0,211.0,28.0,33.0,0.5,1.01,19.0,7.4,15.4,45.3,4.99,8.2,34.0,2013-2014,40.0,373.27,,29.0,4.4,15.4,45.3,4.99,8.2,211.0,28.0,33.0,0.5,1.01,19.0,7.4,34.0,,,0,0
81029.0,1.0,43.0,434.0,17.7,47.74,43.0,251.0,40.0,19.0,0.7,0.72,12.0,4.8,15.5,44.5,5.36,8.2,50.0,2013-2014,43.0,434.0,47.74,17.7,4.3,15.5,44.5,5.36,8.2,251.0,40.0,19.0,0.7,0.72,12.0,4.8,50.0,6.909282096549467,167.89741650145302,0,0
81030.0,1.0,60.0,297.0,28.3,26.15,46.0,103.0,25.0,32.0,0.9,1.02,11.0,5.5,15.4,45.7,4.93,5.1,72.0,2013-2014,60.0,297.0,26.15,28.3,4.6,15.4,45.7,4.93,5.1,103.0,25.0,32.0,0.9,1.02,11.0,5.5,72.0,6.264559915235255,162.41416359435354,1,1
81034.0,1.0,34.0,383.0,32.8,28.41,49.0,82.0,48.0,28.0,2.3,0.77,9.0,6.5,16.6,46.0,5.22,4.3,28.0,2013-2014,34.0,383.0,28.41,32.8,4.9,16.6,46.0,5.22,4.3,82.0,48.0,28.0,2.3,0.77,9.0,6.5,28.0,7.6600696382280296,211.04617740700513,0,0
81037.0,1.0,60.0,466.84,37.7,32.84,41.0,116.0,24.0,31.0,0.8,1.33,15.0,6.8,14.9,45.5,5.27,6.4,52.0,2013-2014,60.0,466.84,32.84,37.7,4.1,14.9,45.5,5.27,6.4,116.0,24.0,31.0,0.8,1.33,15.0,6.8,52.0,9.778463881864454,227.02205840949114,0,0
81038.0,1.0,45.0,432.0,33.2,46.84,43.0,95.0,25.0,21.0,1.8,1.01,11.0,5.8,15.8,46.3,5.32,4.6,38.0,2013-2014,45.0,432.0,46.84,33.2,4.3,15.8,46.3,5.32,4.6,95.0,25.0,21.0,1.8,1.01,11.0,5.8,38.0,6.964391606780694,169.23659244812688,0,0
81051.0,1.0,41.0,434.0,17.4,117.2,41.0,80.0,112.0,92.0,0.5,0.77,13.0,5.2,15.6,44.9,4.94,5.1,67.0,2013-2014,41.0,434.0,117.2,17.4,4.1,15.6,44.9,4.94,5.1,80.0,112.0,92.0,0.5,0.77,13.0,5.2,67.0,3.38807633074294,78.65939598961644,0,1
81061.0,1.0,44.0,182.85,15.0,22.46,39.0,112.0,22.0,24.0,0.7,1.16,19.0,6.3,15.7,46.8,5.39,5.8,34.0,2013-2014,44.0,182.85,22.46,15.0,3.9,15.7,46.8,5.39,5.8,112.0,22.0,24.0,0.7,1.16,19.0,6.3,34.0,4.39288697810276,97.22689991150246,1,1
81068.0,1.0,59.0,389.0,29.1,28.98,46.0,86.0,27.0,21.0,0.2,1.33,17.0,7.0,13.5,41.2,4.58,6.4,58.0,2013-2014,59.0,389.0,28.98,29.1,4.6,13.5,41.2,4.58,6.4,86.0,27.0,21.0,0.2,1.33,17.0,7.0,58.0,8.002188062385466,207.4636843868783,0,0
81070.0,1.0,31.0,367.0,26.3,16.62,45.0,98.0,36.0,24.0,0.5,0.85,13.0,5.0,17.0,47.8,5.56,4.9,29.0,2013-2014,31.0,367.0,16.62,26.3,4.5,17.0,47.8,5.56,4.9,98.0,36.0,24.0,0.5,0.85,13.0,5.0,29.0,9.703876128181522,246.3232196815338,0,0
81075.0,1.0,30.0,428.0,29.8,31.04,49.0,117.0,25.0,21.0,0.6,1.15,18.0,6.6,15.2,45.2,4.91,5.7,39.0,2013-2014,30.0,428.0,31.04,29.8,4.9,15.2,45.2,4.91,5.7,117.0,25.0,21.0,0.6,1.15,18.0,6.6,39.0,8.284073473068894,228.23840022613615,0,0
81083.0,1.0,36.0,455.0,22.6,31.69,44.0,109.0,29.0,28.0,0.7,0.87,8.0,3.9,15.8,44.7,4.73,5.5,62.0,2013-2014,36.0,455.0,31.69,22.6,4.4,15.8,44.7,4.73,5.5,109.0,29.0,28.0,0.7,0.87,8.0,3.9,62.0,9.325860509298403,231.6742965724661,0,0
81090.0,1.0,32.0,875.0,87.3,48.27,41.0,90.0,34.0,23.0,0.7,1.08,10.0,5.2,16.9,50.0,5.34,5.4,60.0,2013-2014,32.0,875.0,48.27,87.3,4.1,16.9,50.0,5.34,5.4,90.0,34.0,23.0,0.7,1.08,10.0,5.2,60.0,16.15738203741421,375.11844119456117,0,0
81092.0,1.0,29.0,421.62,34.1,32.69,41.0,89.0,131.0,78.0,1.2,1.15,16.0,6.0,16.5,48.2,5.11,5.2,58.0,2013-2014,29.0,421.62,32.69,34.1,4.1,16.5,48.2,5.11,5.2,89.0,131.0,78.0,1.2,1.15,16.0,6.0,58.0,8.726844553446295,202.60710044830503,0,0
81095.0,1.0,51.0,196.16,17.7,9.8,48.0,100.0,34.0,22.0,0.5,0.95,14.0,8.4,14.8,44.6,4.8,5.7,35.0,2013-2014,51.0,196.16,9.8,17.7,4.8,14.8,44.6,4.8,5.7,100.0,34.0,22.0,0.5,0.95,14.0,8.4,35.0,5.568994445179422,150.41632953360968,1,1
81115.0,1.0,60.0,299.0,20.9,26.94,43.0,107.0,21.0,23.0,1.3,0.96,15.0,6.5,15.3,43.7,4.64,5.4,49.0,2013-2014,60.0,299.0,26.94,20.9,4.3,15.3,43.7,4.64,5.4,107.0,21.0,23.0,1.3,0.96,15.0,6.5,49.0,6.456085523946583,156.88461768327514,1,1
81117.0,1.0,19.0,389.0,19.4,14.86,45.0,81.0,25.0,19.0,0.7,0.91,9.0,5.6,14.8,42.7,5.08,5.1,42.0,2013-2014,19.0,389.0,14.86,19.4,4.5,14.8,42.7,5.08,5.1,81.0,25.0,19.0,0.7,0.91,9.0,5.6,42.0,10.742511637821925,272.6879464598566,0,0
81131.0,1.0,49.0,327.0,22.3,15.13,45.0,94.0,49.0,29.0,1.2,0.8,11.0,6.6,17.5,51.3,5.77,5.1,40.0,2013-2014,49.0,327.0,15.13,22.3,4.5,17.5,51.3,5.77,5.1,94.0,49.0,29.0,1.2,0.8,11.0,6.6,40.0,8.846805910066756,224.56734678801345,0,0
81135.0,1.0,20.0,223.0,9.62,32.29,46.0,95.0,15.0,21.0,0.5,0.83,16.0,6.0,13.5,40.3,4.68,5.6,51.0,2013-2014,20.0,223.0,32.29,9.62,4.6,13.5,40.3,4.68,5.6,95.0,15.0,21.0,0.5,0.83,16.0,6.0,51.0,4.11563603467389,106.70144324180187,1,1
81139.0,1.0,23.0,337.0,19.7,23.42,44.0,110.0,27.0,22.0,1.1,0.78,13.0,6.2,15.8,45.8,5.18,4.9,39.0,2013-2014,23.0,337.0,23.42,19.7,4.4,15.8,45.8,5.18,4.9,110.0,27.0,22.0,1.1,0.78,13.0,6.2,39.0,7.785813997057304,193.41625142407494,0,0
81144.0,1.0,49.0,642.0,32.7,59.48,44.0,104.0,30.0,27.0,1.1,0.92,12.0,8.7,14.4,41.3,4.61,4.8,47.0,2013-2014,49.0,642.0,59.48,32.7,4.4,14.4,41.3,4.61,4.8,104.0,30.0,27.0,1.1,0.92,12.0,8.7,47.0,9.17585162454665,227.9477554323931,0,0
81149.0,1.0,34.0,506.0,18.8,36.7,45.0,87.0,18.0,20.0,1.3,0.78,8.0,5.7,15.3,45.7,5.03,5.4,40.0,2013-2014,34.0,506.0,36.7,18.8,4.5,15.3,45.7,5.03,5.4,87.0,18.0,20.0,1.3,0.78,8.0,5.7,40.0,9.556092524315112,242.57188025390076,0,0
81151.0,1.0,56.0,547.0,40.2,50.04,44.0,98.0,29.0,27.0,0.6,1.0,14.0,5.7,16.1,46.9,5.05,5.3,37.0,2013-2014,56.0,547.0,50.04,40.2,4.4,16.1,46.9,5.05,5.3,98.0,29.0,27.0,0.6,1.0,14.0,5.7,37.0,8.634100297472234,214.48949520085466,0,0
81154.0,1.0,50.0,434.0,18.0,45.87,47.0,122.0,79.0,44.0,0.8,0.78,9.0,4.7,16.0,46.9,5.53,6.8,47.0,2013-2014,50.0,434.0,45.87,18.0,4.7,16.0,46.9,5.53,6.8,122.0,79.0,44.0,0.8,0.78,9.0,4.7,47.0,6.82855220443027,180.7363194108968,0,0
81160.0,1.0,23.0,351.0,31.1,39.53,46.0,97.0,42.0,26.0,0.8,1.02,13.0,6.5,16.2,47.3,5.33,5.2,43.0,2013-2014,23.0,351.0,39.53,31.1,4.6,16.2,47.3,5.33,5.2,97.0,42.0,26.0,0.8,1.02,13.0,6.5,43.0,5.983189408165812,155.11938851292044,0,1
81161.0,1.0,33.0,353.84,14.0,28.56,46.0,68.0,43.0,22.0,0.8,0.85,5.0,5.3,16.3,46.8,5.08,5.1,31.0,2013-2014,33.0,353.84,28.56,14.0,4.6,16.3,46.8,5.08,5.1,68.0,43.0,22.0,0.8,0.85,5.0,5.3,31.0,7.259301143362672,188.203694981263,0,0
81165.0,1.0,51.0,535.0,20.7,49.8,44.0,98.0,20.0,27.0,1.1,0.76,14.0,4.4,14.5,42.0,4.54,5.5,44.0,2013-2014,51.0,535.0,49.8,20.7,4.4,14.5,42.0,4.54,5.5,98.0,20.0,27.0,1.1,0.76,14.0,4.4,44.0,8.443142849680171,209.74570428221614,0,0
81169.0,1.0,34.0,696.92,37.7,44.77,46.0,92.0,20.0,24.0,1.1,0.79,10.0,5.2,14.6,41.6,4.64,4.7,47.0,2013-2014,34.0,696.92,44.77,37.7,4.6,14.6,41.6,4.64,4.7,92.0,20.0,24.0,1.1,0.79,10.0,5.2,47.0,12.133226343180084,314.56444425347433,0,0
81187.0,1.0,43.0,288.0,41.0,42.68,41.0,103.0,39.0,34.0,0.7,1.09,16.0,8.9,14.9,43.4,5.39,5.7,32.0,2013-2014,43.0,288.0,42.68,41.0,4.1,14.9,43.4,5.39,5.7,103.0,39.0,34.0,0.7,1.09,16.0,8.9,32.0,4.816975763340927,111.83349105890225,1,1
81193.0,1.0,20.0,645.43,34.1,33.34,50.0,89.0,31.0,23.0,0.8,0.87,11.0,6.7,16.1,46.3,4.97,5.2,42.0,2013-2014,20.0,645.43,33.34,34.1,5.0,16.1,46.3,4.97,5.2,89.0,31.0,23.0,0.8,0.87,11.0,6.7,42.0,12.579481069323146,353.39959523434663,0,0
81201.0,1.0,56.0,295.0,17.1,24.44,44.0,343.0,38.0,25.0,1.2,0.8,8.0,2.5,15.9,46.6,5.24,11.1,28.0,2013-2014,56.0,295.0,24.44,17.1,4.4,15.9,46.6,5.24,11.1,343.0,38.0,25.0,1.2,0.8,8.0,2.5,28.0,6.59453786816883,163.82240762718004,1,0
81206.0,1.0,47.0,565.0,38.5,81.28,38.0,295.0,269.0,129.0,0.6,1.1,20.0,7.5,13.6,39.0,4.51,10.9,35.0,2013-2014,47.0,565.0,81.28,38.5,3.8,13.6,39.0,4.51,10.9,295.0,269.0,129.0,0.6,1.1,20.0,7.5,35.0,6.414388694299367,138.49265432642505,0,1
81207.0,1.0,39.0,842.0,35.3,65.24,47.0,85.0,20.0,20.0,0.8,0.71,13.0,6.8,14.4,41.1,4.45,5.0,76.0,2013-2014,39.0,842.0,65.24,35.3,4.7,14.4,41.1,4.45,5.0,85.0,20.0,20.0,0.8,0.71,13.0,6.8,76.0,11.520606048549872,304.92436350518375,0,0
81209.0,1.0,58.0,539.0,19.8,38.18,42.0,112.0,39.0,26.0,0.8,0.93,16.0,7.1,15.3,45.0,5.14,6.6,36.0,2013-2014,58.0,539.0,38.18,19.8,4.2,15.3,45.0,5.14,6.6,112.0,39.0,26.0,0.8,0.93,16.0,7.1,36.0,10.401655963078802,247.1267310895166,0,0
81213.0,1.0,50.0,442.73,13.0,69.36,44.0,98.0,17.0,15.0,0.6,0.9,9.0,4.6,14.5,41.7,4.39,5.7,46.0,2013-2014,50.0,442.73,69.36,13.0,4.4,14.5,41.7,4.39,5.7,98.0,17.0,15.0,0.6,0.9,9.0,4.6,46.0,5.307048999352951,131.83843384477154,0,1
81214.0,1.0,50.0,381.0,29.4,43.01,43.0,123.0,21.0,22.0,0.8,0.93,16.0,5.4,16.1,46.6,5.26,5.8,53.0,2013-2014,50.0,381.0,43.01,29.4,4.3,16.1,46.6,5.26,5.8,123.0,21.0,22.0,0.8,0.93,16.0,5.4,53.0,6.403815712934305,155.61444719271674,0,1
81217.0,1.0,45.0,597.0,32.2,48.64,41.0,81.0,19.0,16.0,0.4,0.96,7.0,4.8,16.2,46.3,4.94,5.2,71.0,2013-2014,45.0,597.0,48.64,32.2,4.1,16.2,46.3,4.94,5.2,81.0,19.0,16.0,0.4,0.96,7.0,4.8,71.0,10.073220224668589,233.8652796435291,0,0
81218.0,1.0,34.0,454.9,24.0,,46.0,78.0,33.0,27.0,0.8,1.18,12.0,6.4,15.5,44.3,4.8,5.0,26.0,2013-2014,34.0,454.9,,24.0,4.6,15.5,44.3,4.8,5.0,78.0,33.0,27.0,0.8,1.18,12.0,6.4,26.0,,,0,0
81219.0,1.0,37.0,409.0,24.9,14.4,37.0,96.0,31.0,23.0,0.6,1.21,9.0,5.5,13.1,39.0,4.13,4.8,37.0,2013-2014,37.0,409.0,14.4,24.9,3.7,13.1,39.0,4.13,4.8,96.0,31.0,23.0,0.6,1.21,9.0,5.5,37.0,13.227030456828016,278.41667731768746,0,0
81225.0,1.0,37.0,699.0,22.5,44.57,44.0,96.0,12.0,21.0,1.2,0.8,15.0,8.9,15.6,45.3,5.06,5.3,40.0,2013-2014,37.0,699.0,44.57,22.5,4.4,15.6,45.3,5.06,5.3,96.0,12.0,21.0,1.2,0.8,15.0,8.9,40.0,12.495667118338268,310.419063952148,0,0
81235.0,1.0,37.0,270.0,15.4,27.09,43.0,82.0,25.0,25.0,0.3,1.14,14.0,5.1,15.7,46.9,5.13,5.5,34.0,2013-2014,37.0,270.0,27.09,15.4,4.3,15.7,46.9,5.13,5.5,82.0,25.0,25.0,0.3,1.14,14.0,5.1,34.0,5.759231986070844,139.9508889609142,1,1
81237.0,1.0,39.0,396.0,19.8,25.68,49.0,119.0,28.0,22.0,0.7,1.27,11.0,7.4,15.4,44.2,5.07,5.1,37.0,2013-2014,39.0,396.0,25.68,19.8,4.9,15.4,44.2,5.07,5.1,119.0,28.0,22.0,0.7,1.27,11.0,7.4,37.0,8.342060062451333,229.8360159930947,0,0
81241.0,1.0,51.0,446.0,29.7,54.48,36.0,94.0,16.0,23.0,0.4,0.96,6.0,3.9,11.6,36.7,4.74,5.4,46.0,2013-2014,51.0,446.0,54.48,29.7,3.6,11.6,36.7,4.74,5.4,94.0,16.0,23.0,0.4,0.96,6.0,3.9,46.0,6.920695863459431,141.9241102115399,0,0
81250.0,1.0,50.0,240.0,21.0,15.28,40.0,88.0,23.0,20.0,0.4,0.83,10.0,6.9,14.1,39.8,4.2,5.5,41.0,2013-2014,50.0,240.0,15.28,21.0,4.0,14.1,39.8,4.2,5.5,88.0,23.0,20.0,0.4,0.83,10.0,6.9,41.0,6.853012809436601,155.3897987207316,1,0
81260.0,1.0,44.0,260.0,22.6,30.28,45.0,86.0,21.0,27.0,0.6,0.95,9.0,6.0,14.1,40.7,4.57,5.4,38.0,2013-2014,44.0,260.0,30.28,22.6,4.5,14.1,40.7,4.57,5.4,86.0,21.0,27.0,0.6,0.95,9.0,6.0,38.0,5.085555034036575,129.09174368101418,1,1
81266.0,1.0,39.0,600.0,39.1,52.72,42.0,76.0,37.0,29.0,0.4,0.75,9.0,5.1,16.0,47.0,4.76,5.8,54.0,2013-2014,39.0,600.0,52.72,39.1,4.2,16.0,47.0,4.76,5.8,76.0,37.0,29.0,0.4,0.75,9.0,5.1,54.0,9.45428185179281,224.61863544859472,0,0
81270.0,1.0,43.0,138.0,19.1,,45.0,105.0,68.0,27.0,0.7,0.98,12.0,6.8,15.6,45.5,5.62,6.0,41.0,2013-2014,43.0,138.0,,19.1,4.5,15.6,45.5,5.62,6.0,105.0,68.0,27.0,0.7,0.98,12.0,6.8,41.0,,,1,0
81273.0,1.0,32.0,569.0,22.1,46.62,42.0,99.0,23.0,20.0,0.5,0.91,12.0,6.4,13.4,40.3,4.93,5.8,49.0,2013-2014,32.0,569.0,46.62,22.1,4.2,13.4,40.3,4.93,5.8,99.0,23.0,20.0,0.5,0.91,12.0,6.4,49.0,9.702803131194768,230.52310408347267,0,0
81290.0,1.0,30.0,364.0,12.1,28.47,45.0,97.0,17.0,21.0,0.7,0.71,16.0,5.4,15.1,43.7,4.92,5.1,42.0,2013-2014,30.0,364.0,28.47,12.1,4.5,15.1,43.7,4.92,5.1,97.0,17.0,21.0,0.7,0.71,16.0,5.4,42.0,7.596161034631157,192.82097365564766,0,0
81291.0,1.0,21.0,561.0,27.0,10.39,50.0,78.0,51.0,121.0,0.5,1.07,12.0,4.7,17.3,50.7,5.3,5.0,28.0,2013-2014,21.0,561.0,10.39,27.0,5.0,17.3,50.7,5.3,5.0,78.0,51.0,121.0,0.5,1.07,12.0,4.7,28.0,16.14152880989217,453.4694011973556,0,0
81292.0,1.0,47.0,401.0,26.0,28.48,43.0,109.0,24.0,45.0,0.9,1.03,11.0,7.5,15.0,43.8,5.11,5.7,45.0,2013-2014,47.0,401.0,28.48,26.0,4.3,15.0,43.8,5.11,5.7,109.0,24.0,45.0,0.9,1.03,11.0,7.5,45.0,8.681307003763239,210.95809918019347,0,0
81295.0,1.0,59.0,382.0,23.5,45.54,45.0,92.0,34.0,39.0,0.7,1.07,16.0,7.9,15.1,43.4,5.02,5.4,39.0,2013-2014,59.0,382.0,45.54,23.5,4.5,15.1,43.4,5.02,5.4,92.0,34.0,39.0,0.7,1.07,16.0,7.9,39.0,6.062077859388484,153.87980190185496,0,1
81303.0,1.0,20.0,768.0,34.7,43.07,53.0,95.0,60.0,37.0,0.8,0.93,13.0,5.6,16.5,48.1,5.27,4.6,49.0,2013-2014,20.0,768.0,43.07,34.7,5.3,16.5,48.1,5.27,4.6,95.0,60.0,37.0,0.8,0.93,13.0,5.6,49.0,12.91445989687196,383.80401666842545,0,0
81306.0,1.0,57.0,400.67,38.5,40.7,42.0,107.0,23.0,22.0,0.6,0.81,12.0,5.6,17.5,51.4,5.24,5.5,37.0,2013-2014,57.0,400.67,40.7,38.5,4.2,17.5,51.4,5.24,5.5,107.0,23.0,22.0,0.6,0.81,12.0,5.6,37.0,7.101973644807564,168.73154979889392,0,0
81310.0,1.0,19.0,555.0,31.1,29.43,39.0,87.0,25.0,21.0,0.8,0.83,7.0,6.9,15.6,46.8,5.67,5.5,40.0,2013-2014,19.0,555.0,29.43,31.1,3.9,15.6,46.8,5.67,5.5,87.0,25.0,21.0,0.8,0.83,7.0,6.9,40.0,13.098423154140283,289.90481279263923,0,0
81313.0,1.0,20.0,336.0,28.3,17.86,45.0,112.0,21.0,20.0,0.6,0.78,12.0,7.7,14.7,43.8,5.15,5.4,40.0,2013-2014,20.0,336.0,17.86,28.3,4.5,14.7,43.8,5.15,5.4,112.0,21.0,20.0,0.6,0.78,12.0,7.7,40.0,8.582794253183387,217.86567412670396,0,0
81320.0,1.0,28.0,583.0,13.8,50.97,44.0,95.0,16.0,18.0,0.7,0.79,10.0,4.0,14.2,42.3,4.54,5.1,65.0,2013-2014,28.0,583.0,50.97,13.8,4.4,14.2,42.3,4.54,5.1,95.0,16.0,18.0,0.7,0.79,10.0,4.0,65.0,9.180278504742384,228.05772859297542,0,0
81323.0,1.0,50.0,431.04,14.8,55.91,45.0,85.0,21.0,26.0,0.5,0.91,9.0,4.1,13.9,41.1,4.24,5.3,57.0,2013-2014,50.0,431.04,55.91,14.8,4.5,13.9,41.1,4.24,5.3,85.0,21.0,26.0,0.5,0.91,9.0,4.1,57.0,6.0163980469604175,152.72026541116827,0,1
81339.0,1.0,55.0,236.0,20.5,14.28,43.0,114.0,68.0,37.0,0.5,0.76,17.0,6.3,16.0,46.8,5.45,6.9,22.0,2013-2014,55.0,236.0,14.28,20.5,4.3,16.0,46.8,5.45,6.9,114.0,68.0,37.0,0.5,0.76,17.0,6.3,22.0,6.568046138233347,159.60529077578806,1,0
81342.0,1.0,46.0,396.0,21.6,24.41,44.0,85.0,23.0,17.0,0.5,1.33,17.0,6.1,12.9,38.8,4.38,5.1,51.0,2013-2014,46.0,396.0,24.41,21.6,4.4,12.9,38.8,4.38,5.1,85.0,23.0,17.0,0.5,1.33,17.0,6.1,51.0,9.127773228259889,226.75338536552775,0,0
81344.0,1.0,59.0,273.0,17.9,38.89,43.0,124.0,25.0,23.0,0.5,0.88,12.0,5.0,14.0,40.6,4.7,6.0,40.0,2013-2014,59.0,273.0,38.89,17.9,4.3,14.0,40.6,4.7,6.0,124.0,25.0,23.0,0.5,0.88,12.0,5.0,40.0,4.730507950470918,114.95261772859128,1,1
81347.0,1.0,42.0,503.0,18.4,,46.0,87.0,28.0,32.0,0.9,0.95,14.0,5.4,16.2,47.8,5.49,5.3,51.0,2013-2014,42.0,503.0,,18.4,4.6,16.2,47.8,5.49,5.3,87.0,28.0,32.0,0.9,0.95,14.0,5.4,51.0,,,0,0
81348.0,1.0,21.0,420.0,22.6,13.11,49.0,95.0,28.0,26.0,0.3,0.89,21.0,5.3,15.0,44.3,5.57,5.5,33.0,2013-2014,21.0,420.0,13.11,22.6,4.9,15.0,44.3,5.57,5.5,95.0,28.0,26.0,0.3,0.89,21.0,5.3,33.0,11.364932819790416,313.1206035169967,0,0
81349.0,1.0,36.0,386.4,25.2,29.58,46.0,101.0,21.0,18.0,0.4,0.88,14.0,6.3,15.4,46.6,5.09,5.9,39.0,2013-2014,36.0,386.4,29.58,25.2,4.6,15.4,46.6,5.09,5.9,101.0,21.0,18.0,0.4,0.88,14.0,6.3,39.0,7.858080556806744,203.72757198585933,0,0
81362.0,1.0,21.0,506.0,13.5,34.0,47.0,88.0,17.0,21.0,0.6,0.87,9.0,4.9,14.2,40.9,4.61,5.2,67.0,2013-2014,21.0,506.0,34.0,13.5,4.7,14.2,40.9,4.61,5.2,88.0,17.0,21.0,0.6,0.87,9.0,4.9,67.0,9.75419606069442,258.17148965756,0,0
81366.0,1.0,38.0,333.0,25.5,,45.0,106.0,46.0,33.0,0.6,0.87,17.0,5.4,14.7,43.0,5.06,5.8,48.0,2013-2014,38.0,333.0,,25.5,4.5,14.7,43.0,5.06,5.8,106.0,46.0,33.0,0.6,0.87,17.0,5.4,48.0,,,0,0
81367.0,1.0,48.0,451.0,18.9,42.98,43.0,103.0,28.0,16.0,1.0,0.69,7.0,4.7,16.3,47.0,5.42,5.2,46.0,2013-2014,48.0,451.0,42.98,18.9,4.3,16.3,47.0,5.42,5.2,103.0,28.0,16.0,1.0,0.69,7.0,4.7,46.0,7.752465531428376,188.38700114638883,0,0
81373.0,1.0,49.0,267.0,15.3,23.99,43.0,103.0,22.0,21.0,0.8,0.99,15.0,6.1,15.1,46.5,5.3,5.6,50.0,2013-2014,49.0,267.0,23.99,15.3,4.3,15.1,46.5,5.3,5.6,103.0,22.0,21.0,0.8,0.99,15.0,6.1,50.0,6.050243892807843,147.02255670143168,1,1
81379.0,1.0,48.0,531.61,32.6,64.66,40.0,175.0,51.0,54.0,0.6,0.68,9.0,4.0,15.0,43.2,4.69,6.7,39.0,2013-2014,48.0,531.61,64.66,32.6,4.0,15.0,43.2,4.69,6.7,175.0,51.0,54.0,0.6,0.68,9.0,4.0,39.0,7.134570598012289,161.77402844736875,0,0
81384.0,1.0,40.0,655.0,28.0,59.08,44.0,83.0,13.0,20.0,0.8,1.01,8.0,7.4,13.7,40.4,4.74,5.1,42.0,2013-2014,40.0,655.0,59.08,28.0,4.4,13.7,40.4,4.74,5.1,83.0,13.0,20.0,0.8,1.01,8.0,7.4,42.0,9.445184465353028,234.63855853581373,0,0
81388.0,1.0,26.0,185.0,8.8,11.62,46.0,114.0,33.0,34.0,0.6,0.94,22.0,6.9,16.2,45.9,5.51,5.7,44.0,2013-2014,26.0,185.0,11.62,8.8,4.6,16.2,45.9,5.51,5.7,114.0,33.0,34.0,0.6,0.94,22.0,6.9,44.0,5.170572485537396,134.0515881251648,1,1
81395.0,1.0,23.0,337.0,30.5,14.02,49.0,87.0,40.0,22.0,1.1,0.92,8.0,6.5,17.0,50.3,5.68,5.2,45.0,2013-2014,23.0,337.0,14.02,30.5,4.9,17.0,50.3,5.68,5.2,87.0,40.0,22.0,1.1,0.92,8.0,6.5,45.0,8.800393529276386,242.46377666884538,0,0
81396.0,1.0,21.0,540.81,24.0,23.77,46.0,89.0,60.0,29.0,0.7,0.77,15.0,5.6,14.4,42.8,5.31,5.4,40.0,2013-2014,21.0,540.81,23.77,24.0,4.6,14.4,42.8,5.31,5.4,89.0,60.0,29.0,0.7,0.77,15.0,5.6,40.0,12.752484325029213,330.6192459525617,0,0
81427.0,1.0,52.0,342.0,19.2,33.39,42.0,85.0,29.0,21.0,0.8,0.98,15.0,6.1,15.9,48.0,5.52,5.3,51.0,2013-2014,52.0,342.0,33.39,19.2,4.2,15.9,48.0,5.52,5.3,85.0,29.0,21.0,0.8,0.98,15.0,6.1,51.0,6.7279406507804875,159.84512330472478,0,0
81441.0,1.0,34.0,390.0,33.5,24.91,49.0,80.0,17.0,22.0,0.9,0.87,10.0,6.4,15.6,46.1,5.32,5.5,48.0,2013-2014,34.0,390.0,24.91,33.5,4.9,15.6,46.1,5.32,5.5,80.0,17.0,22.0,0.9,0.87,10.0,6.4,48.0,8.318141920478043,229.1770360265224,0,0
81451.0,1.0,19.0,671.06,25.0,,47.0,68.0,66.0,172.0,0.6,1.05,15.0,5.5,15.6,45.7,4.98,5.2,57.0,2013-2014,19.0,671.06,,25.0,4.7,15.6,45.7,4.98,5.2,68.0,66.0,172.0,0.6,1.05,15.0,5.5,57.0,,,0,0
81452.0,1.0,60.0,437.0,31.4,44.7,42.0,112.0,18.0,21.0,0.6,1.13,17.0,6.1,15.6,45.8,4.97,5.5,67.0,2013-2014,60.0,437.0,44.7,31.4,4.2,15.6,45.8,4.97,5.5,112.0,18.0,21.0,0.6,1.13,17.0,6.1,67.0,7.36060314521963,174.8761736190833,0,0
81472.0,1.0,29.0,336.0,24.1,21.44,43.0,94.0,34.0,26.0,0.3,0.78,10.0,5.5,13.8,41.0,4.96,5.7,48.0,2013-2014,29.0,336.0,21.44,24.1,4.3,13.8,41.0,4.96,5.7,94.0,34.0,26.0,0.3,0.78,10.0,5.5,48.0,8.195937447202704,199.16348818353617,0,0
81482.0,1.0,49.0,518.0,21.6,40.11,44.0,80.0,36.0,25.0,0.9,1.01,23.0,6.0,16.3,49.0,5.22,5.6,41.0,2013-2014,49.0,518.0,40.11,21.6,4.4,16.3,49.0,5.22,5.6,80.0,36.0,25.0,0.9,1.01,23.0,6.0,41.0,9.402644490445661,233.58177468696158,0,0
81484.0,1.0,32.0,253.0,29.9,19.6,44.0,117.0,37.0,29.0,0.5,0.99,13.0,7.5,14.7,43.4,5.14,5.3,33.0,2013-2014,32.0,253.0,19.6,29.9,4.4,14.7,43.4,5.14,5.3,117.0,37.0,29.0,0.5,0.99,13.0,7.5,33.0,6.172708243476182,153.34325865463674,1,1
81485.0,1.0,51.0,483.0,31.4,48.9,48.0,154.0,19.0,25.0,1.2,0.75,13.0,4.0,16.5,46.2,4.97,6.6,62.0,2013-2014,51.0,483.0,48.9,31.4,4.8,16.5,46.2,4.97,6.6,154.0,19.0,25.0,1.2,0.75,13.0,4.0,62.0,7.316531451896692,197.61661045723233,0,0
81489.0,1.0,38.0,322.0,18.9,13.1,45.0,92.0,21.0,16.0,1.0,0.93,15.0,7.7,15.5,45.6,5.19,5.3,39.0,2013-2014,38.0,322.0,13.1,18.9,4.5,15.5,45.6,5.19,5.3,92.0,21.0,16.0,1.0,0.93,15.0,7.7,39.0,9.11174064832415,231.29245094958884,0,0
81491.0,1.0,32.0,411.0,17.1,27.47,47.0,128.0,31.0,25.0,0.5,0.9,11.0,5.2,15.0,44.1,5.12,6.6,51.0,2013-2014,32.0,411.0,27.47,17.1,4.7,15.0,44.1,5.12,6.6,128.0,31.0,25.0,0.5,0.9,11.0,5.2,51.0,8.632688620136861,228.4877264043771,0,0
81494.0,1.0,38.0,429.78,23.0,,46.0,100.0,44.0,26.0,1.0,1.18,17.0,6.9,15.3,45.5,5.07,5.2,37.0,2013-2014,38.0,429.78,,23.0,4.6,15.3,45.5,5.07,5.2,100.0,44.0,26.0,1.0,1.18,17.0,6.9,37.0,,,0,0
81509.0,1.0,42.0,611.0,26.3,46.0,42.0,102.0,209.0,182.0,0.2,0.92,11.0,5.0,13.3,40.7,5.39,5.5,59.0,2013-2014,42.0,611.0,46.0,26.3,4.2,13.3,40.7,5.39,5.5,102.0,209.0,182.0,0.2,0.92,11.0,5.0,59.0,10.653866757275546,253.11885670264672,0,0
81514.0,1.0,23.0,316.0,11.6,19.83,43.0,98.0,29.0,21.0,0.4,0.65,8.0,5.4,15.1,43.6,4.96,5.6,45.0,2013-2014,23.0,316.0,19.83,11.6,4.3,15.1,43.6,4.96,5.6,98.0,29.0,21.0,0.4,0.65,8.0,5.4,45.0,7.928872361776887,192.6737346528289,0,0
81519.0,1.0,58.0,365.49,29.5,31.8,45.0,107.0,27.0,23.0,0.7,1.04,16.0,7.6,14.4,43.2,4.82,5.7,39.0,2013-2014,58.0,365.49,31.8,29.5,4.5,14.4,43.2,4.82,5.7,107.0,27.0,23.0,0.7,1.04,16.0,7.6,39.0,7.189155425958527,182.48954210887337,0,0
81527.0,1.0,35.0,468.0,22.2,78.71,35.0,89.0,12.0,22.0,0.3,1.31,9.0,5.0,13.9,41.4,4.61,5.1,44.0,2013-2014,35.0,468.0,78.71,22.2,3.5,13.9,41.4,4.61,5.1,89.0,12.0,22.0,0.3,1.31,9.0,5.0,44.0,5.428794701926265,108.38770802472972,0,1
81544.0,1.0,37.0,599.55,17.3,,44.0,78.0,16.0,23.0,0.9,1.01,16.0,4.1,14.9,43.2,4.72,5.1,53.0,2013-2014,37.0,599.55,,17.3,4.4,14.9,43.2,4.72,5.1,78.0,16.0,23.0,0.9,1.01,16.0,4.1,53.0,,,0,0
81550.0,1.0,51.0,322.0,17.8,30.45,47.0,84.0,31.0,25.0,0.8,1.14,15.0,6.2,14.9,44.4,5.05,5.6,46.0,2013-2014,51.0,322.0,30.45,17.8,4.7,14.9,44.4,5.05,5.6,84.0,31.0,25.0,0.8,1.14,15.0,6.2,46.0,6.253389520658328,165.5130651374666,0,1
81559.0,1.0,31.0,367.2,15.8,21.35,44.0,55.0,23.0,21.0,0.6,0.99,12.0,4.0,15.1,44.1,4.78,5.5,48.0,2013-2014,31.0,367.2,21.35,15.8,4.4,15.1,44.1,4.78,5.5,55.0,23.0,21.0,0.6,0.99,12.0,4.0,48.0,8.924066170413873,221.69286689795388,0,0
81563.0,1.0,25.0,686.84,42.8,,42.0,97.0,14.0,17.0,0.8,0.88,11.0,6.6,15.6,43.8,4.68,4.9,42.0,2013-2014,25.0,686.84,,42.8,4.2,15.6,43.8,4.68,4.9,97.0,14.0,17.0,0.8,0.88,11.0,6.6,42.0,,,0,0
81564.0,1.0,50.0,423.0,22.8,21.59,40.0,86.0,22.0,26.0,0.5,1.09,18.0,6.4,15.1,43.5,5.13,5.5,40.0,2013-2014,50.0,423.0,21.59,22.8,4.0,15.1,43.5,5.13,5.5,86.0,22.0,26.0,0.5,1.09,18.0,6.4,40.0,11.048782540265409,250.5274895556663,0,0
81566.0,1.0,52.0,565.0,38.0,54.3,42.0,96.0,11.0,19.0,0.5,1.16,10.0,6.7,16.7,48.3,5.15,5.4,62.0,2013-2014,52.0,565.0,54.3,38.0,4.2,16.7,48.3,5.15,5.4,96.0,11.0,19.0,0.5,1.16,10.0,6.7,62.0,8.617112944392092,204.72883942091636,0,0
81574.0,1.0,34.0,432.0,18.4,26.56,53.0,83.0,20.0,19.0,0.4,1.28,18.0,6.6,14.5,43.2,4.75,5.1,34.0,2013-2014,34.0,432.0,26.56,18.4,5.3,14.5,43.2,4.75,5.1,83.0,20.0,19.0,0.4,1.28,18.0,6.6,34.0,8.610240660352074,255.88719747585785,0,0
81578.0,1.0,60.0,267.0,24.5,24.27,44.0,128.0,31.0,23.0,0.7,0.95,16.0,5.8,15.2,44.5,5.01,5.8,49.0,2013-2014,60.0,267.0,24.27,24.5,4.4,15.2,44.5,5.01,5.8,128.0,31.0,23.0,0.7,0.95,16.0,5.8,49.0,5.937445682359177,147.49883407823702,1,1
81585.0,1.0,36.0,60.6,13.8,19.28,48.0,86.0,24.0,26.0,0.5,1.04,9.0,6.5,15.9,46.7,4.78,5.2,36.0,2013-2014,36.0,60.6,19.28,13.8,4.8,15.9,46.7,4.78,5.2,86.0,24.0,26.0,0.5,1.04,9.0,6.5,36.0,1.3337010602201973,36.0227362674165,1,1
81590.0,1.0,28.0,119.0,7.0,,44.0,120.0,43.0,31.0,0.4,0.97,12.0,7.3,14.3,40.7,4.95,5.5,40.0,2013-2014,28.0,119.0,,7.0,4.4,14.3,40.7,4.95,5.5,120.0,43.0,31.0,0.4,0.97,12.0,7.3,40.0,,,1,0
81594.0,1.0,60.0,357.35,27.7,37.63,40.0,100.0,23.0,21.0,0.9,1.05,15.0,6.6,15.1,44.5,4.89,5.6,37.0,2013-2014,60.0,357.35,37.63,27.7,4.0,15.1,44.5,4.89,5.6,100.0,23.0,21.0,0.9,1.05,15.0,6.6,37.0,6.7176189866156495,152.31978857173442,0,0
81596.0,1.0,35.0,145.0,16.3,,45.0,84.0,35.0,22.0,0.6,0.8,12.0,7.3,16.1,47.0,5.51,5.2,38.0,2013-2014,35.0,145.0,,16.3,4.5,16.1,47.0,5.51,5.2,84.0,35.0,22.0,0.6,0.8,12.0,7.3,38.0,,,1,0
81598.0,1.0,50.0,476.0,10.3,80.41,47.0,96.0,28.0,21.0,0.8,0.84,14.0,4.8,15.4,44.2,4.45,5.0,54.0,2013-2014,50.0,476.0,80.41,10.3,4.7,15.4,44.2,4.45,5.0,96.0,28.0,21.0,0.8,0.84,14.0,4.8,54.0,5.011930874561792,132.6544650010057,0,1
81605.0,1.0,43.0,388.12,16.8,,49.0,84.0,35.0,34.0,0.4,1.02,16.0,4.6,16.3,48.2,5.3,5.2,55.0,2013-2014,43.0,388.12,,16.8,4.9,16.3,48.2,5.3,5.2,84.0,35.0,34.0,0.4,1.02,16.0,4.6,55.0,,,0,0
81609.0,1.0,54.0,274.0,22.0,,47.0,179.0,49.0,36.0,0.2,1.02,11.0,4.7,16.2,44.8,5.06,6.7,44.0,2013-2014,54.0,274.0,,22.0,4.7,16.2,44.8,5.06,6.7,179.0,49.0,36.0,0.2,1.02,11.0,4.7,44.0,,,1,0
81610.0,1.0,60.0,554.74,25.1,35.7,44.0,138.0,13.0,22.0,0.7,0.71,13.0,3.9,15.9,47.3,5.01,6.6,54.0,2013-2014,60.0,554.74,35.7,25.1,4.4,15.9,47.3,5.01,6.6,138.0,13.0,22.0,0.7,0.71,13.0,3.9,54.0,10.93568872828954,271.66586838135385,0,0
81611.0,1.0,31.0,284.0,15.3,17.12,46.0,104.0,40.0,29.0,0.3,0.9,17.0,7.8,15.3,44.8,5.06,5.6,41.0,2013-2014,31.0,284.0,17.12,15.3,4.6,15.3,44.8,5.06,5.6,104.0,40.0,29.0,0.3,0.9,17.0,7.8,41.0,7.164601753866295,185.74853095600642,1,0
81614.0,1.0,21.0,356.0,15.0,45.77,49.0,71.0,20.0,18.0,0.8,0.89,9.0,5.1,15.1,44.6,5.32,4.9,49.0,2013-2014,21.0,356.0,45.77,15.0,4.9,15.1,44.6,5.32,4.9,71.0,20.0,18.0,0.8,0.89,9.0,5.1,49.0,5.38402943039517,148.3379243265687,0,1
81617.0,1.0,52.0,521.0,46.6,51.19,32.0,181.0,14.0,16.0,0.5,1.29,18.0,6.5,15.5,46.0,5.13,9.8,44.0,2013-2014,52.0,521.0,51.19,46.6,3.2,15.5,46.0,5.13,9.8,181.0,14.0,16.0,0.5,1.29,18.0,6.5,44.0,9.10007765924272,166.893016284521,0,0
81620.0,1.0,26.0,608.0,27.1,39.19,42.0,79.0,33.0,37.0,0.8,0.73,14.0,4.8,15.0,44.6,5.36,5.3,53.0,2013-2014,26.0,608.0,39.19,27.1,4.2,15.0,44.6,5.36,5.3,79.0,33.0,37.0,0.8,0.73,14.0,4.8,53.0,11.78791472446294,280.0620249851304,0,0
81633.0,1.0,51.0,486.0,28.9,47.46,46.0,93.0,18.0,22.0,0.9,1.03,10.0,5.6,14.2,42.4,5.22,5.7,50.0,2013-2014,51.0,486.0,47.46,28.9,4.6,14.2,42.4,5.22,5.7,93.0,18.0,22.0,0.9,1.03,10.0,5.6,50.0,7.662779501758342,198.66422229586124,0,0
81642.0,1.0,39.0,556.62,24.9,38.9,42.0,87.0,44.0,30.0,0.6,0.82,10.0,5.1,14.8,43.6,4.67,5.7,42.0,2013-2014,39.0,556.62,38.9,24.9,4.2,14.8,43.6,4.67,5.7,87.0,44.0,30.0,0.6,0.82,10.0,5.1,42.0,10.673154875029434,253.57711157151638,0,0
81677.0,1.0,60.0,261.0,21.6,30.08,43.0,95.0,18.0,18.0,1.2,1.01,10.0,6.6,15.6,45.7,5.32,5.3,59.0,2013-2014,60.0,261.0,30.08,21.6,4.3,15.6,45.7,5.32,5.3,95.0,18.0,18.0,1.2,1.01,10.0,6.6,59.0,5.246126857860463,127.48229610042105,1,1
81679.0,1.0,36.0,324.0,22.2,24.77,48.0,85.0,33.0,32.0,0.8,1.17,16.0,5.2,15.0,45.2,4.91,5.4,43.0,2013-2014,36.0,324.0,24.77,22.2,4.8,15.0,45.2,4.91,5.4,85.0,33.0,32.0,0.8,1.17,16.0,5.2,43.0,6.893406111061169,186.1881629470667,0,0
81698.0,1.0,31.0,464.0,18.1,32.84,44.0,92.0,16.0,15.0,0.8,1.05,15.0,5.0,15.3,44.7,5.22,4.8,44.0,2013-2014,31.0,464.0,32.84,18.1,4.4,15.3,44.7,5.22,4.8,92.0,16.0,15.0,0.8,1.05,15.0,5.0,44.0,9.346411903528555,232.1848371061902,0,0
81701.0,1.0,52.0,344.0,27.4,28.58,43.0,109.0,37.0,21.0,0.5,0.96,19.0,7.5,14.4,41.3,4.7,5.8,46.0,2013-2014,52.0,344.0,28.58,27.4,4.3,14.4,41.3,4.7,5.8,109.0,37.0,21.0,0.5,0.96,19.0,7.5,46.0,7.302685968795752,177.45723659112707,0,0
81704.0,1.0,45.0,285.0,23.2,,45.0,87.0,24.0,25.0,0.6,1.17,20.0,4.6,14.5,43.8,4.79,5.5,36.0,2013-2014,45.0,285.0,,23.2,4.5,14.5,43.8,4.79,5.5,87.0,24.0,25.0,0.6,1.17,20.0,4.6,36.0,,,1,0
81706.0,1.0,45.0,281.77,20.6,,45.0,79.0,22.0,24.0,0.8,1.3,14.0,8.0,12.7,37.2,4.24,5.3,52.0,2013-2014,45.0,281.77,,20.6,4.5,12.7,37.2,4.24,5.3,79.0,22.0,24.0,0.8,1.3,14.0,8.0,52.0,,,1,0
81707.0,1.0,26.0,481.57,26.1,26.28,44.0,86.0,49.0,44.0,0.8,1.04,13.0,6.3,14.2,41.2,4.64,4.9,27.0,2013-2014,26.0,481.57,26.28,26.1,4.4,14.2,41.2,4.64,4.9,86.0,49.0,44.0,0.8,1.04,13.0,6.3,27.0,10.975112026696626,272.64522732822223,0,0
81717.0,1.0,35.0,187.0,18.3,22.27,41.0,97.0,31.0,39.0,0.3,0.89,15.0,4.9,13.7,40.5,4.45,6.2,44.0,2013-2014,35.0,187.0,22.27,18.3,4.1,13.7,40.5,4.45,6.2,97.0,31.0,39.0,0.3,0.89,15.0,4.9,44.0,4.395728115342691,102.05357988838801,1,1
81719.0,1.0,43.0,339.0,20.6,11.06,47.0,172.0,35.0,20.0,0.9,0.76,8.0,6.8,14.2,41.4,4.85,10.7,36.0,2013-2014,43.0,339.0,11.06,20.6,4.7,14.2,41.4,4.85,10.7,172.0,35.0,20.0,0.9,0.76,8.0,6.8,36.0,9.760670796489265,258.3428612575251,0,0
81740.0,1.0,21.0,524.0,34.1,28.32,50.0,94.0,81.0,37.0,0.7,1.0,16.0,9.7,17.2,51.2,5.65,5.6,51.0,2013-2014,21.0,524.0,28.32,34.1,5.0,17.2,51.2,5.65,5.6,94.0,81.0,37.0,0.7,1.0,16.0,9.7,51.0,10.75505627200274,302.145415403284,0,0
81741.0,1.0,43.0,448.0,17.84,31.53,42.0,103.0,22.0,21.0,0.8,1.17,16.0,6.0,13.8,41.0,4.84,5.4,77.0,2013-2014,43.0,448.0,31.53,17.84,4.2,13.8,41.0,4.84,5.4,103.0,22.0,21.0,0.8,1.17,16.0,6.0,77.0,9.427365773327587,223.97915241738602,0,0
81748.0,1.0,22.0,653.7,38.6,,46.0,87.0,24.0,18.0,1.7,1.11,9.0,5.1,15.4,46.0,4.97,5.6,62.0,2013-2014,22.0,653.7,,38.6,4.6,15.4,46.0,4.97,5.6,87.0,24.0,18.0,1.7,1.11,9.0,5.1,62.0,,,0,0
81752.0,1.0,41.0,255.0,17.5,15.77,44.0,97.0,20.0,24.0,0.7,0.92,20.0,6.5,15.6,46.6,4.77,5.5,31.0,2013-2014,41.0,255.0,15.77,17.5,4.4,15.6,46.6,4.77,5.5,97.0,20.0,24.0,0.7,0.92,20.0,6.5,31.0,6.780003097147371,168.42976009823767,1,0
81753.0,1.0,28.0,421.0,17.6,38.85,48.0,84.0,15.0,17.0,0.6,1.07,14.0,5.9,15.0,43.9,4.76,5.5,54.0,2013-2014,28.0,421.0,38.85,17.6,4.8,15.0,43.9,4.76,5.5,84.0,15.0,17.0,0.6,1.07,14.0,5.9,54.0,7.251871640382069,195.87017461282534,0,0
81755.0,1.0,56.0,252.0,12.1,13.51,46.0,88.0,34.0,27.0,0.6,0.97,11.0,5.9,14.9,43.9,5.09,5.1,41.0,2013-2014,56.0,252.0,13.51,12.1,4.6,14.9,43.9,5.09,5.1,88.0,34.0,27.0,0.6,0.97,11.0,5.9,41.0,6.839215090631859,177.31259874862903,1,0
81770.0,1.0,50.0,347.0,13.7,47.31,44.0,110.0,58.0,41.0,0.7,0.66,11.0,8.6,14.8,41.6,5.23,5.7,49.0,2013-2014,50.0,347.0,47.31,13.7,4.4,14.8,41.6,5.23,5.7,110.0,58.0,41.0,0.7,0.66,11.0,8.6,49.0,5.360082747446121,133.1559054359278,0,1
81772.0,1.0,49.0,492.69,20.9,83.3,42.0,88.0,22.0,19.0,0.6,0.74,11.0,5.7,13.9,42.8,4.81,5.2,48.0,2013-2014,49.0,492.69,83.3,20.9,4.2,13.9,42.8,4.81,5.2,88.0,22.0,19.0,0.6,0.74,11.0,5.7,48.0,5.225776745029813,124.156108314563,0,1
81773.0,1.0,20.0,676.0,47.9,52.48,47.0,78.0,22.0,34.0,0.6,1.18,10.0,4.9,15.0,44.1,4.74,5.5,52.0,2013-2014,20.0,676.0,52.48,47.9,4.7,15.0,44.1,4.74,5.5,78.0,22.0,34.0,0.6,1.18,10.0,4.9,52.0,10.392530835015195,275.06676616842446,0,0
81780.0,1.0,22.0,240.0,16.0,16.45,49.0,87.0,15.0,18.0,0.5,0.77,9.0,5.8,15.5,45.0,5.29,5.1,54.0,2013-2014,22.0,240.0,16.45,16.0,4.9,15.5,45.0,5.29,5.1,87.0,15.0,18.0,0.5,0.77,9.0,5.8,54.0,5.819658840982604,160.34015488224446,1,1
81781.0,1.0,50.0,583.0,53.4,56.43,36.0,144.0,92.0,90.0,1.6,0.95,14.0,5.7,15.1,43.9,4.99,7.4,56.0,2013-2014,50.0,583.0,56.43,53.4,3.6,15.1,43.9,4.99,7.4,144.0,92.0,90.0,1.6,0.95,14.0,5.7,56.0,9.213779407369751,188.94883836474582,0,0
81783.0,1.0,44.0,342.0,23.3,,43.0,84.0,13.0,23.0,1.2,1.06,13.0,6.3,15.1,44.9,4.78,5.6,50.0,2013-2014,44.0,342.0,,23.3,4.3,15.1,44.9,4.78,5.6,84.0,13.0,23.0,1.2,1.06,13.0,6.3,50.0,,,0,0
81787.0,1.0,34.0,408.7,34.4,17.81,43.0,108.0,21.0,23.0,0.4,1.04,12.0,7.8,14.4,41.0,4.56,6.0,40.0,2013-2014,34.0,408.7,17.81,34.4,4.3,14.4,41.0,4.56,6.0,108.0,21.0,23.0,0.4,1.04,12.0,7.8,40.0,10.987392772234193,266.99660467852937,0,0
81789.0,1.0,39.0,369.0,,20.05,42.0,107.0,49.0,29.0,0.6,1.29,21.0,6.8,13.6,39.7,4.36,5.4,27.0,2013-2014,39.0,369.0,20.05,,4.2,13.6,39.7,4.36,5.4,107.0,49.0,29.0,0.6,1.29,21.0,6.8,27.0,9.5004039001963,225.7144216477888,0,0
81795.0,1.0,50.0,338.0,21.0,29.88,41.0,112.0,21.0,20.0,0.4,0.66,10.0,4.7,15.8,43.8,4.77,5.4,45.0,2013-2014,50.0,338.0,29.88,21.0,4.1,15.8,43.8,4.77,5.4,112.0,21.0,20.0,0.4,0.66,10.0,4.7,45.0,7.168891209541654,166.43682060556316,0,0
81801.0,1.0,53.0,345.0,23.3,49.23,42.0,104.0,21.0,21.0,0.5,0.91,21.0,5.0,14.5,41.9,4.59,5.8,35.0,2013-2014,53.0,345.0,49.23,23.3,4.2,14.5,41.9,4.59,5.8,104.0,21.0,21.0,0.5,0.91,21.0,5.0,35.0,5.277339262040729,125.38115135779432,0,1
81802.0,1.0,30.0,424.0,19.7,27.79,47.0,104.0,42.0,24.0,0.7,0.99,12.0,5.4,13.5,39.1,4.82,5.8,41.0,2013-2014,30.0,424.0,27.79,19.7,4.7,13.5,39.1,4.82,5.8,104.0,42.0,24.0,0.7,0.99,12.0,5.4,41.0,8.886643749153873,235.20934380436938,0,0
81819.0,1.0,34.0,908.0,28.5,120.3,44.0,84.0,15.0,22.0,0.7,1.13,7.0,4.9,15.4,44.7,4.82,5.3,35.0,2013-2014,34.0,908.0,120.3,28.5,4.4,15.4,44.7,4.82,5.3,84.0,15.0,22.0,0.7,1.13,7.0,4.9,35.0,7.556060418947328,187.70868175363384,0,0
81830.0,1.0,39.0,505.0,26.8,32.34,47.0,95.0,17.0,24.0,0.5,0.9,18.0,5.9,16.0,46.1,5.29,5.2,67.0,2013-2014,39.0,505.0,32.34,26.8,4.7,16.0,46.1,5.29,5.2,95.0,17.0,24.0,0.5,0.9,18.0,5.9,67.0,10.004131732775608,264.78672113109775,0,0
81834.0,1.0,33.0,320.0,22.4,24.22,45.0,86.0,26.0,22.0,1.1,0.86,12.0,4.8,15.0,44.1,5.49,4.9,32.0,2013-2014,33.0,320.0,24.22,22.4,4.5,15.0,44.1,5.49,4.9,86.0,26.0,22.0,1.1,0.86,12.0,4.8,32.0,7.143480816992476,181.33013770288153,0,0
81843.0,1.0,19.0,508.0,21.0,74.0,46.0,88.0,23.0,35.0,0.5,1.0,14.0,5.8,14.9,42.2,4.71,5.2,42.0,2013-2014,19.0,508.0,74.0,21.0,4.6,14.9,42.2,4.71,5.2,88.0,23.0,35.0,0.5,1.0,14.0,5.8,42.0,5.803749876820346,150.46726261843258,0,1
81844.0,1.0,25.0,561.0,25.6,39.18,47.0,84.0,19.0,22.0,0.4,1.02,5.0,4.5,15.6,44.7,4.82,5.6,40.0,2013-2014,25.0,561.0,39.18,25.6,4.7,15.6,44.7,4.82,5.6,84.0,19.0,22.0,0.4,1.02,5.0,4.5,40.0,10.112331080368609,267.65051293661867,0,0
81854.0,1.0,38.0,530.63,24.7,,41.0,90.0,22.0,31.0,0.6,1.02,13.0,5.8,14.2,41.8,4.36,4.7,48.0,2013-2014,38.0,530.63,,24.7,4.1,14.2,41.8,4.36,4.7,90.0,22.0,31.0,0.6,1.02,13.0,5.8,48.0,,,0,0
81860.0,1.0,21.0,207.0,37.2,13.36,42.0,189.0,55.0,33.0,0.5,0.85,9.0,8.1,16.1,47.8,5.71,5.3,43.0,2013-2014,21.0,207.0,13.36,37.2,4.2,16.1,47.8,5.71,5.3,189.0,55.0,33.0,0.5,0.85,9.0,8.1,43.0,5.942105247327244,141.17492933569355,1,1
81863.0,1.0,56.0,274.0,29.0,26.08,38.0,89.0,22.0,22.0,0.8,1.36,18.0,7.3,12.7,40.2,5.97,6.3,44.0,2013-2014,56.0,274.0,26.08,29.0,3.8,12.7,40.2,5.97,6.3,89.0,22.0,22.0,0.8,1.36,18.0,7.3,44.0,6.379970639247639,137.74953631034612,1,1
81865.0,1.0,42.0,603.0,33.8,58.15,39.0,96.0,32.0,28.0,0.5,0.91,8.0,6.7,14.0,41.4,4.65,5.8,55.0,2013-2014,42.0,603.0,58.15,33.8,3.9,14.0,41.4,4.65,5.8,96.0,32.0,28.0,0.5,0.91,8.0,6.7,55.0,9.08818369202466,201.1469747813668,0,0
81867.0,1.0,57.0,329.89,19.8,64.44,44.0,106.0,15.0,19.0,0.5,1.08,12.0,6.5,13.9,41.2,4.59,6.0,36.0,2013-2014,57.0,329.89,64.44,19.8,4.4,13.9,41.2,4.59,6.0,106.0,15.0,19.0,0.5,1.08,12.0,6.5,36.0,4.055809602462577,100.75497437963075,0,1
81883.0,1.0,19.0,501.0,32.5,32.74,46.0,82.0,20.0,24.0,0.8,0.82,8.0,6.4,16.7,48.4,5.89,4.9,64.0,2013-2014,19.0,501.0,32.74,32.5,4.6,16.7,48.4,5.89,4.9,82.0,20.0,24.0,0.8,0.82,8.0,6.4,64.0,9.96889245437132,258.45220603624443,0,0
81886.0,1.0,47.0,359.0,30.8,28.24,39.0,158.0,39.0,29.0,0.4,2.16,33.0,8.7,13.1,39.0,4.74,10.4,29.0,2013-2014,47.0,359.0,28.24,30.8,3.9,13.1,39.0,4.74,10.4,158.0,39.0,29.0,0.4,2.16,33.0,8.7,29.0,8.128864006904946,179.9145416518098,0,0
81893.0,1.0,30.0,424.0,24.6,38.78,43.0,97.0,47.0,35.0,1.1,0.88,9.0,6.9,16.2,47.9,6.12,5.4,44.0,2013-2014,30.0,424.0,38.78,24.6,4.3,16.2,47.9,6.12,5.4,97.0,47.0,35.0,1.1,0.88,9.0,6.9,44.0,7.724835948611725,187.715594839756,0,0
81899.0,1.0,55.0,331.0,22.0,,49.0,115.0,22.0,18.0,1.2,1.02,16.0,7.2,15.1,44.9,4.81,5.7,34.0,2013-2014,55.0,331.0,,22.0,4.9,15.1,44.9,4.81,5.7,115.0,22.0,18.0,1.2,1.02,16.0,7.2,34.0,,,0,0
81903.0,1.0,30.0,464.21,22.5,,48.0,110.0,37.0,26.0,1.4,1.21,16.0,10.1,15.8,45.5,5.18,5.4,45.0,2013-2014,30.0,464.21,,22.5,4.8,15.8,45.5,5.18,5.4,110.0,37.0,26.0,1.4,1.21,16.0,10.1,45.0,,,0,0
81910.0,1.0,30.0,377.0,20.6,28.03,47.0,95.0,232.0,123.0,0.5,0.81,6.0,7.6,16.2,46.6,4.73,5.8,34.0,2013-2014,30.0,377.0,28.03,20.6,4.7,16.2,46.6,4.73,5.8,95.0,232.0,123.0,0.5,0.81,6.0,7.6,34.0,7.764844170360637,205.51784831338634,0,0
81920.0,1.0,50.0,285.0,16.0,34.92,44.0,87.0,21.0,24.0,0.6,0.91,16.0,6.5,15.6,45.5,5.22,5.7,54.0,2013-2014,50.0,285.0,34.92,16.0,4.4,15.6,45.5,5.22,5.7,87.0,21.0,24.0,0.6,0.91,16.0,6.5,54.0,5.239581293127354,130.16239190037527,1,1
81923.0,1.0,35.0,424.0,13.2,52.25,44.0,101.0,22.0,24.0,0.7,0.95,10.0,5.4,14.5,42.8,4.9,5.4,52.0,2013-2014,35.0,424.0,52.25,13.2,4.4,14.5,42.8,4.9,5.4,101.0,22.0,24.0,0.7,0.95,10.0,5.4,52.0,6.255587670706842,155.40216067068636,0,1
81925.0,1.0,23.0,493.0,17.5,24.37,46.0,91.0,56.0,30.0,1.0,1.14,10.0,6.5,15.0,43.4,4.96,5.3,45.0,2013-2014,23.0,493.0,24.37,17.5,4.6,15.0,43.4,4.96,5.3,91.0,56.0,30.0,1.0,1.14,10.0,6.5,45.0,11.35655152513782,294.428474183118,0,0
81942.0,1.0,22.0,437.0,26.4,43.89,46.0,80.0,17.0,23.0,0.6,0.7,13.0,3.5,14.6,40.8,4.88,4.8,48.0,2013-2014,22.0,437.0,43.89,26.4,4.6,14.6,40.8,4.88,4.8,80.0,17.0,23.0,0.6,0.7,13.0,3.5,48.0,7.152905937543688,185.44530674691717,0,0
81949.0,1.0,47.0,852.0,41.3,73.08,40.0,106.0,29.0,28.0,0.8,0.68,13.0,5.6,16.0,46.3,5.23,5.2,53.0,2013-2014,47.0,852.0,73.08,41.3,4.0,16.0,46.3,5.23,5.2,106.0,29.0,28.0,0.8,0.68,13.0,5.6,53.0,11.340365646260759,257.13904003877536,0,0
81950.0,1.0,52.0,349.0,35.5,33.87,42.0,95.0,29.0,27.0,0.5,2.27,25.0,6.9,13.4,41.3,5.28,6.1,50.0,2013-2014,52.0,349.0,33.87,35.5,4.2,13.4,41.3,5.28,6.1,95.0,29.0,27.0,0.5,2.27,25.0,6.9,50.0,6.823255588837374,162.10965398614775,0,0
81952.0,1.0,56.0,244.0,9.85,25.65,42.0,153.0,39.0,30.0,1.0,1.03,15.0,4.4,14.3,42.5,4.97,7.2,46.0,2013-2014,56.0,244.0,25.65,9.85,4.2,14.3,42.5,4.97,7.2,153.0,39.0,30.0,1.0,1.03,15.0,4.4,46.0,5.377073257875746,127.75067179345271,1,1
81954.0,1.0,23.0,225.0,16.1,18.74,43.0,94.0,45.0,29.0,0.6,0.98,15.0,7.2,17.3,48.3,5.57,5.1,50.0,2013-2014,23.0,225.0,18.74,16.1,4.3,17.3,48.3,5.57,5.1,94.0,45.0,29.0,0.6,0.98,15.0,7.2,50.0,5.627719293818677,136.7550951059612,1,1
81955.0,1.0,26.0,367.58,17.4,26.44,45.0,84.0,33.0,38.0,0.7,0.92,10.0,5.7,14.8,43.4,4.82,4.9,56.0,2013-2014,26.0,367.58,26.44,17.4,4.5,14.8,43.4,4.82,4.9,84.0,33.0,38.0,0.7,0.92,10.0,5.7,56.0,7.973994095778661,202.4118891717368,0,0
81957.0,1.0,49.0,310.0,32.9,31.55,41.0,82.0,27.0,21.0,0.6,0.9,12.0,5.8,16.8,50.0,5.69,6.3,40.0,2013-2014,49.0,310.0,31.55,32.9,4.1,16.8,50.0,5.69,6.3,82.0,27.0,21.0,0.6,0.9,12.0,5.8,40.0,6.313584166963878,146.57955388923736,0,1
81965.0,1.0,42.0,320.0,25.7,21.9,46.0,115.0,31.0,19.0,0.6,0.9,8.0,5.4,16.5,47.3,5.24,5.6,38.0,2013-2014,42.0,320.0,21.9,25.7,4.6,16.5,47.3,5.24,5.6,115.0,31.0,19.0,0.6,0.9,8.0,5.4,38.0,7.379360162886052,191.3163294682325,0,0
81969.0,1.0,58.0,456.0,16.9,42.61,41.0,86.0,19.0,21.0,0.7,0.65,12.0,5.3,15.2,44.9,4.9,5.8,52.0,2013-2014,58.0,456.0,42.61,16.9,4.1,15.2,44.9,4.9,5.8,86.0,19.0,21.0,0.7,0.65,12.0,5.3,52.0,8.069144861485482,187.33759189480384,0,0
81971.0,1.0,30.0,187.0,15.4,14.09,46.0,108.0,19.0,20.0,1.3,1.03,17.0,3.0,16.8,49.3,5.44,5.4,41.0,2013-2014,30.0,187.0,14.09,15.4,4.6,16.8,49.3,5.44,5.4,108.0,19.0,20.0,1.3,1.03,17.0,3.0,41.0,4.926188182806455,127.71571255518163,1,1
81974.0,1.0,41.0,345.0,17.37,39.99,44.0,119.0,21.0,31.0,0.8,1.05,11.0,6.9,14.7,43.3,4.6,5.5,69.0,2013-2014,41.0,345.0,39.99,17.37,4.4,14.7,43.3,4.6,5.5,119.0,21.0,31.0,0.8,1.05,11.0,6.9,69.0,5.948862867734007,147.7824613518719,0,1
81979.0,1.0,53.0,198.0,26.2,27.18,39.0,120.0,19.0,18.0,0.5,0.99,17.0,4.7,13.3,40.2,4.25,5.2,46.0,2013-2014,53.0,198.0,27.18,26.2,3.9,13.3,40.2,4.25,5.2,120.0,19.0,18.0,0.5,0.99,17.0,4.7,46.0,4.326199180252742,95.75091205221942,1,1
81980.0,1.0,38.0,329.0,21.9,20.55,48.0,91.0,26.0,20.0,0.8,1.13,18.0,8.1,15.9,46.9,5.8,5.3,38.0,2013-2014,38.0,329.0,20.55,21.9,4.8,15.9,46.9,5.8,5.3,91.0,26.0,20.0,0.8,1.13,18.0,8.1,38.0,7.602969970659145,205.35320115657967,0,0
81985.0,1.0,21.0,395.0,19.1,27.45,45.0,55.0,19.0,20.0,0.6,0.9,11.0,4.4,16.3,47.6,5.36,5.0,54.0,2013-2014,21.0,395.0,27.45,19.1,4.5,16.3,47.6,5.36,5.0,55.0,19.0,20.0,0.6,0.9,11.0,4.4,54.0,8.476580001177568,215.16953124683377,0,0
81993.0,1.0,43.0,423.0,,19.65,45.0,107.0,29.0,28.0,0.8,0.84,13.0,7.2,13.7,39.2,4.4,5.8,46.0,2013-2014,43.0,423.0,19.65,,4.5,13.7,39.2,4.4,5.8,107.0,29.0,28.0,0.8,0.84,13.0,7.2,46.0,10.645076235067272,270.2146459147485,0,0
81996.0,1.0,48.0,599.0,14.7,70.05,45.0,79.0,30.0,51.0,0.7,0.88,17.0,4.0,15.0,44.5,5.03,5.3,68.0,2013-2014,48.0,599.0,70.05,14.7,4.5,15.0,44.5,5.03,5.3,79.0,30.0,51.0,0.7,0.88,17.0,4.0,68.0,7.38037500390767,187.34346042815056,0,0
82001.0,1.0,50.0,302.0,14.6,30.21,42.0,95.0,20.0,36.0,2.2,0.77,13.0,4.2,14.3,41.6,4.62,5.3,56.0,2013-2014,50.0,302.0,30.21,14.6,4.2,14.3,41.6,4.62,5.3,95.0,20.0,36.0,2.2,0.77,13.0,4.2,56.0,6.212107302987506,147.58974690316674,0,1
82006.0,1.0,46.0,408.57,31.5,35.79,42.0,278.0,32.0,27.0,0.4,1.23,15.0,6.2,13.1,39.5,4.32,8.8,51.0,2013-2014,46.0,408.57,35.79,31.5,4.2,13.1,39.5,4.32,8.8,278.0,32.0,27.0,0.4,1.23,15.0,6.2,51.0,7.87666302241762,187.13693199746828,0,0
82011.0,1.0,31.0,285.74,17.2,,46.0,115.0,27.0,24.0,0.7,1.0,17.0,7.0,15.6,45.3,4.75,4.9,36.0,2013-2014,31.0,285.74,,17.2,4.6,15.6,45.3,4.75,4.9,115.0,27.0,24.0,0.7,1.0,17.0,7.0,36.0,,,1,0
82020.0,1.0,41.0,546.71,11.8,49.7,45.0,93.0,19.0,20.0,0.5,1.1,19.0,7.7,15.8,45.6,4.76,5.2,54.0,2013-2014,41.0,546.71,49.7,11.8,4.5,15.8,45.6,4.76,5.2,93.0,19.0,20.0,0.5,1.1,19.0,7.7,54.0,8.584715331599304,217.91443878676543,0,0
82058.0,1.0,34.0,291.0,19.9,18.04,47.0,92.0,57.0,32.0,1.3,0.9,15.0,6.8,15.2,44.3,4.98,5.0,45.0,2013-2014,34.0,291.0,18.04,19.9,4.7,15.2,44.3,4.98,5.0,92.0,57.0,32.0,1.3,0.9,15.0,6.8,45.0,7.1077949588420015,188.1272430127979,1,0
82068.0,1.0,44.0,531.0,29.0,24.09,48.0,91.0,23.0,23.0,1.0,0.78,9.0,6.7,16.7,48.3,5.39,5.2,45.0,2013-2014,44.0,531.0,24.09,29.0,4.8,16.7,48.3,5.39,5.2,91.0,23.0,23.0,1.0,0.78,9.0,6.7,45.0,12.070273770137742,326.01330362997516,0,0
82073.0,1.0,19.0,541.54,26.1,27.77,49.0,94.0,16.0,18.0,1.0,0.9,10.0,6.3,15.7,45.5,5.11,4.9,32.0,2013-2014,19.0,541.54,27.77,26.1,4.9,15.7,45.5,5.11,4.9,94.0,16.0,18.0,1.0,0.9,10.0,6.3,32.0,11.413331157486457,314.4540488570531,0,0
82075.0,1.0,26.0,368.0,28.0,42.02,48.0,83.0,24.0,26.0,0.6,0.94,17.0,6.0,13.5,40.2,4.94,5.8,64.0,2013-2014,26.0,368.0,42.02,28.0,4.8,13.5,40.2,4.94,5.8,83.0,24.0,26.0,0.6,0.94,17.0,6.0,64.0,5.95055814407153,160.7222135914217,0,1
82077.0,1.0,40.0,382.0,18.8,,45.0,81.0,22.0,22.0,0.3,0.93,11.0,5.3,15.5,43.8,5.09,5.0,49.0,2013-2014,40.0,382.0,,18.8,4.5,15.5,43.8,5.09,5.0,81.0,22.0,22.0,0.3,0.93,11.0,5.3,49.0,,,0,0
82085.0,1.0,54.0,445.0,31.2,41.96,41.0,115.0,23.0,20.0,0.9,0.83,8.0,3.1,13.5,41.5,4.81,6.6,64.0,2013-2014,54.0,445.0,41.96,31.2,4.1,13.5,41.5,4.81,6.6,115.0,23.0,20.0,0.9,0.83,8.0,3.1,64.0,7.928105798617499,184.06315341906134,0,0
82086.0,1.0,21.0,281.0,25.0,22.55,42.0,84.0,67.0,55.0,1.3,1.12,22.0,4.2,15.4,45.3,5.06,5.0,54.0,2013-2014,21.0,281.0,22.55,25.0,4.2,15.4,45.3,5.06,5.0,84.0,67.0,55.0,1.3,1.12,22.0,4.2,54.0,6.679662559788419,158.69811297747867,1,0
82087.0,1.0,47.0,426.92,19.2,,44.0,84.0,22.0,20.0,0.9,1.22,17.0,6.5,15.8,45.7,4.86,5.5,34.0,2013-2014,47.0,426.92,,19.2,4.4,15.8,45.7,4.86,5.5,84.0,22.0,20.0,0.9,1.22,17.0,6.5,34.0,,,0,0
82089.0,1.0,25.0,891.13,42.0,72.44,51.0,134.0,24.0,11.0,0.5,0.74,7.0,3.7,15.2,45.4,5.05,5.2,55.0,2013-2014,25.0,891.13,72.44,42.0,5.1,15.2,45.4,5.05,5.2,134.0,24.0,11.0,0.5,0.74,7.0,3.7,55.0,10.989532089380152,314.68748527965005,0,0
82093.0,1.0,36.0,526.83,52.8,42.8,42.0,93.0,58.0,29.0,0.9,1.01,11.0,6.2,17.0,49.6,5.02,5.1,44.0,2013-2014,36.0,526.83,42.8,52.8,4.2,17.0,49.6,5.02,5.1,93.0,58.0,29.0,0.9,1.01,11.0,6.2,44.0,9.40150709428528,223.36479150747888,0,0
82099.0,1.0,54.0,623.0,17.6,69.12,40.0,92.0,24.0,29.0,0.4,0.83,8.0,5.5,13.9,41.1,4.95,5.9,51.0,2013-2014,54.0,623.0,69.12,17.6,4.0,13.9,41.1,4.95,5.9,92.0,24.0,29.0,0.4,0.83,8.0,5.5,51.0,8.134310068004343,184.44279025112903,0,0
82103.0,1.0,51.0,503.0,44.8,31.77,45.0,106.0,22.0,23.0,0.7,1.14,13.0,7.5,16.1,47.5,5.22,5.4,43.0,2013-2014,51.0,503.0,31.77,44.8,4.5,16.1,47.5,5.22,5.4,106.0,22.0,23.0,0.7,1.14,13.0,7.5,43.0,10.309917844094471,261.70698434970194,0,0
82107.0,1.0,43.0,331.18,22.5,21.37,47.0,114.0,31.0,25.0,0.7,0.85,13.0,5.6,15.0,44.5,4.98,5.6,36.0,2013-2014,43.0,331.18,21.37,22.5,4.7,15.0,44.5,4.98,5.6,114.0,31.0,25.0,0.7,0.85,13.0,5.6,36.0,7.637256952983545,202.14090348199838,0,0
82109.0,1.0,19.0,460.4,16.5,21.84,47.0,84.0,19.0,14.0,0.9,0.95,8.0,7.7,16.3,48.4,5.49,4.9,42.0,2013-2014,19.0,460.4,21.84,16.5,4.7,16.3,48.4,5.49,4.9,84.0,19.0,14.0,0.9,0.95,8.0,7.7,42.0,10.877277460240927,287.8969120422908,0,0
82110.0,1.0,27.0,406.65,19.9,,45.0,87.0,20.0,20.0,0.4,0.89,9.0,5.4,16.0,46.8,5.16,5.1,30.0,2013-2014,27.0,406.65,,19.9,4.5,16.0,46.8,5.16,5.1,87.0,20.0,20.0,0.4,0.89,9.0,5.4,30.0,,,0,0
82111.0,1.0,25.0,331.0,18.0,31.39,45.0,88.0,36.0,21.0,0.8,1.12,10.0,6.6,15.6,47.0,5.3,5.0,40.0,2013-2014,25.0,331.0,31.39,18.0,4.5,15.6,47.0,5.3,5.0,88.0,36.0,21.0,0.8,1.12,10.0,6.6,40.0,6.489081488985542,164.71886326956832,0,1
82115.0,1.0,39.0,194.0,24.0,21.62,43.0,74.0,42.0,27.0,0.6,0.87,11.0,7.2,14.5,40.8,4.56,5.3,17.0,2013-2014,39.0,194.0,21.62,24.0,4.3,14.5,40.8,4.56,5.3,74.0,42.0,27.0,0.6,0.87,11.0,7.2,17.0,4.51209526269453,109.64513056909206,1,1
82117.0,1.0,20.0,372.0,12.7,30.57,42.0,102.0,36.0,27.0,0.4,1.0,9.0,6.2,14.9,43.7,4.67,5.0,35.0,2013-2014,20.0,372.0,30.57,12.7,4.2,14.9,43.7,4.67,5.0,102.0,36.0,27.0,0.4,1.0,9.0,6.2,35.0,7.776506525075731,184.75737360086939,0,0
82126.0,1.0,56.0,403.0,14.7,44.76,39.0,91.0,35.0,26.0,0.8,0.96,12.0,6.1,15.7,45.7,4.79,5.4,66.0,2013-2014,56.0,403.0,44.76,14.7,3.9,15.7,45.7,4.79,5.4,91.0,35.0,26.0,0.8,0.96,12.0,6.1,66.0,6.920718123856813,153.17488742552553,0,0
82128.0,1.0,22.0,614.0,27.7,30.53,42.0,81.0,15.0,18.0,0.8,1.01,11.0,4.4,14.1,40.4,4.41,4.8,70.0,2013-2014,22.0,614.0,30.53,27.7,4.2,14.1,40.4,4.41,4.8,81.0,15.0,18.0,0.8,1.01,11.0,4.4,70.0,13.830958715413999,328.6014868504286,0,0
82140.0,1.0,24.0,318.0,18.9,40.53,44.0,72.0,19.0,20.0,0.6,0.72,14.0,3.6,12.4,36.4,4.68,5.3,36.0,2013-2014,24.0,318.0,40.53,18.9,4.4,12.4,36.4,4.68,5.3,72.0,19.0,20.0,0.6,0.72,14.0,3.6,36.0,5.39077012296322,133.918245396888,0,1
82148.0,1.0,35.0,217.57,16.9,15.58,44.0,128.0,24.0,28.0,0.7,0.92,14.0,7.1,13.5,39.0,4.26,5.4,39.0,2013-2014,35.0,217.57,15.58,16.9,4.4,13.5,39.0,4.26,5.4,128.0,24.0,28.0,0.7,0.92,14.0,7.1,39.0,5.75094864318774,142.86584923787714,1,1
82149.0,1.0,25.0,463.0,16.9,21.84,44.0,87.0,18.0,15.0,0.7,1.1,10.0,6.3,16.3,46.3,5.43,4.7,27.0,2013-2014,25.0,463.0,21.84,16.9,4.4,16.3,46.3,5.43,4.7,87.0,18.0,15.0,0.7,1.1,10.0,6.3,27.0,11.4375888231788,284.134138876842,0,0
82151.0,1.0,23.0,254.0,15.9,20.56,47.0,88.0,22.0,24.0,0.3,1.34,14.0,6.9,13.9,41.6,4.85,5.5,43.0,2013-2014,23.0,254.0,20.56,15.9,4.7,13.9,41.6,4.85,5.5,88.0,22.0,24.0,0.3,1.34,14.0,6.9,43.0,5.829587874172768,154.29599489285698,1,1
82152.0,1.0,53.0,570.0,35.3,68.32,39.0,84.0,16.0,21.0,0.9,1.12,11.0,6.9,14.2,43.3,4.93,5.2,61.0,2013-2014,53.0,570.0,68.32,35.3,3.9,14.2,43.3,4.93,5.2,84.0,16.0,21.0,0.9,1.12,11.0,6.9,61.0,7.4593540623885115,165.0964102749428,0,0
82153.0,1.0,53.0,403.0,20.8,29.06,42.0,139.0,24.0,20.0,0.6,0.94,9.0,4.3,14.7,44.7,5.0,6.9,51.0,2013-2014,53.0,403.0,29.06,20.8,4.2,14.7,44.7,5.0,6.9,139.0,24.0,20.0,0.6,0.94,9.0,4.3,51.0,8.7506021781018,207.90033039114456,0,0
82157.0,1.0,25.0,201.0,20.7,19.32,46.0,119.0,42.0,26.0,0.6,0.84,11.0,6.7,15.6,46.3,5.29,5.2,35.0,2013-2014,25.0,201.0,19.32,20.7,4.6,15.6,46.3,5.29,5.2,119.0,42.0,26.0,0.6,0.84,11.0,6.7,35.0,4.726570602190697,122.5404531861092,1,1
82164.0,1.0,40.0,481.0,29.1,33.7,40.0,88.0,31.0,25.0,0.7,1.15,10.0,6.8,14.8,44.3,5.01,5.8,42.0,2013-2014,40.0,481.0,33.7,29.1,4.0,14.8,44.3,5.01,5.8,88.0,31.0,25.0,0.7,1.15,10.0,6.8,42.0,10.097430371198524,228.95589379558365,0,0
82165.0,1.0,44.0,276.87,20.7,33.08,41.0,100.0,27.0,19.0,0.6,0.81,9.0,6.4,15.8,46.3,5.28,5.5,37.0,2013-2014,44.0,276.87,33.08,20.7,4.1,15.8,46.3,5.28,5.5,100.0,27.0,19.0,0.6,0.81,9.0,6.4,37.0,5.4222659665768465,125.88623283244112,1,1
82172.0,1.0,29.0,377.0,20.8,28.53,42.0,88.0,15.0,20.0,0.4,0.9,9.0,3.9,14.5,41.7,4.78,5.2,35.0,2013-2014,29.0,377.0,28.53,20.8,4.2,14.5,41.7,4.78,5.2,88.0,15.0,20.0,0.4,0.9,9.0,3.9,35.0,8.200579775514452,194.83267665794216,0,0
82176.0,1.0,57.0,356.38,27.0,47.27,40.0,93.0,31.0,25.0,0.6,0.89,9.0,5.8,15.1,45.3,5.25,6.3,33.0,2013-2014,57.0,356.38,47.27,27.0,4.0,15.1,45.3,5.25,6.3,93.0,31.0,25.0,0.6,0.89,9.0,5.8,33.0,5.738803798089649,130.1254779292078,0,1
82188.0,1.0,42.0,412.0,23.15,35.02,42.0,112.0,27.0,23.0,0.6,0.98,18.0,7.0,15.0,44.0,4.79,5.3,40.0,2013-2014,42.0,412.0,35.02,23.15,4.2,15.0,44.0,4.79,5.3,112.0,27.0,23.0,0.6,0.98,18.0,7.0,40.0,8.057708525324601,191.43828396206612,0,0
82189.0,1.0,30.0,325.38,19.3,,45.0,79.0,32.0,24.0,1.0,0.95,16.0,7.0,14.4,42.2,4.67,5.4,43.0,2013-2014,30.0,325.38,,19.3,4.5,14.4,42.2,4.67,5.4,79.0,32.0,24.0,1.0,0.95,16.0,7.0,43.0,,,0,0
82190.0,1.0,45.0,343.0,14.9,22.65,43.0,104.0,17.0,19.0,0.6,0.68,11.0,4.7,14.5,42.0,4.67,5.1,58.0,2013-2014,45.0,343.0,22.65,14.9,4.3,14.5,42.0,4.67,5.1,104.0,17.0,19.0,0.6,0.68,11.0,4.7,58.0,8.176943205157464,198.70192298425277,0,0
82195.0,1.0,20.0,709.0,33.1,40.75,48.0,95.0,15.0,29.0,0.6,1.04,15.0,4.9,16.4,48.0,5.25,5.4,51.0,2013-2014,20.0,709.0,40.75,33.1,4.8,16.4,48.0,5.25,5.4,95.0,15.0,29.0,0.6,1.04,15.0,4.9,51.0,12.843137182469663,346.8880376341393,0,0
82200.0,1.0,31.0,763.87,28.2,,41.0,84.0,21.0,26.0,0.5,0.91,9.0,5.4,14.9,43.7,4.57,4.9,54.0,2013-2014,31.0,763.87,,28.2,4.1,14.9,43.7,4.57,4.9,84.0,21.0,26.0,0.5,0.91,9.0,5.4,54.0,,,0,0
82213.0,1.0,46.0,311.0,19.7,26.89,46.0,86.0,35.0,27.0,0.9,1.06,16.0,5.1,14.7,41.5,4.95,4.9,45.0,2013-2014,46.0,311.0,26.89,19.7,4.6,14.7,41.5,4.95,4.9,86.0,35.0,27.0,0.9,1.06,16.0,5.1,45.0,6.496414080428628,168.4251844522065,0,1
82216.0,1.0,52.0,410.0,22.5,41.9,44.0,103.0,20.0,18.0,0.5,1.02,17.0,6.0,15.1,45.2,4.97,5.5,63.0,2013-2014,52.0,410.0,41.9,22.5,4.4,15.1,45.2,4.97,5.5,103.0,20.0,18.0,0.5,1.02,17.0,6.0,63.0,7.00167408031155,173.93654084451666,0,0
82219.0,1.0,49.0,330.0,15.85,37.89,40.0,97.0,21.0,23.0,0.4,0.73,21.0,4.4,14.1,42.5,4.77,5.4,36.0,2013-2014,49.0,330.0,37.89,15.85,4.0,14.1,42.5,4.77,5.4,97.0,21.0,23.0,0.4,0.73,21.0,4.4,36.0,6.118666118022608,138.7387303887235,0,1
82221.0,1.0,44.0,330.0,19.2,19.89,43.0,94.0,17.0,18.0,0.5,0.92,11.0,3.9,14.6,42.6,4.68,5.4,45.0,2013-2014,44.0,330.0,19.89,19.2,4.3,14.6,42.6,4.68,5.4,94.0,17.0,18.0,0.5,0.92,11.0,3.9,45.0,8.303091781469423,201.76736737661471,0,0
82223.0,1.0,27.0,367.41,24.2,24.61,48.0,85.0,24.0,24.0,0.4,0.96,9.0,5.6,14.8,43.7,4.93,6.0,58.0,2013-2014,27.0,367.41,24.61,24.2,4.8,14.8,43.7,4.93,6.0,85.0,24.0,24.0,0.4,0.96,9.0,5.6,58.0,7.93362641084042,214.28410036258785,0,0
82225.0,1.0,55.0,376.63,27.1,34.31,42.0,138.0,22.0,25.0,0.8,0.74,16.0,6.0,15.8,45.9,5.17,5.5,30.0,2013-2014,55.0,376.63,34.31,27.1,4.2,15.8,45.9,5.17,5.5,138.0,22.0,25.0,0.8,0.74,16.0,6.0,30.0,7.3728520204547685,175.16718732950858,0,0
82230.0,1.0,60.0,506.0,16.4,41.55,43.0,106.0,23.0,17.0,0.6,0.81,20.0,4.4,14.3,42.4,4.6,5.6,44.0,2013-2014,60.0,506.0,41.55,16.4,4.3,14.3,42.4,4.6,5.6,106.0,23.0,17.0,0.6,0.81,20.0,4.4,44.0,9.047193305251607,219.84923488644114,0,0
82231.0,1.0,53.0,1180.0,43.0,118.0,42.0,72.0,24.0,22.0,0.6,1.4,11.0,5.4,14.7,42.2,4.57,5.4,55.0,2013-2014,53.0,1180.0,118.0,43.0,4.2,14.7,42.2,4.57,5.4,72.0,24.0,22.0,0.6,1.4,11.0,5.4,55.0,10.756016647734311,255.54577493565034,0,0
82243.0,1.0,32.0,497.0,29.6,,41.0,91.0,17.0,28.0,0.6,0.89,15.0,6.1,13.4,39.7,4.59,5.2,77.0,2013-2014,32.0,497.0,,29.6,4.1,13.4,39.7,4.59,5.2,91.0,17.0,28.0,0.6,0.89,15.0,6.1,77.0,,,0,0
82250.0,1.0,19.0,636.0,37.3,23.11,44.0,96.0,31.0,26.0,0.8,0.86,5.0,6.8,15.2,43.8,5.11,5.3,51.0,2013-2014,19.0,636.0,23.11,37.3,4.4,15.2,43.8,5.11,5.3,96.0,31.0,26.0,0.8,0.86,5.0,6.8,51.0,16.020328811508538,397.979189648535,0,0
82259.0,1.0,20.0,559.0,23.5,26.63,49.0,81.0,12.0,18.0,1.9,0.71,7.0,4.2,15.6,46.8,5.39,5.4,43.0,2013-2014,20.0,559.0,26.63,23.5,4.9,15.6,46.8,5.39,5.4,81.0,12.0,18.0,1.9,0.71,7.0,4.2,43.0,12.06650165011163,332.4498559676894,0,0
82261.0,1.0,42.0,296.34,28.9,,46.0,355.0,166.0,134.0,0.4,0.89,12.0,3.9,15.9,46.2,4.89,9.4,20.0,2013-2014,42.0,296.34,,28.9,4.6,15.9,46.2,4.89,9.4,355.0,166.0,134.0,0.4,0.89,12.0,3.9,20.0,,,1,0
82270.0,1.0,49.0,365.0,17.2,,47.0,89.0,37.0,32.0,0.8,0.94,13.0,6.3,15.8,45.4,5.32,5.1,42.0,2013-2014,49.0,365.0,,17.2,4.7,15.8,45.4,5.32,5.1,89.0,37.0,32.0,0.8,0.94,13.0,6.3,42.0,,,0,0
82271.0,1.0,23.0,528.0,20.5,49.11,44.0,123.0,16.0,21.0,0.2,0.79,12.0,3.6,14.3,41.1,4.34,5.4,37.0,2013-2014,23.0,528.0,49.11,20.5,4.4,14.3,41.1,4.34,5.4,123.0,16.0,21.0,0.2,0.79,12.0,3.6,37.0,8.397193054736142,208.60421321973533,0,0
82278.0,1.0,20.0,574.99,17.3,25.53,49.0,91.0,40.0,31.0,0.6,0.75,9.0,5.3,14.9,43.2,4.82,5.0,57.0,2013-2014,20.0,574.99,25.53,17.3,4.9,14.9,43.2,4.82,5.0,91.0,40.0,31.0,0.6,0.75,9.0,5.3,57.0,12.699435889675335,349.8881245629642,0,0
82282.0,1.0,34.0,424.0,14.6,41.64,41.0,83.0,41.0,31.0,0.4,1.03,22.0,6.6,15.4,44.3,4.76,5.6,41.0,2013-2014,34.0,424.0,41.64,14.6,4.1,15.4,44.3,4.76,5.6,83.0,41.0,31.0,0.4,1.03,22.0,6.6,41.0,7.541004896121029,175.0760113936245,0,0
82283.0,1.0,48.0,227.0,16.5,34.22,43.0,107.0,15.0,21.0,0.6,0.89,17.0,6.8,15.6,46.8,4.93,5.7,39.0,2013-2014,48.0,227.0,34.22,16.5,4.3,15.6,46.8,4.93,5.7,107.0,15.0,21.0,0.6,0.89,17.0,6.8,39.0,4.189753489641542,101.81213863594718,1,1
82288.0,1.0,55.0,538.62,26.2,76.94,40.0,95.0,14.0,14.0,0.7,0.72,9.0,3.1,15.0,44.7,4.89,5.8,43.0,2013-2014,55.0,538.62,76.94,26.2,4.0,15.0,44.7,4.89,5.8,95.0,14.0,14.0,0.7,0.72,9.0,3.1,43.0,6.272431360451555,142.22530640071886,0,1
82290.0,1.0,43.0,426.0,24.1,32.27,39.0,114.0,18.0,21.0,0.6,0.81,10.0,5.6,14.2,40.8,4.76,5.7,47.0,2013-2014,43.0,426.0,32.27,24.1,3.9,14.2,40.8,4.76,5.7,114.0,18.0,21.0,0.6,0.81,10.0,5.6,47.0,9.133488894968187,202.14970589054795,0,0
82298.0,1.0,44.0,423.0,23.8,40.68,39.0,171.0,23.0,26.0,0.5,0.88,10.0,6.7,14.8,44.6,4.89,5.3,53.0,2013-2014,44.0,423.0,40.68,23.8,3.9,14.8,44.6,4.89,5.3,171.0,23.0,26.0,0.5,0.88,10.0,6.7,53.0,7.812778715844353,172.9186883301477,0,0
82306.0,1.0,43.0,336.0,11.7,38.67,43.0,101.0,14.0,22.0,0.8,0.73,18.0,5.6,14.6,41.2,4.66,5.1,31.0,2013-2014,43.0,336.0,38.67,11.7,4.3,14.6,41.2,4.66,5.1,101.0,14.0,22.0,0.8,0.73,18.0,5.6,31.0,5.963279244560578,144.90929231829622,0,1
82308.0,1.0,33.0,485.0,28.6,20.48,44.0,99.0,26.0,27.0,0.7,0.9,9.0,7.8,15.6,44.5,4.77,5.5,59.0,2013-2014,33.0,485.0,20.48,28.6,4.4,15.6,44.5,4.77,5.5,99.0,26.0,27.0,0.7,0.9,9.0,7.8,59.0,12.381637426374139,307.58632281819854,0,0
82315.0,1.0,23.0,736.0,27.7,54.35,45.0,78.0,17.0,20.0,0.6,1.01,13.0,6.3,16.2,47.7,5.32,4.8,54.0,2013-2014,23.0,736.0,54.35,27.7,4.5,16.2,47.7,5.32,4.8,78.0,17.0,20.0,0.6,1.01,13.0,6.3,54.0,11.447937874414421,290.59448808817126,0,0
82318.0,1.0,27.0,582.91,30.8,54.56,45.0,123.0,36.0,32.0,0.6,0.94,13.0,4.7,14.6,41.6,4.89,4.9,52.0,2013-2014,27.0,582.91,54.56,30.8,4.5,14.6,41.6,4.89,4.9,123.0,36.0,32.0,0.6,0.94,13.0,4.7,52.0,8.654844133955267,219.69458850843836,0,0
82320.0,1.0,28.0,216.0,16.5,21.31,44.0,94.0,48.0,32.0,0.4,0.87,10.0,6.3,13.9,40.0,4.76,5.0,36.0,2013-2014,28.0,216.0,21.31,16.5,4.4,13.9,40.0,4.76,5.0,94.0,48.0,32.0,0.4,0.87,10.0,6.3,36.0,5.0243515248733495,124.81562469192463,1,1
82321.0,1.0,59.0,503.0,,55.5,43.0,101.0,33.0,40.0,1.2,0.69,8.0,3.9,14.8,43.4,4.27,5.1,173.0,2013-2014,59.0,503.0,55.5,,4.3,14.8,43.4,4.27,5.1,101.0,33.0,40.0,1.2,0.69,8.0,3.9,173.0,7.338429455459318,178.32581294735428,0,0
82325.0,1.0,39.0,465.43,23.5,53.13,46.0,83.0,29.0,26.0,0.6,0.94,9.0,5.1,14.7,44.1,4.64,5.5,52.0,2013-2014,39.0,465.43,53.13,23.5,4.6,14.7,44.1,4.64,5.5,83.0,29.0,26.0,0.6,0.94,9.0,5.1,52.0,6.7469804090858565,174.9213344203473,0,0
82329.0,1.0,45.0,545.33,33.4,34.12,46.0,94.0,27.0,16.0,1.3,0.96,11.0,5.9,16.5,46.9,5.11,5.3,56.0,2013-2014,45.0,545.33,34.12,33.4,4.6,16.5,46.9,5.11,5.3,94.0,27.0,16.0,1.3,0.96,11.0,5.9,56.0,10.737000960801256,278.36608702860804,0,0
82335.0,1.0,52.0,348.0,28.6,24.63,40.0,171.0,38.0,31.0,0.8,0.89,16.0,6.6,14.9,43.6,4.75,7.7,33.0,2013-2014,52.0,348.0,24.63,28.6,4.0,14.9,43.6,4.75,7.7,171.0,38.0,31.0,0.8,0.89,16.0,6.6,33.0,8.328103595723626,188.83699439214763,0,0
82336.0,1.0,28.0,523.0,37.3,37.85,50.0,80.0,27.0,42.0,1.0,1.16,12.0,6.1,16.3,48.5,5.26,5.3,85.0,2013-2014,28.0,523.0,37.85,37.3,5.0,16.3,48.5,5.26,5.3,80.0,27.0,42.0,1.0,1.16,12.0,6.1,85.0,9.210715910095855,258.7597418771404,0,0
82345.0,1.0,32.0,325.68,35.6,23.36,47.0,100.0,39.0,26.0,1.0,1.12,12.0,6.5,14.7,43.6,4.84,4.5,46.0,2013-2014,32.0,325.68,23.36,35.6,4.7,14.7,43.6,4.84,4.5,100.0,39.0,26.0,1.0,1.12,12.0,6.5,46.0,7.212541732725607,190.89965300764362,0,0
82353.0,1.0,53.0,488.5,26.0,48.24,43.0,128.0,17.0,15.0,0.8,0.93,19.0,6.2,14.5,43.9,4.59,5.3,77.0,2013-2014,53.0,488.5,48.24,26.0,4.3,14.5,43.9,4.59,5.3,128.0,17.0,15.0,0.8,0.93,19.0,6.2,77.0,7.851399320716832,190.7911188816491,0,0
82359.0,1.0,48.0,116.0,17.1,,42.0,82.0,96.0,48.0,0.3,0.94,15.0,5.7,14.3,42.3,4.9,5.8,31.0,2013-2014,48.0,116.0,,17.1,4.2,14.3,42.3,4.9,5.8,82.0,96.0,48.0,0.3,0.94,15.0,5.7,31.0,,,1,0
82363.0,1.0,38.0,263.0,24.8,29.34,46.0,99.0,35.0,30.0,1.9,1.0,13.0,7.6,16.0,46.1,4.74,4.9,23.0,2013-2014,38.0,263.0,29.34,24.8,4.6,16.0,46.1,4.74,4.9,99.0,35.0,30.0,1.9,1.0,13.0,7.6,23.0,5.177077551526529,134.22023761787406,1,1
82367.0,1.0,35.0,417.0,15.0,40.38,48.0,106.0,25.0,30.0,0.9,0.93,7.0,6.3,15.8,46.4,5.25,5.4,61.0,2013-2014,35.0,417.0,40.38,15.0,4.8,15.8,46.4,5.25,5.4,106.0,25.0,30.0,0.9,0.93,7.0,6.3,61.0,7.008969383896284,189.30948107727164,0,0
82370.0,1.0,37.0,399.0,56.2,,40.0,163.0,54.0,34.0,0.6,0.85,8.0,7.8,15.1,45.8,5.82,7.3,36.0,2013-2014,37.0,399.0,,56.2,4.0,15.1,45.8,5.82,7.3,163.0,54.0,34.0,0.6,0.85,8.0,7.8,36.0,,,0,0
82375.0,1.0,49.0,434.69,19.2,,42.0,106.0,21.0,23.0,0.9,0.83,12.0,4.8,13.9,40.5,4.49,5.8,44.0,2013-2014,49.0,434.69,,19.2,4.2,13.9,40.5,4.49,5.8,106.0,21.0,23.0,0.9,0.83,12.0,4.8,44.0,,,0,0
82376.0,1.0,41.0,361.0,30.1,22.45,46.0,104.0,22.0,24.0,0.5,1.02,13.0,6.1,13.5,41.0,4.45,4.9,59.0,2013-2014,41.0,361.0,22.45,30.1,4.6,13.5,41.0,4.45,4.9,104.0,22.0,24.0,0.5,1.02,13.0,6.1,59.0,8.328386933171926,215.92067378135454,0,0
82380.0,1.0,44.0,230.0,23.7,27.8,43.0,181.0,53.0,31.0,1.5,0.96,18.0,5.6,15.3,42.0,4.84,4.7,68.0,2013-2014,44.0,230.0,27.8,23.7,4.3,15.3,42.0,4.84,4.7,181.0,53.0,31.0,1.5,0.96,18.0,5.6,68.0,4.776708488899325,116.07530326012855,1,1
82391.0,1.0,26.0,364.0,18.5,47.86,41.0,70.0,19.0,21.0,0.2,1.12,22.0,5.3,14.7,43.1,5.04,5.4,42.0,2013-2014,26.0,364.0,47.86,18.5,4.1,14.7,43.1,5.04,5.4,70.0,19.0,21.0,0.2,1.12,22.0,5.3,42.0,5.768660643165419,133.9283173000307,0,1
82393.0,1.0,20.0,726.0,17.6,58.06,46.0,65.0,22.0,25.0,2.3,0.79,3.0,6.2,16.2,46.2,5.53,5.3,44.0,2013-2014,20.0,726.0,58.06,17.6,4.6,16.2,46.2,5.53,5.3,65.0,22.0,25.0,2.3,0.79,3.0,6.2,44.0,10.620149157017984,275.3366023987625,0,0
82396.0,1.0,19.0,716.0,31.6,54.16,45.0,88.0,10.0,17.0,0.8,0.88,7.0,4.6,16.0,46.6,5.08,5.0,49.0,2013-2014,19.0,716.0,54.16,31.6,4.5,16.0,46.6,5.08,5.0,88.0,10.0,17.0,0.8,0.88,7.0,4.6,49.0,11.102427284995743,281.82404628785713,0,0
82397.0,1.0,33.0,425.0,25.1,34.9,44.0,93.0,18.0,26.0,0.7,0.99,19.0,5.8,17.2,49.0,5.69,5.5,51.0,2013-2014,33.0,425.0,34.9,25.1,4.4,17.2,49.0,5.69,5.5,93.0,18.0,26.0,0.7,0.99,19.0,5.8,51.0,8.166671881996532,202.87757485898987,0,0
82398.0,1.0,31.0,337.0,19.7,36.72,42.0,120.0,23.0,23.0,0.9,0.65,8.0,6.7,14.9,42.7,4.66,5.5,46.0,2013-2014,31.0,337.0,36.72,19.7,4.2,14.9,42.7,4.66,5.5,120.0,23.0,23.0,0.9,0.65,8.0,6.7,46.0,6.247625529548876,148.43360323290543,0,1
82407.0,1.0,44.0,344.0,38.6,32.32,43.0,91.0,53.0,31.0,0.5,0.94,8.0,6.1,14.4,44.5,5.23,6.1,37.0,2013-2014,44.0,344.0,32.32,38.6,4.3,14.4,44.5,5.23,6.1,91.0,53.0,31.0,0.5,0.94,8.0,6.1,37.0,6.820073433089711,165.7296219440531,0,0
82410.0,1.0,35.0,442.32,17.0,57.33,42.0,94.0,16.0,20.0,0.7,1.09,12.0,5.0,15.0,43.9,4.94,5.1,61.0,2013-2014,35.0,442.32,57.33,17.0,4.2,15.0,43.9,4.94,5.1,94.0,16.0,20.0,0.7,1.09,12.0,5.0,61.0,6.239345341229365,148.23687918440106,0,1
82416.0,1.0,50.0,544.0,25.1,23.04,49.0,101.0,36.0,29.0,0.5,1.64,15.0,7.9,15.8,48.5,5.06,5.5,53.0,2013-2014,50.0,544.0,23.04,25.1,4.9,15.8,48.5,5.06,5.5,101.0,36.0,29.0,0.5,1.64,15.0,7.9,53.0,12.466089570611585,343.4590904971862,0,0
82420.0,1.0,35.0,539.0,31.5,32.85,44.0,81.0,27.0,22.0,0.8,1.23,12.0,5.9,16.5,48.6,5.13,3.8,63.0,2013-2014,35.0,539.0,32.85,31.5,4.4,16.5,48.6,5.13,3.8,81.0,27.0,22.0,0.8,1.23,12.0,5.9,63.0,11.098819058346994,275.7183742523148,0,0
82423.0,1.0,56.0,334.5,23.3,,42.0,106.0,25.0,26.0,0.5,0.84,11.0,4.9,13.6,41.1,4.26,5.6,44.0,2013-2014,56.0,334.5,,23.3,4.2,13.6,41.1,4.26,5.6,106.0,25.0,26.0,0.5,0.84,11.0,4.9,44.0,,,0,0
82426.0,1.0,24.0,649.0,33.5,18.06,48.0,95.0,15.0,20.0,0.6,0.87,12.0,4.8,16.3,47.4,5.44,5.1,55.0,2013-2014,24.0,649.0,18.06,33.5,4.8,16.3,47.4,5.44,5.1,95.0,15.0,20.0,0.6,0.87,12.0,4.8,55.0,16.902607370347678,456.5327161344518,0,0
82427.0,1.0,48.0,378.39,38.2,,46.0,89.0,24.0,20.0,0.4,1.13,12.0,6.7,14.5,44.3,5.13,6.3,53.0,2013-2014,48.0,378.39,,38.2,4.6,14.5,44.3,5.13,6.3,89.0,24.0,20.0,0.4,1.13,12.0,6.7,53.0,,,0,0
82429.0,1.0,36.0,373.0,14.5,,46.0,83.0,57.0,39.0,0.8,1.14,19.0,7.5,14.1,40.6,4.61,5.4,40.0,2013-2014,36.0,373.0,,14.5,4.6,14.1,40.6,4.61,5.4,83.0,57.0,39.0,0.8,1.14,19.0,7.5,40.0,,,0,0
82432.0,1.0,60.0,273.0,19.4,33.15,44.0,108.0,16.0,20.0,0.8,1.1,13.0,7.2,15.7,46.4,5.2,5.9,36.0,2013-2014,60.0,273.0,33.15,19.4,4.4,15.7,46.4,5.2,5.9,108.0,16.0,20.0,0.8,1.1,13.0,7.2,36.0,5.154229982575529,128.04208302229193,1,1
82448.0,1.0,29.0,281.0,36.6,15.06,43.0,107.0,30.0,29.0,1.0,1.23,21.0,9.1,16.9,48.8,5.22,5.0,59.0,2013-2014,29.0,281.0,15.06,36.6,4.3,16.9,48.8,5.22,5.0,107.0,30.0,29.0,1.0,1.23,21.0,9.1,59.0,7.770134578747685,188.8163637567873,1,0
82449.0,1.0,42.0,442.0,14.8,28.97,47.0,96.0,24.0,25.0,0.9,0.78,13.0,5.7,16.1,46.8,5.36,5.4,29.0,2013-2014,42.0,442.0,28.97,14.8,4.7,16.1,46.8,5.36,5.4,96.0,24.0,25.0,0.9,0.78,13.0,5.7,29.0,9.117241432538247,241.3127424915071,0,0
82461.0,1.0,47.0,614.73,25.2,73.57,41.0,156.0,70.0,42.0,0.9,0.76,14.0,4.8,14.6,41.8,4.76,8.8,38.0,2013-2014,47.0,614.73,73.57,25.2,4.1,14.6,41.8,4.76,8.8,156.0,70.0,42.0,0.9,0.76,14.0,4.8,38.0,7.538879808492766,175.02667422027116,0,0
82462.0,1.0,36.0,177.93,18.5,14.76,50.0,91.0,25.0,18.0,0.6,0.85,17.0,7.4,15.3,44.6,5.08,5.4,43.0,2013-2014,36.0,177.93,14.76,18.5,5.0,15.3,44.6,5.08,5.4,91.0,25.0,18.0,0.6,0.85,17.0,7.4,43.0,4.348280949775558,122.15772011162821,1,1
82467.0,1.0,22.0,251.0,14.5,13.56,42.0,85.0,16.0,19.0,0.5,0.85,11.0,4.9,13.7,39.5,4.86,5.1,38.0,2013-2014,22.0,251.0,13.56,14.5,4.2,13.7,39.5,4.86,5.1,85.0,16.0,19.0,0.5,0.85,11.0,4.9,38.0,7.255850579610174,172.3874199817593,1,0
82477.0,1.0,34.0,306.0,17.6,26.37,41.0,88.0,37.0,28.0,0.5,0.81,8.0,3.8,17.0,48.7,5.39,5.5,34.0,2013-2014,34.0,306.0,26.37,17.6,4.1,17.0,48.7,5.39,5.5,88.0,37.0,28.0,0.5,0.81,8.0,3.8,34.0,6.8747268134154185,159.60734232286282,0,0
82479.0,1.0,27.0,805.0,36.6,29.23,49.0,104.0,29.0,23.0,1.0,0.78,10.0,6.8,14.8,43.8,4.76,5.5,55.0,2013-2014,27.0,805.0,29.23,36.6,4.9,14.8,43.8,4.76,5.5,104.0,29.0,23.0,1.0,0.78,10.0,6.8,55.0,17.615587068046427,485.33531535249483,0,0
82483.0,1.0,32.0,288.58,12.1,19.89,46.0,98.0,48.0,26.0,0.8,0.88,10.0,7.6,15.4,46.7,5.56,5.6,36.0,2013-2014,32.0,288.58,19.89,12.1,4.6,15.4,46.7,5.56,5.6,98.0,48.0,26.0,0.8,0.88,10.0,7.6,36.0,6.872867876276876,178.18507648163995,1,0
82486.0,1.0,40.0,812.0,32.5,51.64,48.0,85.0,17.0,21.0,0.4,0.9,12.0,6.3,14.6,43.5,5.02,5.3,47.0,2013-2014,40.0,812.0,51.64,32.5,4.8,14.6,43.5,5.02,5.3,85.0,17.0,21.0,0.4,0.9,12.0,6.3,47.0,12.963723566063182,350.14502799216876,0,0
82487.0,1.0,21.0,495.0,22.9,20.54,46.0,90.0,20.0,26.0,1.4,0.65,16.0,5.0,15.1,43.5,4.98,5.1,44.0,2013-2014,21.0,495.0,20.54,22.9,4.6,15.1,43.5,4.98,5.1,90.0,20.0,26.0,1.4,0.65,16.0,5.0,44.0,12.272265539356114,318.169156325721,0,0
82500.0,1.0,38.0,246.0,14.9,33.29,42.0,97.0,48.0,34.0,1.3,0.92,21.0,6.2,16.3,47.6,5.54,4.9,37.0,2013-2014,38.0,246.0,33.29,14.9,4.2,16.3,47.6,5.54,4.9,97.0,48.0,34.0,1.3,0.92,21.0,6.2,37.0,4.695794293681267,111.56457181292619,1,1
82513.0,1.0,47.0,266.0,16.9,48.7,41.0,100.0,20.0,30.0,0.7,0.92,19.0,5.3,13.4,39.6,4.46,5.2,70.0,2013-2014,47.0,266.0,48.7,16.9,4.1,13.4,39.6,4.46,5.2,100.0,20.0,30.0,0.7,0.92,19.0,5.3,70.0,4.033909496645411,93.6534049140879,1,1
82517.0,1.0,59.0,323.0,30.9,31.44,41.0,111.0,25.0,21.0,0.6,1.06,10.0,6.5,15.5,46.4,5.15,5.8,34.0,2013-2014,59.0,323.0,31.44,30.9,4.1,15.5,46.4,5.15,5.8,111.0,25.0,21.0,0.6,1.06,10.0,6.5,34.0,6.620629173087269,153.7080753172059,0,0
82559.0,1.0,51.0,168.0,31.5,19.84,43.0,144.0,69.0,36.0,1.2,1.11,9.0,6.3,15.4,43.0,4.77,5.3,34.0,2013-2014,51.0,168.0,19.84,31.5,4.3,15.4,43.0,4.77,5.3,144.0,69.0,36.0,1.2,1.11,9.0,6.3,34.0,4.027901719789367,97.87909702111153,1,1
82560.0,1.0,48.0,241.0,21.8,18.92,44.0,187.0,38.0,21.0,1.0,0.83,11.0,7.0,15.2,43.5,4.97,8.2,35.0,2013-2014,48.0,241.0,18.92,21.8,4.4,15.2,43.5,4.97,8.2,187.0,38.0,21.0,1.0,0.83,11.0,7.0,35.0,5.9464931580107505,147.72359270026928,1,1
82561.0,1.0,30.0,420.0,12.2,38.63,49.0,63.0,31.0,26.0,1.3,1.08,15.0,5.7,14.6,42.4,4.82,4.7,59.0,2013-2014,30.0,420.0,38.63,12.2,4.9,14.6,42.4,4.82,4.7,63.0,31.0,26.0,1.3,1.08,15.0,5.7,59.0,7.1819468676931555,197.87319232746296,0,0
82567.0,1.0,25.0,592.0,14.3,37.08,42.0,67.0,18.0,19.0,0.6,1.0,11.0,5.8,14.8,43.0,5.02,5.1,50.0,2013-2014,25.0,592.0,37.08,14.3,4.2,14.8,43.0,5.02,5.1,67.0,18.0,19.0,0.6,1.0,11.0,5.8,50.0,11.82695397216144,280.9895351529507,0,0
82569.0,1.0,46.0,260.0,24.2,22.18,45.0,99.0,53.0,42.0,0.7,1.05,10.0,7.7,15.8,46.4,5.06,5.8,47.0,2013-2014,46.0,260.0,22.18,24.2,4.5,15.8,46.4,5.06,5.8,99.0,53.0,42.0,0.7,1.05,10.0,7.7,47.0,5.9392540072567135,150.76204088438655,1,1
82587.0,1.0,37.0,281.0,28.9,12.68,45.0,90.0,78.0,34.0,0.4,0.69,10.0,6.4,15.4,45.0,5.16,5.3,31.0,2013-2014,37.0,281.0,12.68,28.9,4.5,15.4,45.0,5.16,5.3,90.0,78.0,34.0,0.4,0.69,10.0,6.4,31.0,7.955223651033083,201.93542014806928,1,0
82591.0,1.0,29.0,634.12,31.3,44.77,46.0,89.0,56.0,51.0,0.3,0.86,8.0,5.5,15.8,46.3,5.05,5.8,47.0,2013-2014,29.0,634.12,44.77,31.3,4.6,15.8,46.3,5.05,5.8,89.0,56.0,51.0,0.3,0.86,8.0,5.5,47.0,10.847037420441488,281.2188779347799,0,0
82597.0,1.0,56.0,226.0,11.4,39.33,40.0,120.0,19.0,20.0,0.4,0.95,19.0,7.2,14.5,41.9,4.62,5.3,67.0,2013-2014,56.0,226.0,39.33,11.4,4.0,14.5,41.9,4.62,5.3,120.0,19.0,20.0,0.4,0.95,19.0,7.2,67.0,3.946136816838088,89.47734707989703,1,1
82604.0,1.0,49.0,639.0,20.6,82.82,43.0,82.0,21.0,23.0,0.4,0.8,12.0,5.8,14.3,42.6,4.85,5.5,76.0,2013-2014,49.0,639.0,82.82,20.6,4.3,14.3,42.6,4.85,5.5,82.0,21.0,23.0,0.4,0.8,12.0,5.8,76.0,7.030587433393974,170.84516886985065,0,0
82611.0,1.0,33.0,393.0,23.0,24.41,44.0,88.0,24.0,20.0,0.5,1.05,15.0,8.4,14.4,41.3,4.68,5.8,38.0,2013-2014,33.0,393.0,24.41,23.0,4.4,14.4,41.3,4.68,5.8,88.0,24.0,20.0,0.5,1.05,15.0,8.4,38.0,9.050761876591036,224.84025888157623,0,0
82613.0,1.0,19.0,384.0,20.0,30.43,46.0,90.0,15.0,22.0,0.5,1.14,9.0,5.8,15.0,45.5,5.46,5.8,37.0,2013-2014,19.0,384.0,30.43,20.0,4.6,15.0,45.5,5.46,5.8,90.0,15.0,22.0,0.5,1.14,9.0,5.8,37.0,7.687368558967752,199.30171498717186,0,0
82615.0,1.0,57.0,495.0,50.0,73.01,37.0,276.0,15.0,21.0,0.6,1.78,15.0,6.9,13.4,40.1,4.48,11.4,39.0,2013-2014,57.0,495.0,73.01,50.0,3.7,13.4,40.1,4.48,11.4,276.0,15.0,21.0,0.6,1.78,15.0,6.9,39.0,6.0857170381090135,128.09867811042122,0,1
82618.0,1.0,45.0,337.0,22.1,18.79,43.0,98.0,33.0,22.0,0.6,0.99,13.0,6.5,15.1,43.9,5.38,5.3,42.0,2013-2014,45.0,337.0,18.79,22.1,4.3,15.1,43.9,5.38,5.3,98.0,33.0,22.0,0.6,0.99,13.0,6.5,42.0,8.699942433010452,211.41094513181056,0,0
82621.0,1.0,41.0,212.0,22.2,15.8,46.0,106.0,44.0,22.0,0.5,0.76,7.0,5.6,14.8,44.7,5.86,6.1,39.0,2013-2014,41.0,212.0,15.8,22.2,4.6,14.8,44.7,5.86,6.1,106.0,44.0,22.0,0.5,0.76,7.0,5.6,39.0,5.403645130739707,140.09419913686511,1,1
82629.0,1.0,41.0,391.0,18.9,57.48,47.0,187.0,22.0,28.0,1.2,0.68,7.0,7.2,14.9,42.7,5.36,9.1,39.0,2013-2014,41.0,391.0,57.48,18.9,4.7,14.9,42.7,5.36,9.1,187.0,22.0,28.0,1.2,0.68,7.0,7.2,39.0,5.201902910415854,137.68259476019273,0,1
82634.0,1.0,23.0,324.48,48.2,31.31,40.0,100.0,26.0,31.0,0.5,0.94,9.0,5.7,13.5,41.7,5.27,5.3,47.0,2013-2014,23.0,324.48,31.31,48.2,4.0,13.5,41.7,5.27,5.3,100.0,26.0,31.0,0.5,0.94,9.0,5.7,47.0,6.753803884607291,153.14026916501578,0,0
82644.0,1.0,25.0,625.0,25.7,33.52,42.0,84.0,19.0,16.0,0.5,0.87,7.0,3.6,15.4,44.1,4.61,5.4,36.0,2013-2014,25.0,625.0,33.52,25.7,4.2,15.4,44.1,4.61,5.4,84.0,19.0,16.0,0.5,0.87,7.0,3.6,36.0,13.398842208598715,318.33508886936386,0,0
82646.0,1.0,56.0,755.0,19.9,94.94,44.0,93.0,18.0,23.0,0.6,0.91,19.0,4.2,15.5,45.2,5.01,5.5,62.0,2013-2014,56.0,755.0,94.94,19.9,4.4,15.5,45.2,5.01,5.5,93.0,18.0,23.0,0.6,0.91,19.0,4.2,62.0,7.542352229168607,187.3681410366565,0,0
82664.0,1.0,48.0,264.0,10.7,43.63,47.0,97.0,22.0,18.0,0.6,1.15,16.0,6.6,15.4,46.0,5.16,5.5,51.0,2013-2014,48.0,264.0,43.63,10.7,4.7,15.4,46.0,5.16,5.5,97.0,22.0,18.0,0.6,1.15,16.0,6.6,51.0,4.08103310946419,108.01570838398607,1,1
82666.0,1.0,47.0,273.71,18.7,23.46,45.0,86.0,36.0,25.0,1.4,1.2,16.0,6.8,12.8,39.0,4.23,4.8,31.0,2013-2014,47.0,273.71,23.46,18.7,4.5,12.8,39.0,4.23,4.8,86.0,36.0,25.0,1.4,1.2,16.0,6.8,31.0,6.117996114267252,155.29923104529888,1,1
82668.0,1.0,32.0,612.0,34.9,47.01,41.0,94.0,17.0,18.0,0.6,0.83,12.0,3.5,15.4,44.8,4.91,4.8,45.0,2013-2014,32.0,612.0,47.01,34.9,4.1,15.4,44.8,4.91,4.8,94.0,17.0,18.0,0.6,0.83,12.0,3.5,45.0,10.631406037986698,246.8244206543656,0,0
82680.0,1.0,41.0,858.0,31.7,73.61,45.0,91.0,24.0,29.0,0.7,0.87,8.0,5.7,16.0,46.7,5.2,5.3,102.0,2013-2014,41.0,858.0,73.61,31.7,4.5,16.0,46.7,5.2,5.3,91.0,24.0,29.0,0.7,0.87,8.0,5.7,102.0,10.88480328100662,276.2998779416735,0,0
82682.0,1.0,37.0,547.21,27.2,35.88,46.0,100.0,37.0,26.0,0.6,1.17,12.0,6.9,15.0,44.7,5.06,5.6,60.0,2013-2014,37.0,547.21,35.88,27.2,4.6,15.0,44.7,5.06,5.6,100.0,37.0,26.0,0.6,1.17,12.0,6.9,60.0,10.47339026304859,271.53175044801276,0,0
82685.0,1.0,47.0,279.0,20.5,23.78,48.0,88.0,18.0,24.0,0.7,0.61,7.0,4.0,17.2,47.5,5.24,5.7,38.0,2013-2014,47.0,279.0,23.78,20.5,4.8,17.2,47.5,5.24,5.7,88.0,18.0,24.0,0.7,0.61,7.0,4.0,38.0,5.973052971062963,161.3297899398725,1,1
82691.0,1.0,29.0,544.0,24.1,27.01,44.0,106.0,30.0,55.0,2.3,0.84,12.0,8.1,18.2,43.5,4.78,5.6,29.0,2013-2014,29.0,544.0,27.01,24.1,4.4,18.2,43.5,4.78,5.6,106.0,30.0,55.0,2.3,0.84,12.0,8.1,29.0,12.445566414570658,309.1744554474879,0,0
82692.0,1.0,39.0,554.0,18.3,49.87,45.0,87.0,22.0,28.0,0.5,0.97,16.0,5.1,15.2,44.9,5.13,5.7,56.0,2013-2014,39.0,554.0,49.87,18.3,4.5,15.2,44.9,5.13,5.7,87.0,22.0,28.0,0.5,0.97,16.0,5.1,56.0,8.696993337647696,220.7645040167763,0,0
82695.0,1.0,20.0,575.0,28.7,37.53,49.0,108.0,20.0,21.0,0.7,1.06,5.0,5.9,16.5,49.3,5.35,5.4,47.0,2013-2014,20.0,575.0,37.53,28.7,4.9,16.5,49.3,5.35,5.4,108.0,20.0,21.0,0.7,1.06,5.0,5.9,47.0,10.433342910837604,287.4539322619151,0,0
82703.0,1.0,50.0,385.0,20.4,44.88,44.0,171.0,22.0,18.0,1.0,0.77,14.0,5.0,15.9,46.6,5.2,7.4,48.0,2013-2014,50.0,385.0,44.88,20.4,4.4,15.9,46.6,5.2,7.4,171.0,22.0,18.0,1.0,0.77,14.0,5.0,48.0,6.235402272447127,154.9007122586935,0,1
82704.0,1.0,41.0,227.96,32.4,,43.0,144.0,59.0,31.0,0.6,0.93,12.0,7.2,16.0,47.6,4.99,5.6,35.0,2013-2014,41.0,227.96,,32.4,4.3,16.0,47.6,4.99,5.6,144.0,59.0,31.0,0.6,0.93,12.0,7.2,35.0,,,1,0
82718.0,1.0,34.0,764.0,33.2,53.35,48.0,104.0,23.0,26.0,1.6,0.99,19.0,5.7,15.0,43.4,4.88,5.2,40.0,2013-2014,34.0,764.0,53.35,33.2,4.8,15.0,43.4,4.88,5.2,104.0,23.0,26.0,1.6,0.99,19.0,5.7,40.0,11.772807607928263,317.97886065818693,0,0
82720.0,1.0,58.0,266.0,11.4,42.11,45.0,102.0,24.0,27.0,0.3,1.02,14.0,4.1,15.3,44.8,5.18,5.6,47.0,2013-2014,58.0,266.0,42.11,11.4,4.5,15.3,44.8,5.18,5.6,102.0,24.0,27.0,0.3,1.02,14.0,4.1,47.0,4.287240898295539,108.82733535227108,1,1
82721.0,1.0,49.0,347.17,19.7,33.63,38.0,109.0,14.0,18.0,0.4,0.91,17.0,4.8,15.2,44.5,4.9,5.5,41.0,2013-2014,49.0,347.17,33.63,19.7,3.8,15.2,44.5,4.9,5.5,109.0,14.0,18.0,0.4,0.91,17.0,4.8,41.0,7.15249761504368,154.42911662824048,0,0
82736.0,1.0,26.0,544.0,21.0,49.06,53.0,83.0,15.0,18.0,2.2,0.91,11.0,6.2,16.6,49.1,5.3,5.3,46.0,2013-2014,26.0,544.0,49.06,21.0,5.3,16.6,49.1,5.3,5.3,83.0,15.0,18.0,2.2,0.91,11.0,6.2,46.0,7.983160116755319,237.2510304716652,0,0
82745.0,1.0,38.0,351.0,21.8,54.03,44.0,96.0,95.0,87.0,0.7,1.06,12.0,6.2,15.6,46.8,5.24,5.1,121.0,2013-2014,38.0,351.0,54.03,21.8,4.4,15.6,46.8,5.24,5.1,96.0,95.0,87.0,0.7,1.06,12.0,6.2,121.0,4.946261333452968,122.87569752397184,0,1
82746.0,1.0,33.0,263.11,31.4,21.62,46.0,100.0,33.0,28.0,0.6,1.1,13.0,8.6,15.4,44.6,5.02,5.3,35.0,2013-2014,33.0,263.11,21.62,31.4,4.6,15.4,44.6,5.02,5.3,100.0,33.0,28.0,0.6,1.1,13.0,8.6,35.0,6.004254869544149,155.66552891811813,1,1
82756.0,1.0,55.0,452.0,29.6,56.11,45.0,90.0,22.0,24.0,0.7,1.1,17.0,6.4,15.9,46.9,5.3,5.2,71.0,2013-2014,55.0,452.0,56.11,29.6,4.5,15.9,46.9,5.3,5.2,90.0,22.0,24.0,0.7,1.1,17.0,6.4,71.0,6.331029907814493,160.7068814763603,0,1
82758.0,1.0,52.0,371.0,23.4,39.68,40.0,109.0,20.0,20.0,0.3,1.0,18.0,5.4,17.4,52.0,5.61,6.0,33.0,2013-2014,52.0,371.0,39.68,23.4,4.0,17.4,52.0,5.61,6.0,109.0,20.0,20.0,0.3,1.0,18.0,5.4,33.0,6.768507990432293,153.47367990100173,0,0
82759.0,1.0,24.0,383.0,21.4,21.51,48.0,99.0,97.0,37.0,0.6,0.92,22.0,6.7,18.0,50.0,5.67,5.0,31.0,2013-2014,24.0,383.0,21.51,21.4,4.8,18.0,50.0,5.67,5.0,99.0,97.0,37.0,0.6,0.92,22.0,6.7,31.0,8.807051980939772,237.87497833318213,0,0
82771.0,1.0,41.0,621.0,36.3,57.25,49.0,97.0,36.0,21.0,0.7,0.75,8.0,5.5,15.5,45.8,4.82,5.6,51.0,2013-2014,41.0,621.0,57.25,36.3,4.9,15.5,45.8,4.82,5.6,97.0,36.0,21.0,0.7,0.75,8.0,5.5,51.0,8.6780210383204,239.09223467826783,0,0
82775.0,1.0,57.0,525.0,20.6,56.31,48.0,113.0,19.0,22.0,0.8,0.83,15.0,5.5,15.0,44.1,5.03,6.2,65.0,2013-2014,57.0,525.0,56.31,20.6,4.8,15.0,44.1,5.03,6.2,113.0,19.0,22.0,0.8,0.83,15.0,5.5,65.0,7.296721071933226,197.08153995750322,0,0
82776.0,1.0,37.0,676.0,20.6,61.23,38.0,107.0,17.0,17.0,1.0,0.68,10.0,5.4,15.4,46.0,4.76,5.0,54.0,2013-2014,37.0,676.0,61.23,20.6,3.8,15.4,46.0,4.76,5.0,107.0,17.0,17.0,1.0,0.68,10.0,5.4,54.0,10.09823819743697,218.03041234879504,0,0
82778.0,1.0,57.0,413.0,30.3,55.2,44.0,137.0,21.0,21.0,0.7,0.93,13.0,3.7,14.0,42.6,4.79,5.9,75.0,2013-2014,57.0,413.0,55.2,30.3,4.4,14.0,42.6,4.79,5.9,137.0,21.0,21.0,0.7,0.93,13.0,3.7,75.0,5.837405982243188,145.0136342266433,0,1
82782.0,1.0,53.0,602.79,27.4,51.63,41.0,103.0,37.0,26.0,0.5,0.81,14.0,4.8,15.3,45.8,5.18,5.5,52.0,2013-2014,53.0,602.79,51.63,27.4,4.1,15.3,45.8,5.18,5.5,103.0,37.0,26.0,0.5,0.81,14.0,4.8,52.0,9.754128321211356,226.45707099032586,0,0
82788.0,1.0,43.0,480.25,30.1,45.08,47.0,100.0,36.0,25.0,1.0,0.72,6.0,5.7,15.8,46.8,5.03,5.5,50.0,2013-2014,43.0,480.25,45.08,30.1,4.7,15.8,46.8,5.03,5.5,100.0,36.0,25.0,1.0,0.72,6.0,5.7,50.0,7.745408001742177,205.00341692670514,0,0
82814.0,1.0,44.0,103.0,26.3,,39.0,287.0,14.0,16.0,0.4,0.76,9.0,4.9,14.7,42.3,5.09,10.5,53.0,2013-2014,44.0,103.0,,26.3,3.9,14.7,42.3,5.09,10.5,287.0,14.0,16.0,0.4,0.76,9.0,4.9,53.0,,,1,0
82822.0,1.0,56.0,353.0,19.5,34.84,35.0,119.0,24.0,29.0,0.5,1.02,13.0,9.0,11.0,33.4,4.14,8.3,47.0,2013-2014,56.0,353.0,34.84,19.5,3.5,11.0,33.4,4.14,8.3,119.0,24.0,29.0,0.5,1.02,13.0,9.0,47.0,7.401954808459664,147.7825117068623,0,0
82836.0,1.0,20.0,632.0,35.2,33.99,48.0,92.0,22.0,26.0,1.1,0.86,9.0,5.1,17.4,48.6,5.4,4.8,38.0,2013-2014,20.0,632.0,33.99,35.2,4.8,17.4,48.6,5.4,4.8,92.0,22.0,26.0,1.1,0.86,9.0,5.1,38.0,12.45337427177443,336.3606961199346,0,0
82840.0,1.0,59.0,346.0,25.1,37.41,40.0,90.0,51.0,39.0,0.6,1.07,27.0,5.9,16.3,46.2,5.08,5.4,30.0,2013-2014,59.0,346.0,37.41,25.1,4.0,16.3,46.2,5.08,5.4,90.0,51.0,39.0,0.6,1.07,27.0,5.9,30.0,6.503611592580225,147.46724169802636,0,0
82841.0,1.0,45.0,254.0,17.2,15.29,48.0,90.0,15.0,21.0,1.0,1.17,19.0,6.2,15.6,44.7,5.41,4.9,34.0,2013-2014,45.0,254.0,15.29,17.2,4.8,15.6,44.7,5.41,4.9,90.0,15.0,21.0,1.0,1.17,19.0,6.2,34.0,6.4282833605165965,173.6253820701615,1,1
82844.0,1.0,58.0,373.0,18.9,46.46,42.0,90.0,49.0,65.0,0.9,0.74,12.0,4.6,15.0,43.6,4.78,5.7,60.0,2013-2014,58.0,373.0,46.46,18.9,4.2,15.0,43.6,4.78,5.7,90.0,49.0,65.0,0.9,0.74,12.0,4.6,60.0,5.994491291344096,142.419538065164,0,1
82850.0,1.0,30.0,362.0,15.0,,48.0,84.0,24.0,24.0,0.5,1.15,8.0,7.5,15.8,45.2,5.07,4.7,32.0,2013-2014,30.0,362.0,,15.0,4.8,15.8,45.2,5.07,4.7,84.0,24.0,24.0,0.5,1.15,8.0,7.5,32.0,,,0,0
82856.0,1.0,44.0,766.79,34.7,,34.0,71.0,111.0,68.0,0.6,1.05,12.0,5.5,16.1,46.1,4.47,5.3,40.0,2013-2014,44.0,766.79,,34.7,3.4,16.1,46.1,4.47,5.3,71.0,111.0,68.0,0.6,1.05,12.0,5.5,40.0,,,0,0
82860.0,1.0,48.0,522.0,24.1,44.1,45.0,104.0,33.0,25.0,0.7,1.09,14.0,5.5,15.3,45.5,4.94,5.4,41.0,2013-2014,48.0,522.0,44.1,24.1,4.5,15.3,45.5,4.94,5.4,104.0,33.0,25.0,0.7,1.09,14.0,5.5,41.0,8.824711705811897,224.00650744335684,0,0
82864.0,1.0,31.0,690.0,15.5,102.4,44.0,79.0,19.0,23.0,1.0,1.24,9.0,3.7,13.9,39.8,4.29,5.2,50.0,2013-2014,31.0,690.0,102.4,15.5,4.4,13.9,39.8,4.29,5.2,79.0,19.0,23.0,1.0,1.24,9.0,3.7,50.0,6.342961244674513,157.57270689189565,0,1
82894.0,1.0,49.0,429.0,16.5,37.37,42.0,95.0,19.0,23.0,0.8,0.84,21.0,6.6,15.0,43.4,5.04,5.3,40.0,2013-2014,49.0,429.0,37.37,16.5,4.2,15.0,43.4,5.04,5.3,95.0,19.0,23.0,0.8,0.84,21.0,6.6,40.0,8.104944266516876,192.56052972301725,0,0
82909.0,1.0,55.0,250.0,28.8,32.6,39.0,157.0,21.0,21.0,0.5,1.01,18.0,8.3,12.6,35.6,4.03,5.8,31.0,2013-2014,55.0,250.0,32.6,28.8,3.9,12.6,35.6,4.03,5.8,157.0,21.0,21.0,0.5,1.01,18.0,8.3,31.0,5.00913630091824,110.86622446698848,1,1
82913.0,1.0,28.0,947.0,22.9,77.3,45.0,86.0,17.0,23.0,0.6,1.09,15.0,5.4,14.1,40.5,4.32,5.4,76.0,2013-2014,28.0,947.0,77.3,22.9,4.5,14.1,40.5,4.32,5.4,86.0,17.0,23.0,0.6,1.09,15.0,5.4,76.0,11.802480625455786,299.5942023052182,0,0
82917.0,1.0,42.0,323.0,21.6,27.14,41.0,101.0,29.0,24.0,0.9,0.75,17.0,6.8,16.2,48.7,5.56,5.4,45.0,2013-2014,42.0,323.0,27.14,21.6,4.1,16.2,48.7,5.56,5.4,101.0,29.0,24.0,0.9,0.75,17.0,6.8,45.0,7.186921983722024,166.85543272282382,0,0
82925.0,1.0,38.0,367.0,30.0,23.31,44.0,99.0,26.0,26.0,2.4,1.02,16.0,5.8,16.1,46.8,5.09,5.0,38.0,2013-2014,38.0,367.0,23.31,30.0,4.4,16.1,46.8,5.09,5.0,99.0,26.0,26.0,2.4,1.02,16.0,5.8,38.0,8.572504921737377,212.9593344900804,0,0
82933.0,1.0,29.0,341.0,17.0,25.65,45.0,103.0,36.0,23.0,0.8,1.07,15.0,6.2,15.3,44.9,5.36,5.4,44.0,2013-2014,29.0,341.0,25.65,17.0,4.5,15.3,44.9,5.36,5.4,103.0,36.0,23.0,0.8,1.07,15.0,6.2,44.0,7.450577924534714,189.12549156823079,0,0
82939.0,1.0,23.0,443.8,24.4,23.8,47.0,91.0,42.0,28.0,0.7,0.92,5.0,7.0,14.1,43.1,5.07,4.7,38.0,2013-2014,23.0,443.8,23.8,24.4,4.7,14.1,43.1,5.07,4.7,91.0,42.0,28.0,0.7,0.92,5.0,7.0,38.0,10.060563872231151,266.28035211997127,0,0
82943.0,1.0,45.0,413.0,15.4,40.71,45.0,85.0,20.0,22.0,0.8,1.09,16.0,5.3,13.8,39.7,4.33,5.7,57.0,2013-2014,45.0,413.0,40.71,15.4,4.5,13.8,39.7,4.33,5.7,85.0,20.0,22.0,0.8,1.09,16.0,5.3,57.0,7.116086919309334,180.63477092492548,0,0
82959.0,1.0,55.0,493.55,25.8,41.83,43.0,88.0,28.0,46.0,0.7,1.09,10.0,8.2,12.6,37.5,4.22,5.4,75.0,2013-2014,55.0,493.55,41.83,25.8,4.3,12.6,37.5,4.22,5.4,88.0,28.0,46.0,0.7,1.09,10.0,8.2,75.0,8.75212684604106,212.67904042840576,0,0
82969.0,1.0,54.0,313.0,29.9,33.02,38.0,125.0,21.0,25.0,0.9,1.58,20.0,8.2,16.0,46.3,5.19,5.4,29.0,2013-2014,54.0,313.0,33.02,29.9,3.8,16.0,46.3,5.19,5.4,125.0,21.0,25.0,0.9,1.58,20.0,8.2,29.0,6.442753806051385,139.10508363247786,0,1
82970.0,1.0,60.0,614.0,34.8,61.86,40.0,101.0,25.0,27.0,0.8,0.98,7.0,6.0,15.4,46.4,5.29,5.3,37.0,2013-2014,60.0,614.0,61.86,34.8,4.0,15.4,46.4,5.29,5.3,101.0,25.0,27.0,0.8,0.98,7.0,6.0,37.0,8.755247684250582,198.52234531540248,0,0
82974.0,1.0,54.0,487.0,13.1,60.69,42.0,110.0,19.0,23.0,0.8,0.72,15.0,3.7,15.8,45.5,4.73,5.1,88.0,2013-2014,54.0,487.0,60.69,13.1,4.2,15.8,45.5,4.73,5.1,110.0,19.0,23.0,0.8,0.72,15.0,3.7,88.0,6.6662485505012175,158.37941754304813,0,0
82976.0,1.0,22.0,751.89,24.3,41.68,46.0,86.0,19.0,16.0,0.9,0.98,11.0,5.8,16.2,47.0,5.38,4.9,46.0,2013-2014,22.0,751.89,41.68,24.3,4.6,16.2,47.0,5.38,4.9,86.0,19.0,16.0,0.9,0.98,11.0,5.8,46.0,13.912868243830799,360.7032081415354,0,0
82987.0,1.0,60.0,309.0,48.4,41.61,45.0,111.0,68.0,72.0,0.9,0.99,10.0,7.2,15.6,46.4,4.74,5.8,63.0,2013-2014,60.0,309.0,41.61,48.4,4.5,15.6,46.4,4.74,5.8,111.0,68.0,72.0,0.9,0.99,10.0,7.2,63.0,5.085870344107979,129.09974751277795,0,1
82999.0,1.0,35.0,459.0,21.8,31.1,44.0,93.0,23.0,17.0,0.9,0.75,10.0,5.3,15.7,45.3,4.97,5.2,46.0,2013-2014,35.0,459.0,31.1,21.8,4.4,15.7,45.3,4.97,5.2,93.0,23.0,17.0,0.9,0.75,10.0,5.3,46.0,9.517754875415205,236.44136254369772,0,0
83002.0,1.0,50.0,402.69,14.7,,46.0,68.0,28.0,25.0,0.7,0.92,15.0,6.8,15.9,46.6,5.41,5.4,46.0,2013-2014,50.0,402.69,,14.7,4.6,15.9,46.6,5.41,5.4,68.0,28.0,25.0,0.7,0.92,15.0,6.8,46.0,,,0,0
83004.0,1.0,34.0,280.0,15.2,22.89,48.0,102.0,12.0,17.0,0.6,1.08,15.0,5.1,15.1,45.3,4.61,5.5,38.0,2013-2014,34.0,280.0,22.89,15.2,4.8,15.1,45.3,4.61,5.5,102.0,12.0,17.0,0.6,1.08,15.0,5.1,38.0,6.099721989201116,164.75106984264917,1,1
83009.0,1.0,24.0,508.0,21.1,29.88,49.0,90.0,14.0,16.0,1.6,0.93,12.0,6.7,16.3,47.5,5.4,5.0,52.0,2013-2014,24.0,508.0,29.88,21.1,4.9,16.3,47.5,5.4,5.0,90.0,14.0,16.0,1.6,0.93,12.0,6.7,52.0,10.24160284221206,282.17121154913855,0,0
83014.0,1.0,29.0,172.0,32.4,,40.0,75.0,41.0,51.0,0.3,0.99,9.0,8.3,16.2,46.6,4.86,5.1,40.0,2013-2014,29.0,172.0,,32.4,4.0,16.2,46.6,4.86,5.1,75.0,41.0,51.0,0.3,0.99,9.0,8.3,40.0,,,1,0
83031.0,1.0,49.0,317.28,21.5,20.01,42.0,98.0,85.0,58.0,0.4,1.07,16.0,6.6,14.9,44.7,4.86,5.2,36.0,2013-2014,49.0,317.28,20.01,21.5,4.2,14.9,44.7,4.86,5.2,98.0,85.0,58.0,0.4,1.07,16.0,6.6,36.0,8.052579946149644,191.31643711276251,0,0
83039.0,1.0,19.0,495.0,32.8,30.15,46.0,91.0,13.0,14.0,0.7,0.78,12.0,5.2,15.5,46.7,5.11,5.1,43.0,2013-2014,19.0,495.0,30.15,32.8,4.6,15.5,46.7,5.11,5.1,91.0,13.0,14.0,0.7,0.78,12.0,5.2,43.0,10.279594046754427,266.50741501135747,0,0
83045.0,1.0,51.0,486.0,28.5,45.19,48.0,103.0,19.0,20.0,1.3,0.86,13.0,4.4,15.4,46.2,4.88,5.7,73.0,2013-2014,51.0,486.0,45.19,28.5,4.8,15.4,46.2,4.88,5.7,103.0,19.0,20.0,1.3,0.86,13.0,4.4,73.0,7.761410163550737,209.63260787891525,0,0
83047.0,1.0,31.0,446.0,23.2,29.18,47.0,100.0,21.0,22.0,0.8,0.81,16.0,7.1,15.7,44.6,5.06,5.1,67.0,2013-2014,31.0,446.0,29.18,23.2,4.7,15.7,44.6,5.06,5.1,100.0,21.0,22.0,0.8,0.81,16.0,7.1,67.0,9.176039521010084,242.8689947951655,0,0
83048.0,1.0,48.0,525.0,26.7,32.22,43.0,93.0,16.0,19.0,0.7,1.14,16.0,4.1,15.1,43.1,4.9,4.8,49.0,2013-2014,48.0,525.0,32.22,26.7,4.3,15.1,43.1,4.9,4.8,93.0,16.0,19.0,0.7,1.14,16.0,4.1,49.0,11.027421884919681,267.9693229017577,0,0
83058.0,1.0,27.0,892.0,23.5,66.57,46.0,100.0,16.0,21.0,0.7,1.15,13.0,6.4,16.6,49.6,5.31,5.0,56.0,2013-2014,27.0,892.0,66.57,23.5,4.6,16.6,49.6,5.31,5.0,100.0,16.0,21.0,0.7,1.15,13.0,6.4,56.0,12.284592277098541,318.4887377212815,0,0
83059.0,1.0,19.0,457.0,24.4,46.39,45.0,85.0,35.0,29.0,1.0,0.68,13.0,4.5,14.3,40.1,4.51,4.9,48.0,2013-2014,19.0,457.0,46.39,24.4,4.5,14.3,40.1,4.51,4.9,85.0,35.0,29.0,1.0,0.68,13.0,4.5,48.0,7.326410334497859,185.97362110389642,0,0
83064.0,1.0,41.0,329.0,27.4,28.32,48.0,129.0,21.0,20.0,0.5,1.25,19.0,6.8,15.0,44.8,5.03,6.9,54.0,2013-2014,41.0,329.0,28.32,27.4,4.8,15.0,44.8,5.03,6.9,129.0,21.0,20.0,0.5,1.25,19.0,6.8,54.0,6.570103196475262,177.4558795486473,0,0
83078.0,1.0,32.0,353.0,22.1,19.28,42.0,100.0,35.0,26.0,0.5,1.0,14.0,5.1,14.9,43.8,4.93,5.7,47.0,2013-2014,32.0,353.0,19.28,22.1,4.2,14.9,43.8,4.93,5.7,100.0,35.0,26.0,0.5,1.0,14.0,5.1,47.0,9.198362476406283,218.5383998701221,0,0
83081.0,1.0,41.0,641.97,33.0,98.74,35.0,124.0,28.0,36.0,0.5,0.85,8.0,7.4,13.8,40.3,4.36,7.2,64.0,2013-2014,41.0,641.97,98.74,33.0,3.5,13.8,40.3,4.36,7.2,124.0,28.0,36.0,0.5,0.85,8.0,7.4,64.0,6.365372767778576,127.08680340734695,0,1
83082.0,1.0,27.0,288.46,20.2,23.44,45.0,96.0,28.0,32.0,0.7,1.08,14.0,7.8,14.5,41.8,4.97,5.5,46.0,2013-2014,27.0,288.46,23.44,20.2,4.5,14.5,41.8,4.97,5.5,96.0,28.0,32.0,0.7,1.08,14.0,7.8,46.0,6.47867535214399,164.45471386190908,1,1
83084.0,1.0,50.0,309.67,18.3,,45.0,90.0,20.0,25.0,0.6,0.72,14.0,5.9,17.3,49.1,5.41,5.1,59.0,2013-2014,50.0,309.67,,18.3,4.5,17.3,49.1,5.41,5.1,90.0,20.0,25.0,0.6,0.72,14.0,5.9,59.0,,,0,0
83087.0,1.0,39.0,362.0,30.8,35.28,47.0,137.0,63.0,47.0,0.5,0.82,18.0,5.8,16.2,46.9,5.38,5.3,24.0,2013-2014,39.0,362.0,35.28,30.8,4.7,16.2,46.9,5.38,5.3,137.0,63.0,47.0,0.5,0.82,18.0,5.8,24.0,6.556394832269974,173.53292983837795,0,0
83092.0,1.0,57.0,305.0,15.2,51.28,43.0,82.0,20.0,20.0,0.6,0.98,17.0,6.5,14.7,43.3,5.01,5.6,50.0,2013-2014,57.0,305.0,51.28,15.2,4.3,14.7,43.3,5.01,5.6,82.0,20.0,20.0,0.6,0.98,17.0,6.5,50.0,4.436780718103915,107.81496684367944,0,1
83094.0,1.0,43.0,245.0,14.8,17.72,41.0,155.0,27.0,17.0,0.7,0.57,14.0,4.9,14.9,44.1,4.76,6.8,48.0,2013-2014,43.0,245.0,17.72,14.8,4.1,14.9,44.1,4.76,6.8,155.0,27.0,17.0,0.7,0.57,14.0,4.9,48.0,6.502744206393782,150.97119474806817,1,0
83097.0,1.0,51.0,485.0,24.3,46.83,43.0,95.0,25.0,32.0,0.9,0.86,13.0,5.3,14.9,45.1,4.92,5.1,71.0,2013-2014,51.0,485.0,46.83,24.3,4.3,14.9,45.1,4.92,5.1,95.0,25.0,32.0,0.9,0.86,13.0,5.3,71.0,7.949255124589751,193.1690412808722,0,0
83099.0,1.0,32.0,313.58,17.8,15.5,46.0,84.0,21.0,17.0,0.4,1.04,21.0,4.9,15.3,45.0,5.93,5.6,39.0,2013-2014,32.0,313.58,15.5,17.8,4.6,15.3,45.0,5.93,5.6,84.0,21.0,17.0,0.4,1.04,21.0,4.9,39.0,8.25732449906537,214.07831837976815,0,0
83104.0,1.0,59.0,564.0,21.0,41.26,45.0,88.0,22.0,23.0,0.6,1.07,18.0,6.7,14.6,42.8,4.83,5.5,55.0,2013-2014,59.0,564.0,41.26,21.0,4.5,14.6,42.8,4.83,5.5,88.0,22.0,23.0,0.6,1.07,18.0,6.7,55.0,10.078714247350556,255.8381115817862,0,0
83106.0,1.0,44.0,481.96,28.0,,46.0,101.0,17.0,29.0,0.6,1.12,11.0,8.0,15.3,45.7,5.44,6.2,53.0,2013-2014,44.0,481.96,,28.0,4.6,15.3,45.7,5.44,6.2,101.0,17.0,29.0,0.6,1.12,11.0,8.0,53.0,,,0,0
83110.0,1.0,34.0,463.42,20.4,,43.0,81.0,27.0,25.0,0.6,0.96,22.0,5.6,16.0,47.9,5.39,5.4,43.0,2013-2014,34.0,463.42,,20.4,4.3,16.0,47.9,5.39,5.4,81.0,27.0,25.0,0.6,0.96,22.0,5.6,43.0,,,0,0
83125.0,1.0,45.0,287.78,27.0,24.84,46.0,142.0,26.0,19.0,0.5,0.72,9.0,3.9,13.9,40.3,4.56,6.5,48.0,2013-2014,45.0,287.78,24.84,27.0,4.6,13.9,40.3,4.56,6.5,142.0,26.0,19.0,0.5,0.72,9.0,3.9,48.0,6.206557293992082,160.91039519833586,1,1
83127.0,1.0,38.0,347.14,17.0,,46.0,105.0,172.0,72.0,0.9,0.89,12.0,7.0,16.0,46.0,4.95,5.0,42.0,2013-2014,38.0,347.14,,17.0,4.6,16.0,46.0,4.95,5.0,105.0,172.0,72.0,0.9,0.89,12.0,7.0,42.0,,,0,0
83128.0,1.0,35.0,314.39,18.0,30.82,45.0,86.0,59.0,38.0,0.3,0.89,16.0,4.3,14.8,44.3,4.95,5.5,49.0,2013-2014,35.0,314.39,30.82,18.0,4.5,14.8,44.3,4.95,5.5,86.0,59.0,38.0,0.3,0.89,16.0,4.3,49.0,6.194245857370816,157.23475474459812,0,1
83130.0,1.0,38.0,247.0,28.2,18.08,43.0,200.0,47.0,33.0,0.8,0.93,10.0,4.8,15.3,46.1,5.41,9.7,41.0,2013-2014,38.0,247.0,18.08,28.2,4.3,15.3,46.1,5.41,9.7,200.0,47.0,33.0,0.8,0.93,10.0,4.8,41.0,6.311629293621098,153.37429236578663,1,1
83136.0,1.0,31.0,416.3,19.6,,45.0,127.0,166.0,77.0,0.8,1.04,10.0,6.1,16.9,49.4,5.28,5.1,97.0,2013-2014,31.0,416.3,,19.6,4.5,16.9,49.4,5.28,5.1,127.0,166.0,77.0,0.8,1.04,10.0,6.1,97.0,,,0,0
83138.0,1.0,54.0,515.0,24.6,26.63,43.0,163.0,27.0,21.0,0.6,1.31,12.0,6.1,18.0,55.1,5.53,6.9,37.0,2013-2014,54.0,515.0,26.63,24.6,4.3,18.0,55.1,5.53,6.9,163.0,27.0,21.0,0.6,1.31,12.0,6.1,37.0,11.9395841439639,290.13511155874966,0,0
83148.0,1.0,54.0,274.0,32.8,46.01,36.0,89.0,16.0,31.0,0.4,1.08,9.0,7.3,8.0,25.3,3.8,5.2,65.0,2013-2014,54.0,274.0,46.01,32.8,3.6,8.0,25.3,3.8,5.2,89.0,16.0,31.0,0.4,1.08,9.0,7.3,65.0,4.547669114374314,93.25997057634747,1,1
83152.0,1.0,27.0,791.0,41.2,44.28,40.0,81.0,38.0,109.0,0.3,0.89,8.0,6.7,13.5,40.9,4.79,5.8,22.0,2013-2014,27.0,791.0,44.28,41.2,4.0,13.5,40.9,4.79,5.8,81.0,38.0,109.0,0.3,0.89,8.0,6.7,22.0,15.33405317100883,347.6945836924459,0,0
83153.0,1.0,20.0,632.0,15.0,33.74,50.0,84.0,9.0,20.0,1.1,0.78,9.0,5.8,16.3,46.9,4.85,4.9,57.0,2013-2014,20.0,632.0,33.74,15.0,5.0,16.3,46.9,4.85,4.9,84.0,9.0,20.0,1.1,0.78,9.0,5.8,57.0,12.19982974233374,342.7339227357069,0,0
83154.0,1.0,26.0,496.77,32.1,,50.0,91.0,25.0,27.0,0.8,1.19,20.0,8.8,16.8,46.9,5.1,4.7,41.0,2013-2014,26.0,496.77,,32.1,5.0,16.8,46.9,5.1,4.7,91.0,25.0,27.0,0.8,1.19,20.0,8.8,41.0,,,0,0
83157.0,1.0,31.0,415.0,33.0,21.28,46.0,86.0,42.0,34.0,0.4,0.81,4.0,5.9,15.6,46.4,5.49,5.1,39.0,2013-2014,31.0,415.0,21.28,33.0,4.6,15.6,46.4,5.49,5.1,86.0,42.0,34.0,0.4,0.81,4.0,5.9,39.0,9.939681603994037,257.694889337849,0,0
83158.0,1.0,38.0,397.0,18.3,34.31,44.0,79.0,36.0,28.0,1.2,0.93,12.0,6.0,15.6,45.3,5.15,5.4,49.0,2013-2014,38.0,397.0,34.31,18.3,4.4,15.6,45.3,5.15,5.4,79.0,36.0,28.0,1.2,0.93,12.0,6.0,49.0,7.639398858096648,189.77898660626545,0,0
83172.0,1.0,23.0,336.0,26.0,19.54,46.0,79.0,31.0,21.0,0.5,0.99,18.0,6.9,14.9,44.6,5.08,5.7,36.0,2013-2014,23.0,336.0,19.54,26.0,4.6,14.9,44.6,5.08,5.7,79.0,31.0,21.0,0.5,0.99,18.0,6.9,36.0,8.164259609487043,211.66553018628224,0,0
83180.0,1.0,30.0,364.0,16.9,20.2,45.0,97.0,76.0,45.0,1.4,0.68,15.0,6.6,16.0,47.4,5.05,4.4,42.0,2013-2014,30.0,364.0,20.2,16.9,4.5,16.0,47.4,5.05,4.4,97.0,76.0,45.0,1.4,0.68,15.0,6.6,42.0,8.918737970296007,226.39327041275325,0,0
83192.0,1.0,57.0,284.0,15.5,24.65,41.0,100.0,23.0,19.0,0.6,0.84,10.0,5.6,14.2,42.4,4.92,5.6,43.0,2013-2014,57.0,284.0,24.65,15.5,4.1,14.2,42.4,4.92,5.6,100.0,23.0,19.0,0.6,0.84,10.0,5.6,43.0,6.558972113142011,152.27661196740405,1,0
83206.0,1.0,36.0,368.0,25.9,36.76,47.0,91.0,27.0,28.0,0.7,1.31,20.0,7.6,14.8,43.2,5.04,5.6,41.0,2013-2014,36.0,368.0,36.76,25.9,4.7,14.8,43.2,5.04,5.6,91.0,27.0,28.0,0.7,1.31,20.0,7.6,41.0,6.518942779601605,172.5416587825204,0,0
83207.0,1.0,60.0,286.54,29.5,30.01,48.0,96.0,29.0,24.0,0.6,0.9,16.0,6.0,17.0,50.9,5.49,6.6,44.0,2013-2014,60.0,286.54,30.01,29.5,4.8,17.0,50.9,5.49,6.6,96.0,29.0,24.0,0.6,0.9,16.0,6.0,44.0,5.486849851110948,148.1976366524373,1,1
83212.0,1.0,45.0,503.97,15.8,,43.0,98.0,24.0,19.0,0.5,1.11,27.0,5.5,16.0,48.1,5.35,5.6,49.0,2013-2014,45.0,503.97,,15.8,4.3,16.0,48.1,5.35,5.6,98.0,24.0,19.0,0.5,1.11,27.0,5.5,49.0,,,0,0
83218.0,1.0,52.0,495.4,20.9,79.34,42.0,117.0,21.0,19.0,0.3,1.04,14.0,5.1,15.8,45.1,5.07,5.5,38.0,2013-2014,52.0,495.4,79.34,20.9,4.2,15.8,45.1,5.07,5.5,117.0,21.0,19.0,0.3,1.04,14.0,5.1,38.0,5.477996364889652,130.148443611351,0,1
83220.0,1.0,23.0,387.0,20.3,21.85,45.0,82.0,28.0,34.0,0.4,0.94,14.0,5.6,13.8,40.5,4.73,5.6,31.0,2013-2014,23.0,387.0,21.85,20.3,4.5,13.8,40.5,4.73,5.6,82.0,28.0,34.0,0.4,0.94,14.0,5.6,31.0,9.22798101168828,234.24309666915346,0,0
83233.0,1.0,51.0,1130.0,29.5,133.1,38.0,62.0,86.0,66.0,0.4,0.79,8.0,4.8,14.8,42.8,4.32,5.5,56.0,2013-2014,51.0,1130.0,133.1,29.5,3.8,14.8,42.8,4.32,5.5,62.0,86.0,66.0,0.4,0.79,8.0,4.8,56.0,9.230384638583848,199.29264189858512,0,0
83241.0,1.0,51.0,298.0,27.3,15.33,47.0,123.0,29.0,25.0,0.6,0.97,11.0,7.2,15.5,45.2,4.85,6.1,32.0,2013-2014,51.0,298.0,15.33,27.3,4.7,15.5,45.2,4.85,6.1,123.0,29.0,25.0,0.6,0.97,11.0,7.2,32.0,7.7286197806426316,204.5590707168278,1,0
83263.0,1.0,41.0,140.0,11.5,11.74,47.0,328.0,44.0,33.0,0.4,0.91,12.0,3.9,14.3,42.5,5.07,7.8,33.0,2013-2014,41.0,140.0,11.74,11.5,4.7,14.3,42.5,5.07,7.8,328.0,44.0,33.0,0.4,0.91,12.0,3.9,33.0,3.8001145738359505,100.58043064666326,1,1
83268.0,1.0,25.0,524.0,19.0,37.66,51.0,81.0,18.0,19.0,0.8,1.05,23.0,4.0,14.2,41.5,4.73,5.1,64.0,2013-2014,25.0,524.0,37.66,19.0,5.1,14.2,41.5,4.73,5.1,81.0,18.0,19.0,0.8,1.05,23.0,4.0,64.0,9.157743414041363,262.2338442039618,0,0
83271.0,1.0,21.0,275.0,22.9,20.8,46.0,84.0,15.0,27.0,0.6,0.95,11.0,6.6,14.6,42.5,4.86,5.0,53.0,2013-2014,21.0,275.0,20.8,22.9,4.6,14.6,42.5,4.86,5.0,84.0,15.0,27.0,0.6,0.95,11.0,6.6,53.0,6.403242324671719,166.0096256601078,1,1
83276.0,1.0,35.0,901.0,23.1,80.56,45.0,94.0,13.0,18.0,0.1,1.08,16.0,3.9,14.6,42.8,4.63,5.1,42.0,2013-2014,35.0,901.0,80.56,23.1,4.5,14.6,42.8,4.63,5.1,94.0,13.0,18.0,0.1,1.08,16.0,3.9,42.0,10.709566868598571,271.8516763426821,0,0
83277.0,1.0,51.0,406.0,36.3,33.9,45.0,100.0,16.0,20.0,0.7,0.86,10.0,4.8,14.0,42.9,4.7,5.1,63.0,2013-2014,51.0,406.0,33.9,36.3,4.5,14.0,42.9,4.7,5.1,100.0,16.0,20.0,0.7,0.86,10.0,4.8,63.0,7.797240491207636,197.92517516249578,0,0
83280.0,1.0,39.0,158.0,17.6,17.02,45.0,107.0,32.0,30.0,0.4,0.91,19.0,7.8,14.8,43.1,4.9,5.3,25.0,2013-2014,39.0,158.0,17.02,17.6,4.5,14.8,43.1,4.9,5.3,107.0,32.0,30.0,0.4,0.91,19.0,7.8,25.0,3.913758489957024,99.34685681965853,1,1
83285.0,1.0,29.0,354.79,14.9,51.85,44.0,96.0,21.0,20.0,0.8,0.85,9.0,6.6,16.0,47.3,5.36,4.6,41.0,2013-2014,29.0,354.79,51.85,14.9,4.4,16.0,47.3,5.36,4.6,96.0,21.0,20.0,0.8,0.85,9.0,6.6,41.0,5.1545335040326785,128.04962314365764,0,1
83291.0,1.0,38.0,312.0,22.9,21.45,41.0,91.0,24.0,21.0,0.3,0.87,13.0,5.4,16.5,47.0,5.27,5.5,42.0,2013-2014,38.0,312.0,21.45,22.9,4.1,16.5,47.0,5.27,5.5,91.0,24.0,21.0,0.3,0.87,13.0,5.4,42.0,7.778539255516456,180.59073639178524,0,0
83314.0,1.0,54.0,371.0,21.2,65.26,45.0,87.0,31.0,23.0,0.5,1.33,11.0,7.0,15.3,45.6,5.63,6.3,39.0,2013-2014,54.0,371.0,65.26,21.2,4.5,15.3,45.6,5.63,6.3,87.0,31.0,23.0,0.5,1.33,11.0,7.0,39.0,4.5369069067415095,115.16485803218735,0,1
83333.0,1.0,47.0,426.0,23.8,25.1,44.0,102.0,12.0,17.0,0.8,0.77,15.0,5.0,15.2,45.8,5.08,5.8,46.0,2013-2014,47.0,426.0,25.1,23.8,4.4,15.2,45.8,5.08,5.8,102.0,12.0,17.0,0.8,0.77,15.0,5.0,46.0,9.772964358873336,242.78131128085002,0,0
83334.0,1.0,27.0,400.21,23.6,17.04,52.0,83.0,36.0,24.0,1.0,0.99,13.0,7.8,15.7,47.1,5.11,5.6,36.0,2013-2014,27.0,400.21,17.04,23.6,5.2,15.7,47.1,5.11,5.6,83.0,36.0,24.0,1.0,0.99,13.0,7.8,36.0,9.53238394503066,278.1270336898625,0,0
83345.0,1.0,54.0,386.0,24.7,56.4,45.0,105.0,30.0,22.0,0.5,0.96,10.0,7.3,14.5,42.7,5.41,6.7,33.0,2013-2014,54.0,386.0,56.4,24.7,4.5,14.5,42.7,5.41,6.7,105.0,30.0,22.0,0.5,0.96,10.0,7.3,33.0,5.2839659513860395,134.1282069804118,0,1
83352.0,1.0,20.0,543.0,31.8,33.6,48.0,87.0,30.0,36.0,0.9,0.93,9.0,6.3,15.8,45.8,5.13,5.2,43.0,2013-2014,20.0,543.0,33.6,31.8,4.8,15.8,45.8,5.13,5.2,87.0,30.0,36.0,0.9,0.93,9.0,6.3,43.0,10.516823756521045,284.0552353534981,0,0
83358.0,1.0,37.0,801.14,42.0,,41.0,112.0,30.0,26.0,0.6,1.23,11.0,6.5,15.9,45.2,5.25,6.1,49.0,2013-2014,37.0,801.14,,42.0,4.1,15.9,45.2,5.25,6.1,112.0,30.0,26.0,0.6,1.23,11.0,6.5,49.0,,,0,0
83360.0,1.0,25.0,465.0,23.0,23.14,44.0,92.0,25.0,23.0,0.6,1.06,18.0,5.8,15.1,43.9,4.97,5.6,55.0,2013-2014,25.0,465.0,23.14,23.0,4.4,15.1,43.9,4.97,5.6,92.0,25.0,23.0,0.6,1.06,18.0,5.8,55.0,11.20246966229117,278.29327666846564,0,0
83363.0,1.0,28.0,695.69,28.5,44.21,46.0,87.0,29.0,23.0,0.8,1.21,7.0,5.1,15.9,46.0,5.24,5.0,43.0,2013-2014,28.0,695.69,44.21,28.5,4.6,15.9,46.0,5.24,5.0,87.0,29.0,23.0,0.8,1.21,7.0,5.1,43.0,12.207564340952741,316.4917214916028,0,0
83364.0,1.0,46.0,390.0,20.9,29.83,46.0,83.0,58.0,32.0,0.7,0.82,8.0,5.9,16.2,47.4,5.66,5.3,41.0,2013-2014,46.0,390.0,29.83,20.9,4.6,16.2,47.4,5.66,5.3,83.0,58.0,32.0,0.7,0.82,8.0,5.9,41.0,7.904466750286562,204.93017439022432,0,0
83381.0,1.0,59.0,770.0,36.4,31.31,42.0,287.0,17.0,20.0,0.6,1.41,20.0,5.8,13.1,38.0,4.0,9.6,41.0,2013-2014,59.0,770.0,31.31,36.4,4.2,13.1,38.0,4.0,9.6,287.0,17.0,20.0,0.6,1.41,20.0,5.8,41.0,17.86921460233214,424.5439964065405,0,0
83382.0,1.0,44.0,547.0,25.1,33.14,44.0,98.0,30.0,31.0,0.7,1.09,14.0,5.4,15.6,48.0,5.32,5.5,59.0,2013-2014,44.0,547.0,33.14,25.1,4.4,15.6,48.0,5.32,5.5,98.0,30.0,31.0,0.7,1.09,14.0,5.4,59.0,11.23374719398479,279.0702773695181,0,0
83388.0,1.0,50.0,497.0,18.7,,42.0,94.0,23.0,21.0,0.7,1.14,14.0,5.8,14.2,42.2,4.41,5.5,60.0,2013-2014,50.0,497.0,,18.7,4.2,14.2,42.2,4.41,5.5,94.0,23.0,21.0,0.7,1.14,14.0,5.8,60.0,,,0,0
83389.0,1.0,30.0,528.0,37.7,42.12,44.0,78.0,27.0,24.0,1.0,1.06,9.0,7.5,14.5,41.8,5.07,4.5,48.0,2013-2014,30.0,528.0,42.12,37.7,4.4,14.5,41.8,5.07,4.5,78.0,27.0,24.0,1.0,1.06,9.0,7.5,48.0,9.315589080488,231.41913233940986,0,0
83392.0,1.0,35.0,110.31,11.7,,45.0,99.0,36.0,25.0,1.0,1.02,8.0,7.2,16.1,46.3,5.14,5.3,37.0,2013-2014,35.0,110.31,,11.7,4.5,16.1,46.3,5.14,5.3,99.0,36.0,25.0,1.0,1.02,8.0,7.2,37.0,,,1,0
83396.0,1.0,21.0,559.94,21.4,54.59,49.0,96.0,37.0,26.0,0.7,0.68,11.0,5.0,15.4,44.3,4.72,5.0,51.0,2013-2014,21.0,559.94,54.59,21.4,4.9,15.4,44.3,4.72,5.0,96.0,37.0,26.0,0.7,0.68,11.0,5.0,51.0,7.961324588070936,219.3461940637717,0,0
83399.0,1.0,23.0,579.0,35.1,36.35,47.0,69.0,22.0,25.0,1.5,1.17,15.0,5.8,16.1,46.3,5.12,5.1,33.0,2013-2014,23.0,579.0,36.35,35.1,4.7,16.1,46.3,5.12,5.1,69.0,22.0,25.0,1.5,1.17,15.0,5.8,33.0,10.964854725707754,290.2148840150724,0,0
83408.0,1.0,36.0,284.0,7.4,38.61,42.0,87.0,11.0,14.0,0.5,0.98,13.0,4.1,13.8,39.5,4.28,5.3,35.0,2013-2014,36.0,284.0,38.61,7.4,4.2,13.8,39.5,4.28,5.3,87.0,11.0,14.0,0.5,0.98,13.0,4.1,35.0,5.013134161059405,119.10406017400128,1,1
83414.0,1.0,47.0,545.92,26.3,45.51,45.0,88.0,36.0,26.0,0.6,0.93,11.0,7.1,16.3,48.0,5.37,6.1,40.0,2013-2014,47.0,545.92,45.51,26.3,4.5,16.3,48.0,5.37,6.1,88.0,36.0,26.0,0.6,0.93,11.0,7.1,40.0,9.10216814042569,231.0494623814302,0,0
83417.0,1.0,33.0,224.0,13.7,11.37,45.0,192.0,27.0,18.0,0.9,0.71,9.0,3.3,16.5,44.4,5.15,7.0,32.0,2013-2014,33.0,224.0,11.37,13.7,4.5,16.5,44.4,5.15,7.0,192.0,27.0,18.0,0.9,0.71,9.0,3.3,32.0,6.460302500694847,163.98833734762732,1,1
83438.0,1.0,57.0,463.0,28.3,38.22,40.0,97.0,19.0,19.0,0.5,2.22,29.0,8.6,12.0,35.8,4.06,6.1,58.0,2013-2014,57.0,463.0,38.22,28.3,4.0,12.0,35.8,4.06,6.1,97.0,19.0,19.0,0.5,2.22,29.0,8.6,58.0,8.92780538115114,202.43503401666513,0,0
83439.0,1.0,30.0,588.0,19.4,32.71,47.0,90.0,24.0,17.0,0.5,0.82,14.0,6.7,16.3,46.7,5.29,5.1,46.0,2013-2014,30.0,588.0,32.71,19.4,4.7,16.3,46.7,5.29,5.1,90.0,24.0,17.0,0.5,0.82,14.0,6.7,46.0,11.84117892424479,313.40920186059327,0,0
83447.0,1.0,32.0,482.0,35.8,31.23,43.0,107.0,58.0,30.0,0.4,0.94,13.0,6.2,16.4,49.4,5.49,5.5,54.0,2013-2014,32.0,482.0,31.23,35.8,4.3,16.4,49.4,5.49,5.5,107.0,58.0,30.0,0.4,0.94,13.0,6.2,54.0,10.171314124229072,247.16567365742,0,0
83452.0,1.0,48.0,316.61,30.1,,44.0,100.0,23.0,21.0,0.6,0.91,9.0,8.2,15.8,45.7,5.18,5.1,40.0,2013-2014,48.0,316.61,,30.1,4.4,15.8,45.7,5.18,5.1,100.0,23.0,21.0,0.6,0.91,9.0,8.2,40.0,,,0,0
83465.0,1.0,24.0,676.0,29.4,42.39,51.0,89.0,18.0,23.0,0.4,1.16,19.0,5.2,15.9,47.9,5.09,5.3,77.0,2013-2014,24.0,676.0,42.39,29.4,5.1,15.9,47.9,5.09,5.3,89.0,18.0,23.0,0.4,1.16,19.0,5.2,77.0,11.463712686451753,328.2657430659906,0,0
83467.0,1.0,20.0,562.0,27.0,25.11,47.0,104.0,24.0,25.0,0.7,1.27,7.0,9.1,15.0,44.9,5.23,5.5,45.0,2013-2014,20.0,562.0,25.11,27.0,4.7,15.0,44.9,5.23,5.5,104.0,24.0,25.0,0.7,1.27,7.0,9.1,45.0,12.815580748724015,339.19941245155576,0,0
83476.0,1.0,22.0,653.0,28.7,19.52,40.0,81.0,50.0,54.0,0.3,0.66,10.0,3.9,13.9,42.6,4.73,5.3,35.0,2013-2014,22.0,653.0,19.52,28.7,4.0,13.9,42.6,4.73,5.3,81.0,50.0,54.0,0.3,0.66,10.0,3.9,35.0,18.952740018404292,429.7471110240515,0,0
83477.0,1.0,20.0,440.51,37.5,17.29,47.0,89.0,17.0,24.0,0.8,1.12,16.0,5.7,15.1,46.0,4.96,5.5,60.0,2013-2014,20.0,440.51,17.29,37.5,4.7,15.1,46.0,4.96,5.5,89.0,17.0,24.0,0.8,1.12,16.0,5.7,60.0,11.329568394630524,299.86802924799304,0,0
83478.0,1.0,33.0,421.0,13.4,32.37,44.0,82.0,28.0,26.0,0.5,1.0,14.0,6.9,14.9,42.9,4.99,5.4,72.0,2013-2014,33.0,421.0,32.37,13.4,4.4,14.9,42.9,4.99,5.4,82.0,28.0,26.0,0.5,1.0,14.0,6.9,72.0,8.439501521970481,209.6552459234522,0,0
83487.0,1.0,33.0,245.0,14.4,28.62,44.0,88.0,22.0,21.0,1.0,1.02,13.0,5.3,16.5,47.5,5.42,4.9,42.0,2013-2014,33.0,245.0,28.62,14.4,4.4,16.5,47.5,5.42,4.9,88.0,22.0,21.0,1.0,1.02,13.0,5.3,42.0,4.974404723174283,123.57483944340645,1,1
83492.0,1.0,22.0,336.0,13.9,29.7,48.0,93.0,35.0,33.0,0.5,0.9,16.0,4.9,14.4,43.6,5.07,5.3,44.0,2013-2014,22.0,336.0,29.7,13.9,4.8,14.4,43.6,5.07,5.3,93.0,35.0,33.0,0.5,0.9,16.0,4.9,44.0,6.561871196152078,177.23353648734206,0,0
83503.0,1.0,24.0,202.0,17.0,27.13,45.0,99.0,37.0,33.0,0.6,1.07,17.0,6.0,14.0,41.3,4.5,5.5,27.0,2013-2014,24.0,202.0,27.13,17.0,4.5,14.0,41.3,4.5,5.5,99.0,37.0,33.0,0.6,1.07,17.0,6.0,27.0,4.111625197365266,104.36950589233541,1,1
83506.0,1.0,46.0,349.0,26.3,20.44,45.0,92.0,27.0,23.0,0.5,1.01,12.0,6.2,13.6,39.4,4.26,5.5,48.0,2013-2014,46.0,349.0,20.44,26.3,4.5,13.6,39.4,4.26,5.5,92.0,27.0,23.0,0.5,1.01,12.0,6.2,48.0,8.474556240473646,215.11816009927682,0,0
83507.0,1.0,50.0,284.5,16.0,,38.0,292.0,14.0,14.0,0.4,0.92,10.0,4.2,15.3,45.7,5.02,11.4,48.0,2013-2014,50.0,284.5,,16.0,3.8,15.3,45.7,5.02,11.4,292.0,14.0,14.0,0.4,0.92,10.0,4.2,48.0,,,1,0
83510.0,1.0,54.0,121.0,24.7,35.35,38.0,92.0,16.0,19.0,0.9,0.92,13.0,6.7,13.4,36.3,4.45,5.6,29.0,2013-2014,54.0,121.0,35.35,24.7,3.8,13.4,36.3,4.45,5.6,92.0,16.0,19.0,0.9,0.92,13.0,6.7,29.0,2.223838886465399,48.014762568821105,1,1
83519.0,1.0,19.0,365.0,32.1,30.92,47.0,123.0,55.0,42.0,0.8,0.78,8.0,7.3,16.7,48.1,5.57,5.2,45.0,2013-2014,19.0,365.0,30.92,32.1,4.7,16.7,48.1,5.57,5.2,123.0,55.0,42.0,0.8,0.78,8.0,7.3,45.0,7.119701927454969,188.44239351879423,0,0
83525.0,1.0,33.0,266.0,31.8,22.45,44.0,84.0,49.0,33.0,0.4,0.92,7.0,6.0,15.0,43.2,5.18,5.0,40.0,2013-2014,33.0,266.0,22.45,31.8,4.4,15.0,43.2,5.18,5.0,84.0,49.0,33.0,0.4,0.92,7.0,6.0,40.0,6.135519930136379,152.41942151112326,1,1
83526.0,1.0,58.0,348.0,16.8,36.36,43.0,97.0,43.0,29.0,0.9,0.64,11.0,6.1,16.2,46.4,5.02,5.4,40.0,2013-2014,58.0,348.0,36.36,16.8,4.3,16.2,46.4,5.02,5.4,97.0,43.0,29.0,0.9,0.64,11.0,6.1,40.0,6.441824025069788,156.53805941811933,0,1
83540.0,1.0,30.0,458.85,,28.88,46.0,90.0,23.0,22.0,0.7,1.32,13.0,5.5,18.7,54.0,5.68,5.5,37.0,2013-2014,30.0,458.85,28.88,,4.6,18.7,54.0,5.68,5.5,90.0,23.0,22.0,0.7,1.32,13.0,5.5,37.0,9.646247102915423,250.08734472062753,0,0
83541.0,1.0,44.0,418.0,29.6,20.84,47.0,96.0,32.0,27.0,0.6,0.82,17.0,5.6,18.0,52.3,5.55,5.4,44.0,2013-2014,44.0,418.0,20.84,29.6,4.7,18.0,52.3,5.55,5.4,96.0,32.0,27.0,0.6,0.82,17.0,5.6,44.0,9.962493549557909,263.6846526755266,0,0
83546.0,1.0,59.0,466.0,31.3,27.92,45.0,94.0,26.0,23.0,0.7,0.94,10.0,6.5,16.0,45.3,4.79,4.9,60.0,2013-2014,59.0,466.0,27.92,31.3,4.5,16.0,45.3,4.79,4.9,94.0,26.0,23.0,0.7,0.94,10.0,6.5,60.0,10.118849799624707,256.8569125567032,0,0
83552.0,1.0,60.0,166.3,15.9,28.79,42.0,158.0,20.0,21.0,0.5,0.84,14.0,5.7,13.7,40.6,4.41,6.8,33.0,2013-2014,60.0,166.3,28.79,15.9,4.2,13.7,40.6,4.41,6.8,158.0,20.0,21.0,0.5,0.84,14.0,5.7,33.0,3.3563882111774492,79.74242272959795,1,1
83554.0,1.0,49.0,289.63,,,43.0,94.0,16.0,16.0,0.6,0.86,8.0,6.4,12.5,40.3,6.15,5.3,41.0,2013-2014,49.0,289.63,,,4.3,12.5,40.3,6.15,5.3,94.0,16.0,16.0,0.6,0.86,8.0,6.4,41.0,,,1,0
83565.0,1.0,34.0,377.0,32.2,26.18,41.0,93.0,34.0,29.0,0.7,1.11,8.0,6.3,15.2,43.7,4.63,5.5,50.0,2013-2014,34.0,377.0,26.18,32.2,4.1,15.2,43.7,4.63,5.5,93.0,34.0,29.0,0.7,1.11,8.0,6.3,50.0,8.700846498400368,202.00351566827473,0,0
83569.0,1.0,53.0,310.91,16.0,,45.0,110.0,22.0,21.0,0.5,0.9,14.0,3.8,15.2,42.9,4.39,5.3,60.0,2013-2014,53.0,310.91,,16.0,4.5,15.2,42.9,4.39,5.3,110.0,22.0,21.0,0.5,0.9,14.0,3.8,60.0,,,0,0
83574.0,1.0,19.0,437.04,,36.92,46.0,76.0,18.0,21.0,0.7,0.73,6.0,4.6,16.3,46.3,5.3,4.8,39.0,2013-2014,19.0,437.04,36.92,,4.6,16.3,46.3,5.3,4.8,76.0,18.0,21.0,0.7,0.73,6.0,4.6,39.0,7.967235692610838,206.55751380516176,0,0
83575.0,1.0,20.0,579.0,47.1,51.55,44.0,89.0,38.0,29.0,1.7,1.03,13.0,7.0,15.2,45.6,4.95,5.4,62.0,2013-2014,20.0,579.0,51.55,47.1,4.4,15.2,45.6,4.95,5.4,89.0,38.0,29.0,1.7,1.03,13.0,7.0,62.0,9.033097343740408,224.40143415131462,0,0
83580.0,1.0,28.0,627.0,43.0,34.67,46.0,82.0,20.0,25.0,1.3,1.08,12.0,7.4,16.1,45.5,5.02,4.7,46.0,2013-2014,28.0,627.0,34.67,43.0,4.6,16.1,45.5,5.02,4.7,82.0,20.0,25.0,1.3,1.08,12.0,7.4,46.0,12.513673342074997,324.42786354446514,0,0
83583.0,1.0,20.0,178.99,19.5,,44.0,91.0,33.0,19.0,0.4,0.74,9.0,7.7,14.3,42.5,4.89,5.5,49.0,2013-2014,20.0,178.99,,19.5,4.4,14.3,42.5,4.89,5.5,91.0,33.0,19.0,0.4,0.74,9.0,7.7,49.0,,,1,0
83585.0,1.0,43.0,364.09,17.0,49.16,40.0,139.0,40.0,49.0,0.5,0.94,13.0,6.0,13.8,40.2,4.03,6.4,47.0,2013-2014,43.0,364.09,49.16,17.0,4.0,13.8,40.2,4.03,6.4,139.0,40.0,49.0,0.5,0.94,13.0,6.0,47.0,5.715315871615267,129.59289696537306,0,1
83586.0,1.0,50.0,575.0,27.5,42.2,46.0,90.0,21.0,18.0,0.4,0.92,11.0,5.3,15.7,46.8,5.38,5.1,36.0,2013-2014,50.0,575.0,42.2,27.5,4.6,15.7,46.8,5.38,5.1,90.0,21.0,18.0,0.4,0.92,11.0,5.3,36.0,10.04854247019526,260.51720196179406,0,0
83589.0,1.0,59.0,846.0,38.9,69.95,44.0,96.0,22.0,21.0,0.9,0.95,12.0,7.2,16.0,46.2,4.82,5.0,43.0,2013-2014,59.0,846.0,69.95,38.9,4.4,16.0,46.2,4.82,5.0,96.0,22.0,21.0,0.9,0.95,12.0,7.2,43.0,11.256664086667595,279.6395819378871,0,0
83592.0,1.0,58.0,329.0,29.3,34.44,44.0,117.0,29.0,24.0,1.0,0.88,15.0,8.2,16.5,47.4,5.49,5.5,43.0,2013-2014,58.0,329.0,34.44,29.3,4.4,16.5,47.4,5.49,5.5,117.0,29.0,24.0,1.0,0.88,15.0,8.2,43.0,6.184027458320475,153.6244521310124,0,1
83604.0,1.0,60.0,369.0,28.9,28.88,45.0,97.0,19.0,22.0,1.0,0.62,14.0,6.2,15.0,43.6,4.36,5.0,45.0,2013-2014,60.0,369.0,28.88,28.9,4.5,15.0,43.6,4.36,5.0,97.0,19.0,22.0,1.0,0.62,14.0,6.2,45.0,7.654501247397075,194.30188178509837,0,0
83613.0,1.0,23.0,462.0,22.4,32.16,47.0,84.0,18.0,26.0,1.6,1.09,14.0,5.5,16.0,47.0,5.18,5.2,47.0,2013-2014,23.0,462.0,32.16,22.4,4.7,16.0,47.0,5.18,5.2,84.0,18.0,26.0,1.6,1.09,14.0,5.5,47.0,9.070668128266659,240.08005255301774,0,0
83618.0,1.0,40.0,381.0,22.6,40.08,43.0,91.0,40.0,28.0,0.5,0.94,14.0,5.6,13.9,41.7,4.89,5.6,36.0,2013-2014,40.0,381.0,40.08,22.6,4.3,13.9,41.7,4.89,5.6,91.0,40.0,28.0,0.5,0.94,14.0,5.6,36.0,6.705400450481876,162.94303757054968,0,0
83619.0,1.0,31.0,395.0,13.1,25.51,47.0,91.0,19.0,23.0,0.7,1.01,14.0,6.5,14.7,44.3,4.78,5.3,55.0,2013-2014,31.0,395.0,25.51,13.1,4.7,14.7,44.3,4.78,5.3,91.0,19.0,23.0,0.7,1.01,14.0,6.5,55.0,8.561123259108191,226.59355329675378,0,0
83627.0,1.0,49.0,560.0,36.2,59.3,43.0,91.0,26.0,24.0,0.5,0.69,5.0,5.9,16.9,49.5,5.4,6.1,46.0,2013-2014,49.0,560.0,59.3,36.2,4.3,16.9,49.5,5.4,6.1,91.0,26.0,24.0,0.5,0.69,5.0,5.9,46.0,7.904683271381748,192.08593323900442,0,0
83632.0,1.0,47.0,573.0,10.5,67.03,36.0,118.0,16.0,17.0,0.5,0.92,14.0,5.5,14.5,42.6,4.52,5.4,43.0,2013-2014,47.0,573.0,67.03,10.5,3.6,14.5,42.6,4.52,5.4,118.0,16.0,17.0,0.5,0.92,14.0,5.5,43.0,7.824282417413397,160.4541424798449,0,0
83633.0,1.0,45.0,268.0,19.9,25.7,40.0,97.0,41.0,26.0,0.7,0.96,9.0,7.6,15.0,43.9,4.98,5.3,53.0,2013-2014,45.0,268.0,25.7,19.9,4.0,15.0,43.9,4.98,5.3,97.0,41.0,26.0,0.7,0.96,9.0,7.6,53.0,6.107034178812366,138.47498001456364,1,1
83634.0,1.0,51.0,442.0,20.9,61.47,40.0,107.0,26.0,20.0,0.4,1.27,13.0,6.6,13.6,40.6,4.34,6.2,43.0,2013-2014,51.0,442.0,61.47,20.9,4.0,13.6,40.6,4.34,6.2,107.0,26.0,20.0,0.4,1.27,13.0,6.6,43.0,6.009955867753378,136.27376142135853,0,1
83636.0,1.0,25.0,688.0,,60.71,46.0,81.0,26.0,27.0,2.8,0.99,13.0,6.0,16.1,46.9,5.07,5.1,100.0,2013-2014,25.0,688.0,60.71,,4.6,16.1,46.9,5.07,5.1,81.0,26.0,27.0,2.8,0.99,13.0,6.0,100.0,9.630637138339479,249.6826428142456,0,0
83637.0,1.0,40.0,359.0,36.9,30.82,44.0,89.0,29.0,27.0,1.1,1.06,21.0,8.2,17.5,51.6,5.59,5.6,35.0,2013-2014,40.0,359.0,30.82,36.9,4.4,17.5,51.6,5.59,5.6,89.0,29.0,27.0,1.1,1.06,21.0,8.2,35.0,7.257505621066959,180.2919428137467,0,0
83642.0,1.0,33.0,418.0,28.9,25.66,44.0,95.0,22.0,19.0,0.7,0.87,9.0,6.3,14.3,43.8,5.0,5.6,50.0,2013-2014,33.0,418.0,25.66,28.9,4.4,14.3,43.8,5.0,5.6,95.0,22.0,19.0,0.7,0.87,9.0,6.3,50.0,9.46517124748618,235.13507289894713,0,0
83646.0,1.0,56.0,879.0,19.7,92.74,36.0,92.0,22.0,29.0,0.4,0.9,8.0,5.4,12.6,37.6,4.03,5.7,135.0,2013-2014,56.0,879.0,92.74,19.7,3.6,12.6,37.6,4.03,5.7,92.0,22.0,29.0,0.4,0.9,8.0,5.4,135.0,9.795447803409145,200.8772298408017,0,0
83655.0,1.0,41.0,142.0,34.7,,39.0,138.0,13.0,14.0,0.4,0.81,7.0,6.2,19.5,56.5,6.13,6.6,30.0,2013-2014,41.0,142.0,,34.7,3.9,19.5,56.5,6.13,6.6,138.0,13.0,14.0,0.4,0.81,7.0,6.2,30.0,,,1,0
83659.0,1.0,19.0,399.0,21.8,31.62,43.0,97.0,30.0,32.0,0.7,0.98,19.0,3.5,13.5,38.7,4.26,5.1,57.0,2013-2014,19.0,399.0,31.62,21.8,4.3,13.5,38.7,4.26,5.1,97.0,30.0,32.0,0.7,0.98,19.0,3.5,57.0,8.15060635330505,198.06193038834908,0,0
83664.0,1.0,37.0,589.0,24.8,63.48,48.0,79.0,24.0,31.0,0.7,0.91,13.0,6.8,16.1,47.7,4.91,5.4,86.0,2013-2014,37.0,589.0,63.48,24.8,4.8,16.1,47.7,4.91,5.4,79.0,24.0,31.0,0.7,0.91,13.0,6.8,86.0,7.628375272899216,206.03938828627798,0,0
83669.0,1.0,41.0,803.16,22.2,,48.0,107.0,18.0,24.0,0.4,1.0,14.0,6.8,17.3,50.8,5.57,5.4,48.0,2013-2014,41.0,803.16,,22.2,4.8,17.3,50.8,5.57,5.4,107.0,18.0,24.0,0.4,1.0,14.0,6.8,48.0,,,0,0
83672.0,1.0,36.0,421.89,25.5,31.27,42.0,86.0,41.0,35.0,0.8,1.23,13.0,6.0,15.0,43.5,4.63,4.4,42.0,2013-2014,36.0,421.89,31.27,25.5,4.2,15.0,43.5,4.63,4.4,86.0,41.0,35.0,0.8,1.23,13.0,6.0,42.0,8.846826012693532,210.18645500245253,0,0
83674.0,1.0,40.0,465.0,24.6,51.86,48.0,86.0,34.0,23.0,0.6,0.88,18.0,5.8,15.1,42.3,5.17,5.3,47.0,2013-2014,40.0,465.0,51.86,24.6,4.8,15.1,42.3,5.17,5.3,86.0,34.0,23.0,0.6,0.88,18.0,5.8,47.0,6.733920801794748,181.88052804627185,0,0
83703.0,1.0,22.0,191.0,12.3,16.37,46.0,93.0,12.0,20.0,0.8,0.73,13.0,6.7,15.4,45.5,5.39,4.9,42.0,2013-2014,22.0,191.0,16.37,12.3,4.6,15.4,45.5,5.39,4.9,93.0,12.0,20.0,0.8,0.73,13.0,6.7,42.0,4.778689955120645,123.89169273489377,1,1
83709.0,1.0,24.0,453.23,28.7,28.97,46.0,93.0,15.0,18.0,0.6,0.98,19.0,5.0,15.0,43.6,4.8,5.3,49.0,2013-2014,24.0,453.23,28.97,28.7,4.6,15.0,43.6,4.8,5.3,93.0,15.0,18.0,0.6,0.98,19.0,5.0,49.0,9.497856263726744,246.24018317089426,0,0
83713.0,1.0,34.0,511.0,25.6,21.04,49.0,94.0,37.0,29.0,0.7,1.1,12.0,7.2,14.1,45.3,6.6,5.7,47.0,2013-2014,34.0,511.0,21.04,25.6,4.9,14.1,45.3,6.6,5.7,94.0,37.0,29.0,0.7,1.1,12.0,7.2,47.0,12.054820458727447,332.1280219758823,0,0
83715.0,1.0,58.0,375.0,18.2,37.52,39.0,129.0,20.0,21.0,0.4,0.89,12.0,4.2,14.8,42.8,4.64,5.7,51.0,2013-2014,58.0,375.0,37.52,18.2,3.9,14.8,42.8,4.64,5.7,129.0,20.0,21.0,0.4,0.89,12.0,4.2,51.0,7.188426050023507,159.10001408429662,0,0
83720.0,1.0,36.0,945.27,38.9,74.88,48.0,92.0,23.0,25.0,1.3,1.29,10.0,4.5,14.0,41.7,4.65,6.1,74.0,2013-2014,36.0,945.27,74.88,38.9,4.8,14.0,41.7,4.65,6.1,92.0,23.0,25.0,1.3,1.29,10.0,4.5,74.0,11.792468413334234,318.50989120848686,0,0
83721.0,1.0,52.0,356.13,19.8,,44.0,87.0,47.0,24.0,0.7,1.11,12.0,5.7,14.4,41.9,4.48,5.4,55.0,2013-2014,52.0,356.13,,19.8,4.4,14.4,41.9,4.48,5.4,87.0,47.0,24.0,0.7,1.11,12.0,5.7,55.0,,,0,0
83727.0,1.0,26.0,570.0,21.6,41.2,49.0,101.0,26.0,27.0,0.9,1.1,13.0,5.3,14.9,45.1,5.07,5.0,55.0,2013-2014,26.0,570.0,41.2,21.6,4.9,14.9,45.1,5.07,5.0,101.0,26.0,27.0,0.9,1.1,13.0,5.3,55.0,9.772945247808838,269.25900598406713,0,0
83733.0,1.0,53.0,505.0,28.3,29.04,45.0,94.0,35.0,31.0,0.6,1.05,10.0,7.0,17.5,49.7,4.89,5.5,63.0,2015-2016,53.0,505.0,29.04,28.3,4.5,17.5,49.7,4.89,5.5,94.0,35.0,31.0,0.6,1.05,10.0,7.0,63.0,10.865457598522104,275.8088070815784,0,0
83741.0,1.0,22.0,543.0,34.4,21.76,44.0,86.0,17.0,27.0,0.2,0.73,11.0,6.0,15.4,46.8,5.63,5.6,48.0,2015-2016,22.0,543.0,21.76,34.4,4.4,15.4,46.8,5.63,5.6,86.0,17.0,27.0,0.2,0.73,11.0,6.0,48.0,13.715876578232866,340.73167349743244,0,0
83744.0,1.0,56.0,685.0,31.9,73.08,40.0,184.0,63.0,47.0,0.4,1.37,19.0,4.8,13.9,42.1,4.6,7.6,52.0,2015-2016,56.0,685.0,73.08,31.9,4.0,13.9,42.1,4.6,7.6,184.0,63.0,47.0,0.4,1.37,19.0,4.8,52.0,8.688970500073241,197.01953208631988,0,0
83747.0,1.0,46.0,336.0,15.6,35.35,42.0,85.0,58.0,45.0,0.5,0.82,30.0,6.5,15.2,46.8,5.25,6.2,44.0,2015-2016,46.0,336.0,35.35,15.6,4.2,15.2,46.8,5.25,6.2,85.0,58.0,45.0,0.5,0.82,30.0,6.5,44.0,6.374537393933742,151.4488264140252,0,1
83750.0,1.0,45.0,964.0,46.2,82.43,46.0,80.0,87.0,62.0,0.7,0.81,17.0,5.4,15.4,46.9,5.03,5.5,50.0,2015-2016,45.0,964.0,82.43,46.2,4.6,15.4,46.9,5.03,5.5,80.0,87.0,62.0,0.7,0.81,17.0,5.4,50.0,11.32607678306807,293.6383899934888,0,0
83769.0,1.0,49.0,441.0,20.3,47.03,44.0,105.0,29.0,25.0,0.1,1.05,19.0,5.4,14.0,40.7,4.65,6.0,29.0,2015-2016,49.0,441.0,47.03,20.3,4.4,14.0,40.7,4.65,6.0,105.0,29.0,25.0,0.1,1.05,19.0,5.4,29.0,7.039634395914987,174.87955617337846,0,0
83777.0,1.0,56.0,310.0,19.8,34.44,42.0,174.0,45.0,31.0,0.6,1.01,16.0,3.6,13.0,39.6,4.43,8.9,48.0,2015-2016,56.0,310.0,34.44,19.8,4.2,13.0,39.6,4.43,8.9,174.0,45.0,31.0,0.6,1.01,16.0,3.6,48.0,5.923944478643826,140.7434584800205,0,1
83784.0,1.0,22.0,468.0,23.1,34.46,52.0,87.0,25.0,23.0,0.7,0.74,16.0,5.3,15.9,47.5,5.39,5.1,41.0,2015-2016,22.0,468.0,34.46,23.1,5.2,15.9,47.5,5.39,5.1,87.0,25.0,23.0,0.7,0.74,16.0,5.3,41.0,8.374683453370452,244.34872539851375,0,0
83790.0,1.0,56.0,550.0,17.5,48.84,45.0,372.0,22.0,14.0,0.4,1.09,15.0,4.5,17.7,51.1,5.75,13.7,46.0,2015-2016,56.0,550.0,48.84,17.5,4.5,17.7,51.1,5.75,13.7,372.0,22.0,14.0,0.4,1.09,15.0,4.5,46.0,8.75020207894115,222.11515485954027,0,0
83803.0,1.0,27.0,368.0,25.0,,45.0,71.0,21.0,31.0,0.4,1.19,12.0,5.4,15.9,47.5,5.51,5.4,48.0,2015-2016,27.0,368.0,,25.0,4.5,15.9,47.5,5.51,5.4,71.0,21.0,31.0,0.4,1.19,12.0,5.4,48.0,,,0,0
83813.0,1.0,24.0,763.0,48.8,37.25,46.0,94.0,23.0,24.0,1.2,1.05,7.0,7.6,18.2,53.6,5.69,5.0,42.0,2015-2016,24.0,763.0,37.25,48.8,4.6,18.2,53.6,5.69,5.0,94.0,23.0,24.0,1.2,1.05,7.0,7.6,42.0,15.155546000672963,392.920709646148,0,0
83816.0,1.0,27.0,738.0,34.9,62.54,47.0,83.0,15.0,16.0,0.6,0.72,13.0,5.6,,,,4.6,42.0,2015-2016,27.0,738.0,62.54,34.9,4.7,,,,4.6,83.0,15.0,16.0,0.6,0.72,13.0,5.6,42.0,10.146888971419777,268.5651820858329,0,0
83817.0,1.0,42.0,273.0,13.1,,44.0,83.0,18.0,22.0,0.8,1.49,26.0,8.5,14.9,43.0,5.09,5.3,55.0,2015-2016,42.0,273.0,,13.1,4.4,14.9,43.0,5.09,5.3,83.0,18.0,22.0,0.8,1.49,26.0,8.5,55.0,,,1,0
83829.0,1.0,50.0,300.0,20.0,39.93,43.0,88.0,24.0,24.0,0.8,0.69,10.0,5.5,15.3,45.1,5.29,5.0,50.0,2015-2016,50.0,300.0,39.93,20.0,4.3,15.3,45.1,5.29,5.0,88.0,24.0,24.0,0.8,0.69,10.0,5.5,50.0,5.1569714884536895,125.31579660286754,0,1
83844.0,1.0,27.0,1070.0,26.2,67.57,47.0,92.0,78.0,58.0,0.6,0.8,20.0,4.3,16.9,49.3,5.61,5.0,46.0,2015-2016,27.0,1070.0,67.57,26.2,4.7,16.9,49.3,5.61,5.0,92.0,78.0,58.0,0.6,0.8,20.0,4.3,46.0,15.11157389063994,399.96915359717065,0,0
83856.0,1.0,30.0,264.0,23.0,15.16,43.0,78.0,21.0,27.0,0.5,1.04,5.0,5.3,14.5,43.1,5.04,5.3,46.0,2015-2016,30.0,264.0,15.16,23.0,4.3,14.5,43.1,5.04,5.3,78.0,21.0,27.0,0.5,1.04,5.0,5.3,46.0,7.249743309795234,176.17071571317024,1,0
83860.0,1.0,41.0,356.0,28.2,20.5,43.0,101.0,31.0,22.0,0.5,1.07,13.0,8.1,15.2,46.0,5.2,6.0,45.0,2015-2016,41.0,356.0,20.5,28.2,4.3,15.2,46.0,5.2,6.0,101.0,31.0,22.0,0.5,1.07,13.0,8.1,45.0,8.908310655655551,216.47434908235746,0,0
83863.0,1.0,35.0,520.0,21.4,64.18,47.0,92.0,40.0,29.0,0.5,0.64,13.0,5.5,16.0,48.2,5.63,5.3,33.0,2015-2016,35.0,520.0,64.18,21.4,4.7,16.0,48.2,5.63,5.3,92.0,40.0,29.0,0.5,0.64,13.0,5.5,33.0,6.608778856389941,174.91941637782801,0,0
83870.0,1.0,48.0,235.0,15.1,29.68,49.0,99.0,29.0,23.0,0.6,0.82,12.0,5.8,15.7,46.7,5.11,5.5,28.0,2015-2016,48.0,235.0,29.68,15.1,4.9,15.7,46.7,5.11,5.5,99.0,29.0,23.0,0.6,0.82,12.0,5.8,28.0,4.409361729787306,121.48439659507032,1,1
83874.0,1.0,54.0,339.0,23.7,34.34,43.0,90.0,32.0,24.0,0.7,0.96,13.0,7.5,15.7,45.5,5.0,5.0,43.0,2015-2016,54.0,339.0,34.34,23.7,4.3,15.7,45.5,5.0,5.0,90.0,32.0,24.0,0.7,0.96,13.0,7.5,43.0,6.476484290300952,157.3803132016888,0,1
83889.0,1.0,26.0,289.0,11.9,26.32,46.0,95.0,21.0,18.0,0.5,0.93,12.0,5.1,13.4,40.1,4.33,5.1,64.0,2015-2016,26.0,289.0,26.32,11.9,4.6,13.4,40.1,4.33,5.1,95.0,21.0,18.0,0.5,0.93,12.0,5.1,64.0,6.061907117071272,157.16021357085495,1,1
83894.0,1.0,60.0,266.0,15.3,67.97,49.0,93.0,67.0,98.0,0.8,0.77,14.0,6.9,13.5,42.0,4.16,5.3,129.0,2015-2016,60.0,266.0,67.97,15.3,4.9,13.5,42.0,4.16,5.3,93.0,67.0,98.0,0.8,0.77,14.0,6.9,129.0,2.9837665101906032,82.20715293607113,1,1
83898.0,1.0,55.0,230.0,12.5,33.13,42.0,102.0,11.0,17.0,0.8,0.74,17.0,6.5,12.7,38.0,4.25,5.8,30.0,2015-2016,55.0,230.0,33.13,12.5,4.2,12.7,38.0,4.25,5.8,102.0,11.0,17.0,0.8,0.74,17.0,6.5,30.0,4.37918056831626,104.04233542621448,1,1
83899.0,1.0,27.0,542.0,16.2,43.41,52.0,90.0,13.0,21.0,0.6,0.91,13.0,5.3,14.6,42.5,4.75,5.0,51.0,2015-2016,27.0,542.0,43.41,16.2,5.2,14.6,42.5,4.75,5.0,90.0,13.0,21.0,0.6,0.91,13.0,5.3,51.0,8.663760211556326,252.78313820926004,0,0
83902.0,1.0,49.0,424.0,16.3,34.47,47.0,98.0,23.0,25.0,0.4,0.87,14.0,5.1,14.3,42.3,4.58,5.3,40.0,2015-2016,49.0,424.0,34.47,16.3,4.7,14.3,42.3,4.58,5.3,98.0,23.0,25.0,0.4,0.87,14.0,5.1,40.0,7.92395793500252,209.7292294858592,0,0
83908.0,1.0,51.0,347.0,24.7,29.11,50.0,97.0,26.0,25.0,0.7,0.93,13.0,4.8,14.2,41.8,4.99,5.9,82.0,2015-2016,51.0,347.0,29.11,24.7,5.0,14.2,41.8,4.99,5.9,97.0,26.0,25.0,0.7,0.93,13.0,4.8,82.0,6.710663960942024,188.52494109109006,0,0
83910.0,1.0,37.0,560.0,22.0,74.17,48.0,84.0,24.0,33.0,0.5,0.85,10.0,7.8,14.1,41.9,4.76,5.3,61.0,2015-2016,37.0,560.0,74.17,22.0,4.8,14.1,41.9,4.76,5.3,84.0,24.0,33.0,0.5,0.85,10.0,7.8,61.0,6.38246148965909,172.3877515257972,0,1
83913.0,1.0,43.0,325.0,14.0,32.65,46.0,111.0,32.0,26.0,0.4,0.66,10.0,4.8,15.1,42.8,5.01,6.8,38.0,2015-2016,43.0,325.0,32.65,14.0,4.6,15.1,42.8,5.01,6.8,111.0,32.0,26.0,0.4,0.66,10.0,4.8,38.0,6.151028075880815,159.47075192943575,0,1
83919.0,1.0,19.0,495.0,21.9,31.38,49.0,79.0,16.0,21.0,2.3,0.72,8.0,5.9,15.2,45.2,4.89,4.8,74.0,2015-2016,19.0,495.0,31.38,21.9,4.9,15.2,45.2,4.89,4.8,79.0,16.0,21.0,2.3,0.72,8.0,5.9,74.0,9.699349186782605,267.2313263303098,0,0
83931.0,1.0,37.0,506.0,23.6,32.21,44.0,91.0,21.0,21.0,0.5,0.87,18.0,5.7,15.1,44.3,4.9,5.6,36.0,2015-2016,37.0,506.0,32.21,23.6,4.4,15.1,44.3,4.9,5.6,91.0,21.0,21.0,0.5,0.87,18.0,5.7,36.0,10.434006248384176,259.20300390692586,0,0
83946.0,1.0,43.0,350.0,27.3,39.6,48.0,91.0,61.0,49.0,0.7,0.93,11.0,7.7,,,,5.2,53.0,2015-2016,43.0,350.0,39.6,27.3,4.8,,,,5.2,91.0,61.0,49.0,0.7,0.93,11.0,7.7,53.0,5.838929774853493,157.7071756460824,0,1
83950.0,1.0,55.0,528.0,24.1,,39.0,79.0,17.0,20.0,0.7,1.05,12.0,4.5,14.2,43.0,4.65,5.5,41.0,2015-2016,55.0,528.0,,24.1,3.9,14.2,43.0,4.65,5.5,79.0,17.0,20.0,0.7,1.05,12.0,4.5,41.0,,,0,0
83951.0,1.0,24.0,645.0,22.7,56.2,43.0,114.0,16.0,25.0,0.3,0.85,9.0,4.9,14.8,42.8,4.71,5.0,59.0,2015-2016,24.0,645.0,56.2,22.7,4.3,14.8,42.8,4.71,5.0,114.0,16.0,25.0,0.3,0.85,9.0,4.9,59.0,9.724118843102566,236.29870783903516,0,0
83954.0,1.0,53.0,881.0,25.2,96.81,43.0,95.0,24.0,25.0,0.4,0.62,16.0,4.4,15.0,45.7,4.86,5.8,66.0,2015-2016,53.0,881.0,96.81,25.2,4.3,15.0,45.7,4.86,5.8,95.0,24.0,25.0,0.4,0.62,16.0,4.4,66.0,8.977998417743041,218.1677804769304,0,0
83955.0,1.0,47.0,391.0,40.3,34.42,43.0,84.0,27.0,26.0,0.7,1.05,12.0,7.4,14.0,43.9,5.07,5.6,62.0,2015-2016,47.0,391.0,34.42,40.3,4.3,14.0,43.9,5.07,5.6,84.0,27.0,26.0,0.7,1.05,12.0,7.4,62.0,7.58432773980016,184.30120750876398,0,0
83965.0,1.0,49.0,376.0,23.9,42.23,37.0,326.0,25.0,23.0,0.4,1.65,25.0,6.7,13.1,38.5,4.45,8.5,33.0,2015-2016,49.0,376.0,42.23,23.9,3.7,13.1,38.5,4.45,8.5,326.0,25.0,23.0,0.4,1.65,25.0,6.7,33.0,6.810047204368161,143.34515378983093,0,0
83966.0,1.0,27.0,413.0,24.6,24.22,48.0,87.0,23.0,31.0,0.2,0.75,12.0,5.5,15.1,46.7,5.24,4.2,50.0,2015-2016,27.0,413.0,24.22,24.6,4.8,15.1,46.7,5.24,4.2,87.0,23.0,31.0,0.2,0.75,12.0,5.5,50.0,9.091996028704095,245.5712039640515,0,0
83967.0,1.0,40.0,880.0,51.7,136.9,47.0,88.0,17.0,21.0,0.2,0.91,13.0,5.0,14.3,45.0,6.47,5.6,67.0,2015-2016,40.0,880.0,136.9,51.7,4.7,14.3,45.0,6.47,5.6,88.0,17.0,21.0,0.2,0.91,13.0,5.0,67.0,6.345549986606928,167.9523440522469,0,1
83982.0,1.0,25.0,585.0,23.3,34.08,47.0,76.0,29.0,25.0,1.2,0.97,18.0,6.0,16.4,49.3,5.61,5.1,52.0,2015-2016,25.0,585.0,34.08,23.3,4.7,16.4,49.3,5.61,5.1,76.0,29.0,25.0,1.2,0.97,18.0,6.0,52.0,11.509634940254388,304.6339831033326,0,0
83985.0,1.0,55.0,479.0,15.1,58.26,48.0,79.0,14.0,24.0,0.7,0.94,20.0,5.1,14.1,40.9,4.35,5.0,120.0,2015-2016,55.0,479.0,58.26,15.1,4.8,14.1,40.9,4.35,5.0,79.0,14.0,24.0,0.7,0.94,20.0,5.1,120.0,6.414954376163508,173.26537149329013,0,1
83986.0,1.0,40.0,303.0,20.6,26.45,45.0,77.0,59.0,29.0,0.7,1.03,16.0,6.3,15.7,48.2,5.38,5.2,36.0,2015-2016,40.0,303.0,26.45,20.6,4.5,15.7,48.2,5.38,5.2,77.0,59.0,29.0,0.7,1.03,16.0,6.3,36.0,6.446519466824243,163.63846877602353,0,1
83988.0,1.0,21.0,438.0,47.8,20.24,46.0,99.0,22.0,18.0,0.4,0.8,16.0,6.5,14.2,42.3,4.81,5.2,59.0,2015-2016,21.0,438.0,20.24,47.8,4.6,14.2,42.3,4.81,5.2,99.0,22.0,18.0,0.4,0.8,16.0,6.5,59.0,10.771660984054797,279.26467827253475,0,0
83995.0,1.0,43.0,344.0,18.0,31.85,41.0,102.0,41.0,37.0,0.7,1.39,17.0,8.0,16.3,49.0,5.51,6.4,58.0,2015-2016,43.0,344.0,31.85,18.0,4.1,16.3,49.0,5.51,6.4,102.0,41.0,37.0,0.7,1.39,17.0,8.0,58.0,7.047399627070113,163.61620691149724,0,0
84002.0,1.0,48.0,397.0,15.1,41.57,52.0,101.0,27.0,31.0,0.8,0.85,16.0,5.4,15.5,46.3,4.9,5.2,45.0,2015-2016,48.0,397.0,41.57,15.1,5.2,15.5,46.3,4.9,5.2,101.0,27.0,31.0,0.8,0.85,16.0,5.4,45.0,6.269290972408952,182.9195415910335,0,1
84011.0,1.0,32.0,263.0,32.3,16.55,42.0,100.0,30.0,22.0,0.4,1.08,13.0,7.0,14.8,41.7,4.69,5.6,24.0,2015-2016,32.0,263.0,16.55,32.3,4.2,14.8,41.7,4.69,5.6,100.0,30.0,22.0,0.4,1.08,13.0,7.0,24.0,7.100648987037158,168.70007804614852,1,0
84012.0,1.0,24.0,680.0,19.4,109.9,42.0,53.0,43.0,29.0,0.8,0.71,19.0,6.1,14.8,42.5,4.88,4.9,47.0,2015-2016,24.0,680.0,109.9,19.4,4.2,14.8,42.5,4.88,4.9,53.0,43.0,29.0,0.8,0.71,19.0,6.1,47.0,5.915387276565589,140.54015302708368,0,1
84014.0,1.0,53.0,626.0,45.1,69.91,42.0,83.0,19.0,24.0,0.2,0.88,18.0,5.8,15.4,46.7,4.77,5.7,59.0,2015-2016,53.0,626.0,69.91,45.1,4.2,15.4,46.7,4.77,5.7,83.0,19.0,24.0,0.2,0.88,18.0,5.8,59.0,7.971439023885314,189.38865840637692,0,0
84018.0,1.0,27.0,679.0,22.7,41.36,48.0,93.0,41.0,29.0,0.5,1.03,13.0,4.5,,,,5.4,36.0,2015-2016,27.0,679.0,41.36,22.7,4.8,,,,5.4,93.0,41.0,29.0,0.5,1.03,13.0,4.5,36.0,12.092271286684191,326.6074478206981,0,0
84019.0,1.0,54.0,244.0,30.6,13.75,45.0,83.0,24.0,27.0,0.4,1.24,15.0,5.1,16.9,51.6,6.2,6.1,44.0,2015-2016,54.0,244.0,13.75,30.6,4.5,16.9,51.6,6.2,6.1,83.0,24.0,27.0,0.4,1.24,15.0,5.1,44.0,6.675862987803986,169.46012537536598,1,0
84026.0,1.0,44.0,162.0,25.5,22.63,43.0,159.0,36.0,24.0,0.2,0.8,14.0,5.4,14.6,43.2,5.21,9.3,38.0,2015-2016,44.0,162.0,22.63,25.5,4.3,14.6,43.2,5.21,9.3,159.0,36.0,24.0,0.2,0.8,14.0,5.4,38.0,3.649605044781562,88.68638589463718,1,1
84030.0,1.0,46.0,420.0,22.8,24.38,46.0,102.0,50.0,36.0,0.1,0.79,16.0,6.0,15.1,44.9,4.78,5.9,48.0,2015-2016,46.0,420.0,24.38,22.8,4.6,15.1,44.9,4.78,5.9,102.0,50.0,36.0,0.1,0.79,16.0,6.0,48.0,9.48691699007067,245.95657298834013,0,0
84032.0,1.0,51.0,467.0,25.3,35.67,43.0,81.0,32.0,25.0,0.9,0.86,7.0,5.9,17.0,50.9,5.33,5.2,48.0,2015-2016,51.0,467.0,35.67,25.3,4.3,17.0,50.9,5.33,5.2,81.0,32.0,25.0,0.9,0.86,7.0,5.9,48.0,9.08045110521901,220.65740838623756,0,0
84036.0,1.0,36.0,346.0,24.7,22.41,47.0,80.0,29.0,20.0,0.7,0.73,15.0,9.3,13.1,41.7,4.97,5.6,34.0,2015-2016,36.0,346.0,22.41,24.7,4.7,13.1,41.7,4.97,5.6,80.0,29.0,20.0,0.7,0.73,15.0,9.3,34.0,7.848668432737721,207.73648678986137,0,0
84039.0,1.0,36.0,400.0,25.7,37.96,46.0,95.0,25.0,26.0,0.2,1.02,16.0,5.3,16.7,48.0,5.36,5.4,39.0,2015-2016,36.0,400.0,37.96,25.7,4.6,16.7,48.0,5.36,5.4,95.0,25.0,26.0,0.2,1.02,16.0,5.3,39.0,7.093064881795858,183.89387533762527,0,0
84068.0,1.0,59.0,427.0,17.5,,41.0,90.0,28.0,27.0,0.6,1.01,17.0,6.4,13.2,40.1,4.76,6.0,61.0,2015-2016,59.0,427.0,,17.5,4.1,13.2,40.1,4.76,6.0,90.0,28.0,27.0,0.6,1.01,17.0,6.4,61.0,,,0,0
84070.0,1.0,40.0,436.0,32.8,34.72,45.0,81.0,24.0,29.0,0.5,0.74,8.0,5.6,15.1,45.4,4.76,5.5,74.0,2015-2016,40.0,436.0,34.72,32.8,4.5,15.1,45.4,4.76,5.5,81.0,24.0,29.0,0.5,0.74,8.0,5.6,74.0,8.333141688975632,211.5284927153694,0,0
84086.0,1.0,45.0,496.0,33.0,64.45,51.0,96.0,58.0,34.0,0.8,0.89,16.0,6.8,15.5,44.0,4.8,4.5,65.0,2015-2016,45.0,496.0,64.45,33.0,5.1,15.5,44.0,4.8,4.5,96.0,58.0,34.0,0.8,0.89,16.0,6.8,65.0,6.056110694304642,173.41796078903081,0,1
84087.0,1.0,36.0,587.0,24.0,46.71,48.0,85.0,25.0,24.0,0.7,1.04,19.0,5.7,14.7,45.3,5.03,5.3,82.0,2015-2016,36.0,587.0,46.71,24.0,4.8,14.7,45.3,5.03,5.3,85.0,25.0,24.0,0.7,1.04,19.0,5.7,82.0,9.436626157480427,254.8795269526123,0,0
84089.0,1.0,53.0,885.0,37.4,140.5,50.0,108.0,25.0,40.0,1.2,0.68,7.0,5.4,16.2,46.9,4.63,4.8,65.0,2015-2016,53.0,885.0,140.5,37.4,5.0,16.2,46.9,4.63,4.8,108.0,25.0,40.0,1.2,0.68,7.0,5.4,65.0,6.150129617241006,172.7776611288055,0,1
84098.0,1.0,26.0,361.0,17.3,47.55,42.0,52.0,18.0,28.0,0.4,1.07,8.0,5.7,14.8,43.0,4.56,5.2,66.0,2015-2016,26.0,361.0,47.55,17.3,4.2,14.8,43.0,4.56,5.2,52.0,18.0,28.0,0.4,1.07,8.0,5.7,66.0,5.687129028636023,135.1171016537947,0,1
84105.0,1.0,28.0,517.0,19.7,51.36,43.0,103.0,30.0,26.0,0.3,0.8,12.0,5.7,15.4,47.3,5.94,5.5,46.0,2015-2016,28.0,517.0,51.36,19.7,4.3,15.4,47.3,5.94,5.5,103.0,30.0,26.0,0.3,0.8,12.0,5.7,46.0,8.01681693984343,194.81081159459353,0,0
84106.0,1.0,57.0,424.0,35.7,37.04,47.0,89.0,22.0,27.0,0.6,1.01,14.0,6.4,15.7,47.4,5.48,5.8,47.0,2015-2016,57.0,424.0,37.04,35.7,4.7,15.7,47.4,5.48,5.8,89.0,22.0,27.0,0.6,1.01,14.0,6.4,47.0,7.600987028011038,201.18092067032896,0,0
84110.0,1.0,28.0,420.0,18.1,24.03,47.0,89.0,38.0,25.0,0.6,0.7,12.0,4.6,16.7,50.0,5.46,5.1,56.0,2015-2016,28.0,420.0,24.03,18.1,4.7,16.7,50.0,5.46,5.1,89.0,38.0,25.0,0.6,0.7,12.0,4.6,56.0,9.421026329461887,249.35324105092,0,0
84111.0,1.0,58.0,523.0,35.0,53.62,40.0,85.0,22.0,25.0,0.4,0.9,13.0,5.4,14.6,46.0,5.76,5.4,39.0,2015-2016,58.0,523.0,53.62,35.0,4.0,14.6,46.0,5.76,5.4,85.0,22.0,25.0,0.4,0.9,13.0,5.4,39.0,8.104403626652594,183.76467158546674,0,0
84112.0,1.0,46.0,314.0,15.3,50.74,47.0,85.0,23.0,24.0,0.8,0.99,13.0,6.6,15.4,44.3,5.54,5.2,52.0,2015-2016,46.0,314.0,50.74,15.3,4.7,15.4,44.3,5.54,5.2,85.0,23.0,24.0,0.8,0.99,13.0,6.6,52.0,4.459395274118893,118.03009840353724,0,1
84122.0,1.0,54.0,198.0,16.5,24.23,39.0,107.0,33.0,21.0,0.4,0.96,19.0,7.7,15.1,46.2,5.28,5.9,38.0,2015-2016,54.0,198.0,24.23,16.5,3.9,15.1,46.2,5.28,5.9,107.0,33.0,21.0,0.4,0.96,19.0,7.7,38.0,4.601552315225606,101.84524860760412,1,1
84142.0,1.0,24.0,337.0,38.3,14.29,48.0,83.0,47.0,29.0,0.6,0.97,15.0,7.2,17.2,50.6,5.74,5.1,40.0,2015-2016,24.0,337.0,14.29,38.3,4.8,17.2,50.6,5.74,5.1,83.0,47.0,29.0,0.6,0.97,15.0,7.2,40.0,8.883717642083298,239.94568741073536,0,0
84157.0,1.0,45.0,421.0,40.3,65.66,46.0,99.0,21.0,21.0,0.4,0.88,14.0,5.5,14.6,41.1,4.4,5.4,34.0,2015-2016,45.0,421.0,65.66,40.3,4.6,14.6,41.1,4.4,5.4,99.0,21.0,21.0,0.4,0.88,14.0,5.5,34.0,5.1577125396271875,133.71818284416565,0,1
84165.0,1.0,57.0,685.0,22.4,67.92,47.0,75.0,46.0,41.0,0.7,0.81,14.0,7.6,14.7,45.5,4.64,5.2,102.0,2015-2016,57.0,685.0,67.92,22.4,4.7,14.7,45.5,4.64,5.2,75.0,46.0,41.0,0.7,0.81,14.0,7.6,102.0,8.711466993670772,230.5728116252909,0,0
84167.0,1.0,46.0,265.0,13.8,27.56,45.0,113.0,32.0,34.0,0.4,0.83,13.0,4.9,15.1,45.0,5.54,5.7,37.0,2015-2016,46.0,265.0,27.56,13.8,4.5,15.1,45.0,5.54,5.7,113.0,32.0,34.0,0.4,0.83,13.0,4.9,37.0,5.45727936455167,138.52759516107628,1,1
84169.0,1.0,43.0,325.0,40.7,17.34,43.0,98.0,21.0,20.0,0.6,1.37,14.0,9.6,15.1,46.7,6.06,6.3,35.0,2015-2016,43.0,325.0,17.34,40.7,4.3,15.1,46.7,6.06,6.3,98.0,21.0,20.0,0.6,1.37,14.0,9.6,35.0,8.633133343386751,209.78746625370317,0,0
84170.0,1.0,46.0,382.0,28.0,27.95,45.0,72.0,19.0,15.0,0.5,0.96,10.0,4.1,15.1,44.0,4.76,9.5,52.0,2015-2016,46.0,382.0,27.95,28.0,4.5,15.1,44.0,4.76,9.5,72.0,19.0,15.0,0.5,0.96,10.0,4.1,52.0,8.091385705816652,205.39175814019774,0,0
84172.0,1.0,20.0,590.0,31.8,36.34,46.0,76.0,17.0,19.0,0.6,0.98,11.0,5.1,14.6,44.9,5.84,5.6,67.0,2015-2016,20.0,590.0,36.34,31.8,4.6,14.6,44.9,5.84,5.6,76.0,17.0,19.0,0.6,0.98,11.0,5.1,67.0,11.344591085326241,294.11838937995503,0,0
84173.0,1.0,52.0,220.0,28.5,31.76,39.0,140.0,30.0,32.0,0.8,0.81,9.0,4.5,14.3,43.5,4.85,7.9,41.0,2015-2016,52.0,220.0,31.76,28.5,3.9,14.3,43.5,4.85,7.9,140.0,30.0,32.0,0.8,0.81,9.0,4.5,41.0,4.429738220134415,98.04252117343933,1,1
84181.0,1.0,35.0,430.0,17.1,26.36,46.0,99.0,26.0,25.0,0.01,0.96,7.0,5.6,13.1,39.0,4.16,5.0,30.0,2015-2016,35.0,430.0,26.36,17.1,4.6,13.1,39.0,4.16,5.0,99.0,26.0,25.0,0.01,0.96,7.0,5.6,30.0,9.38580065841125,243.33504415720003,0,0
84195.0,1.0,45.0,362.0,26.9,,42.0,107.0,29.0,36.0,1.4,1.15,13.0,7.4,15.7,47.5,5.09,6.0,57.0,2015-2016,45.0,362.0,,26.9,4.2,15.7,47.5,5.09,6.0,107.0,29.0,36.0,1.4,1.15,13.0,7.4,57.0,,,0,0
84196.0,1.0,32.0,704.0,35.5,38.92,42.0,89.0,21.0,26.0,0.7,0.91,15.0,4.8,15.8,47.2,5.11,5.1,51.0,2015-2016,32.0,704.0,38.92,35.5,4.2,15.8,47.2,5.11,5.1,89.0,21.0,26.0,0.7,0.91,15.0,4.8,51.0,14.110257063519727,335.237169477413,0,0
84197.0,1.0,59.0,447.0,25.4,49.35,43.0,116.0,40.0,31.0,0.4,0.8,20.0,6.2,15.2,45.5,5.25,5.8,36.0,2015-2016,59.0,447.0,49.35,25.4,4.3,15.2,45.5,5.25,5.8,116.0,40.0,31.0,0.4,0.8,20.0,6.2,36.0,6.980720109199229,169.63337945625597,0,0
84203.0,1.0,21.0,750.0,50.3,39.89,43.0,83.0,31.0,28.0,0.6,0.91,8.0,6.1,16.3,49.8,5.69,5.1,63.0,2015-2016,21.0,750.0,39.89,50.3,4.3,16.3,49.8,5.69,5.1,83.0,31.0,28.0,0.6,0.91,8.0,6.1,63.0,14.804617741112814,359.7561998902562,0,0
84205.0,1.0,51.0,390.0,11.0,40.66,45.0,75.0,20.0,13.0,0.3,1.38,16.0,7.3,13.6,41.2,4.92,5.7,68.0,2015-2016,51.0,390.0,40.66,11.0,4.5,13.6,41.2,4.92,5.7,75.0,20.0,13.0,0.3,1.38,16.0,7.3,68.0,6.678136985244919,169.51784853297838,0,0
84218.0,1.0,56.0,357.0,26.9,32.88,45.0,94.0,76.0,112.0,0.4,0.83,7.0,7.0,16.0,47.1,4.63,5.1,38.0,2015-2016,56.0,357.0,32.88,26.9,4.5,16.0,47.1,4.63,5.1,94.0,76.0,112.0,0.4,0.83,7.0,7.0,38.0,6.873853141707508,174.48590801423583,0,0
84219.0,1.0,31.0,196.0,34.4,17.65,39.0,101.0,33.0,25.0,0.1,0.75,8.0,7.6,15.3,44.8,4.83,5.1,35.0,2015-2016,31.0,196.0,17.65,34.4,3.9,15.3,44.8,4.83,5.1,101.0,33.0,25.0,0.1,0.75,8.0,7.6,35.0,5.2905709978262285,117.09516303160295,1,1
84220.0,1.0,36.0,411.0,16.1,49.13,45.0,91.0,23.0,24.0,0.5,0.89,11.0,4.5,13.5,40.9,4.94,5.8,62.0,2015-2016,36.0,411.0,49.13,16.1,4.5,13.5,40.9,4.94,5.8,91.0,23.0,24.0,0.5,0.89,11.0,4.5,62.0,6.249595674961556,158.63975467428003,0,1
84222.0,1.0,44.0,151.0,21.2,17.52,47.0,144.0,50.0,39.0,0.4,0.8,13.0,5.2,16.4,48.9,5.83,6.2,41.0,2015-2016,44.0,151.0,17.52,21.2,4.7,16.4,48.9,5.83,6.2,144.0,50.0,39.0,0.4,0.8,13.0,5.2,41.0,3.5911475009980474,95.04954525659653,1,1
84241.0,1.0,50.0,122.0,27.3,18.79,42.0,178.0,24.0,25.0,0.4,1.09,17.0,8.7,15.5,48.4,5.64,7.6,36.0,2015-2016,50.0,122.0,18.79,27.3,4.2,15.5,48.4,5.64,7.6,178.0,24.0,25.0,0.4,1.09,17.0,8.7,36.0,2.991467357945639,71.07248614587715,1,1
84251.0,1.0,20.0,1170.0,36.6,59.19,48.0,82.0,17.0,23.0,1.6,0.89,14.0,5.0,15.7,47.1,5.75,5.7,74.0,2015-2016,20.0,1170.0,59.19,36.6,4.8,15.7,47.1,5.75,5.7,82.0,17.0,23.0,1.6,0.89,14.0,5.0,74.0,18.565584091473156,501.44905730768716,0,0
84260.0,1.0,60.0,403.0,17.2,31.28,43.0,129.0,44.0,28.0,0.7,0.92,15.0,8.3,14.6,42.5,4.61,5.3,40.0,2015-2016,60.0,403.0,31.28,17.2,4.3,14.6,42.5,4.61,5.3,129.0,44.0,28.0,0.7,0.92,15.0,8.3,40.0,8.293075090232678,201.52395908078293,0,0
84269.0,1.0,26.0,494.0,21.4,,44.0,98.0,19.0,26.0,0.7,0.88,10.0,5.3,15.5,45.5,4.93,5.1,49.0,2015-2016,26.0,494.0,,21.4,4.4,15.5,45.5,4.93,5.1,98.0,19.0,26.0,0.7,0.88,10.0,5.3,49.0,,,0,0
84287.0,1.0,34.0,756.0,29.3,61.33,44.0,91.0,24.0,28.0,0.6,0.9,14.0,4.3,14.7,42.3,4.65,5.4,63.0,2015-2016,34.0,756.0,61.33,29.3,4.4,14.7,42.3,4.65,5.4,91.0,24.0,28.0,0.6,0.9,14.0,4.3,63.0,10.901255507706411,270.8104736272325,0,0
84290.0,1.0,30.0,412.0,24.4,29.68,45.0,130.0,79.0,39.0,0.8,0.85,13.0,5.3,16.9,50.1,5.44,5.4,34.0,2015-2016,30.0,412.0,29.68,24.4,4.5,16.9,50.1,5.44,5.4,130.0,79.0,39.0,0.8,0.85,13.0,5.3,34.0,8.532069689996282,216.57808166817074,0,0
84293.0,1.0,41.0,581.0,17.1,74.46,47.0,67.0,18.0,22.0,0.8,0.94,7.0,8.8,16.8,50.6,5.45,5.3,57.0,2015-2016,41.0,581.0,74.46,17.1,4.7,16.8,50.6,5.45,5.3,67.0,18.0,22.0,0.8,0.94,7.0,8.8,57.0,6.684482703345671,176.9231258398641,0,0
84294.0,1.0,23.0,166.0,23.1,44.65,49.0,77.0,14.0,19.0,0.8,0.9,9.0,4.9,15.0,47.2,5.25,5.4,40.0,2015-2016,23.0,166.0,44.65,23.1,4.9,15.0,47.2,5.25,5.4,77.0,14.0,19.0,0.8,0.9,9.0,4.9,40.0,2.4144611378074434,66.52195315418884,1,1
84299.0,1.0,51.0,580.0,34.0,,40.0,103.0,24.0,26.0,0.2,0.94,12.0,5.8,15.3,44.4,4.96,5.3,30.0,2015-2016,51.0,580.0,,34.0,4.0,15.3,44.4,4.96,5.3,103.0,24.0,26.0,0.2,0.94,12.0,5.8,30.0,,,0,0
84315.0,1.0,60.0,652.0,28.1,90.69,44.0,105.0,35.0,22.0,0.6,0.79,12.0,6.0,14.8,43.4,4.57,5.2,39.0,2015-2016,60.0,652.0,90.69,28.1,4.4,14.8,43.4,4.57,5.2,105.0,35.0,22.0,0.6,0.79,12.0,6.0,39.0,6.6111976168346365,164.23627137191184,0,0
84322.0,1.0,40.0,309.0,20.1,37.36,44.0,88.0,26.0,24.0,0.4,1.22,9.0,7.2,14.2,40.9,4.22,5.3,67.0,2015-2016,40.0,309.0,37.36,20.1,4.4,14.2,40.9,4.22,5.3,88.0,26.0,24.0,0.4,1.22,9.0,7.2,67.0,5.49602793510905,136.53307429802032,0,1
84324.0,1.0,59.0,429.0,25.6,55.28,46.0,113.0,25.0,16.0,0.3,0.97,18.0,6.1,16.0,48.1,5.56,6.1,28.0,2015-2016,59.0,429.0,55.28,25.6,4.6,16.0,48.1,5.56,6.1,113.0,25.0,16.0,0.3,0.97,18.0,6.1,28.0,5.982484249591008,155.10110666364807,0,1
84329.0,1.0,38.0,575.0,25.3,31.33,42.0,108.0,40.0,29.0,0.6,1.1,15.0,9.9,14.5,42.8,4.73,5.8,35.0,2015-2016,38.0,575.0,31.33,25.3,4.2,14.5,42.8,4.73,5.8,108.0,40.0,29.0,0.6,1.1,15.0,9.9,35.0,12.623329634818473,299.9101488446794,0,0
84353.0,1.0,54.0,366.0,22.1,51.77,46.0,136.0,30.0,26.0,0.5,0.75,14.0,4.5,16.6,47.0,5.48,7.6,30.0,2015-2016,54.0,366.0,51.77,22.1,4.6,16.6,47.0,5.48,7.6,136.0,30.0,26.0,0.5,0.75,14.0,4.5,30.0,5.249228166922962,136.09080506570564,0,1
84357.0,1.0,25.0,706.0,24.4,45.94,47.0,101.0,16.0,34.0,1.1,0.94,12.0,5.8,15.2,45.8,5.01,5.7,70.0,2015-2016,25.0,706.0,45.94,24.4,4.7,15.2,45.8,5.01,5.7,101.0,16.0,34.0,1.1,0.94,12.0,5.8,70.0,11.981404544688372,317.120656612252,0,0
84360.0,1.0,55.0,198.0,32.3,30.45,47.0,62.0,29.0,32.0,0.4,1.01,13.0,7.5,13.8,42.9,5.01,8.5,41.0,2015-2016,55.0,198.0,30.45,32.3,4.7,13.8,42.9,5.01,8.5,62.0,29.0,32.0,0.4,1.01,13.0,7.5,41.0,3.7042532983611522,98.04319968105558,1,1
84368.0,1.0,42.0,393.0,37.3,34.73,44.0,83.0,19.0,25.0,0.8,1.07,12.0,6.0,14.5,43.2,4.8,5.7,50.0,2015-2016,42.0,393.0,34.73,37.3,4.4,14.5,43.2,4.8,5.7,83.0,19.0,25.0,0.8,1.07,12.0,6.0,50.0,7.4992279431892825,186.29684165259556,0,0
84375.0,1.0,60.0,778.0,43.8,160.9,46.0,130.0,38.0,43.0,0.5,0.64,14.0,5.2,16.2,48.6,5.21,7.4,51.0,2015-2016,60.0,778.0,160.9,43.8,4.6,16.2,48.6,5.21,7.4,130.0,38.0,43.0,0.5,0.64,14.0,5.2,51.0,4.740646082797445,122.90537226117047,0,1
84376.0,1.0,55.0,828.0,44.5,92.01,45.0,96.0,63.0,49.0,1.0,0.79,9.0,7.4,17.1,51.8,5.58,5.7,57.0,2015-2016,55.0,828.0,92.01,44.5,4.5,17.1,51.8,5.58,5.7,96.0,63.0,49.0,1.0,0.79,9.0,7.4,57.0,8.602012265385143,218.35350420397256,0,0
84379.0,1.0,35.0,407.0,18.1,74.75,40.0,93.0,57.0,40.0,0.3,1.01,27.0,6.1,14.0,42.0,4.43,5.2,39.0,2015-2016,35.0,407.0,74.75,18.1,4.0,14.0,42.0,4.43,5.2,93.0,57.0,40.0,0.3,1.01,27.0,6.1,39.0,4.678618771396313,106.08613312048931,0,1
84380.0,1.0,35.0,207.0,26.4,14.08,45.0,95.0,60.0,35.0,0.6,0.84,12.0,6.2,15.9,46.8,5.44,6.3,33.0,2015-2016,35.0,207.0,14.08,26.4,4.5,15.9,46.8,5.44,6.3,95.0,60.0,35.0,0.6,0.84,12.0,6.2,33.0,5.566588016388618,141.30228629520255,1,1
84384.0,1.0,34.0,572.0,24.2,28.58,48.0,98.0,30.0,28.0,0.6,1.07,11.0,5.6,16.1,47.3,5.41,5.4,35.0,2015-2016,34.0,572.0,28.58,24.2,4.8,16.1,47.3,5.41,5.4,98.0,30.0,28.0,0.6,1.07,11.0,5.6,35.0,12.138098090319714,327.8452115974387,0,0
84390.0,1.0,33.0,319.0,16.3,38.18,46.0,93.0,32.0,25.0,1.3,0.63,11.0,3.7,15.7,46.9,5.12,5.4,48.0,2015-2016,33.0,319.0,38.18,16.3,4.6,15.7,46.9,5.12,5.4,93.0,32.0,25.0,1.3,0.63,11.0,3.7,48.0,5.500915759209546,142.6160247685117,0,1
84393.0,1.0,35.0,428.0,19.3,72.57,44.0,79.0,29.0,32.0,0.6,0.73,11.0,6.1,13.0,40.1,4.65,5.4,66.0,2015-2016,35.0,428.0,72.57,19.3,4.4,13.0,40.1,4.65,5.4,79.0,29.0,32.0,0.6,0.73,11.0,6.1,66.0,4.929807906892585,122.46695926107559,0,1
84398.0,1.0,38.0,303.0,25.8,27.09,44.0,104.0,30.0,26.0,0.6,0.96,18.0,5.5,14.9,45.4,4.54,5.7,36.0,2015-2016,38.0,303.0,27.09,25.8,4.4,14.9,45.4,4.54,5.7,104.0,30.0,26.0,0.6,0.96,18.0,5.5,36.0,6.449339394543379,160.21536737528774,0,1
84404.0,1.0,31.0,330.0,36.7,21.48,46.0,83.0,44.0,26.0,0.1,1.1,11.0,7.3,14.4,42.5,5.06,5.5,46.0,2015-2016,31.0,330.0,21.48,36.7,4.6,14.4,42.5,5.06,5.5,83.0,44.0,26.0,0.1,1.1,11.0,7.3,46.0,7.695585206695978,199.51473872489424,0,0
84405.0,1.0,33.0,352.0,12.6,31.13,47.0,72.0,16.0,18.0,0.7,1.15,16.0,6.6,14.3,43.1,4.88,5.6,79.0,2015-2016,33.0,352.0,31.13,12.6,4.7,14.3,43.1,4.88,5.6,72.0,16.0,18.0,0.7,1.15,16.0,6.6,79.0,6.815408016978287,180.38842252285997,0,0
84411.0,1.0,23.0,256.0,13.2,22.88,47.0,84.0,16.0,20.0,0.4,0.96,15.0,5.4,14.5,44.1,4.88,5.2,36.0,2015-2016,23.0,256.0,22.88,13.2,4.7,14.5,44.1,4.88,5.2,84.0,16.0,20.0,0.4,0.96,15.0,5.4,36.0,5.6114166388679525,148.5214961572775,1,1
84413.0,1.0,41.0,434.0,41.1,33.04,41.0,88.0,18.0,22.0,0.6,0.9,11.0,4.0,13.5,41.4,4.52,5.4,34.0,2015-2016,41.0,434.0,33.04,41.1,4.1,13.5,41.4,4.52,5.4,88.0,18.0,22.0,0.6,0.9,11.0,4.0,34.0,8.962586414427058,208.080209842552,0,0
84420.0,1.0,27.0,330.0,25.6,23.63,45.0,74.0,17.0,23.0,0.1,0.9,14.0,6.0,13.9,41.5,4.73,5.5,54.0,2015-2016,27.0,330.0,23.63,25.6,4.5,13.9,41.5,4.73,5.5,74.0,17.0,23.0,0.1,0.9,14.0,6.0,54.0,7.474412553736604,189.7305098647726,0,0
84423.0,1.0,59.0,285.0,37.2,50.81,45.0,85.0,24.0,26.0,1.7,1.21,9.0,8.0,18.7,55.5,6.06,5.4,48.0,2015-2016,59.0,285.0,50.81,37.2,4.5,18.7,55.5,6.06,5.4,85.0,24.0,26.0,1.7,1.21,9.0,8.0,48.0,4.07719812881271,103.49560908470461,1,1
84426.0,1.0,51.0,230.0,18.9,15.09,48.0,101.0,35.0,30.0,0.4,1.25,18.0,5.6,15.2,44.5,4.98,5.8,35.0,2015-2016,51.0,230.0,15.09,18.9,4.8,15.2,44.5,4.98,5.8,101.0,35.0,30.0,0.4,1.25,18.0,5.6,35.0,5.8127004407618985,156.998731743147,1,1
84431.0,1.0,46.0,406.0,22.3,35.54,45.0,120.0,22.0,22.0,0.6,0.57,8.0,4.6,14.7,46.4,4.93,10.8,43.0,2015-2016,46.0,406.0,35.54,22.3,4.5,14.7,46.4,4.93,10.8,120.0,22.0,22.0,0.6,0.57,8.0,4.6,43.0,7.585477286009735,192.54977734976595,0,0
84434.0,1.0,31.0,559.0,18.3,67.19,42.0,107.0,35.0,31.0,0.2,0.76,21.0,4.9,14.5,43.5,4.67,5.8,42.0,2015-2016,31.0,559.0,67.19,18.3,4.2,14.5,43.5,4.67,5.8,107.0,35.0,31.0,0.2,0.76,21.0,4.9,42.0,7.2121663370043345,171.34955215440357,0,0
84453.0,1.0,26.0,556.0,44.0,26.96,43.0,98.0,31.0,21.0,0.9,1.03,13.0,6.5,16.2,49.5,5.38,5.5,43.0,2015-2016,26.0,556.0,26.96,44.0,4.3,16.2,49.5,5.38,5.5,98.0,31.0,21.0,0.9,1.03,13.0,6.5,43.0,12.95980985271439,314.9268711589425,0,0
84463.0,1.0,59.0,331.0,21.5,41.11,43.0,110.0,35.0,28.0,0.8,1.07,19.0,3.5,14.7,44.3,4.94,6.0,44.0,2015-2016,59.0,331.0,41.11,21.5,4.3,14.7,44.3,4.94,6.0,110.0,35.0,28.0,0.8,1.07,19.0,3.5,44.0,5.640188493197151,137.0581000104118,0,1
84467.0,1.0,28.0,309.0,21.6,16.73,48.0,85.0,27.0,23.0,0.5,0.93,8.0,8.0,14.8,41.9,4.79,5.3,49.0,2015-2016,28.0,309.0,16.73,21.6,4.8,14.8,41.9,4.79,5.3,85.0,27.0,23.0,0.5,0.93,8.0,8.0,49.0,7.682630958076048,207.50481280787977,0,0
84470.0,1.0,23.0,312.0,15.4,18.15,44.0,79.0,17.0,21.0,0.5,0.86,11.0,5.6,14.6,43.3,5.25,5.2,44.0,2015-2016,23.0,312.0,18.15,15.4,4.4,14.6,43.3,5.25,5.2,79.0,17.0,21.0,0.5,0.86,11.0,5.6,44.0,7.988660908485483,198.45540201722017,0,0
84475.0,1.0,25.0,404.0,34.6,23.82,48.0,90.0,62.0,28.0,0.9,1.01,12.0,6.2,17.0,49.1,5.38,5.4,45.0,2015-2016,25.0,404.0,23.82,34.6,4.8,17.0,49.1,5.38,5.4,90.0,62.0,28.0,0.9,1.01,12.0,6.2,45.0,8.93931273913033,241.44728891531543,0,0
84488.0,1.0,54.0,515.0,24.8,43.89,51.0,93.0,19.0,25.0,0.7,0.9,6.0,5.6,13.8,40.7,4.48,5.5,80.0,2015-2016,54.0,515.0,43.89,24.8,5.1,13.8,40.7,4.48,5.5,93.0,19.0,25.0,0.7,0.9,6.0,5.6,80.0,8.19934970053194,234.7900453998658,0,0
84492.0,1.0,37.0,399.0,18.8,18.27,46.0,103.0,26.0,23.0,0.6,0.98,14.0,6.5,13.8,40.7,4.6,5.8,58.0,2015-2016,37.0,399.0,18.27,18.8,4.6,13.8,40.7,4.6,5.8,103.0,26.0,23.0,0.6,0.98,14.0,6.5,58.0,10.113372133081,262.197967349333,0,0
84496.0,1.0,51.0,301.0,10.5,50.93,44.0,102.0,22.0,23.0,0.2,1.2,13.0,6.0,14.2,44.5,4.97,6.0,38.0,2015-2016,51.0,301.0,50.93,10.5,4.4,14.2,44.5,4.97,6.0,102.0,22.0,23.0,0.2,1.2,13.0,6.0,38.0,4.35673099381558,108.23050455679824,0,1
84499.0,1.0,56.0,757.0,30.1,86.61,44.0,95.0,41.0,35.0,0.5,0.62,19.0,5.0,12.4,40.7,6.61,5.9,45.0,2015-2016,56.0,757.0,86.61,30.1,4.4,12.4,40.7,6.61,5.9,95.0,41.0,35.0,0.5,0.62,19.0,5.0,45.0,8.204009815319544,203.80512888249837,0,0
84502.0,1.0,56.0,361.0,22.7,65.12,41.0,82.0,17.0,23.0,0.6,0.75,16.0,5.0,13.9,41.4,4.52,5.5,31.0,2015-2016,56.0,361.0,65.12,22.7,4.1,13.9,41.4,4.52,5.5,82.0,17.0,23.0,0.6,0.75,16.0,5.0,31.0,4.542231044108371,105.45487040325999,0,1
84503.0,1.0,55.0,321.0,21.3,69.55,45.0,100.0,40.0,29.0,0.6,1.18,13.0,7.0,14.6,42.1,4.71,5.6,26.0,2015-2016,55.0,321.0,69.55,21.3,4.5,14.6,42.1,4.71,5.6,100.0,40.0,29.0,0.6,1.18,13.0,7.0,26.0,3.6875432147120346,93.60460761908755,0,1
84514.0,1.0,41.0,399.0,25.4,29.44,46.0,114.0,54.0,32.0,0.7,0.89,21.0,7.3,16.0,48.3,5.21,5.8,44.0,2015-2016,41.0,399.0,29.44,25.4,4.6,16.0,48.3,5.21,5.8,114.0,54.0,32.0,0.7,0.89,21.0,7.3,44.0,8.164386649214414,211.66882380169073,0,0
84536.0,1.0,31.0,403.0,23.8,26.38,46.0,102.0,35.0,31.0,0.3,0.93,11.0,6.6,15.6,45.9,5.17,5.8,73.0,2015-2016,31.0,403.0,26.38,23.8,4.6,15.6,45.9,5.17,5.8,102.0,35.0,31.0,0.3,0.93,11.0,6.6,73.0,8.727112596577646,226.25798334529568,0,0
84537.0,1.0,34.0,179.0,9.44,13.56,44.0,113.0,34.0,25.0,0.6,0.85,12.0,7.2,14.7,43.0,4.9,5.1,34.0,2015-2016,34.0,179.0,13.56,9.44,4.4,14.7,43.0,4.9,5.1,113.0,34.0,25.0,0.6,0.85,12.0,7.2,34.0,4.9137716151139985,122.06858351722538,1,1
84543.0,1.0,56.0,341.0,25.4,32.95,42.0,100.0,55.0,44.0,0.6,0.84,13.0,4.4,15.4,46.0,5.18,5.9,45.0,2015-2016,56.0,341.0,32.95,25.4,4.2,15.4,46.0,5.18,5.9,100.0,55.0,44.0,0.6,0.84,13.0,4.4,45.0,6.758783156627221,160.57789197882505,0,0
84545.0,1.0,47.0,704.0,32.8,61.93,42.0,117.0,35.0,29.0,1.2,1.04,9.0,3.6,14.7,43.9,4.87,5.4,44.0,2015-2016,47.0,704.0,61.93,32.8,4.2,14.7,43.9,4.87,5.4,117.0,35.0,29.0,1.2,1.04,9.0,3.6,44.0,10.113428051618202,240.27889630043617,0,0
84550.0,1.0,29.0,760.0,18.5,52.26,44.0,95.0,17.0,19.0,0.4,0.92,11.0,6.3,16.1,46.7,5.48,5.0,35.0,2015-2016,29.0,760.0,52.26,18.5,4.4,16.1,46.7,5.48,5.0,95.0,17.0,19.0,0.4,0.92,11.0,6.3,35.0,12.375627612760775,307.4370262101247,0,0
84558.0,1.0,27.0,542.0,31.5,67.16,47.0,96.0,17.0,23.0,1.4,1.07,14.0,5.8,15.8,48.2,5.03,5.3,64.0,2015-2016,27.0,542.0,67.16,31.5,4.7,15.8,48.2,5.03,5.3,96.0,17.0,23.0,1.4,1.07,14.0,5.8,64.0,6.693184151017092,177.15343346270967,0,0
84586.0,1.0,23.0,567.0,36.9,24.97,51.0,87.0,16.0,22.0,0.7,0.94,16.0,4.4,15.4,45.6,5.09,5.1,52.0,2015-2016,23.0,567.0,24.97,36.9,5.1,15.4,45.6,5.09,5.1,87.0,16.0,22.0,0.7,0.94,16.0,4.4,52.0,12.287222963108722,351.8471272373477,0,0
84588.0,1.0,35.0,375.0,25.4,36.62,36.0,91.0,26.0,21.0,0.3,1.38,11.0,5.7,14.8,44.3,4.8,5.7,28.0,2015-2016,35.0,375.0,36.62,25.4,3.6,14.8,44.3,4.8,5.7,91.0,26.0,21.0,0.3,1.38,11.0,5.7,28.0,7.574124274537348,155.32409883390036,0,0
84592.0,1.0,58.0,370.0,19.0,79.67,36.0,81.0,23.0,19.0,0.7,1.04,25.0,5.4,14.0,43.8,5.17,5.4,99.0,2015-2016,58.0,370.0,79.67,19.0,3.6,14.0,43.8,5.17,5.4,81.0,23.0,19.0,0.7,1.04,25.0,5.4,99.0,4.099121608804923,84.06151613310884,0,1
84593.0,1.0,40.0,468.0,24.7,32.34,48.0,89.0,25.0,23.0,0.4,0.94,13.0,5.5,17.0,50.9,5.48,5.2,45.0,2015-2016,40.0,468.0,32.34,24.7,4.8,17.0,50.9,5.48,5.2,89.0,25.0,23.0,0.4,0.94,13.0,5.5,45.0,9.067230767955186,244.90230410098587,0,0
84596.0,1.0,26.0,462.0,33.7,25.95,49.0,83.0,49.0,36.0,0.7,1.02,14.0,5.4,15.9,46.0,4.9,5.4,53.0,2015-2016,26.0,462.0,25.95,33.7,4.9,15.9,46.0,4.9,5.4,83.0,49.0,36.0,0.7,1.02,14.0,5.4,53.0,9.851946543308502,271.4356077922541,0,0
84600.0,1.0,30.0,423.0,15.2,30.63,48.0,95.0,22.0,23.0,0.1,1.01,14.0,5.5,15.1,44.6,4.97,5.3,40.0,2015-2016,30.0,423.0,30.63,15.2,4.8,15.1,44.6,4.97,5.3,95.0,22.0,23.0,0.1,1.01,14.0,5.5,40.0,8.33085958613957,225.01321075866656,0,0
84610.0,1.0,54.0,242.0,16.2,34.59,43.0,111.0,16.0,26.0,0.7,0.95,11.0,5.5,14.2,40.7,4.73,5.5,49.0,2015-2016,54.0,242.0,34.59,16.2,4.3,14.2,40.7,4.73,5.5,111.0,16.0,26.0,0.7,0.95,11.0,5.5,49.0,4.460205649127125,108.38419897887998,1,1
84612.0,1.0,48.0,357.0,19.8,34.47,38.0,141.0,50.0,36.0,0.3,0.87,12.0,4.2,16.0,48.4,5.5,7.1,28.0,2015-2016,48.0,357.0,34.47,19.8,3.8,16.0,48.4,5.5,7.1,141.0,50.0,36.0,0.3,0.87,12.0,4.2,28.0,7.267400087981069,156.9099685416756,0,0
84615.0,1.0,54.0,384.0,24.4,44.76,47.0,95.0,42.0,30.0,1.0,0.65,11.0,6.1,15.8,48.9,5.45,5.4,45.0,2015-2016,54.0,384.0,44.76,24.4,4.7,15.8,48.9,5.45,5.4,95.0,42.0,30.0,1.0,0.65,11.0,6.1,45.0,6.0504636391718964,160.14207640734097,0,1
84623.0,1.0,53.0,305.0,16.2,42.58,42.0,88.0,36.0,45.0,1.1,0.94,15.0,6.8,12.4,36.9,4.23,,41.0,2015-2016,53.0,305.0,42.58,16.2,4.2,12.4,36.9,4.23,,88.0,36.0,45.0,1.1,0.94,15.0,6.8,41.0,5.087223960615302,120.86431546761193,0,1
84626.0,1.0,43.0,565.0,30.6,42.72,46.0,111.0,19.0,19.0,0.4,0.92,14.0,5.7,13.6,44.4,6.61,5.7,35.0,2015-2016,43.0,565.0,42.72,30.6,4.6,13.6,44.4,6.61,5.7,111.0,19.0,19.0,0.4,0.92,14.0,5.7,35.0,9.768757290040675,253.26352785926198,0,0
84631.0,1.0,57.0,240.0,15.7,32.41,32.0,127.0,20.0,29.0,0.4,1.31,13.0,5.7,14.2,43.1,4.66,5.6,37.0,2015-2016,57.0,240.0,32.41,15.7,3.2,14.2,43.1,4.66,5.6,127.0,20.0,29.0,0.4,1.31,13.0,5.7,37.0,5.244379797081354,96.18053775481152,1,1
84652.0,1.0,59.0,447.0,21.6,51.77,42.0,91.0,23.0,23.0,0.2,1.4,17.0,8.3,14.6,45.2,5.36,6.0,43.0,2015-2016,59.0,447.0,51.77,21.6,4.2,14.6,45.2,5.36,6.0,91.0,23.0,23.0,0.2,1.4,17.0,8.3,43.0,6.809895250765078,161.79223369405418,0,0
84657.0,1.0,35.0,928.0,25.2,54.21,45.0,88.0,23.0,28.0,0.5,0.66,15.0,4.0,15.9,47.8,5.79,5.7,66.0,2015-2016,35.0,928.0,54.21,25.2,4.5,15.9,47.8,5.79,5.7,88.0,23.0,28.0,0.5,0.66,15.0,4.0,66.0,15.25249439088472,387.16936169725386,0,0
84660.0,1.0,40.0,482.0,28.4,30.09,44.0,87.0,14.0,22.0,0.7,1.25,17.0,6.8,13.7,42.1,4.55,4.9,67.0,2015-2016,40.0,482.0,30.09,28.4,4.4,13.7,42.1,4.55,4.9,87.0,14.0,22.0,0.7,1.25,17.0,6.8,67.0,10.245502458768328,254.5201670987887,0,0
84661.0,1.0,41.0,509.0,22.6,32.81,44.0,77.0,17.0,17.0,0.5,0.68,12.0,5.4,15.9,46.4,5.16,4.8,50.0,2015-2016,41.0,509.0,32.81,22.6,4.4,15.9,46.4,5.16,4.8,77.0,17.0,17.0,0.5,0.68,12.0,5.4,50.0,10.396469342245066,258.27050697362796,0,0
84673.0,1.0,29.0,494.0,18.6,28.54,43.0,86.0,36.0,38.0,0.5,1.02,16.0,5.0,15.5,46.0,5.13,5.4,46.0,2015-2016,29.0,494.0,28.54,18.6,4.3,15.5,46.0,5.13,5.4,86.0,36.0,38.0,0.5,1.02,16.0,5.0,46.0,10.985556136393429,266.95197393275737,0,0
84675.0,1.0,33.0,380.0,26.4,20.31,50.0,147.0,34.0,32.0,0.9,1.38,15.0,5.4,14.2,41.9,5.09,5.1,52.0,2015-2016,33.0,380.0,20.31,26.4,5.0,14.2,41.9,5.09,5.1,147.0,34.0,32.0,0.9,1.38,15.0,5.4,52.0,8.695978610327916,244.29905368280637,0,0
84680.0,1.0,60.0,358.0,22.3,37.82,43.0,95.0,35.0,24.0,0.4,1.08,18.0,6.9,14.7,44.0,4.85,6.1,38.0,2015-2016,60.0,358.0,37.82,22.3,4.3,14.7,44.0,4.85,6.1,95.0,35.0,24.0,0.4,1.08,18.0,6.9,38.0,6.488496146432552,157.67220454201922,0,1
84686.0,1.0,23.0,673.0,32.0,51.37,51.0,97.0,15.0,22.0,1.0,0.81,12.0,5.2,17.1,50.9,5.56,5.2,58.0,2015-2016,23.0,673.0,51.37,32.0,5.1,17.1,50.9,5.56,5.2,97.0,15.0,22.0,1.0,0.81,12.0,5.2,58.0,10.091429991294342,288.9701491390044,0,0
84694.0,1.0,58.0,505.0,29.4,56.37,44.0,101.0,15.0,17.0,0.3,1.17,14.0,5.0,13.2,38.9,4.3,5.2,53.0,2015-2016,58.0,505.0,56.37,29.4,4.4,13.2,38.9,4.3,5.2,101.0,15.0,17.0,0.3,1.17,14.0,5.0,53.0,7.22217462228335,179.41424533132843,0,0
84702.0,1.0,47.0,591.0,36.0,36.9,45.0,98.0,20.0,25.0,0.6,0.93,15.0,5.7,14.5,44.1,4.94,5.6,71.0,2015-2016,47.0,591.0,36.9,36.0,4.5,14.5,44.1,4.94,5.6,98.0,20.0,25.0,0.6,0.93,15.0,5.7,71.0,11.402920918668801,289.4517775534274,0,0
84712.0,1.0,34.0,448.0,34.1,28.25,45.0,82.0,15.0,25.0,0.2,0.99,8.0,5.6,15.0,44.6,4.78,5.4,60.0,2015-2016,34.0,448.0,28.25,34.1,4.5,15.0,44.6,4.78,5.4,82.0,15.0,25.0,0.2,0.99,8.0,5.6,60.0,9.620337738804968,244.20268096417712,0,0
84717.0,1.0,50.0,954.0,39.2,79.96,45.0,90.0,28.0,29.0,0.2,1.03,14.0,4.9,14.5,42.8,4.2,5.7,72.0,2015-2016,50.0,954.0,79.96,39.2,4.5,14.5,42.8,4.2,5.7,90.0,28.0,29.0,0.2,1.03,14.0,4.9,72.0,11.570569989720955,293.7073820575137,0,0
84723.0,1.0,47.0,219.0,13.8,19.06,44.0,83.0,39.0,32.0,0.4,1.08,13.0,7.2,15.0,42.1,5.33,5.4,48.0,2015-2016,47.0,219.0,19.06,13.8,4.4,15.0,42.1,5.33,5.4,83.0,39.0,32.0,0.4,1.08,13.0,7.2,48.0,5.352054706019728,132.9564717377227,1,1
84726.0,1.0,33.0,517.0,27.1,60.56,49.0,90.0,27.0,23.0,1.1,0.75,16.0,4.3,15.0,44.2,4.82,5.2,78.0,2015-2016,33.0,517.0,60.56,27.1,4.9,15.0,44.2,4.82,5.2,90.0,27.0,23.0,1.1,0.75,16.0,4.3,78.0,6.746619938739018,185.8792955853761,0,0
84735.0,1.0,59.0,449.0,23.1,90.88,48.0,107.0,34.0,40.0,0.8,0.91,13.0,5.9,16.5,48.7,4.46,4.6,71.0,2015-2016,59.0,449.0,90.88,23.1,4.8,16.5,48.7,4.46,4.6,107.0,34.0,40.0,0.8,0.91,13.0,5.9,71.0,4.224754132835509,114.10893224954395,0,1
84738.0,1.0,45.0,575.0,19.6,32.12,42.0,107.0,23.0,25.0,0.6,0.94,15.0,3.9,16.1,48.0,4.82,5.0,75.0,2015-2016,45.0,575.0,32.12,19.6,4.2,16.1,48.0,4.82,5.0,107.0,23.0,25.0,0.6,0.94,15.0,3.9,75.0,12.447119017745411,295.7236660447192,0,0
84748.0,1.0,22.0,483.0,37.3,16.87,42.0,85.0,23.0,22.0,0.3,1.1,14.0,6.1,15.3,44.4,5.11,5.1,38.0,2015-2016,22.0,483.0,16.87,37.3,4.2,15.3,44.4,5.11,5.1,85.0,23.0,22.0,0.3,1.1,14.0,6.1,38.0,13.72600058587666,326.1078493425259,0,0
84751.0,1.0,54.0,331.0,14.5,52.54,46.0,112.0,22.0,21.0,0.6,1.24,12.0,5.4,14.1,42.4,4.85,5.5,54.0,2015-2016,54.0,331.0,52.54,14.5,4.6,14.1,42.4,4.85,5.5,112.0,22.0,21.0,0.6,1.24,12.0,5.4,54.0,4.650826524607612,120.57672210613906,0,1
84753.0,1.0,33.0,727.0,20.9,89.78,48.0,83.0,21.0,25.0,0.6,0.72,10.0,5.9,16.0,48.5,5.49,5.0,83.0,2015-2016,33.0,727.0,89.78,20.9,4.8,16.0,48.5,5.49,5.0,83.0,21.0,25.0,0.6,0.72,10.0,5.9,83.0,7.381053463062124,199.359324368903,0,0
84756.0,1.0,36.0,431.0,25.7,22.62,45.0,88.0,34.0,31.0,0.8,0.85,12.0,8.6,16.0,47.1,5.57,5.5,51.0,2015-2016,36.0,431.0,22.62,25.7,4.5,16.0,47.1,5.57,5.5,88.0,34.0,31.0,0.8,0.85,12.0,8.6,51.0,10.243416611003582,260.0189168567372,0,0
84757.0,1.0,56.0,185.0,20.1,27.17,44.0,85.0,29.0,27.0,0.3,0.94,14.0,7.6,14.1,43.4,5.13,6.2,34.0,2015-2016,56.0,185.0,27.17,20.1,4.4,14.1,43.4,5.13,6.2,85.0,29.0,27.0,0.3,0.94,14.0,7.6,34.0,3.786392780282076,94.06208499947934,1,1
84764.0,1.0,41.0,612.0,25.0,30.64,46.0,106.0,21.0,16.0,0.5,0.86,15.0,6.3,15.4,46.1,5.13,5.5,54.0,2015-2016,41.0,612.0,30.64,25.0,4.6,15.4,46.1,5.13,5.5,106.0,21.0,16.0,0.5,0.86,15.0,6.3,54.0,13.009850912262307,337.2916985379284,0,0
84767.0,1.0,20.0,332.0,42.5,25.5,43.0,95.0,34.0,38.0,0.4,1.11,8.0,8.1,14.9,44.3,4.75,5.6,37.0,2015-2016,20.0,332.0,25.5,42.5,4.3,14.9,44.3,4.75,5.6,95.0,34.0,38.0,0.4,1.11,8.0,8.1,37.0,7.449652199238936,181.02855558774044,0,0
84770.0,1.0,52.0,341.0,17.7,34.29,43.0,93.0,26.0,24.0,0.5,1.05,14.0,5.2,16.0,48.3,5.26,5.8,42.0,2015-2016,52.0,341.0,34.29,17.7,4.3,16.0,48.3,5.26,5.8,93.0,26.0,24.0,0.5,1.05,14.0,5.2,42.0,6.524524448797235,158.54770199652097,0,0
84771.0,1.0,31.0,443.0,12.8,44.98,46.0,82.0,20.0,19.0,0.2,0.76,12.0,5.4,15.0,44.9,5.33,5.5,31.0,2015-2016,31.0,443.0,44.98,12.8,4.6,15.0,44.9,5.33,5.5,82.0,20.0,19.0,0.2,0.76,12.0,5.4,31.0,7.148393638344615,185.32832146619177,0,0
84775.0,1.0,28.0,690.0,27.4,35.01,46.0,106.0,25.0,23.0,1.4,0.84,8.0,4.2,17.7,52.4,5.53,5.7,48.0,2015-2016,28.0,690.0,35.01,27.4,4.6,17.7,52.4,5.53,5.7,106.0,25.0,23.0,1.4,0.84,8.0,4.2,48.0,13.929860411579154,361.1437448671548,0,0
84776.0,1.0,47.0,441.0,17.0,70.5,40.0,19.0,29.0,28.0,0.9,0.88,10.0,3.5,12.3,39.3,5.21,8.4,55.0,2015-2016,47.0,441.0,70.5,17.0,4.0,12.3,39.3,5.21,8.4,19.0,29.0,28.0,0.9,0.88,10.0,3.5,55.0,5.371039631096937,121.78654708597283,0,1
84777.0,1.0,43.0,373.0,40.0,29.84,46.0,93.0,25.0,29.0,0.8,1.24,15.0,7.4,15.4,46.8,5.27,5.8,52.0,2015-2016,43.0,373.0,29.84,40.0,4.6,15.4,46.8,5.27,5.8,93.0,25.0,29.0,0.8,1.24,15.0,7.4,52.0,7.521074001929052,194.99038398273055,0,0
84784.0,1.0,42.0,369.0,30.3,23.64,44.0,96.0,21.0,22.0,0.8,0.98,15.0,6.0,14.7,44.0,5.05,5.9,41.0,2015-2016,42.0,369.0,23.64,30.3,4.4,14.7,44.0,5.05,5.9,96.0,21.0,22.0,0.8,0.98,15.0,6.0,41.0,8.567857285327738,212.84387727357432,0,0
84790.0,1.0,41.0,648.0,16.7,85.82,44.0,93.0,48.0,34.0,0.4,0.84,13.0,4.6,15.3,46.8,5.48,5.1,41.0,2015-2016,41.0,648.0,85.82,16.7,4.4,15.3,46.8,5.48,5.1,93.0,48.0,34.0,0.4,0.84,13.0,4.6,41.0,6.884488805793086,171.02540829909123,0,0
84791.0,1.0,20.0,539.0,29.8,31.99,46.0,87.0,23.0,24.0,0.8,0.98,15.0,6.8,15.4,45.4,5.38,5.4,48.0,2015-2016,20.0,539.0,31.99,29.8,4.6,15.4,45.4,5.38,5.4,87.0,23.0,24.0,0.8,0.98,15.0,6.8,48.0,10.978429089275906,284.6253212102461,0,0
84793.0,1.0,28.0,456.0,23.4,23.64,44.0,107.0,21.0,19.0,0.1,0.89,9.0,6.4,15.4,44.5,5.19,4.9,31.0,2015-2016,28.0,456.0,23.64,23.4,4.4,15.4,44.5,5.19,4.9,107.0,21.0,19.0,0.1,0.89,9.0,6.4,31.0,10.852215671803618,269.59221934651697,0,0
84800.0,1.0,19.0,622.0,24.6,35.81,48.0,93.0,20.0,26.0,0.6,0.95,13.0,6.3,16.3,50.6,5.66,5.0,53.0,2015-2016,19.0,622.0,35.81,24.6,4.8,16.3,50.6,5.66,5.0,93.0,20.0,26.0,0.6,0.95,13.0,6.3,53.0,11.875853148789357,320.76207981627897,0,0
84803.0,1.0,44.0,390.0,19.3,34.94,43.0,83.0,28.0,24.0,1.8,0.8,14.0,5.0,15.8,46.4,5.16,5.4,55.0,2015-2016,44.0,390.0,34.94,19.3,4.3,15.8,46.4,5.16,5.4,83.0,28.0,24.0,1.8,0.8,14.0,5.0,55.0,7.495205550318357,182.13551429232683,0,0
84808.0,1.0,45.0,818.0,31.1,67.05,47.0,91.0,20.0,16.0,0.6,0.86,13.0,4.4,16.0,46.8,4.91,5.2,61.0,2015-2016,45.0,818.0,67.05,31.1,4.7,16.0,46.8,4.91,5.2,91.0,20.0,16.0,0.6,0.86,13.0,4.4,61.0,10.885513795510422,288.1149091927083,0,0
84813.0,1.0,31.0,274.0,13.9,35.83,47.0,77.0,47.0,32.0,0.6,0.85,14.0,6.6,17.9,54.6,6.16,5.9,27.0,2015-2016,31.0,274.0,35.83,13.9,4.7,17.9,54.6,6.16,5.9,77.0,47.0,32.0,0.6,0.85,14.0,6.6,27.0,4.790708875897592,126.79921946515849,1,1
84820.0,1.0,44.0,304.0,27.9,30.52,42.0,109.0,24.0,29.0,0.6,0.99,13.0,7.2,13.3,41.8,5.25,6.0,48.0,2015-2016,44.0,304.0,30.52,27.9,4.2,13.3,41.8,5.25,6.0,109.0,24.0,29.0,0.6,0.99,13.0,7.2,48.0,6.221462845441427,147.81201964823862,0,1
84829.0,1.0,24.0,446.0,24.3,31.23,46.0,98.0,15.0,20.0,0.4,1.18,10.0,7.1,15.3,43.6,4.8,5.0,54.0,2015-2016,24.0,446.0,31.23,24.3,4.6,15.3,43.6,4.8,5.0,98.0,15.0,20.0,0.4,1.18,10.0,7.1,54.0,8.96471146173907,232.4179405455312,0,0
84830.0,1.0,25.0,505.0,17.6,54.97,49.0,99.0,18.0,18.0,1.6,0.8,15.0,5.1,14.9,42.7,4.94,5.1,47.0,2015-2016,25.0,505.0,54.97,17.6,4.9,14.9,42.7,4.94,5.1,99.0,18.0,18.0,1.6,0.8,15.0,5.1,47.0,7.039612053550548,193.95165899220171,0,0
84831.0,1.0,54.0,380.0,45.5,19.25,43.0,104.0,74.0,37.0,0.8,0.99,12.0,6.8,17.5,51.2,5.23,6.7,42.0,2015-2016,54.0,380.0,19.25,45.5,4.3,17.5,51.2,5.23,6.7,104.0,74.0,37.0,0.8,0.99,12.0,6.8,42.0,9.830011859046481,238.87193665703487,0,0
84832.0,1.0,58.0,522.0,28.3,54.88,47.0,91.0,25.0,21.0,1.0,1.04,19.0,5.0,15.5,46.7,4.94,6.7,41.0,2015-2016,58.0,522.0,54.88,28.3,4.7,15.5,46.7,4.94,6.7,91.0,25.0,21.0,1.0,1.04,19.0,5.0,41.0,7.448185503878091,197.13661021543535,0,0
84835.0,1.0,39.0,391.0,24.6,39.55,42.0,101.0,27.0,32.0,0.6,0.86,13.0,6.3,13.0,37.7,4.05,4.7,24.0,2015-2016,39.0,391.0,39.55,24.6,4.2,13.0,37.7,4.05,4.7,101.0,27.0,32.0,0.6,0.86,13.0,6.3,24.0,7.038718940665226,167.2287190653822,0,0
84838.0,1.0,23.0,264.0,15.6,15.3,47.0,74.0,15.0,21.0,0.9,0.76,16.0,5.7,,,,4.7,53.0,2015-2016,23.0,264.0,15.3,15.6,4.7,,,,4.7,74.0,15.0,21.0,0.9,0.76,16.0,5.7,53.0,6.795307595677772,179.85640987131922,1,0
84842.0,1.0,50.0,358.0,25.1,39.09,41.0,103.0,47.0,41.0,0.2,0.67,12.0,6.1,14.0,43.5,4.66,6.0,48.0,2015-2016,50.0,358.0,39.09,25.1,4.1,14.0,43.5,4.66,6.0,103.0,47.0,41.0,0.2,0.67,12.0,6.1,48.0,6.494682790235484,150.7840365898889,0,1
84843.0,1.0,24.0,475.0,12.6,29.01,45.0,90.0,16.0,20.0,0.7,0.88,17.0,6.3,16.1,47.1,5.35,5.0,47.0,2015-2016,24.0,475.0,29.01,12.6,4.5,16.1,47.1,5.35,5.0,90.0,16.0,20.0,0.7,0.88,17.0,6.3,47.0,10.139081314779006,257.37046939584815,0,0
84846.0,1.0,24.0,476.0,29.9,23.63,48.0,106.0,49.0,76.0,0.8,1.11,16.0,6.6,15.2,44.8,5.28,5.5,45.0,2015-2016,24.0,476.0,23.63,29.9,4.8,15.2,44.8,5.28,5.5,106.0,49.0,76.0,0.8,1.11,16.0,6.6,45.0,10.765079794165883,290.76053239314905,0,0
84849.0,1.0,36.0,686.0,30.0,50.98,43.0,91.0,22.0,28.0,0.7,0.98,16.0,4.6,14.8,45.0,4.89,6.0,53.0,2015-2016,36.0,686.0,50.98,30.0,4.3,14.8,45.0,4.89,6.0,91.0,22.0,28.0,0.7,0.98,16.0,4.6,53.0,11.2506062627158,273.39276341436414,0,0
84865.0,1.0,26.0,231.0,21.8,22.82,49.0,102.0,43.0,29.0,0.2,0.98,15.0,9.4,15.8,46.2,5.08,5.3,47.0,2015-2016,26.0,231.0,22.82,21.8,4.9,15.8,46.2,5.08,5.3,102.0,43.0,29.0,0.2,0.98,15.0,9.4,47.0,4.909451874582313,135.26261512342256,1,1
84866.0,1.0,33.0,490.0,20.7,54.5,47.0,100.0,31.0,25.0,0.5,0.76,16.0,4.8,16.2,48.5,5.73,5.6,49.0,2015-2016,33.0,490.0,54.5,20.7,4.7,16.2,48.5,5.73,5.6,100.0,31.0,25.0,0.5,0.76,16.0,4.8,49.0,6.963320638837658,184.3033348013272,0,0
84868.0,1.0,40.0,790.0,33.3,,51.0,82.0,108.0,116.0,0.7,0.88,9.0,5.5,16.0,48.4,5.44,5.5,81.0,2015-2016,40.0,790.0,,33.3,5.1,16.0,48.4,5.44,5.5,82.0,108.0,116.0,0.7,0.88,9.0,5.5,81.0,,,0,0
84870.0,1.0,33.0,576.0,25.7,50.28,45.0,88.0,48.0,27.0,0.3,1.07,24.0,5.3,16.5,50.3,5.58,5.3,44.0,2015-2016,33.0,576.0,50.28,25.7,4.5,16.5,50.3,5.58,5.3,88.0,48.0,27.0,0.3,1.07,24.0,5.3,44.0,9.048525015001205,229.68778513062884,0,0
84872.0,1.0,32.0,513.0,31.1,17.74,45.0,92.0,32.0,27.0,0.6,0.88,12.0,6.8,16.1,48.2,5.57,5.4,39.0,2015-2016,32.0,513.0,17.74,31.1,4.5,16.1,48.2,5.57,5.4,92.0,32.0,27.0,0.6,0.88,12.0,6.8,39.0,13.71395033853307,348.11495502603515,0,0
84878.0,1.0,46.0,460.0,30.6,49.27,43.0,92.0,26.0,25.0,0.4,1.12,18.0,6.0,15.2,44.3,4.91,5.4,19.0,2015-2016,46.0,460.0,49.27,30.6,4.3,15.2,44.3,4.91,5.4,92.0,26.0,25.0,0.4,1.12,18.0,6.0,19.0,7.220779421986627,175.4668854357335,0,0
84896.0,1.0,22.0,626.0,23.7,22.49,48.0,93.0,13.0,15.0,1.0,1.11,20.0,5.7,11.9,37.9,6.14,5.2,64.0,2015-2016,22.0,626.0,22.49,23.7,4.8,11.9,37.9,6.14,5.2,93.0,13.0,15.0,1.0,1.11,20.0,5.7,64.0,14.970777707174182,404.35476370890495,0,0
84900.0,1.0,45.0,498.0,26.1,63.94,49.0,72.0,25.0,31.0,0.9,0.81,17.0,5.0,17.6,52.4,5.59,5.4,49.0,2015-2016,45.0,498.0,63.94,26.1,4.9,17.6,52.4,5.59,5.4,72.0,25.0,31.0,0.9,0.81,17.0,5.0,49.0,6.212605321575819,171.16640798063244,0,1
84906.0,1.0,53.0,339.0,22.6,34.44,41.0,81.0,14.0,18.0,0.6,1.38,15.0,6.0,15.3,45.4,5.25,5.9,46.0,2015-2016,53.0,339.0,34.44,22.6,4.1,15.3,45.4,5.25,5.9,81.0,14.0,18.0,0.6,1.38,15.0,6.0,46.0,6.617285460127432,153.6304458850125,0,0
84912.0,1.0,57.0,263.0,16.7,35.13,41.0,144.0,30.0,25.0,0.6,1.13,18.0,4.9,15.8,46.6,5.14,5.2,37.0,2015-2016,57.0,263.0,35.13,16.7,4.1,15.8,46.6,5.14,5.2,144.0,30.0,25.0,0.6,1.13,18.0,4.9,37.0,4.942979991590496,114.7588727559774,1,1
84916.0,1.0,38.0,855.0,46.3,64.92,39.0,126.0,15.0,25.0,0.5,1.03,12.0,6.4,16.1,48.1,5.12,5.5,78.0,2015-2016,38.0,855.0,64.92,46.3,3.9,16.1,48.1,5.12,5.5,126.0,15.0,25.0,0.5,1.03,12.0,6.4,78.0,12.727830261974722,281.70255350071983,0,0
84917.0,1.0,32.0,491.0,42.3,29.1,40.0,93.0,17.0,16.0,0.5,0.98,8.0,4.7,15.3,46.2,5.28,5.2,35.0,2015-2016,32.0,491.0,29.1,42.3,4.0,15.3,46.2,5.28,5.2,93.0,17.0,16.0,0.5,0.98,8.0,4.7,35.0,11.260545889565543,255.32915345725198,0,0
84920.0,1.0,35.0,527.0,39.2,35.67,48.0,90.0,26.0,29.0,0.8,0.91,15.0,5.7,15.3,47.5,5.23,5.5,77.0,2015-2016,35.0,527.0,35.67,39.2,4.8,15.3,47.5,5.23,5.5,90.0,26.0,29.0,0.8,0.91,15.0,5.7,77.0,9.829730386602183,265.4971161512901,0,0
84921.0,1.0,54.0,556.0,24.3,68.97,40.0,78.0,27.0,29.0,0.8,1.0,16.0,4.9,13.5,40.6,4.84,5.2,62.0,2015-2016,54.0,556.0,68.97,24.3,4.0,13.5,40.6,4.84,5.2,78.0,27.0,29.0,0.8,1.0,16.0,4.9,62.0,7.130661766514935,161.6853969860689,0,0
84926.0,1.0,40.0,151.0,21.4,29.88,41.0,83.0,17.0,17.0,0.4,0.95,14.0,5.7,15.4,45.9,5.15,5.5,55.0,2015-2016,40.0,151.0,29.88,21.4,4.1,15.4,45.9,5.15,5.5,83.0,17.0,17.0,0.4,0.95,14.0,5.7,55.0,3.0032651356980673,69.72541303958215,1,1
84930.0,1.0,49.0,702.0,29.9,78.63,46.0,82.0,14.0,19.0,0.2,0.88,14.0,3.3,14.8,45.2,4.71,5.3,47.0,2015-2016,49.0,702.0,78.63,29.9,4.6,14.8,45.2,4.71,5.3,82.0,14.0,19.0,0.2,0.88,14.0,3.3,47.0,8.028955820234783,208.157661786922,0,0
84931.0,1.0,30.0,537.0,38.0,46.05,46.0,82.0,17.0,24.0,0.5,0.96,11.0,6.9,15.6,46.7,5.4,5.5,54.0,2015-2016,30.0,537.0,46.05,38.0,4.6,15.6,46.7,5.4,5.5,82.0,17.0,24.0,0.5,0.96,11.0,6.9,54.0,8.768857036955984,227.34024426393955,0,0
84932.0,1.0,60.0,597.0,32.6,84.96,47.0,104.0,29.0,30.0,0.4,1.09,11.0,5.6,14.0,41.2,4.48,6.0,27.0,2015-2016,60.0,597.0,84.96,32.6,4.7,14.0,41.2,4.48,6.0,104.0,29.0,30.0,0.4,1.09,11.0,5.6,27.0,6.1922241829244555,163.89415710446184,0,1
84933.0,1.0,30.0,625.0,27.1,47.4,44.0,77.0,31.0,22.0,0.8,1.06,16.0,5.9,15.7,48.5,5.41,5.1,55.0,2015-2016,30.0,625.0,47.4,27.1,4.4,15.7,48.5,5.41,5.1,77.0,31.0,22.0,0.8,1.06,16.0,5.9,55.0,10.485870154450263,260.4914141231607,0,0
84934.0,1.0,57.0,105.0,16.2,21.91,43.0,228.0,23.0,23.0,0.3,0.83,20.0,5.0,17.1,52.6,5.87,8.6,27.0,2015-2016,57.0,105.0,21.91,16.2,4.3,17.1,52.6,5.87,8.6,228.0,23.0,23.0,0.3,0.83,20.0,5.0,27.0,2.3566234392683416,57.266584514985084,1,1
84935.0,1.0,26.0,721.0,39.5,44.62,50.0,78.0,32.0,33.0,0.7,1.44,22.0,6.8,16.0,47.9,5.11,5.2,46.0,2015-2016,26.0,721.0,44.62,39.5,5.0,16.0,47.9,5.11,5.2,78.0,32.0,33.0,0.7,1.44,22.0,6.8,46.0,12.114559036081646,340.33838408758857,0,0
84940.0,1.0,52.0,317.0,12.9,23.99,45.0,88.0,39.0,30.0,0.7,0.99,16.0,8.9,14.6,43.9,4.89,5.6,46.0,2015-2016,52.0,317.0,23.99,12.9,4.5,14.6,43.9,4.89,5.6,88.0,39.0,30.0,0.7,0.99,16.0,8.9,46.0,7.1022397637017995,180.28327468696617,0,0
84947.0,1.0,24.0,533.0,31.8,,54.0,90.0,31.0,45.0,0.8,0.7,9.0,7.0,16.3,48.0,5.36,4.7,83.0,2015-2016,24.0,533.0,,31.8,5.4,16.3,48.0,5.36,4.7,90.0,31.0,45.0,0.8,0.7,9.0,7.0,83.0,,,0,0
84950.0,1.0,48.0,436.0,26.8,34.66,47.0,93.0,26.0,19.0,0.3,0.85,14.0,5.0,15.8,46.7,5.09,5.9,46.0,2015-2016,48.0,436.0,34.66,26.8,4.7,15.8,46.7,5.09,5.9,93.0,26.0,19.0,0.3,0.85,14.0,5.0,46.0,8.150928340250557,215.73662233160994,0,0
84966.0,1.0,48.0,398.0,57.9,40.75,47.0,84.0,53.0,32.0,0.8,0.94,11.0,5.8,15.6,44.9,4.79,5.8,42.0,2015-2016,48.0,398.0,40.75,57.9,4.7,15.6,44.9,4.79,5.8,84.0,53.0,32.0,0.8,0.94,11.0,5.8,42.0,6.683286801203869,176.89147301727243,0,0
84969.0,1.0,60.0,422.0,44.7,38.97,45.0,79.0,29.0,26.0,0.6,1.1,19.0,5.1,13.2,41.8,5.87,9.6,57.0,2015-2016,60.0,422.0,38.97,44.7,4.5,13.2,41.8,5.87,9.6,79.0,29.0,26.0,0.6,1.1,19.0,5.1,57.0,7.493242746578089,190.20849553427928,0,0
84970.0,1.0,51.0,471.0,32.9,46.42,41.0,117.0,22.0,24.0,0.6,0.7,15.0,4.3,15.7,47.5,5.41,6.1,44.0,2015-2016,51.0,471.0,46.42,32.9,4.1,15.7,47.5,5.41,6.1,117.0,22.0,24.0,0.6,0.7,15.0,4.3,44.0,7.894605435909085,183.28539104335388,0,0
84976.0,1.0,31.0,356.0,22.0,19.75,45.0,93.0,46.0,24.0,0.5,0.86,14.0,7.2,15.5,46.4,5.65,5.3,20.0,2015-2016,31.0,356.0,19.75,22.0,4.5,15.5,46.4,5.65,5.3,93.0,46.0,24.0,0.5,0.86,14.0,7.2,20.0,8.785182205250573,223.00309048686967,0,0
84980.0,1.0,54.0,309.0,20.5,47.39,40.0,93.0,26.0,25.0,0.5,0.89,17.0,6.4,15.7,48.2,5.03,5.6,37.0,2015-2016,54.0,309.0,47.39,20.5,4.0,15.7,48.2,5.03,5.6,93.0,26.0,25.0,0.5,0.89,17.0,6.4,37.0,4.889612973049925,110.87035685359679,0,1
84982.0,1.0,26.0,375.0,18.7,23.69,46.0,95.0,77.0,36.0,0.4,0.59,12.0,7.2,15.1,44.2,5.44,5.7,24.0,2015-2016,26.0,375.0,23.69,18.7,4.6,15.1,44.2,5.44,5.7,95.0,77.0,36.0,0.4,0.59,12.0,7.2,24.0,8.47756162222237,219.78815732040624,0,0
84988.0,1.0,52.0,425.0,21.5,54.41,43.0,130.0,31.0,26.0,0.6,1.0,16.0,6.6,15.6,45.3,4.69,6.0,32.0,2015-2016,52.0,425.0,54.41,21.5,4.3,15.6,45.3,4.69,6.0,130.0,31.0,26.0,0.6,1.0,16.0,6.6,32.0,6.145806473296866,149.3447531545671,0,1
85007.0,1.0,47.0,454.0,21.1,26.84,42.0,98.0,16.0,25.0,0.2,1.16,9.0,6.9,16.2,47.7,5.17,5.7,32.0,2015-2016,47.0,454.0,26.84,21.1,4.2,16.2,47.7,5.17,5.7,98.0,16.0,25.0,0.2,1.16,9.0,6.9,32.0,10.445863738311216,248.17703721583965,0,0
85014.0,1.0,42.0,106.0,23.8,22.57,40.0,88.0,23.0,24.0,0.3,1.07,15.0,7.6,13.6,42.3,4.86,4.5,36.0,2015-2016,42.0,106.0,22.57,23.8,4.0,13.6,42.3,4.86,4.5,88.0,23.0,24.0,0.3,1.07,15.0,7.6,36.0,2.4375762704048674,55.271235667773944,1,1
85024.0,1.0,49.0,477.0,23.6,67.26,47.0,56.0,25.0,33.0,1.0,1.12,20.0,6.8,16.2,48.1,5.67,4.9,84.0,2015-2016,49.0,477.0,67.26,23.6,4.7,16.2,48.1,5.67,4.9,56.0,25.0,33.0,1.0,1.12,20.0,6.8,84.0,5.78213323353865,153.03997797588698,0,1
85037.0,1.0,60.0,287.0,19.2,36.59,39.0,101.0,25.0,18.0,0.3,2.44,33.0,6.3,14.3,43.2,4.71,5.7,27.0,2015-2016,60.0,287.0,36.59,19.2,3.9,14.3,43.2,4.71,5.7,101.0,25.0,18.0,0.3,2.44,33.0,6.3,27.0,5.421973527600787,120.00346927171182,1,1
85042.0,1.0,23.0,543.0,24.7,28.98,50.0,92.0,21.0,23.0,0.7,0.68,12.0,6.4,16.1,48.3,5.45,5.2,61.0,2015-2016,23.0,543.0,28.98,24.7,5.0,16.1,48.3,5.45,5.2,92.0,21.0,23.0,0.7,0.68,12.0,6.4,61.0,11.074110999241944,311.10872723169524,0,0
85043.0,1.0,26.0,477.0,29.7,19.2,43.0,245.0,21.0,22.0,0.8,1.05,13.0,5.6,15.2,43.8,5.31,9.0,56.0,2015-2016,26.0,477.0,19.2,29.7,4.3,15.2,43.8,5.31,9.0,245.0,21.0,22.0,0.8,1.05,13.0,5.6,56.0,12.672946541389601,307.9560154046903,0,0
85048.0,1.0,34.0,141.0,19.3,15.71,48.0,108.0,80.0,41.0,0.5,0.69,10.0,7.1,14.2,42.0,4.97,5.6,36.0,2015-2016,34.0,141.0,15.71,19.3,4.8,14.2,42.0,4.97,5.6,108.0,80.0,41.0,0.5,0.69,10.0,7.1,36.0,3.435028640928913,92.77876016892027,1,1
85049.0,1.0,52.0,298.0,25.1,29.92,41.0,95.0,36.0,28.0,0.2,1.27,13.0,8.0,14.5,45.2,4.55,4.8,17.0,2015-2016,52.0,298.0,29.92,25.1,4.1,14.5,45.2,4.55,4.8,95.0,36.0,28.0,0.2,1.27,13.0,8.0,17.0,6.231628327858876,144.67682320299923,1,1
85052.0,1.0,34.0,426.0,34.0,38.49,42.0,99.0,11.0,18.0,0.3,0.88,17.0,4.6,14.1,41.6,4.08,5.3,52.0,2015-2016,34.0,426.0,38.49,34.0,4.2,14.1,41.6,4.08,5.3,99.0,11.0,18.0,0.3,0.88,17.0,4.6,52.0,7.891928899787443,187.499624859548,0,0
85053.0,1.0,58.0,315.0,18.9,45.77,42.0,111.0,26.0,26.0,1.0,1.05,19.0,7.4,14.8,45.1,4.7,4.9,40.0,2015-2016,58.0,315.0,45.77,18.9,4.2,14.8,45.1,4.7,4.9,111.0,26.0,26.0,1.0,1.05,19.0,7.4,40.0,5.020524153526635,119.27963459096769,0,1
85060.0,1.0,55.0,497.0,32.9,53.03,45.0,91.0,28.0,29.0,1.2,0.66,16.0,6.0,15.8,47.5,5.63,5.7,53.0,2015-2016,55.0,497.0,53.03,32.9,4.5,15.8,47.5,5.63,5.7,91.0,28.0,29.0,1.2,0.66,16.0,6.0,53.0,7.346834967418323,186.49208004497575,0,0
85062.0,1.0,57.0,234.0,9.08,38.52,44.0,96.0,39.0,27.0,0.7,0.84,19.0,5.3,14.3,43.1,4.66,5.5,44.0,2015-2016,57.0,234.0,38.52,9.08,4.4,14.3,43.1,4.66,5.5,96.0,39.0,27.0,0.7,0.84,19.0,5.3,44.0,3.987494342076316,99.05787737937308,1,1
85066.0,1.0,49.0,267.0,18.0,40.11,43.0,127.0,22.0,20.0,0.4,0.97,15.0,4.5,13.5,41.5,4.33,6.3,52.0,2015-2016,49.0,267.0,40.11,18.0,4.3,13.5,41.5,4.33,6.3,127.0,22.0,20.0,0.4,0.97,15.0,4.5,52.0,4.527892962363658,110.02901892739735,1,1
85087.0,1.0,21.0,731.0,35.9,20.41,46.0,91.0,14.0,25.0,0.8,0.8,15.0,6.1,14.5,43.5,4.75,5.8,35.0,2015-2016,21.0,731.0,20.41,35.9,4.6,14.5,43.5,4.75,5.8,91.0,14.0,25.0,0.8,0.8,15.0,6.1,35.0,19.13881510085218,496.1904250021302,0,0
85092.0,1.0,26.0,769.0,33.1,29.5,48.0,82.0,21.0,28.0,0.8,1.03,17.0,7.3,14.5,42.9,4.81,4.8,57.0,2015-2016,26.0,769.0,29.5,33.1,4.8,14.5,42.9,4.81,4.8,82.0,21.0,28.0,0.8,1.03,17.0,7.3,57.0,16.853128991540697,455.19632476170375,0,0
85103.0,1.0,51.0,436.0,41.9,48.79,43.0,87.0,18.0,22.0,0.7,0.75,10.0,7.3,13.6,40.1,4.78,5.0,64.0,2015-2016,51.0,436.0,48.79,41.9,4.3,13.6,40.1,4.78,5.0,87.0,18.0,22.0,0.7,0.75,10.0,7.3,64.0,6.84062538242345,166.22903985013727,0,0
85107.0,1.0,24.0,411.0,26.3,21.72,37.0,79.0,21.0,22.0,0.5,0.73,11.0,6.1,15.9,46.0,5.15,5.2,31.0,2015-2016,24.0,411.0,21.72,26.3,3.7,15.9,46.0,5.15,5.2,79.0,21.0,22.0,0.5,0.73,11.0,6.1,31.0,11.20089431373322,235.76839775146598,0,0
85110.0,1.0,41.0,351.0,19.0,37.7,46.0,91.0,14.0,18.0,0.5,1.03,14.0,5.2,13.9,41.7,4.77,5.4,57.0,2015-2016,41.0,351.0,37.7,19.0,4.6,13.9,41.7,4.77,5.4,91.0,14.0,18.0,0.5,1.03,14.0,5.2,57.0,6.158741182723596,159.67072093181332,0,1
85113.0,1.0,21.0,486.0,23.8,39.82,46.0,59.0,10.0,16.0,0.3,1.06,15.0,4.5,14.6,44.9,5.1,5.5,50.0,2015-2016,21.0,486.0,39.82,23.8,4.6,14.6,44.9,5.1,5.5,59.0,10.0,16.0,0.3,1.06,15.0,4.5,50.0,8.584723487544105,222.566421869064,0,0
85117.0,1.0,37.0,435.0,17.7,29.04,46.0,89.0,60.0,41.0,0.6,1.24,7.0,7.4,16.1,47.4,5.42,4.9,60.0,2015-2016,37.0,435.0,29.04,17.7,4.6,16.1,47.4,5.42,4.9,89.0,60.0,41.0,0.6,1.24,7.0,7.4,60.0,9.057673669810688,234.82806663166176,0,0
85127.0,1.0,35.0,472.0,21.8,58.09,41.0,76.0,14.0,16.0,0.7,1.31,9.0,6.0,13.7,42.2,4.66,5.2,46.0,2015-2016,35.0,472.0,58.09,21.8,4.1,13.7,42.2,4.66,5.2,76.0,14.0,16.0,0.7,1.31,9.0,6.0,46.0,6.710000500132177,155.7829679459093,0,0
85145.0,1.0,35.0,432.0,,45.15,44.0,154.0,55.0,43.0,0.9,0.84,11.0,6.6,16.3,47.4,5.12,5.7,53.0,2015-2016,35.0,432.0,45.15,,4.4,16.3,47.4,5.12,5.7,154.0,55.0,43.0,0.9,0.84,11.0,6.6,53.0,7.069974224313933,175.63326232150783,0,0
85148.0,1.0,45.0,168.0,19.2,33.95,41.0,142.0,34.0,28.0,0.4,1.05,18.0,5.9,15.5,43.9,4.92,5.5,37.0,2015-2016,45.0,168.0,33.95,19.2,4.1,15.5,43.9,4.92,5.5,142.0,34.0,28.0,0.4,1.05,18.0,5.9,37.0,3.119612214971311,72.42658919011551,1,1
85157.0,1.0,53.0,179.0,24.3,27.83,43.0,84.0,21.0,22.0,0.4,0.86,3.0,7.3,15.2,45.4,5.12,5.6,40.0,2015-2016,53.0,179.0,27.83,24.3,4.3,15.2,45.4,5.12,5.6,84.0,21.0,22.0,0.4,0.86,3.0,7.3,40.0,3.65293086218354,88.7672041535742,1,1
85163.0,1.0,29.0,641.0,45.1,27.73,46.0,85.0,74.0,41.0,0.6,0.88,10.0,4.9,15.8,47.8,5.29,5.3,46.0,2015-2016,29.0,641.0,27.73,45.1,4.6,15.8,47.8,5.29,5.3,85.0,74.0,41.0,0.6,0.88,10.0,4.9,46.0,14.434774219692539,374.2340744260661,0,0
85164.0,1.0,39.0,291.0,28.5,26.04,42.0,132.0,27.0,29.0,0.7,1.28,12.0,7.2,13.6,39.8,4.66,6.2,27.0,2015-2016,39.0,291.0,26.04,28.5,4.2,13.6,39.8,4.66,6.2,132.0,27.0,29.0,0.7,1.28,12.0,7.2,27.0,6.46206660360817,153.52838062524597,1,1
85169.0,1.0,54.0,243.0,16.7,37.82,43.0,105.0,16.0,20.0,0.6,0.82,15.0,7.4,16.1,46.9,5.19,5.9,35.0,2015-2016,54.0,243.0,37.82,16.7,4.3,16.1,46.9,5.19,5.9,105.0,16.0,20.0,0.6,0.82,15.0,7.4,35.0,4.243061726129512,103.107543145346,1,1
85176.0,1.0,19.0,602.0,29.8,35.48,44.0,92.0,26.0,30.0,0.7,0.8,9.0,3.7,14.3,44.1,5.11,4.9,63.0,2015-2016,19.0,602.0,35.48,29.8,4.4,14.3,44.1,5.11,4.9,92.0,26.0,30.0,0.7,0.8,9.0,3.7,63.0,12.07597387237841,299.99298719097203,0,0
85181.0,1.0,48.0,476.0,18.6,27.94,45.0,83.0,33.0,26.0,0.2,0.69,19.0,5.1,15.5,45.8,5.06,5.6,38.0,2015-2016,48.0,476.0,27.94,18.6,4.5,15.5,45.8,5.06,5.6,83.0,33.0,26.0,0.2,0.69,19.0,5.1,38.0,10.361460164266973,263.01533475391574,0,0
85183.0,1.0,33.0,362.0,31.1,28.61,43.0,114.0,281.0,115.0,0.5,0.85,9.0,6.1,15.8,44.8,5.15,6.3,33.0,2015-2016,33.0,362.0,28.61,31.1,4.3,15.8,44.8,5.15,6.3,114.0,281.0,115.0,0.5,0.85,9.0,6.1,33.0,7.724010528424978,187.6955369068266,0,0
85197.0,1.0,60.0,350.0,27.8,49.45,45.0,135.0,26.0,39.0,0.8,1.01,19.0,5.7,14.6,41.0,4.98,6.2,80.0,2015-2016,60.0,350.0,49.45,27.8,4.5,14.6,41.0,4.98,6.2,135.0,26.0,39.0,0.8,1.01,19.0,5.7,80.0,5.202331841120049,132.05600648950093,0,1
85198.0,1.0,55.0,348.0,27.5,28.19,41.0,94.0,41.0,29.0,0.3,0.94,16.0,6.4,14.6,44.9,5.03,6.0,41.0,2015-2016,55.0,348.0,28.19,27.5,4.1,14.6,44.9,5.03,6.0,94.0,41.0,29.0,0.3,0.94,16.0,6.4,41.0,7.648739034860893,177.57722490048815,0,0
85202.0,1.0,34.0,214.0,18.6,19.8,45.0,88.0,53.0,34.0,0.6,0.57,12.0,4.3,15.1,45.3,5.3,5.4,40.0,2015-2016,34.0,214.0,19.8,18.6,4.5,15.1,45.3,5.3,5.4,88.0,53.0,34.0,0.6,0.57,12.0,4.3,40.0,5.068118067239309,128.64912366544033,1,1
85205.0,1.0,25.0,687.0,19.7,55.44,49.0,85.0,23.0,24.0,0.2,0.77,16.0,4.1,14.3,43.0,4.65,5.6,50.0,2015-2016,25.0,687.0,55.44,19.7,4.9,14.3,43.0,4.65,5.6,85.0,23.0,24.0,0.2,0.77,16.0,4.1,50.0,9.996858274729592,275.42813898612536,0,0
85211.0,1.0,42.0,323.0,24.2,25.41,45.0,91.0,38.0,28.0,0.8,0.91,17.0,6.6,14.2,43.6,5.32,5.5,29.0,2015-2016,42.0,323.0,25.41,24.2,4.5,14.2,43.6,5.32,5.5,91.0,38.0,28.0,0.8,0.91,17.0,6.6,29.0,7.052142140517234,179.01159647526924,0,0
85213.0,1.0,52.0,138.0,15.8,,42.0,194.0,41.0,26.0,0.5,1.2,18.0,4.6,13.9,41.9,4.75,6.7,44.0,2015-2016,52.0,138.0,,15.8,4.2,13.9,41.9,4.75,6.7,194.0,41.0,26.0,0.5,1.2,18.0,4.6,44.0,,,1,0
85214.0,1.0,26.0,693.0,30.3,69.94,48.0,78.0,15.0,22.0,0.6,1.0,16.0,5.1,13.3,41.0,4.88,5.5,54.0,2015-2016,26.0,693.0,69.94,30.3,4.8,13.3,41.0,4.88,5.5,78.0,15.0,22.0,0.6,1.0,16.0,5.1,54.0,8.561889590779737,231.25323948417326,0,0
85217.0,1.0,31.0,522.0,38.1,43.49,47.0,116.0,40.0,23.0,0.8,0.8,22.0,7.0,16.9,51.5,5.67,5.6,51.0,2015-2016,31.0,522.0,43.49,38.1,4.7,16.9,51.5,5.67,5.6,116.0,40.0,23.0,0.8,0.8,22.0,7.0,51.0,8.720139107616204,230.80234285081076,0,0
85220.0,1.0,47.0,429.0,26.8,33.93,46.0,64.0,23.0,25.0,0.4,1.18,17.0,7.4,15.7,46.1,5.26,5.1,77.0,2015-2016,47.0,429.0,33.93,26.8,4.6,15.7,46.1,5.26,5.1,64.0,23.0,25.0,0.4,1.18,17.0,7.4,77.0,8.19511501172651,212.46548332184136,0,0
85228.0,1.0,19.0,451.0,31.0,21.84,44.0,89.0,27.0,36.0,0.4,0.97,15.0,6.9,14.2,42.9,5.22,5.4,42.0,2015-2016,19.0,451.0,21.84,31.0,4.4,14.2,42.9,5.22,5.4,89.0,27.0,36.0,0.4,0.97,15.0,6.9,42.0,11.1054828592828,275.883917302499,0,0
85234.0,1.0,32.0,386.0,32.0,12.91,45.0,101.0,33.0,26.0,0.6,1.08,11.0,6.8,16.7,48.3,5.78,5.4,35.0,2015-2016,32.0,386.0,12.91,32.0,4.5,16.7,48.3,5.78,5.4,101.0,33.0,26.0,0.6,1.08,11.0,6.8,35.0,11.123678044190248,282.36347562066425,0,0
85246.0,1.0,23.0,194.0,18.1,14.35,46.0,87.0,26.0,26.0,5.397605346934028e-79,1.03,23.0,7.9,15.3,45.0,5.14,5.4,33.0,2015-2016,23.0,194.0,14.35,18.1,4.6,15.3,45.0,5.14,5.4,87.0,26.0,26.0,5.397605346934028e-79,1.03,23.0,7.9,33.0,5.088690669201795,131.92873083053016,1,1
85253.0,1.0,57.0,316.0,12.7,28.68,45.0,98.0,24.0,24.0,0.5,0.83,16.0,4.9,13.7,41.3,4.67,5.5,29.0,2015-2016,57.0,316.0,28.68,12.7,4.5,13.7,41.3,4.67,5.5,98.0,24.0,24.0,0.5,0.83,16.0,4.9,29.0,6.474601692090312,164.35130806333382,0,1
85257.0,1.0,59.0,976.0,48.6,49.96,40.0,135.0,35.0,19.0,0.3,1.05,19.0,6.1,14.8,44.7,5.17,6.6,42.0,2015-2016,59.0,976.0,49.96,48.6,4.0,14.8,44.7,5.17,6.6,135.0,35.0,19.0,0.3,1.05,19.0,6.1,42.0,18.340963663936915,415.8752845403937,0,0
85259.0,1.0,38.0,599.0,26.8,39.58,47.0,75.0,25.0,27.0,0.4,1.13,15.0,5.0,16.2,48.0,5.53,5.1,60.0,2015-2016,38.0,599.0,39.58,26.8,4.7,16.2,48.0,5.53,5.1,75.0,25.0,27.0,0.4,1.13,15.0,5.0,60.0,10.845194746181338,287.04775522511363,0,0
85263.0,1.0,46.0,210.0,23.6,29.42,46.0,98.0,31.0,25.0,0.7,1.08,19.0,8.4,16.1,46.5,5.2,5.2,48.0,2015-2016,46.0,210.0,29.42,23.6,4.6,16.1,46.5,5.2,5.2,98.0,31.0,25.0,0.7,1.08,19.0,8.4,48.0,4.060719500731997,105.27768434279571,1,1
85270.0,1.0,52.0,492.0,21.5,57.96,47.0,87.0,25.0,25.0,0.8,0.89,18.0,7.3,15.4,46.5,4.86,5.1,43.0,2015-2016,52.0,492.0,57.96,21.5,4.7,15.4,46.5,4.86,5.1,87.0,25.0,25.0,0.8,0.89,18.0,7.3,43.0,6.692859044131339,177.14482861937142,0,0
85279.0,1.0,50.0,373.0,12.9,44.8,41.0,96.0,20.0,18.0,0.2,0.77,20.0,5.7,15.2,43.8,5.04,5.6,30.0,2015-2016,50.0,373.0,44.8,12.9,4.1,15.2,43.8,5.04,5.6,96.0,20.0,18.0,0.2,0.77,20.0,5.7,30.0,6.2082470755712995,144.13399151832516,0,1
85281.0,1.0,35.0,256.0,35.7,30.09,51.0,86.0,36.0,25.0,0.5,1.18,13.0,6.6,15.3,45.1,4.95,5.4,21.0,2015-2016,35.0,256.0,30.09,35.7,5.1,15.3,45.1,4.95,5.4,86.0,36.0,25.0,0.5,1.18,13.0,6.6,21.0,4.696229521150457,134.47748696552992,1,1
85291.0,1.0,48.0,235.0,15.3,31.83,39.0,88.0,19.0,20.0,0.5,1.1,20.0,6.3,14.3,42.9,4.82,6.3,57.0,2015-2016,48.0,235.0,31.83,15.3,3.9,14.3,42.9,4.82,6.3,88.0,19.0,20.0,0.5,1.1,20.0,6.3,57.0,4.751221976580784,105.1578576633129,1,1
85305.0,1.0,30.0,282.0,25.7,16.2,48.0,78.0,27.0,26.0,0.5,1.16,19.0,6.3,15.9,49.1,5.53,5.4,44.0,2015-2016,30.0,282.0,16.2,25.7,4.8,15.9,49.1,5.53,5.4,78.0,27.0,26.0,0.5,1.16,19.0,6.3,44.0,7.044815429963173,190.2776685536196,1,0
85312.0,1.0,20.0,528.0,24.6,28.43,47.0,86.0,17.0,20.0,0.7,1.03,11.0,5.2,14.9,46.4,5.65,5.3,53.0,2015-2016,20.0,528.0,28.43,24.6,4.7,14.9,46.4,5.65,5.3,86.0,17.0,20.0,0.7,1.03,11.0,5.2,53.0,11.253602320964927,297.85737923853577,0,0
85315.0,1.0,32.0,620.0,16.2,49.75,48.0,91.0,21.0,26.0,0.3,1.07,25.0,6.0,15.8,48.2,5.73,5.4,67.0,2015-2016,32.0,620.0,49.75,16.2,4.8,15.8,48.2,5.73,5.4,91.0,21.0,26.0,0.3,1.07,25.0,6.0,67.0,9.643238157243266,260.4600350583129,0,0
85316.0,1.0,45.0,304.0,20.6,,43.0,138.0,18.0,17.0,1.2,1.07,24.0,5.5,14.9,43.3,5.02,10.0,32.0,2015-2016,45.0,304.0,,20.6,4.3,14.9,43.3,5.02,10.0,138.0,18.0,17.0,1.2,1.07,24.0,5.5,32.0,,,0,0
85324.0,1.0,48.0,439.0,30.3,35.88,49.0,95.0,31.0,25.0,0.8,0.93,22.0,6.2,13.5,39.3,4.62,4.5,38.0,2015-2016,48.0,439.0,35.88,30.3,4.9,13.5,39.3,4.62,4.5,95.0,31.0,25.0,0.8,0.93,22.0,6.2,38.0,7.876591732158726,217.01167934189417,0,0
85334.0,1.0,49.0,326.0,24.7,66.55,47.0,85.0,22.0,23.0,0.6,1.2,15.0,5.1,15.0,44.0,5.18,5.5,71.0,2015-2016,49.0,326.0,66.55,24.7,4.7,15.0,44.0,5.18,5.5,85.0,22.0,23.0,0.6,1.2,15.0,5.1,71.0,3.8251661934767553,101.24349031049995,0,1
85338.0,1.0,43.0,261.0,17.2,33.15,44.0,96.0,19.0,18.0,1.1,0.83,11.0,6.3,14.6,43.4,4.8,5.3,38.0,2015-2016,43.0,261.0,33.15,17.2,4.4,14.6,43.4,4.8,5.3,96.0,19.0,18.0,1.1,0.83,11.0,6.3,38.0,4.908709878400419,121.9428391645853,1,1
85339.0,1.0,45.0,245.0,20.2,25.1,45.0,80.0,23.0,27.0,0.6,0.73,12.0,5.7,14.7,42.5,4.47,5.5,44.0,2015-2016,45.0,245.0,25.1,20.2,4.5,14.7,42.5,4.47,5.5,80.0,23.0,27.0,0.6,0.73,12.0,5.7,44.0,5.255806479055647,133.41340685339748,1,1
85348.0,1.0,59.0,465.0,14.8,68.04,44.0,102.0,51.0,33.0,0.7,1.19,19.0,4.9,14.7,42.3,4.58,5.6,78.0,2015-2016,59.0,465.0,68.04,14.8,4.4,14.7,42.3,4.58,5.6,102.0,51.0,33.0,0.7,1.19,19.0,4.9,78.0,5.694049378264098,141.45234995129317,0,1
85355.0,1.0,22.0,436.0,24.9,34.54,48.0,90.0,39.0,56.0,0.4,0.86,16.0,7.3,15.1,43.1,4.89,4.7,40.0,2015-2016,22.0,436.0,34.54,24.9,4.8,15.1,43.1,4.89,4.7,90.0,39.0,56.0,0.4,0.86,16.0,7.3,40.0,8.07487817455151,218.09925443514436,0,0
85356.0,1.0,43.0,163.0,17.9,20.11,50.0,103.0,25.0,25.0,0.7,1.28,15.0,8.8,15.1,44.4,4.7,6.1,42.0,2015-2016,43.0,163.0,20.11,17.9,5.0,15.1,44.4,4.7,6.1,103.0,25.0,25.0,0.7,1.28,15.0,8.8,42.0,3.54323788376565,99.54137432547991,1,1
85360.0,1.0,58.0,502.0,19.0,54.29,44.0,104.0,38.0,27.0,1.3,1.08,16.0,7.2,14.6,42.5,4.67,5.2,41.0,2015-2016,58.0,502.0,54.29,19.0,4.4,14.6,42.5,4.67,5.2,104.0,38.0,27.0,1.3,1.08,16.0,7.2,41.0,7.373871670030724,183.1827240463973,0,0
85366.0,1.0,32.0,369.0,16.4,12.21,39.0,94.0,30.0,26.0,0.4,0.97,11.0,5.9,14.8,43.1,4.67,5.6,34.0,2015-2016,32.0,369.0,12.21,16.4,3.9,14.8,43.1,4.67,5.6,94.0,30.0,26.0,0.4,0.97,11.0,5.9,34.0,11.997738365075408,265.5435737364178,0,0
85369.0,1.0,31.0,545.0,30.2,37.03,47.0,92.0,30.0,25.0,1.0,0.91,19.0,8.0,16.1,46.3,5.06,5.0,54.0,2015-2016,31.0,545.0,37.03,30.2,4.7,16.1,46.3,5.06,5.0,92.0,30.0,25.0,1.0,0.91,19.0,8.0,54.0,10.11441664103957,267.7057130066032,0,0
85374.0,1.0,43.0,576.0,33.7,60.87,48.0,90.0,16.0,18.0,2.5,1.03,16.0,7.3,16.0,46.0,5.14,4.5,43.0,2015-2016,43.0,576.0,60.87,33.7,4.8,16.0,46.0,5.14,4.5,90.0,16.0,18.0,2.5,1.03,16.0,7.3,43.0,7.670591842807182,207.1796410830018,0,0
85381.0,1.0,22.0,524.0,24.3,30.16,47.0,128.0,94.0,52.0,0.5,0.88,16.0,6.0,13.4,39.1,4.7,5.5,45.0,2015-2016,22.0,524.0,30.16,24.3,4.7,13.4,39.1,4.7,5.5,128.0,94.0,52.0,0.5,0.88,16.0,6.0,45.0,10.827373605347976,286.5760699680491,0,0
85386.0,1.0,25.0,411.0,19.4,,44.0,111.0,17.0,19.0,0.4,0.93,15.0,4.8,14.4,44.4,5.75,5.7,59.0,2015-2016,25.0,411.0,,19.4,4.4,14.4,44.4,5.75,5.7,111.0,17.0,19.0,0.4,0.93,15.0,4.8,59.0,,,0,0
85394.0,1.0,34.0,346.0,31.6,24.63,44.0,268.0,27.0,20.0,0.6,1.01,14.0,5.3,16.1,48.4,5.84,11.0,35.0,2015-2016,34.0,346.0,24.63,31.6,4.4,16.1,48.4,5.84,11.0,268.0,27.0,20.0,0.6,1.01,14.0,5.3,35.0,7.825260505125257,194.3961869484988,0,0
85400.0,1.0,27.0,451.0,16.4,25.86,51.0,91.0,22.0,26.0,0.6,1.06,12.0,5.8,16.4,47.9,5.51,5.2,61.0,2015-2016,27.0,451.0,25.86,16.4,5.1,16.4,47.9,5.51,5.2,91.0,22.0,26.0,0.6,1.06,12.0,5.8,61.0,9.365309251770494,268.1775341603399,0,0
85409.0,1.0,31.0,320.0,30.6,20.81,39.0,95.0,66.0,33.0,0.8,0.83,9.0,6.8,15.4,45.5,5.54,5.5,33.0,2015-2016,31.0,320.0,20.81,30.6,3.9,15.4,45.5,5.54,5.5,95.0,66.0,33.0,0.8,0.83,9.0,6.8,33.0,8.362682237789452,185.08959437795818,0,0
85419.0,1.0,32.0,658.0,43.3,59.72,46.0,94.0,25.0,28.0,0.7,0.93,9.0,6.5,14.7,43.5,4.58,4.2,59.0,2015-2016,32.0,658.0,59.72,43.3,4.6,14.7,43.5,4.58,4.2,94.0,25.0,28.0,0.7,0.93,9.0,6.5,59.0,9.248656375938676,239.77945937057189,0,0
85427.0,1.0,28.0,580.0,34.8,21.33,46.0,77.0,29.0,28.0,0.4,0.94,12.0,6.8,14.6,43.5,4.82,5.2,62.0,2015-2016,28.0,580.0,21.33,34.8,4.6,14.6,43.5,4.82,5.2,77.0,29.0,28.0,0.4,0.94,12.0,6.8,62.0,14.450842769722545,374.65066555914007,0,0
85435.0,1.0,26.0,388.0,,45.44,54.0,79.0,16.0,21.0,0.7,0.91,22.0,5.9,14.6,42.1,4.82,4.9,74.0,2015-2016,26.0,388.0,45.44,,5.4,14.6,42.1,4.82,4.9,79.0,16.0,21.0,0.7,0.91,22.0,5.9,74.0,5.687829639958818,172.118294893958,0,1
85481.0,1.0,51.0,662.0,44.7,54.86,42.0,108.0,26.0,25.0,0.9,1.02,11.0,4.6,14.7,46.0,5.78,6.1,58.0,2015-2016,51.0,662.0,54.86,44.7,4.2,14.7,46.0,5.78,6.1,108.0,26.0,25.0,0.9,1.02,11.0,4.6,58.0,10.317229511534618,245.12089345542645,0,0
85484.0,1.0,29.0,227.0,14.2,18.06,45.0,172.0,187.0,92.0,0.5,0.73,10.0,6.7,16.3,49.0,5.61,5.9,31.0,2015-2016,29.0,227.0,18.06,14.2,4.5,16.3,49.0,5.61,5.9,172.0,187.0,92.0,0.5,0.73,10.0,6.7,31.0,5.604139789309846,142.25550060755796,1,1
85485.0,1.0,56.0,713.0,22.1,62.07,42.0,93.0,55.0,33.0,1.6,0.77,10.0,5.3,14.1,40.5,4.69,5.0,50.0,2015-2016,56.0,713.0,62.07,22.1,4.2,14.1,40.5,4.69,5.0,93.0,55.0,33.0,1.6,0.77,10.0,5.3,50.0,10.251327031715416,243.55515580113166,0,0
85487.0,1.0,34.0,288.0,36.8,40.49,44.0,91.0,25.0,28.0,0.9,0.79,10.0,7.1,14.1,43.2,5.27,6.0,75.0,2015-2016,34.0,288.0,40.49,36.8,4.4,14.1,43.2,5.27,6.0,91.0,25.0,28.0,0.9,0.79,10.0,7.1,75.0,4.839137728939671,120.21451835480237,1,1
85488.0,1.0,23.0,484.0,29.7,48.65,40.0,123.0,18.0,22.0,1.0,1.67,22.0,7.8,13.3,40.5,4.49,5.5,45.0,2015-2016,23.0,484.0,48.65,29.7,4.0,13.3,40.5,4.49,5.5,123.0,18.0,22.0,1.0,1.67,22.0,7.8,45.0,7.960300724533942,180.49718594404834,0,0
85489.0,1.0,22.0,422.0,19.9,38.3,45.0,89.0,25.0,34.0,0.2,0.93,14.0,5.2,15.1,44.2,5.15,5.2,39.0,2015-2016,22.0,422.0,38.3,19.9,4.5,15.1,44.2,5.15,5.2,89.0,25.0,34.0,0.2,0.93,14.0,5.2,39.0,7.573811163688896,192.2536444670592,0,0
85496.0,1.0,43.0,308.0,25.9,40.5,45.0,74.0,30.0,29.0,0.6,1.03,16.0,6.6,15.2,43.1,4.66,5.0,41.0,2015-2016,43.0,308.0,40.5,25.9,4.5,15.2,43.1,4.66,5.0,74.0,30.0,29.0,0.6,1.03,16.0,6.6,41.0,5.155460488894097,130.86622394914122,0,1
85511.0,1.0,25.0,224.0,30.1,16.76,41.0,106.0,35.0,27.0,0.6,0.84,12.0,12.2,15.3,45.4,5.16,5.9,41.0,2015-2016,25.0,224.0,16.76,30.1,4.1,15.3,45.4,5.16,5.9,106.0,35.0,27.0,0.6,0.84,12.0,12.2,41.0,6.042027265075498,140.27494330962045,1,1
85523.0,1.0,45.0,205.0,15.0,12.5,43.0,105.0,46.0,27.0,0.4,1.38,19.0,7.0,14.7,43.7,4.69,5.7,36.0,2015-2016,45.0,205.0,12.5,15.0,4.3,14.7,43.7,4.69,5.7,105.0,46.0,27.0,0.4,1.38,19.0,7.0,36.0,5.912240962833646,143.66904832118044,1,1
85531.0,1.0,37.0,296.0,31.9,17.69,47.0,95.0,20.0,28.0,0.6,1.01,17.0,6.7,15.9,47.0,5.72,5.5,59.0,2015-2016,37.0,296.0,17.69,31.9,4.7,15.9,47.0,5.72,5.5,95.0,20.0,28.0,0.6,1.01,17.0,6.7,59.0,7.292891442337259,193.02632793758303,1,0
85535.0,1.0,35.0,896.0,49.9,51.11,44.0,98.0,29.0,29.0,1.1,0.98,11.0,5.4,15.1,45.1,5.24,5.5,47.0,2015-2016,35.0,896.0,51.11,49.9,4.4,15.1,45.1,5.24,5.5,98.0,29.0,29.0,1.1,0.98,11.0,5.4,47.0,15.406725378626412,382.73596962120564,0,0
85542.0,1.0,20.0,219.0,15.4,7.47,48.0,98.0,25.0,17.0,0.5,0.86,15.0,5.4,14.4,45.1,5.56,5.7,49.0,2015-2016,20.0,219.0,7.47,15.4,4.8,14.4,45.1,5.56,5.7,98.0,25.0,17.0,0.5,0.86,15.0,5.4,49.0,6.61926608275206,178.78374959337955,1,0
85548.0,1.0,38.0,311.0,33.7,30.76,42.0,147.0,101.0,67.0,0.7,0.76,14.0,5.4,15.8,47.0,5.52,7.5,28.0,2015-2016,38.0,311.0,30.76,33.7,4.2,15.8,47.0,5.52,7.5,147.0,101.0,67.0,0.7,0.76,14.0,5.4,28.0,6.351182374684541,150.89394846169967,0,1
85557.0,1.0,38.0,305.0,25.5,29.82,45.0,85.0,35.0,25.0,0.1,0.95,24.0,4.1,14.5,44.1,5.08,5.9,44.0,2015-2016,38.0,305.0,29.82,25.5,4.5,14.5,44.1,5.08,5.9,85.0,35.0,25.0,0.1,0.95,24.0,4.1,44.0,6.100243448494679,154.84859732602345,0,1
85563.0,1.0,21.0,523.0,21.0,39.86,48.0,85.0,28.0,22.0,0.4,1.03,8.0,5.9,14.3,44.1,5.33,5.4,55.0,2015-2016,21.0,523.0,39.86,21.0,4.8,14.3,44.1,5.33,5.4,85.0,28.0,22.0,0.4,1.03,8.0,5.9,55.0,9.129640035699651,246.58795365144084,0,0
85573.0,1.0,33.0,369.0,29.0,27.38,41.0,94.0,27.0,27.0,0.7,0.96,14.0,5.8,15.6,46.6,5.42,5.5,37.0,2015-2016,33.0,369.0,27.38,29.0,4.1,15.6,46.6,5.42,5.5,94.0,27.0,27.0,0.7,0.96,14.0,5.8,37.0,8.295782688627694,192.59933715999873,0,0
85577.0,1.0,50.0,529.0,33.9,61.88,43.0,79.0,33.0,29.0,0.5,1.06,20.0,6.1,14.8,43.6,5.05,5.2,60.0,2015-2016,50.0,529.0,61.88,33.9,4.3,14.8,43.6,5.05,5.2,79.0,33.0,29.0,0.5,1.06,20.0,6.1,60.0,7.16100362887271,174.01431755778216,0,0
85584.0,1.0,47.0,564.0,44.6,53.65,41.0,91.0,42.0,36.0,0.6,0.78,15.0,7.0,15.5,45.3,4.71,5.0,61.0,2015-2016,47.0,564.0,53.65,44.6,4.1,15.5,45.3,4.71,5.0,91.0,42.0,36.0,0.6,0.78,15.0,7.0,61.0,8.762505775584943,203.4350304946929,0,0
85588.0,1.0,25.0,525.0,20.9,29.6,48.0,85.0,37.0,33.0,1.1,0.88,14.0,6.9,14.9,44.8,4.94,5.3,67.0,2015-2016,25.0,525.0,29.6,20.9,4.8,14.9,44.8,4.94,5.3,85.0,37.0,33.0,1.1,0.88,14.0,6.9,67.0,10.816623902737055,292.15271830690386,0,0
85589.0,1.0,29.0,398.0,23.8,48.57,42.0,98.0,21.0,25.0,0.3,0.81,19.0,6.6,16.3,49.0,5.39,5.7,46.0,2015-2016,29.0,398.0,48.57,23.8,4.2,16.3,49.0,5.39,5.7,98.0,21.0,25.0,0.3,0.81,19.0,6.6,46.0,6.2502290603533925,148.49545896619395,0,1
85603.0,1.0,33.0,578.0,20.1,46.1,45.0,114.0,25.0,33.0,1.3,0.82,12.0,8.2,10.9,33.7,5.35,,46.0,2015-2016,33.0,578.0,46.1,20.1,4.5,10.9,33.7,5.35,,114.0,25.0,33.0,1.3,0.82,12.0,8.2,46.0,9.644298296283738,244.81089582446316,0,0
85604.0,1.0,30.0,356.0,21.2,28.16,48.0,79.0,24.0,27.0,0.3,1.24,14.0,8.2,14.4,41.9,4.63,5.5,44.0,2015-2016,30.0,356.0,28.16,21.2,4.8,14.4,41.9,4.63,5.5,79.0,24.0,27.0,0.3,1.24,14.0,8.2,44.0,7.1840624158145765,194.03867437191715,0,0
85630.0,1.0,42.0,389.0,42.8,27.48,47.0,88.0,44.0,28.0,0.6,1.07,14.0,7.5,15.6,45.9,5.55,4.7,29.0,2015-2016,42.0,389.0,27.48,42.8,4.7,15.6,45.9,5.55,4.7,88.0,44.0,28.0,0.6,1.07,14.0,7.5,29.0,8.119175535609601,214.89619746994506,0,0
85634.0,1.0,46.0,334.0,20.8,34.9,44.0,88.0,29.0,25.0,0.5,0.96,15.0,4.7,14.7,43.2,4.98,5.5,72.0,2015-2016,46.0,334.0,34.9,20.8,4.4,14.7,43.2,4.98,5.5,88.0,29.0,25.0,0.5,0.96,15.0,4.7,72.0,6.2388575295998985,154.98654822734724,0,1
85635.0,1.0,57.0,367.0,34.3,38.13,39.0,210.0,28.0,22.0,0.5,0.83,14.0,4.8,13.7,40.8,4.67,9.2,23.0,2015-2016,57.0,367.0,38.13,34.3,3.9,13.7,40.8,4.67,9.2,210.0,28.0,22.0,0.5,0.83,14.0,4.8,23.0,6.942136794279185,153.64894262789562,0,0
85636.0,1.0,52.0,327.0,11.5,54.22,42.0,165.0,28.0,25.0,0.7,0.92,11.0,5.6,14.6,42.6,4.67,5.7,35.0,2015-2016,52.0,327.0,54.22,11.5,4.2,14.6,42.6,4.67,5.7,165.0,28.0,25.0,0.7,0.92,11.0,5.6,35.0,4.640699519051647,110.25560797075912,0,1
85642.0,1.0,31.0,1270.0,32.0,54.09,45.0,84.0,23.0,20.0,0.6,0.96,11.0,6.8,15.9,47.3,5.07,5.1,30.0,2015-2016,31.0,1270.0,54.09,32.0,4.5,15.9,47.3,5.07,5.1,84.0,23.0,20.0,0.6,0.96,11.0,6.8,30.0,22.858594870252773,580.2426382468275,0,0
85651.0,1.0,33.0,419.0,27.7,35.71,50.0,83.0,14.0,21.0,1.3,1.22,16.0,8.1,13.3,42.3,6.46,5.4,38.0,2015-2016,33.0,419.0,35.71,27.7,5.0,13.3,42.3,6.46,5.4,83.0,14.0,21.0,1.3,1.22,16.0,8.1,38.0,7.4160057577673495,208.3403455681325,0,0
85660.0,1.0,54.0,700.0,35.1,51.44,39.0,90.0,35.0,38.0,0.6,0.4,21.0,5.1,15.0,45.4,5.03,5.2,65.0,2015-2016,54.0,700.0,51.44,35.1,3.9,15.0,45.4,5.03,5.2,90.0,35.0,38.0,0.6,0.4,21.0,5.1,65.0,11.968468347820387,264.8957462252053,0,0
85667.0,1.0,38.0,167.0,15.7,10.77,,,,,,,,,16.6,47.2,5.3,10.5,18.0,2015-2016,38.0,167.0,10.77,15.7,,16.6,47.2,5.3,10.5,,,,,,,,18.0,4.987696574071429,121.20237057594649,1,1
85670.0,1.0,45.0,165.0,27.8,13.69,45.0,145.0,38.0,31.0,0.7,0.85,15.0,9.8,14.2,43.6,4.81,7.6,37.0,2015-2016,45.0,165.0,13.69,27.8,4.5,14.2,43.6,4.81,7.6,145.0,38.0,31.0,0.7,0.85,15.0,9.8,37.0,4.429354419963538,112.43474539699338,1,1
85675.0,1.0,22.0,588.0,24.1,34.98,51.0,93.0,19.0,22.0,0.5,1.17,14.0,6.0,16.4,45.8,5.31,4.7,51.0,2015-2016,22.0,588.0,34.98,24.1,5.1,16.4,45.8,5.31,4.7,93.0,19.0,22.0,0.5,1.17,14.0,6.0,51.0,10.882325792502845,311.617611176178,0,0
85678.0,1.0,30.0,316.0,42.0,19.94,39.0,102.0,36.0,31.0,0.1,0.78,16.0,8.3,14.2,42.5,5.08,5.6,37.0,2015-2016,30.0,316.0,19.94,42.0,3.9,14.2,42.5,5.08,5.6,102.0,36.0,31.0,0.1,0.78,16.0,8.3,37.0,8.41078017177008,186.15413645163207,0,0
85682.0,1.0,32.0,246.0,13.8,29.84,40.0,126.0,18.0,20.0,0.3,0.9,17.0,8.7,15.7,47.4,5.45,5.2,35.0,2015-2016,32.0,246.0,29.84,13.8,4.0,15.7,47.4,5.45,5.2,126.0,18.0,20.0,0.3,0.9,17.0,8.7,35.0,5.123566752059766,116.17518140904403,1,1
85704.0,1.0,46.0,206.0,22.8,15.58,46.0,98.0,35.0,17.0,0.5,0.89,16.0,6.2,15.2,43.0,4.74,4.9,46.0,2015-2016,46.0,206.0,15.58,22.8,4.6,15.2,43.0,4.74,4.9,98.0,35.0,17.0,0.5,0.89,16.0,6.2,46.0,5.26861875140347,136.59352283081924,1,1
85710.0,1.0,33.0,944.0,53.2,24.95,44.0,135.0,42.0,31.0,0.5,1.18,10.0,5.9,16.3,48.4,5.29,5.9,35.0,2015-2016,33.0,944.0,24.95,53.2,4.4,16.3,48.4,5.29,5.9,135.0,42.0,31.0,0.5,1.18,10.0,5.9,35.0,24.6510624240166,612.385049203105,0,0
85726.0,1.0,60.0,202.0,37.6,48.28,40.0,100.0,17.0,18.0,0.5,0.81,16.0,6.6,13.4,40.0,4.47,12.3,50.0,2015-2016,60.0,202.0,48.28,37.6,4.0,13.4,40.0,4.47,12.3,100.0,17.0,18.0,0.5,0.81,16.0,6.6,50.0,3.0447068603602343,69.03772097777579,1,1
85727.0,1.0,30.0,369.0,19.4,15.89,46.0,91.0,25.0,25.0,1.0,0.55,18.0,7.2,14.7,44.8,5.38,5.5,40.0,2015-2016,30.0,369.0,15.89,19.4,4.6,14.7,44.8,5.38,5.5,91.0,25.0,25.0,1.0,0.55,18.0,7.2,40.0,9.762547334938006,253.1025293729189,0,0
85731.0,1.0,44.0,172.0,12.7,37.51,45.0,136.0,28.0,24.0,0.5,0.67,14.0,7.5,16.2,47.5,5.36,6.2,39.0,2015-2016,44.0,172.0,37.51,12.7,4.5,16.2,47.5,5.36,6.2,136.0,28.0,24.0,0.5,0.67,14.0,7.5,39.0,2.8919379634949736,73.40896162292958,1,1
85735.0,1.0,60.0,290.0,16.7,28.51,43.0,92.0,20.0,22.0,1.3,0.95,13.0,6.5,13.9,42.4,4.89,5.9,75.0,2015-2016,60.0,290.0,28.51,16.7,4.3,13.9,42.4,4.89,5.9,92.0,20.0,22.0,1.3,0.95,13.0,6.5,75.0,6.059263350171069,147.24173194545406,1,1
85753.0,1.0,42.0,272.0,13.6,31.35,45.0,95.0,64.0,45.0,0.7,1.03,20.0,6.9,15.3,46.9,5.16,5.7,61.0,2015-2016,42.0,272.0,31.35,13.6,4.5,15.3,46.9,5.16,5.7,95.0,64.0,45.0,0.7,1.03,20.0,6.9,61.0,5.23938192834651,132.9964860107305,1,1
85757.0,1.0,27.0,435.0,21.9,32.46,47.0,97.0,28.0,37.0,0.7,0.97,21.0,5.0,14.5,43.3,5.09,5.6,49.0,2015-2016,27.0,435.0,32.46,21.9,4.7,14.5,43.3,5.09,5.6,97.0,28.0,37.0,0.7,0.97,21.0,5.0,49.0,8.432815726126305,223.1975433418481,0,0
85760.0,1.0,58.0,469.0,36.8,19.36,44.0,184.0,30.0,23.0,0.4,0.98,24.0,2.9,16.0,50.9,5.86,10.8,32.0,2015-2016,58.0,469.0,19.36,36.8,4.4,16.0,50.9,5.86,10.8,184.0,30.0,23.0,0.4,0.98,24.0,2.9,32.0,12.198358848899344,303.0332914415294,0,0
85772.0,1.0,53.0,327.0,20.6,48.11,46.0,125.0,21.0,21.0,0.2,1.2,13.0,7.2,14.3,41.6,4.51,6.0,35.0,2015-2016,53.0,327.0,48.11,20.6,4.6,14.3,41.6,4.51,6.0,125.0,21.0,21.0,0.2,1.2,13.0,7.2,35.0,4.874766905498454,126.38257122395714,0,1
85775.0,1.0,43.0,193.0,6.93,16.77,45.0,74.0,18.0,14.0,0.4,0.82,11.0,6.6,14.3,41.6,4.86,5.6,34.0,2015-2016,43.0,193.0,16.77,6.93,4.5,14.3,41.6,4.86,5.6,74.0,18.0,14.0,0.4,0.82,11.0,6.6,34.0,4.856935748451455,123.28847107502183,1,1
85776.0,1.0,19.0,392.0,12.2,25.63,49.0,81.0,19.0,19.0,0.5,0.83,12.0,5.6,15.3,43.8,5.33,5.0,57.0,2015-2016,19.0,392.0,25.63,12.2,4.9,15.3,43.8,5.33,5.0,81.0,19.0,19.0,0.5,0.83,12.0,5.6,57.0,8.256574729777528,227.4807694304347,0,0
85790.0,1.0,60.0,528.0,26.2,100.7,34.0,98.0,97.0,159.0,0.8,0.86,9.0,5.7,12.3,36.7,3.73,4.9,68.0,2015-2016,60.0,528.0,100.7,26.2,3.4,12.3,36.7,3.73,4.9,98.0,97.0,159.0,0.8,0.86,9.0,5.7,68.0,5.019156772206546,97.48943521916853,0,1
85791.0,1.0,28.0,444.0,28.2,18.93,51.0,103.0,194.0,120.0,0.2,0.96,11.0,7.0,15.2,43.9,4.85,5.9,43.0,2015-2016,28.0,444.0,18.93,28.2,5.1,15.2,43.9,4.85,5.9,103.0,194.0,120.0,0.2,0.96,11.0,7.0,43.0,10.438540324146379,298.9097240791737,0,0
85796.0,1.0,38.0,245.0,29.4,16.91,46.0,232.0,49.0,33.0,0.2,0.65,13.0,3.9,15.9,46.6,5.2,8.6,32.0,2015-2016,38.0,245.0,16.91,29.4,4.6,15.9,46.6,5.2,8.6,232.0,49.0,33.0,0.2,0.65,13.0,3.9,32.0,6.145650222154352,159.3313263948835,1,1
85797.0,1.0,29.0,487.0,23.9,45.59,50.0,68.0,15.0,29.0,1.1,1.01,16.0,6.1,13.9,41.9,4.65,5.6,51.0,2015-2016,29.0,487.0,45.59,23.9,5.0,13.9,41.9,4.65,5.6,68.0,15.0,29.0,1.1,1.01,16.0,6.1,51.0,7.587047094619089,213.14546740731174,0,0
85799.0,1.0,36.0,493.0,31.6,33.31,49.0,463.0,20.0,14.0,0.6,0.96,13.0,3.7,17.2,50.9,5.91,14.2,41.0,2015-2016,36.0,493.0,33.31,31.6,4.9,17.2,50.9,5.91,14.2,463.0,20.0,14.0,0.6,0.96,13.0,3.7,41.0,9.354140613328166,257.72032273941585,0,0
85801.0,1.0,59.0,504.0,37.3,37.29,43.0,103.0,35.0,27.0,0.8,0.89,18.0,4.6,15.3,44.8,4.73,5.8,34.0,2015-2016,59.0,504.0,37.29,37.3,4.3,15.3,44.8,4.73,5.8,103.0,35.0,27.0,0.8,0.89,18.0,4.6,34.0,9.647091814576008,234.42693029258768,0,0
85804.0,1.0,52.0,710.0,25.0,56.21,45.0,99.0,27.0,31.0,0.5,0.79,21.0,4.3,16.7,48.5,5.35,5.7,48.0,2015-2016,52.0,710.0,56.21,25.0,4.5,16.7,48.5,5.35,5.7,99.0,27.0,31.0,0.5,0.79,21.0,4.3,48.0,10.694479188870744,271.4686906368682,0,0
85807.0,1.0,60.0,347.0,9.0,,41.0,91.0,12.0,17.0,0.6,1.06,12.0,4.5,11.7,34.2,3.5,5.3,36.0,2015-2016,60.0,347.0,,9.0,4.1,11.7,34.2,3.5,5.3,91.0,12.0,17.0,0.6,1.06,12.0,4.5,36.0,,,0,0
85810.0,1.0,36.0,286.0,24.1,13.13,47.0,74.0,41.0,33.0,0.6,1.07,15.0,8.7,15.0,43.6,4.72,5.2,51.0,2015-2016,36.0,286.0,13.13,24.1,4.7,15.0,43.6,4.72,5.2,74.0,41.0,33.0,0.6,1.07,15.0,8.7,51.0,7.769331390286648,205.63661486734023,1,0
85811.0,1.0,57.0,477.0,40.9,39.59,40.0,191.0,27.0,29.0,0.9,1.18,14.0,5.8,14.6,44.0,5.0,8.4,38.0,2015-2016,57.0,477.0,39.59,40.9,4.0,14.6,44.0,5.0,8.4,191.0,27.0,29.0,0.9,1.18,14.0,5.8,38.0,9.029778761223193,204.74724668062652,0,0
85814.0,1.0,41.0,405.0,23.0,32.67,45.0,99.0,21.0,25.0,0.3,1.2,14.0,4.7,13.3,40.5,4.31,5.6,48.0,2015-2016,41.0,405.0,32.67,23.0,4.5,13.3,40.5,4.31,5.6,99.0,21.0,25.0,0.3,1.2,14.0,4.7,48.0,7.941032143129675,201.57518287043635,0,0
85815.0,1.0,52.0,307.0,27.2,19.44,41.0,99.0,19.0,25.0,1.6,0.99,13.0,5.9,15.7,45.8,4.82,5.2,51.0,2015-2016,52.0,307.0,19.44,27.2,4.1,15.7,45.8,4.82,5.2,99.0,19.0,25.0,1.6,0.99,13.0,5.9,51.0,7.9862776915219005,185.4137032629102,0,0
85825.0,1.0,42.0,528.0,28.5,45.32,46.0,103.0,19.0,22.0,0.5,1.1,18.0,9.2,15.5,45.7,5.12,5.7,58.0,2015-2016,42.0,528.0,45.32,28.5,4.6,15.5,45.7,5.12,5.7,103.0,19.0,22.0,0.5,1.1,18.0,9.2,58.0,8.691125585056113,225.32498877654464,0,0
85833.0,1.0,59.0,373.0,18.1,49.92,46.0,117.0,29.0,30.0,1.1,1.08,22.0,5.8,15.1,44.7,5.35,7.1,62.0,2015-2016,59.0,373.0,49.92,18.1,4.6,15.1,44.7,5.35,7.1,117.0,29.0,30.0,1.1,1.08,22.0,5.8,62.0,5.497048228873225,142.5157556812576,0,1
85836.0,1.0,56.0,979.0,35.0,109.1,41.0,85.0,34.0,36.0,0.4,0.98,12.0,5.9,15.6,46.9,5.05,5.4,49.0,2015-2016,56.0,979.0,109.1,35.0,4.1,15.6,46.9,5.05,5.4,85.0,34.0,36.0,0.4,0.98,12.0,5.9,49.0,9.251552884056084,214.78901027777914,0,0
85856.0,1.0,47.0,424.0,29.1,48.65,42.0,71.0,41.0,33.0,1.0,0.92,15.0,6.2,14.6,45.0,5.89,5.8,43.0,2015-2016,47.0,424.0,48.65,29.1,4.2,14.6,45.0,5.89,5.8,71.0,41.0,33.0,1.0,0.92,15.0,6.2,43.0,6.705543500962141,159.3130028000689,0,0
85864.0,1.0,23.0,356.0,26.8,44.44,51.0,74.0,15.0,21.0,0.4,1.28,20.0,8.3,15.7,46.0,5.14,4.9,63.0,2015-2016,23.0,356.0,44.44,26.8,5.1,15.7,46.0,5.14,4.9,74.0,15.0,21.0,0.4,1.28,20.0,8.3,63.0,5.387343274889406,154.26766979018885,0,1
85866.0,1.0,48.0,294.0,41.4,18.79,43.0,81.0,51.0,39.0,0.3,0.76,17.0,7.0,15.7,46.1,4.98,5.7,35.0,2015-2016,48.0,294.0,18.79,41.4,4.3,15.7,46.1,4.98,5.7,81.0,51.0,39.0,0.3,0.76,17.0,7.0,35.0,7.497400505927985,182.1888523050237,1,0
85872.0,1.0,60.0,378.0,20.2,64.09,40.0,245.0,27.0,23.0,0.4,1.33,18.0,6.1,13.6,41.0,4.45,7.7,34.0,2015-2016,60.0,378.0,64.09,20.2,4.0,13.6,41.0,4.45,7.7,245.0,27.0,23.0,0.4,1.33,18.0,6.1,34.0,4.877823867174186,110.60304277728193,0,1
85876.0,1.0,48.0,227.0,18.0,33.93,41.0,121.0,15.0,23.0,0.5,0.92,15.0,4.4,14.1,42.4,4.81,5.6,47.0,2015-2016,48.0,227.0,33.93,18.0,4.1,14.1,42.4,4.81,5.6,121.0,15.0,23.0,0.5,0.92,15.0,4.4,47.0,4.304079373271413,99.92581357181447,1,1
85896.0,1.0,60.0,782.0,28.0,84.37,45.0,84.0,21.0,22.0,0.6,0.84,16.0,5.2,16.4,48.0,4.84,5.1,51.0,2015-2016,60.0,782.0,84.37,28.0,4.5,16.4,48.0,4.84,5.1,84.0,21.0,22.0,0.6,0.84,16.0,5.2,51.0,8.66333989499658,219.91024493126343,0,0
85898.0,1.0,47.0,401.0,34.2,33.04,48.0,99.0,24.0,27.0,0.8,1.51,21.0,9.2,15.7,49.9,5.97,5.9,38.0,2015-2016,47.0,401.0,33.04,34.2,4.8,15.7,49.9,5.97,5.9,99.0,24.0,27.0,0.8,1.51,21.0,9.2,38.0,7.536970919731758,203.57059298720134,0,0
85901.0,1.0,19.0,341.0,29.2,25.82,51.0,88.0,30.0,31.0,0.4,0.87,11.0,6.0,17.2,50.6,5.86,5.0,43.0,2015-2016,19.0,341.0,25.82,29.2,5.1,17.2,50.6,5.86,5.0,88.0,30.0,31.0,0.4,0.87,11.0,6.0,43.0,6.892355306043916,197.36399523404532,0,0
85902.0,1.0,56.0,295.0,35.8,39.13,48.0,141.0,43.0,44.0,0.5,0.88,16.0,7.3,14.6,41.5,4.58,6.7,21.0,2015-2016,56.0,295.0,39.13,35.8,4.8,14.6,41.5,4.58,6.7,141.0,43.0,44.0,0.5,0.88,16.0,7.3,21.0,4.8777038936023995,131.74484612074912,1,1
85905.0,1.0,35.0,587.0,33.0,34.68,48.0,89.0,14.0,20.0,0.8,0.82,9.0,4.6,16.1,48.4,5.4,5.5,34.0,2015-2016,35.0,587.0,34.68,33.0,4.8,16.1,48.4,5.4,5.5,89.0,14.0,20.0,0.8,0.82,9.0,4.6,34.0,11.304967526056624,305.3426857406937,0,0
85922.0,1.0,47.0,287.0,15.9,14.64,47.0,220.0,22.0,20.0,0.4,0.65,13.0,4.6,15.6,47.1,5.07,9.5,45.0,2015-2016,47.0,287.0,14.64,15.9,4.7,15.6,47.1,5.07,9.5,220.0,22.0,20.0,0.4,0.65,13.0,4.6,45.0,7.5378852525673725,199.51075951455985,1,0
85939.0,1.0,20.0,1100.0,67.4,62.48,51.0,86.0,20.0,25.0,0.7,0.99,12.0,5.0,17.0,50.4,5.74,4.9,71.0,2015-2016,20.0,1100.0,62.48,67.4,5.1,17.0,50.4,5.74,4.9,86.0,20.0,25.0,0.7,0.99,12.0,5.0,71.0,15.978914018985703,457.55945105193047,0,0
85943.0,1.0,33.0,645.0,25.4,59.63,45.0,89.0,22.0,25.0,0.9,0.6,12.0,4.9,15.0,44.9,4.92,5.1,75.0,2015-2016,33.0,645.0,59.63,25.4,4.5,15.0,44.9,4.92,5.1,89.0,22.0,25.0,0.9,0.6,12.0,4.9,75.0,9.125369369669192,231.6384024515978,0,0
85944.0,1.0,25.0,896.0,53.3,29.23,41.0,77.0,32.0,32.0,1.3,0.99,9.0,8.9,14.1,41.8,4.44,4.9,34.0,2015-2016,25.0,896.0,29.23,53.3,4.1,14.1,41.8,4.44,4.9,77.0,32.0,32.0,1.3,0.99,9.0,8.9,34.0,22.62866145927222,525.3591326407794,0,0
85946.0,1.0,49.0,249.0,21.8,19.66,43.0,146.0,24.0,20.0,0.7,1.01,16.0,6.8,15.8,47.9,5.42,6.8,37.0,2015-2016,49.0,249.0,19.66,21.8,4.3,15.8,47.9,5.42,6.8,146.0,24.0,20.0,0.7,1.01,16.0,6.8,37.0,6.147202153408933,149.37866855732585,1,1
85947.0,1.0,22.0,770.0,40.3,39.77,49.0,82.0,16.0,36.0,0.7,0.91,13.0,6.0,14.5,43.0,4.92,5.4,31.0,2015-2016,22.0,770.0,39.77,40.3,4.9,14.5,43.0,4.92,5.4,82.0,16.0,36.0,0.7,0.91,13.0,6.0,31.0,14.207635657166021,391.4412449297229,0,0
85951.0,1.0,25.0,391.0,26.7,25.22,44.0,92.0,31.0,29.0,0.5,0.81,17.0,5.9,14.1,42.5,4.49,5.9,61.0,2015-2016,25.0,391.0,25.22,26.7,4.4,14.1,42.5,4.49,5.9,92.0,31.0,29.0,0.5,0.81,17.0,5.9,61.0,8.858995336218719,220.07636837489372,0,0
85955.0,1.0,23.0,513.0,18.1,37.73,50.0,72.0,19.0,19.0,0.8,0.76,12.0,5.2,15.9,45.9,4.95,4.8,63.0,2015-2016,23.0,513.0,37.73,18.1,5.0,15.9,45.9,4.95,4.8,72.0,19.0,19.0,0.8,0.76,12.0,5.2,63.0,9.027007383532279,253.5987564143149,0,0
85963.0,1.0,46.0,444.0,24.5,37.9,44.0,107.0,52.0,28.0,0.7,0.89,14.0,5.9,15.9,46.3,5.34,6.1,35.0,2015-2016,46.0,444.0,37.9,24.5,4.4,15.9,46.3,5.34,6.1,107.0,52.0,28.0,0.7,0.89,14.0,5.9,35.0,8.164715886018802,202.82898374058453,0,0
85967.0,1.0,32.0,602.0,19.5,38.24,49.0,88.0,16.0,15.0,0.7,0.99,23.0,6.3,16.4,49.6,5.61,5.4,52.0,2015-2016,32.0,602.0,38.24,19.5,4.9,16.4,49.6,5.61,5.4,88.0,16.0,15.0,0.7,0.99,23.0,6.3,52.0,10.883075675594633,299.84473095426364,0,0
85974.0,1.0,59.0,288.0,16.4,34.25,46.0,331.0,45.0,32.0,0.8,0.72,18.0,4.2,15.7,45.9,5.3,12.3,37.0,2015-2016,59.0,288.0,34.25,16.4,4.6,15.7,45.9,5.3,12.3,331.0,45.0,32.0,0.8,0.72,18.0,4.2,37.0,5.245379383713644,135.99102201402195,1,1
85976.0,1.0,37.0,565.0,25.0,37.59,46.0,92.0,52.0,41.0,0.5,0.96,18.0,6.9,16.5,49.5,5.75,5.6,54.0,2015-2016,37.0,565.0,37.59,25.0,4.6,16.5,49.5,5.75,5.6,92.0,52.0,41.0,0.5,0.96,18.0,6.9,54.0,10.57428107034502,274.14743236392167,0,0
85977.0,1.0,35.0,86.9,13.3,12.0,47.0,124.0,66.0,47.0,0.4,0.89,13.0,8.1,14.9,44.7,5.15,5.3,20.0,2015-2016,35.0,86.9,12.0,13.3,4.7,14.9,44.7,5.15,5.3,124.0,66.0,47.0,0.4,0.89,13.0,8.1,20.0,2.3125858289823555,61.208912012255915,1,1
85981.0,1.0,29.0,534.0,23.2,26.0,47.0,118.0,88.0,69.0,0.3,0.75,14.0,6.1,16.8,48.4,5.36,5.7,46.0,2015-2016,29.0,534.0,26.0,23.2,4.7,16.8,48.4,5.36,5.7,118.0,88.0,69.0,0.3,0.75,14.0,6.1,46.0,11.900103080523229,314.96879089371924,0,0
85991.0,1.0,19.0,787.0,33.4,64.57,48.0,89.0,36.0,25.0,0.5,0.9,11.0,5.9,14.5,43.7,5.09,5.3,66.0,2015-2016,19.0,787.0,64.57,33.4,4.8,14.5,43.7,5.09,5.3,89.0,36.0,25.0,0.5,0.9,11.0,5.9,66.0,10.603239568234573,286.3892921279429,0,0
85992.0,1.0,31.0,270.0,25.3,27.29,44.0,119.0,23.0,25.0,0.6,0.94,12.0,6.8,15.3,44.7,4.86,5.2,52.0,2015-2016,31.0,270.0,27.29,25.3,4.4,15.3,44.7,4.86,5.2,119.0,23.0,25.0,0.6,0.94,12.0,6.8,52.0,5.666177820556736,140.75996091976154,1,1
85995.0,1.0,42.0,511.0,22.0,35.19,42.0,100.0,46.0,31.0,0.2,1.04,22.0,4.5,14.4,41.3,4.56,5.4,33.0,2015-2016,42.0,511.0,35.19,22.0,4.2,14.4,41.3,4.56,5.4,100.0,46.0,31.0,0.2,1.04,22.0,4.5,33.0,10.281573915420122,244.27377344452623,0,0
86000.0,1.0,37.0,268.0,22.1,20.02,49.0,96.0,27.0,22.0,0.9,0.72,9.0,4.9,14.5,45.6,5.15,5.4,42.0,2015-2016,37.0,268.0,20.02,22.1,4.9,14.5,45.6,5.15,5.4,96.0,27.0,22.0,0.9,0.72,9.0,4.9,42.0,6.078967964575217,167.48450237327341,1,1
86010.0,1.0,55.0,247.0,21.4,29.16,47.0,99.0,32.0,27.0,1.0,1.29,15.0,7.3,15.6,46.5,5.31,5.9,41.0,2015-2016,55.0,247.0,29.16,21.4,4.7,15.6,46.5,5.31,5.9,99.0,32.0,27.0,1.0,1.29,15.0,7.3,41.0,4.799109223325514,127.02155764614368,1,1
86014.0,1.0,39.0,448.0,16.0,18.28,45.0,110.0,35.0,24.0,0.8,1.13,11.0,6.3,15.6,45.4,4.72,5.3,57.0,2015-2016,39.0,448.0,18.28,16.0,4.5,15.6,45.4,4.72,5.3,110.0,35.0,24.0,0.8,1.13,11.0,6.3,57.0,11.666907107532124,296.15280373444244,0,0
86019.0,1.0,26.0,748.0,25.9,59.83,47.0,103.0,26.0,25.0,0.8,0.88,14.0,4.8,14.4,42.1,4.78,5.0,54.0,2015-2016,26.0,748.0,59.83,25.9,4.7,14.4,42.1,4.78,5.0,103.0,26.0,25.0,0.8,0.88,14.0,4.8,54.0,10.663073791195623,282.2274258044261,0,0
86021.0,1.0,42.0,941.0,36.7,51.29,42.0,101.0,34.0,29.0,0.6,0.74,13.0,4.4,14.4,42.7,4.31,5.7,68.0,2015-2016,42.0,941.0,51.29,36.7,4.2,14.4,42.7,4.31,5.7,101.0,34.0,29.0,0.6,0.74,13.0,4.4,68.0,16.740198753690745,397.7203832228932,0,0
86034.0,1.0,48.0,530.0,21.5,28.76,43.0,87.0,29.0,26.0,0.9,0.84,12.0,5.9,15.2,46.2,5.21,5.2,45.0,2015-2016,48.0,530.0,28.76,21.5,4.3,15.2,46.2,5.21,5.2,87.0,29.0,26.0,0.9,0.84,12.0,5.9,45.0,11.862456410517863,288.2608868556261,0,0
86040.0,1.0,35.0,385.0,29.5,29.82,50.0,93.0,191.0,243.0,1.2,0.67,9.0,6.4,15.2,45.3,4.57,5.8,76.0,2015-2016,35.0,385.0,29.82,29.5,5.0,15.2,45.3,4.57,5.8,93.0,191.0,243.0,1.2,0.67,9.0,6.4,76.0,7.43189700192127,208.78678363825776,0,0
86041.0,1.0,35.0,313.0,29.0,18.32,43.0,103.0,124.0,75.0,0.6,0.95,13.0,5.2,14.5,44.7,5.4,6.1,41.0,2015-2016,35.0,313.0,18.32,29.0,4.3,14.5,44.7,5.4,6.1,103.0,124.0,75.0,0.6,0.95,13.0,5.2,41.0,8.108815486894391,197.046401074933,0,0
86052.0,1.0,59.0,269.0,11.6,42.29,48.0,114.0,24.0,30.0,0.1,0.94,26.0,3.8,13.6,40.9,4.08,5.3,51.0,2015-2016,59.0,269.0,42.29,11.6,4.8,13.6,40.9,4.08,5.3,114.0,24.0,30.0,0.1,0.94,26.0,3.8,51.0,4.208761073279229,113.67696605885213,1,1
86054.0,1.0,40.0,611.0,31.0,68.74,43.0,88.0,17.0,17.0,0.4,0.81,12.0,5.6,15.0,44.5,5.2,5.7,24.0,2015-2016,40.0,611.0,68.74,31.0,4.3,15.0,44.5,5.2,5.7,88.0,17.0,17.0,0.4,0.81,12.0,5.6,24.0,7.791346570961987,189.33182088270328,0,0
86057.0,1.0,46.0,376.0,24.8,47.61,46.0,85.0,20.0,20.0,0.8,0.78,14.0,5.5,14.2,42.0,4.62,5.2,68.0,2015-2016,46.0,376.0,47.61,24.8,4.6,14.2,42.0,4.62,5.2,85.0,20.0,20.0,0.8,0.78,14.0,5.5,68.0,5.727536702344432,148.49136979357942,0,1
86061.0,1.0,37.0,245.0,13.7,11.33,45.0,106.0,19.0,14.0,0.3,0.78,23.0,5.7,16.1,46.4,5.25,5.6,31.0,2015-2016,37.0,245.0,11.33,13.7,4.5,16.1,46.4,5.25,5.6,106.0,19.0,14.0,0.3,0.78,23.0,5.7,31.0,7.106772911269706,180.39834411793052,1,0
86067.0,1.0,51.0,168.0,8.96,28.47,38.0,75.0,20.0,22.0,0.4,0.95,13.0,6.7,13.5,40.2,4.42,5.6,60.0,2015-2016,51.0,168.0,28.47,8.96,3.8,13.5,40.2,4.42,5.6,75.0,20.0,22.0,0.4,0.95,13.0,6.7,60.0,3.5808165494565722,77.31318013686405,1,1
86068.0,1.0,20.0,155.0,19.9,7.9,48.0,162.0,68.0,38.0,0.8,0.99,16.0,10.4,15.2,44.4,5.5,5.6,27.0,2015-2016,20.0,155.0,7.9,19.9,4.8,15.2,44.4,5.5,5.6,162.0,68.0,38.0,0.8,0.99,16.0,10.4,27.0,4.582196124478507,123.76329856888238,1,1
86086.0,1.0,19.0,737.0,35.8,36.24,44.0,101.0,18.0,16.0,0.6,0.86,9.0,5.2,15.9,47.0,5.4,5.5,53.0,2015-2016,19.0,737.0,36.24,35.8,4.4,15.9,47.0,5.4,5.5,101.0,18.0,16.0,0.6,0.86,9.0,5.2,53.0,15.166902603645854,376.7782595910931,0,0
86092.0,1.0,36.0,120.0,14.3,22.84,44.0,329.0,37.0,22.0,0.5,0.81,13.0,3.7,16.9,49.3,5.39,10.7,40.0,2015-2016,36.0,120.0,22.84,14.3,4.4,16.9,49.3,5.39,10.7,329.0,37.0,22.0,0.5,0.81,13.0,3.7,40.0,2.621272820368077,65.11801631364794,1,1
86094.0,1.0,28.0,300.0,13.0,18.54,46.0,84.0,29.0,27.0,0.6,1.16,20.0,8.8,15.0,44.4,5.35,5.4,34.0,2015-2016,28.0,300.0,18.54,13.0,4.6,15.0,44.4,5.35,5.4,84.0,29.0,27.0,0.6,1.16,20.0,8.8,34.0,7.372546750253929,191.13968582065905,0,0
86096.0,1.0,49.0,537.0,21.0,32.25,46.0,80.0,16.0,21.0,0.4,0.8,14.0,5.5,15.5,45.5,5.07,5.3,64.0,2015-2016,49.0,537.0,32.25,21.0,4.6,15.5,45.5,5.07,5.3,80.0,16.0,21.0,0.4,0.8,14.0,5.5,64.0,10.883583854500815,282.1663760193088,0,0
86098.0,1.0,56.0,481.0,24.8,,47.0,95.0,20.0,17.0,1.0,0.89,15.0,5.0,17.6,51.0,5.88,5.3,45.0,2015-2016,56.0,481.0,,24.8,4.7,17.6,51.0,5.88,5.3,95.0,20.0,17.0,1.0,0.89,15.0,5.0,45.0,,,0,0
86100.0,1.0,33.0,498.0,23.3,25.64,48.0,87.0,53.0,25.0,0.5,0.95,14.0,5.8,15.5,45.6,5.36,5.3,37.0,2015-2016,33.0,498.0,25.64,23.3,4.8,15.5,45.6,5.36,5.3,87.0,53.0,25.0,0.5,0.95,14.0,5.8,37.0,10.919032082657104,294.91872259895786,0,0
86103.0,1.0,46.0,236.0,26.0,21.64,44.0,150.0,20.0,19.0,0.2,0.78,11.0,7.2,14.1,42.0,4.57,5.9,45.0,2015-2016,46.0,236.0,21.64,26.0,4.4,14.1,42.0,4.57,5.9,150.0,20.0,19.0,0.2,0.78,11.0,7.2,45.0,5.485285056791838,136.26619825212384,1,1
86104.0,1.0,53.0,189.0,41.6,43.26,39.0,95.0,29.0,29.0,0.1,0.88,8.0,5.5,14.4,43.1,4.74,5.5,64.0,2015-2016,53.0,189.0,43.26,41.6,3.9,14.4,43.1,4.74,5.5,95.0,29.0,29.0,0.1,0.88,8.0,5.5,64.0,3.087763555787465,68.34086096123323,1,1
86121.0,1.0,23.0,547.0,22.0,46.33,41.0,70.0,19.0,23.0,0.5,1.21,10.0,7.1,15.1,45.6,5.02,5.3,42.0,2015-2016,23.0,547.0,46.33,22.0,4.1,15.1,45.6,5.02,5.3,70.0,19.0,23.0,0.5,1.21,10.0,7.1,42.0,9.4062600022406,218.38077365136874,0,0
86125.0,1.0,36.0,232.0,16.0,11.42,49.0,77.0,41.0,28.0,0.4,0.82,10.0,6.2,15.5,45.0,5.05,5.2,28.0,2015-2016,36.0,232.0,11.42,16.0,4.9,15.5,45.0,5.05,5.2,77.0,41.0,28.0,0.4,0.82,10.0,6.2,28.0,6.282344738115008,173.08783141022354,1,1
86126.0,1.0,26.0,657.0,19.8,46.58,48.0,84.0,16.0,20.0,1.0,1.3,13.0,5.0,15.7,45.2,5.08,,100.0,2015-2016,26.0,657.0,46.58,19.8,4.8,15.7,45.2,5.08,,84.0,16.0,20.0,1.0,1.3,13.0,5.0,100.0,10.786186764935321,291.330623295908,0,0
86137.0,1.0,47.0,439.0,21.6,33.65,44.0,137.0,23.0,23.0,0.4,1.02,13.0,6.6,17.0,49.3,5.52,5.7,34.0,2015-2016,47.0,439.0,33.65,21.6,4.4,17.0,49.3,5.52,5.7,137.0,23.0,23.0,0.4,1.02,13.0,6.6,34.0,8.654425814398422,214.99442445983848,0,0
86144.0,1.0,25.0,635.0,28.0,30.08,46.0,79.0,20.0,27.0,0.7,1.09,19.0,7.7,13.7,42.1,4.69,4.6,75.0,2015-2016,25.0,635.0,30.08,28.0,4.6,13.7,42.1,4.69,4.6,79.0,20.0,27.0,0.7,1.09,19.0,7.7,75.0,13.710787795181359,355.4640967769284,0,0
86146.0,1.0,40.0,273.0,24.5,18.07,41.0,94.0,22.0,29.0,0.4,0.84,10.0,6.8,13.3,41.9,5.47,5.4,40.0,2015-2016,40.0,273.0,18.07,24.5,4.1,13.3,41.9,5.47,5.4,94.0,22.0,29.0,0.4,0.84,10.0,6.8,40.0,7.249678232026955,168.31241541871188,1,0
86152.0,1.0,25.0,491.0,26.2,29.4,49.0,126.0,18.0,22.0,1.0,0.77,11.0,4.9,15.5,46.3,4.62,4.8,55.0,2015-2016,25.0,491.0,29.4,26.2,4.9,15.5,46.3,4.62,4.8,126.0,18.0,22.0,1.0,0.77,11.0,4.9,55.0,9.935521601198726,273.7382234768787,0,0
86173.0,1.0,31.0,417.0,15.6,56.97,48.0,95.0,25.0,24.0,0.8,0.75,13.0,4.5,14.0,41.6,4.47,5.7,100.0,2015-2016,31.0,417.0,56.97,15.6,4.8,14.0,41.6,4.47,5.7,95.0,25.0,24.0,0.8,0.75,13.0,4.5,100.0,5.578895574217305,150.6837550989927,0,1
86175.0,1.0,33.0,407.0,25.3,12.27,51.0,85.0,42.0,36.0,0.9,0.76,10.0,6.8,16.6,47.6,5.45,5.2,45.0,2015-2016,33.0,407.0,12.27,25.3,5.1,16.6,47.6,5.45,5.2,85.0,42.0,36.0,0.9,0.76,10.0,6.8,45.0,10.837758732955365,310.3414243666542,0,0
86176.0,1.0,33.0,287.0,16.5,14.67,44.0,97.0,73.0,33.0,0.2,0.6,18.0,5.9,15.9,47.9,5.81,5.8,29.0,2015-2016,33.0,287.0,14.67,16.5,4.4,15.9,47.9,5.81,5.8,97.0,73.0,33.0,0.2,0.6,18.0,5.9,29.0,7.89328882575284,196.08615575220196,1,0
86182.0,1.0,54.0,509.0,23.6,50.03,43.0,115.0,36.0,26.0,0.8,0.93,20.0,4.4,14.3,41.5,4.78,5.7,45.0,2015-2016,54.0,509.0,50.03,23.6,4.3,14.3,41.5,4.78,5.7,115.0,36.0,26.0,0.8,0.93,20.0,4.4,45.0,8.023066764697782,194.96268402243322,0,0
86183.0,1.0,46.0,496.0,42.1,41.6,42.0,102.0,21.0,31.0,0.5,1.14,14.0,7.9,11.3,36.4,4.86,6.3,47.0,2015-2016,46.0,496.0,41.6,42.1,4.2,11.3,36.4,4.86,6.3,102.0,21.0,31.0,0.5,1.14,14.0,7.9,47.0,8.933667971862889,212.2496812394199,0,0
86185.0,1.0,53.0,339.0,26.4,30.11,45.0,115.0,58.0,32.0,0.8,0.88,15.0,7.5,15.3,45.9,5.12,5.5,49.0,2015-2016,53.0,339.0,30.11,26.4,4.5,15.3,45.9,5.12,5.5,115.0,58.0,32.0,0.8,0.88,15.0,7.5,49.0,6.815609418162566,173.0074491674492,0,0
86203.0,1.0,48.0,353.0,25.0,57.41,48.0,98.0,25.0,25.0,0.3,0.84,11.0,4.7,15.2,43.9,4.82,5.4,40.0,2015-2016,48.0,353.0,57.41,25.0,4.8,15.2,43.9,4.82,5.4,98.0,25.0,25.0,0.3,0.84,11.0,4.7,40.0,4.614280625697782,124.62988821191882,0,1
86205.0,1.0,25.0,541.0,27.8,63.23,47.0,50.0,29.0,36.0,0.7,0.73,11.0,5.6,15.6,46.2,5.06,6.7,39.0,2015-2016,25.0,541.0,63.23,27.8,4.7,15.6,46.2,5.06,6.7,50.0,29.0,36.0,0.7,0.73,11.0,5.6,39.0,6.993448261155265,185.10074476573416,0,0
86208.0,1.0,53.0,419.0,16.1,55.07,47.0,112.0,24.0,25.0,0.9,0.84,12.0,4.3,16.4,48.4,5.6,4.9,69.0,2015-2016,53.0,419.0,55.07,16.1,4.7,16.4,48.4,5.6,4.9,112.0,24.0,25.0,0.9,0.84,12.0,4.3,69.0,5.793167073420909,153.33201874083784,0,1
86209.0,1.0,31.0,165.0,15.7,26.5,44.0,91.0,20.0,25.0,0.5,0.94,11.0,7.7,14.5,41.5,4.89,5.0,38.0,2015-2016,31.0,165.0,26.5,15.7,4.4,14.5,41.5,4.89,5.0,91.0,20.0,25.0,0.5,0.94,11.0,7.7,38.0,3.398653788823097,84.42982017947568,1,1
86213.0,1.0,39.0,356.0,16.7,40.18,43.0,199.0,54.0,41.0,0.6,0.86,13.0,5.3,14.8,46.4,6.66,5.9,51.0,2015-2016,39.0,356.0,40.18,16.7,4.3,14.8,46.4,6.66,5.9,199.0,54.0,41.0,0.6,0.86,13.0,5.3,51.0,6.205795506392839,150.80250282153526,0,1
86220.0,1.0,38.0,749.0,28.9,64.36,49.0,81.0,34.0,56.0,0.4,1.23,13.0,6.9,15.0,46.0,5.1,5.6,53.0,2015-2016,38.0,749.0,64.36,28.9,4.9,15.0,46.0,5.1,5.6,81.0,34.0,56.0,0.4,1.23,13.0,6.9,53.0,9.929990075238297,273.5858218063574,0,0
86231.0,1.0,50.0,651.0,28.2,74.46,39.0,85.0,16.0,20.0,0.3,0.99,14.0,5.7,15.5,46.2,4.63,5.0,64.0,2015-2016,50.0,651.0,74.46,28.2,3.9,15.5,46.2,4.63,5.0,85.0,16.0,20.0,0.3,0.99,14.0,5.7,64.0,8.11246271786211,179.55153516060338,0,0
86236.0,1.0,34.0,543.0,33.6,36.05,46.0,97.0,24.0,21.0,0.5,1.01,13.0,6.2,14.5,43.4,4.62,5.2,53.0,2015-2016,34.0,543.0,36.05,33.6,4.6,14.5,43.4,4.62,5.2,97.0,24.0,21.0,0.5,1.01,13.0,6.2,53.0,10.351854853094137,268.3808392552178,0,0
86246.0,1.0,33.0,322.0,17.7,27.76,43.0,102.0,8.0,18.0,0.6,1.06,9.0,4.5,14.8,44.2,5.24,5.1,52.0,2015-2016,33.0,322.0,27.76,17.7,4.3,14.8,44.2,5.24,5.1,102.0,8.0,18.0,0.6,1.06,9.0,4.5,52.0,6.894378115095405,167.5352457365667,0,0
86261.0,1.0,24.0,337.0,25.4,28.31,39.0,94.0,20.0,24.0,0.7,1.16,12.0,7.4,15.1,45.6,5.11,5.2,41.0,2015-2016,24.0,337.0,28.31,25.4,3.9,15.1,45.6,5.11,5.2,94.0,20.0,24.0,0.7,1.16,12.0,7.4,41.0,7.56253174919458,167.38002163990592,0,0
86278.0,1.0,22.0,292.0,13.9,25.12,45.0,72.0,25.0,21.0,0.5,0.77,12.0,6.4,13.6,41.1,4.67,5.2,44.0,2015-2016,22.0,292.0,25.12,13.9,4.5,13.6,41.1,4.67,5.2,72.0,25.0,21.0,0.5,0.77,12.0,6.4,44.0,6.351934066396879,161.2375126982277,1,1
86281.0,1.0,26.0,372.0,30.4,9.17,50.0,93.0,33.0,26.0,0.8,1.02,16.0,6.9,16.8,50.7,5.7,5.2,38.0,2015-2016,26.0,372.0,9.17,30.4,5.0,16.8,50.7,5.7,5.2,93.0,33.0,26.0,0.8,1.02,16.0,6.9,38.0,10.694939398881305,300.45653185468683,0,0
86284.0,1.0,46.0,329.0,16.2,44.7,41.0,69.0,31.0,27.0,0.6,0.92,8.0,6.5,15.2,45.4,4.82,6.3,42.0,2015-2016,46.0,329.0,44.7,16.2,4.1,15.2,45.4,4.82,6.3,69.0,31.0,27.0,0.6,0.92,8.0,6.5,42.0,5.4057641014021325,125.50311668609963,0,1
86296.0,1.0,40.0,482.0,22.3,38.7,44.0,93.0,26.0,22.0,0.8,1.01,24.0,7.1,14.5,42.2,4.91,5.4,51.0,2015-2016,40.0,482.0,38.7,22.3,4.4,14.5,42.2,4.91,5.4,93.0,26.0,22.0,0.8,1.01,24.0,7.1,51.0,8.851456366782111,219.88908426965045,0,0
86299.0,1.0,41.0,825.0,21.7,71.45,42.0,73.0,15.0,20.0,0.3,1.11,13.0,5.4,15.3,44.6,4.86,5.3,54.0,2015-2016,41.0,825.0,71.45,21.7,4.2,15.3,44.6,4.86,5.3,73.0,15.0,20.0,0.3,1.11,13.0,5.4,54.0,10.913531175919752,259.288068526954,0,0
86301.0,1.0,26.0,1130.0,69.7,,45.0,91.0,16.0,25.0,0.7,1.13,20.0,4.4,15.7,47.0,5.18,5.4,48.0,2015-2016,26.0,1130.0,,69.7,4.5,15.7,47.0,5.18,5.4,91.0,16.0,25.0,0.7,1.13,20.0,4.4,48.0,,,0,0
86312.0,1.0,58.0,320.0,32.8,22.02,45.0,91.0,33.0,26.0,0.4,0.99,12.0,3.8,15.6,47.0,5.44,5.8,67.0,2015-2016,58.0,320.0,22.02,32.8,4.5,15.6,47.0,5.44,5.8,91.0,33.0,26.0,0.4,0.99,12.0,3.8,67.0,7.463135820044071,189.44426122413208,0,0
86325.0,1.0,60.0,260.0,18.9,51.27,39.0,82.0,25.0,56.0,1.0,0.74,16.0,10.2,11.4,34.1,3.22,4.5,78.0,2015-2016,60.0,260.0,51.27,18.9,3.9,11.4,34.1,3.22,4.5,82.0,25.0,56.0,1.0,0.74,16.0,10.2,78.0,3.8603980776497924,85.44142824187016,1,1
86333.0,1.0,23.0,319.0,24.6,19.44,45.0,82.0,56.0,38.0,0.7,0.98,13.0,8.5,14.9,45.0,5.04,5.3,46.0,2015-2016,23.0,319.0,19.44,24.6,4.5,14.9,45.0,5.04,5.3,82.0,56.0,38.0,0.7,0.98,13.0,8.5,46.0,7.844121262681511,199.115196801072,0,0
86335.0,1.0,60.0,554.0,33.6,51.04,39.0,64.0,28.0,33.0,0.5,0.82,17.0,7.0,14.2,42.3,4.75,5.2,37.0,2015-2016,60.0,554.0,51.04,33.6,3.9,14.2,42.3,4.75,5.2,64.0,28.0,33.0,0.5,0.82,17.0,7.0,37.0,9.090789423394018,201.2046469191449,0,0
86338.0,1.0,55.0,468.0,16.8,46.31,46.0,96.0,27.0,27.0,0.5,0.64,13.0,5.9,14.8,44.7,5.12,7.1,49.0,2015-2016,55.0,468.0,46.31,16.8,4.6,14.8,44.7,5.12,7.1,96.0,27.0,27.0,0.5,0.64,13.0,5.9,49.0,7.462075026813893,193.46078424613154,0,0
86342.0,1.0,31.0,92.0,19.9,,47.0,85.0,40.0,35.0,0.4,0.91,12.0,6.0,15.4,44.7,5.06,5.4,40.0,2015-2016,31.0,92.0,,19.9,4.7,15.4,44.7,5.06,5.4,85.0,40.0,35.0,0.4,0.91,12.0,6.0,40.0,,,1,0
86343.0,1.0,54.0,862.0,26.4,72.64,44.0,92.0,17.0,19.0,1.1,0.87,13.0,4.9,15.0,45.5,5.1,5.1,94.0,2015-2016,54.0,862.0,72.64,26.4,4.4,15.0,45.5,5.1,5.1,92.0,17.0,19.0,1.1,0.87,13.0,4.9,94.0,11.164199012423554,277.34255197355833,0,0
86347.0,1.0,54.0,490.0,30.7,66.18,44.0,86.0,21.0,29.0,0.3,0.81,13.0,5.1,14.7,42.4,4.55,5.6,40.0,2015-2016,54.0,490.0,66.18,30.7,4.4,14.7,42.4,4.55,5.6,86.0,21.0,29.0,0.3,0.81,13.0,5.1,40.0,6.175041168645219,153.40121349933486,0,1
86348.0,1.0,35.0,386.0,26.2,28.02,45.0,87.0,11.0,13.0,1.0,1.05,13.0,4.5,16.9,48.7,5.5,4.9,49.0,2015-2016,35.0,386.0,28.02,26.2,4.5,16.9,48.7,5.5,4.9,87.0,11.0,13.0,1.0,1.05,13.0,4.5,49.0,8.1752284548549,207.52002272408646,0,0
86351.0,1.0,53.0,369.0,13.4,40.86,44.0,96.0,25.0,24.0,0.4,0.86,23.0,5.4,14.3,42.0,4.8,6.1,59.0,2015-2016,53.0,369.0,40.86,13.4,4.4,14.3,42.0,4.8,6.1,96.0,25.0,24.0,0.4,0.86,23.0,5.4,59.0,6.32339306159984,157.08659142356905,0,1
86354.0,1.0,37.0,537.0,60.9,109.8,40.0,94.0,85.0,61.0,0.7,0.7,11.0,5.4,14.9,44.5,5.42,5.8,35.0,2015-2016,37.0,537.0,109.8,60.9,4.0,14.9,44.5,5.42,5.8,94.0,85.0,61.0,0.7,0.7,11.0,5.4,35.0,4.572140438084088,103.67177213188555,0,1
86359.0,1.0,37.0,748.0,27.8,94.45,49.0,84.0,14.0,22.0,0.3,0.89,12.0,4.4,16.9,50.2,5.51,4.9,58.0,2015-2016,37.0,748.0,94.45,27.8,4.9,16.9,50.2,5.51,4.9,84.0,14.0,22.0,0.3,0.89,12.0,4.4,58.0,7.261854428188371,200.0747630683179,0,0
86360.0,1.0,50.0,1180.0,56.2,156.7,44.0,105.0,11.0,15.0,0.5,1.15,17.0,6.5,14.2,40.7,4.47,4.8,54.0,2015-2016,50.0,1180.0,156.7,56.2,4.4,14.2,40.7,4.47,4.8,105.0,11.0,15.0,0.5,1.15,17.0,6.5,54.0,7.998957436402705,198.71118976570543,0,0
86362.0,1.0,58.0,75.7,9.89,,44.0,115.0,20.0,20.0,5.397605346934028e-79,1.01,21.0,6.4,15.0,45.1,5.29,6.1,26.0,2015-2016,58.0,75.7,,9.89,4.4,15.0,45.1,5.29,6.1,115.0,20.0,20.0,5.397605346934028e-79,1.01,21.0,6.4,26.0,,,1,0
86367.0,1.0,48.0,254.0,15.4,29.94,45.0,103.0,51.0,43.0,0.7,0.82,10.0,5.3,14.5,43.7,5.21,5.7,31.0,2015-2016,48.0,254.0,29.94,15.4,4.5,14.5,43.7,5.21,5.7,103.0,51.0,43.0,0.7,0.82,10.0,5.3,31.0,4.989339098603339,126.64939809791711,1,1
86368.0,1.0,52.0,248.0,17.5,49.2,44.0,98.0,25.0,22.0,0.6,0.89,11.0,5.0,16.8,51.2,6.37,6.2,38.0,2015-2016,52.0,248.0,49.2,17.5,4.4,16.8,51.2,6.37,6.2,98.0,25.0,22.0,0.6,0.89,11.0,5.0,38.0,3.617310711349803,89.86172522100689,1,1
86379.0,1.0,42.0,386.0,26.1,35.7,45.0,110.0,18.0,22.0,0.3,1.19,15.0,4.9,15.2,44.0,4.77,5.3,46.0,2015-2016,42.0,386.0,35.7,26.1,4.5,15.2,44.0,4.77,5.3,110.0,18.0,22.0,0.3,1.19,15.0,4.9,46.0,7.14911253154228,181.47309316128917,0,0
86393.0,1.0,45.0,342.0,12.4,29.18,46.0,108.0,27.0,37.0,0.9,0.84,20.0,6.4,16.1,47.6,5.13,5.5,34.0,2015-2016,45.0,342.0,29.18,12.4,4.6,16.1,47.6,5.13,5.5,108.0,27.0,37.0,0.9,0.84,20.0,6.4,34.0,6.914216833539325,179.25708415658406,0,0
86394.0,1.0,38.0,114.0,19.0,25.84,49.0,93.0,39.0,37.0,0.3,0.9,9.0,6.2,14.5,43.7,4.99,5.8,38.0,2015-2016,38.0,114.0,25.84,19.0,4.9,14.5,43.7,4.99,5.8,93.0,39.0,37.0,0.3,0.9,9.0,6.2,38.0,2.211387707089196,60.92698165782962,1,1
86396.0,1.0,27.0,353.0,18.9,24.67,46.0,106.0,19.0,21.0,0.7,0.72,17.0,5.0,15.4,46.7,5.24,5.7,50.0,2015-2016,27.0,353.0,24.67,18.9,4.6,15.4,46.7,5.24,5.7,106.0,19.0,21.0,0.7,0.72,17.0,5.0,50.0,7.78335741455412,201.79030954215804,0,0
86401.0,1.0,53.0,910.0,22.1,105.1,43.0,116.0,17.0,22.0,0.4,0.68,14.0,3.6,15.6,46.8,5.02,5.7,65.0,2015-2016,53.0,910.0,105.1,22.1,4.3,15.6,46.8,5.02,5.7,116.0,17.0,22.0,0.4,0.68,14.0,3.6,65.0,8.655028820520867,210.31953224732075,0,0
86402.0,1.0,19.0,397.0,28.5,18.81,45.0,100.0,17.0,18.0,0.8,0.81,16.0,6.5,14.1,44.5,5.04,4.6,52.0,2015-2016,19.0,397.0,18.81,28.5,4.5,14.1,44.5,5.04,4.6,100.0,17.0,18.0,0.8,0.81,16.0,6.5,52.0,10.097592823755175,256.3173254197993,0,0
86417.0,1.0,40.0,2000.0,87.8,290.7,42.0,98.0,38.0,31.0,0.6,0.7,18.0,4.9,13.1,39.9,4.45,6.0,38.0,2015-2016,40.0,2000.0,290.7,87.8,4.2,13.1,39.9,4.45,6.0,98.0,38.0,31.0,0.6,0.7,18.0,4.9,38.0,7.947182336397983,188.81235825695052,0,0
86418.0,1.0,57.0,218.0,25.6,33.2,42.0,102.0,28.0,29.0,0.8,0.8,10.0,4.8,14.0,42.3,4.89,5.7,46.0,2015-2016,57.0,218.0,33.2,25.6,4.2,14.0,42.3,4.89,5.7,102.0,28.0,29.0,0.8,0.8,10.0,4.8,46.0,4.12871132414245,98.09158625984671,1,1
86424.0,1.0,23.0,282.0,21.1,12.3,47.0,85.0,66.0,42.0,0.5,1.04,10.0,9.7,15.5,44.2,5.37,5.5,24.0,2015-2016,23.0,282.0,12.3,21.1,4.7,15.5,44.2,5.37,5.5,85.0,66.0,42.0,0.5,1.04,10.0,9.7,24.0,7.801010610671135,206.47509212030522,1,0
86428.0,1.0,39.0,181.0,14.1,19.33,47.0,102.0,33.0,28.0,0.4,1.05,10.0,7.2,15.5,44.6,4.98,5.1,47.0,2015-2016,39.0,181.0,19.33,14.1,4.7,15.5,44.6,4.98,5.1,102.0,33.0,28.0,0.4,1.05,10.0,7.2,47.0,4.1749833647662005,110.50235897149756,1,1
86443.0,1.0,59.0,543.0,26.0,,46.0,145.0,27.0,34.0,3.3,0.87,18.0,7.7,15.6,46.1,5.12,5.4,60.0,2015-2016,59.0,543.0,,26.0,4.6,15.6,46.1,5.12,5.4,145.0,27.0,34.0,3.3,0.87,18.0,7.7,60.0,,,0,0
86444.0,1.0,44.0,220.0,36.9,23.36,41.0,80.0,48.0,26.0,0.6,0.89,13.0,6.5,13.8,42.1,5.34,6.0,35.0,2015-2016,44.0,220.0,23.36,36.9,4.1,13.8,42.1,5.34,6.0,80.0,48.0,26.0,0.6,0.89,13.0,6.5,35.0,5.108997207212773,118.61321741351426,1,1
86445.0,1.0,51.0,250.0,17.8,14.64,46.0,119.0,25.0,19.0,0.7,1.03,15.0,6.7,11.7,37.4,5.87,6.2,34.0,2015-2016,51.0,250.0,14.64,17.8,4.6,11.7,37.4,5.87,6.2,119.0,25.0,19.0,0.7,1.03,15.0,6.7,34.0,6.607258940603251,171.29893384523444,1,0
86452.0,1.0,45.0,393.0,18.4,33.63,46.0,71.0,66.0,43.0,1.0,1.21,6.0,4.2,16.3,48.8,5.22,5.2,54.0,2015-2016,45.0,393.0,33.63,18.4,4.6,16.3,48.8,5.22,5.2,71.0,66.0,43.0,1.0,1.21,6.0,4.2,54.0,7.465696390753518,193.55467125547986,0,0
86483.0,1.0,22.0,578.0,31.3,30.22,49.0,103.0,35.0,25.0,0.5,0.94,13.0,8.1,16.9,51.1,5.85,5.8,52.0,2015-2016,22.0,578.0,30.22,31.3,4.9,16.9,51.1,5.85,5.8,103.0,35.0,25.0,0.5,0.94,13.0,8.1,52.0,11.796043088499367,324.9983250716245,0,0
86487.0,1.0,43.0,365.0,11.6,31.69,42.0,101.0,24.0,26.0,0.4,0.99,16.0,6.0,14.8,45.2,5.11,5.6,50.0,2015-2016,43.0,365.0,31.69,11.6,4.2,14.8,45.2,5.11,5.6,101.0,24.0,26.0,0.4,0.99,16.0,6.0,50.0,7.4585430454415285,177.20306920868777,0,0
86499.0,1.0,19.0,341.0,19.1,33.63,47.0,96.0,13.0,19.0,0.4,0.92,7.0,4.3,13.2,39.6,4.73,5.4,49.0,2015-2016,19.0,341.0,33.63,19.1,4.7,13.2,39.6,4.73,5.4,96.0,13.0,19.0,0.4,0.92,7.0,4.3,49.0,6.307463601438902,166.94428365102905,0,1
86500.0,1.0,60.0,298.0,18.4,42.4,35.0,119.0,13.0,20.0,0.7,0.66,14.0,5.0,13.6,42.5,4.75,5.6,32.0,2015-2016,60.0,298.0,42.4,18.4,3.5,13.6,42.5,4.75,5.6,119.0,13.0,20.0,0.7,0.66,14.0,5.0,32.0,5.346788079260546,106.7504182833379,1,1
86506.0,1.0,24.0,673.0,29.0,56.79,38.0,101.0,12.0,17.0,0.3,0.61,15.0,4.8,14.4,43.0,4.44,4.9,42.0,2015-2016,24.0,673.0,56.79,29.0,3.8,14.4,43.0,4.44,4.9,101.0,12.0,17.0,0.3,0.61,15.0,4.8,42.0,10.675954498181921,230.50384789362224,0,0
86512.0,1.0,59.0,553.0,15.1,47.74,43.0,96.0,22.0,25.0,0.8,0.8,17.0,4.6,14.4,41.2,4.88,5.5,51.0,2015-2016,59.0,553.0,47.74,15.1,4.3,14.4,41.2,4.88,5.5,96.0,22.0,25.0,0.8,0.8,17.0,4.6,51.0,9.131391743127109,221.89527961224772,0,0
86514.0,1.0,44.0,342.0,17.0,48.99,44.0,82.0,23.0,24.0,1.8,0.84,21.0,7.3,14.2,41.0,4.57,5.4,52.0,2015-2016,44.0,342.0,48.99,17.0,4.4,14.2,41.0,4.57,5.4,82.0,23.0,24.0,1.8,0.84,21.0,7.3,52.0,5.149821917475043,127.93257726886762,0,1
86517.0,1.0,25.0,291.0,26.5,21.36,45.0,94.0,129.0,73.0,0.5,0.85,10.0,5.2,16.8,49.0,5.74,5.7,23.0,2015-2016,25.0,291.0,21.36,26.5,4.5,16.8,49.0,5.74,5.7,94.0,129.0,73.0,0.5,0.85,10.0,5.2,23.0,6.821647117449792,173.16071014360483,1,0
86518.0,1.0,26.0,442.0,31.6,40.89,45.0,73.0,34.0,60.0,0.9,1.23,17.0,5.5,15.7,45.8,5.12,5.5,78.0,2015-2016,26.0,442.0,40.89,31.6,4.5,15.7,45.8,5.12,5.5,73.0,34.0,60.0,0.9,1.23,17.0,5.5,78.0,7.661380493042618,194.47650457644556,0,0
86521.0,1.0,50.0,449.0,15.9,63.9,45.0,77.0,22.0,24.0,0.3,0.75,15.0,4.8,14.8,43.3,4.96,5.9,36.0,2015-2016,50.0,449.0,63.9,15.9,4.5,14.8,43.3,4.96,5.9,77.0,22.0,24.0,0.3,0.75,15.0,4.8,36.0,5.702647503769212,144.75602071607747,0,1
86526.0,1.0,32.0,459.0,23.8,37.39,47.0,87.0,22.0,26.0,0.3,1.08,19.0,5.7,14.8,44.2,5.15,5.2,88.0,2015-2016,32.0,459.0,37.39,23.8,4.7,14.8,44.2,5.15,5.2,87.0,22.0,26.0,0.3,1.08,19.0,5.7,88.0,8.265958258701215,218.78120388572313,0,0
86540.0,1.0,43.0,426.0,30.7,39.77,41.0,110.0,38.0,36.0,0.3,0.79,15.0,6.8,13.8,42.7,5.35,5.5,39.0,2015-2016,43.0,426.0,39.77,30.7,4.1,13.8,42.7,5.35,5.5,110.0,38.0,36.0,0.3,0.79,15.0,6.8,39.0,7.815439319270818,181.447428049101,0,0
86551.0,1.0,25.0,700.0,21.8,62.84,48.0,83.0,24.0,38.0,0.2,0.96,12.0,4.8,14.3,42.4,4.76,5.8,47.0,2015-2016,25.0,700.0,62.84,21.8,4.8,14.3,42.4,4.76,5.8,83.0,24.0,38.0,0.2,0.96,12.0,4.8,47.0,9.409699708052015,254.15225424112668,0,0
86553.0,1.0,35.0,500.0,48.3,44.12,43.0,87.0,45.0,28.0,0.5,0.94,23.0,7.4,15.7,47.9,5.38,5.6,53.0,2015-2016,35.0,500.0,44.12,48.3,4.3,15.7,47.9,5.38,5.6,87.0,45.0,28.0,0.5,0.94,23.0,7.4,53.0,8.574986616378522,208.3744851210364,0,0
86555.0,1.0,33.0,422.0,31.3,34.03,45.0,114.0,26.0,25.0,0.3,1.0,10.0,5.6,16.3,48.5,5.63,5.2,49.0,2015-2016,33.0,422.0,34.03,31.3,4.5,16.3,48.5,5.63,5.2,114.0,26.0,25.0,0.3,1.0,10.0,5.6,49.0,8.125693305108886,206.26262233977926,0,0
86558.0,1.0,60.0,482.0,18.0,67.65,40.0,94.0,17.0,20.0,0.5,1.26,17.0,6.9,14.0,42.5,4.53,5.7,50.0,2015-2016,60.0,482.0,67.65,18.0,4.0,14.0,42.5,4.53,5.7,94.0,17.0,20.0,0.5,1.26,17.0,6.9,50.0,6.144543964572683,139.3255019997739,0,1
86563.0,1.0,58.0,381.0,27.2,35.68,42.0,89.0,22.0,26.0,2.0,0.92,10.0,5.1,14.2,43.6,5.08,5.9,46.0,2015-2016,58.0,381.0,35.68,27.2,4.2,14.2,43.6,5.08,5.9,89.0,22.0,26.0,2.0,0.92,10.0,5.1,46.0,7.2937282213899115,173.2873322483861,0,0
86569.0,1.0,23.0,354.0,19.2,26.31,45.0,76.0,25.0,20.0,0.7,0.88,15.0,5.9,15.0,45.0,5.16,5.3,35.0,2015-2016,23.0,354.0,26.31,19.2,4.5,15.0,45.0,5.16,5.3,76.0,25.0,20.0,0.7,0.88,15.0,5.9,35.0,7.667565244597439,194.63349832778678,0,0
86574.0,1.0,30.0,376.0,32.4,24.54,43.0,101.0,46.0,28.0,0.8,1.15,14.0,6.7,15.4,46.6,5.3,5.4,38.0,2015-2016,30.0,376.0,24.54,32.4,4.3,15.4,46.6,5.3,5.4,101.0,46.0,28.0,0.8,1.15,14.0,6.7,38.0,8.714589931893595,211.7668833011199,0,0
86575.0,1.0,27.0,174.0,13.4,21.85,48.0,101.0,19.0,30.0,0.5,1.46,17.0,6.8,14.8,41.9,4.76,5.0,49.0,2015-2016,27.0,174.0,21.85,13.4,4.8,14.8,41.9,4.76,5.0,101.0,19.0,30.0,0.5,1.46,17.0,6.8,49.0,3.7546268238655975,101.41098023596656,1,1
86579.0,1.0,47.0,247.0,23.5,27.61,50.0,93.0,28.0,22.0,0.8,0.93,21.0,6.0,13.9,40.6,4.18,5.2,52.0,2015-2016,47.0,247.0,27.61,23.5,5.0,13.9,40.6,4.18,5.2,93.0,28.0,22.0,0.8,0.93,21.0,6.0,52.0,4.769691542498241,133.9965497163597,1,1
86580.0,1.0,59.0,992.0,86.4,12.72,43.0,145.0,27.0,14.0,0.4,1.01,19.0,5.5,15.0,45.9,4.84,7.0,34.0,2015-2016,59.0,992.0,12.72,86.4,4.3,15.0,45.9,4.84,7.0,145.0,27.0,14.0,0.4,1.01,19.0,5.5,34.0,32.79031846698365,796.8135733835315,0,0
86591.0,1.0,53.0,722.0,25.7,78.05,39.0,92.0,13.0,18.0,0.5,0.85,11.0,3.6,12.7,38.0,4.28,5.1,38.0,2015-2016,53.0,722.0,78.05,25.7,3.9,12.7,38.0,4.28,5.1,92.0,13.0,18.0,0.5,0.85,11.0,3.6,38.0,8.814156499957155,195.08198505843882,0,0
86592.0,1.0,28.0,411.0,26.0,31.81,46.0,76.0,33.0,44.0,0.5,1.06,16.0,7.5,14.4,43.4,4.95,5.0,60.0,2015-2016,28.0,411.0,31.81,26.0,4.6,14.4,43.4,4.95,5.0,76.0,33.0,44.0,0.5,1.06,16.0,7.5,60.0,8.096356471204759,209.9050822763296,0,0
86598.0,1.0,25.0,1150.0,37.9,63.26,47.0,78.0,27.0,25.0,0.8,0.87,22.0,4.8,15.8,47.8,5.37,5.4,73.0,2015-2016,25.0,1150.0,63.26,37.9,4.7,15.8,47.8,5.37,5.4,78.0,27.0,25.0,0.8,0.87,22.0,4.8,73.0,17.457187388276374,462.05223323567503,0,0
86599.0,1.0,27.0,647.0,15.3,97.17,53.0,81.0,26.0,27.0,0.8,0.91,12.0,5.4,14.8,43.6,4.84,5.3,65.0,2015-2016,27.0,647.0,97.17,15.3,5.3,14.8,43.6,4.84,5.3,81.0,26.0,27.0,0.8,0.91,12.0,5.4,65.0,5.855726043872702,174.02595184740258,0,1
86601.0,1.0,23.0,403.0,29.6,19.64,47.0,86.0,48.0,35.0,0.5,0.84,13.0,6.0,15.3,47.0,5.82,5.2,44.0,2015-2016,23.0,403.0,19.64,29.6,4.7,15.3,47.0,5.82,5.2,86.0,48.0,35.0,0.5,0.84,13.0,6.0,44.0,9.798851080276828,259.3534069426486,0,0
86609.0,1.0,33.0,489.0,35.9,22.58,40.0,75.0,22.0,20.0,0.3,0.93,7.0,5.9,14.8,45.8,5.06,4.5,50.0,2015-2016,33.0,489.0,22.58,35.9,4.0,14.8,45.8,5.06,4.5,75.0,22.0,20.0,0.3,0.93,7.0,5.9,50.0,12.757664250649666,289.2758171012528,0,0
86614.0,1.0,55.0,215.0,24.6,34.31,43.0,82.0,35.0,32.0,0.9,1.18,15.0,7.2,14.3,43.4,5.17,5.8,45.0,2015-2016,55.0,215.0,34.31,24.6,4.3,14.3,43.4,5.17,5.8,82.0,35.0,32.0,0.9,1.18,15.0,7.2,45.0,3.9463458454517673,95.89726730125706,1,1
86617.0,1.0,39.0,575.0,24.2,43.24,45.0,90.0,68.0,54.0,0.6,0.49,12.0,5.6,16.0,45.5,5.08,5.2,48.0,2015-2016,39.0,575.0,43.24,24.2,4.5,16.0,45.5,5.08,5.2,90.0,68.0,54.0,0.6,0.49,12.0,5.6,48.0,10.001681400340221,253.88270957065433,0,0
86620.0,1.0,58.0,172.0,17.7,26.23,42.0,104.0,33.0,34.0,0.8,1.13,15.0,8.6,13.7,41.1,4.5,5.5,35.0,2015-2016,58.0,172.0,26.23,17.7,4.2,13.7,41.1,4.5,5.5,104.0,33.0,34.0,0.8,1.13,15.0,8.6,35.0,3.6566917198798765,86.87715442076,1,1
86621.0,1.0,48.0,319.0,44.5,95.08,41.0,75.0,116.0,79.0,0.3,0.99,18.0,6.9,18.6,53.7,5.9,5.2,34.0,2015-2016,48.0,319.0,95.08,44.5,4.1,18.6,53.7,5.9,5.2,75.0,116.0,79.0,0.3,0.99,18.0,6.9,34.0,2.9111256818153626,67.58625409458949,0,1
86624.0,1.0,51.0,562.0,33.4,65.86,44.0,92.0,35.0,36.0,0.6,0.97,22.0,5.8,14.5,43.8,4.89,5.3,91.0,2015-2016,51.0,562.0,65.86,33.4,4.4,14.5,43.8,4.89,5.3,92.0,35.0,36.0,0.6,0.97,22.0,5.8,91.0,7.254851958881791,180.2260201764226,0,0
86638.0,1.0,39.0,623.0,28.9,29.31,47.0,90.0,33.0,28.0,0.6,1.01,17.0,8.9,16.3,47.1,5.32,5.7,63.0,2015-2016,39.0,623.0,29.31,28.9,4.7,16.3,47.1,5.32,5.7,90.0,33.0,28.0,0.6,1.01,17.0,8.9,63.0,13.404178616349304,354.7782656290534,0,0
86640.0,1.0,59.0,676.0,31.0,56.17,47.0,101.0,36.0,32.0,0.7,0.86,14.0,4.4,14.5,42.2,4.49,5.0,87.0,2015-2016,59.0,676.0,56.17,31.0,4.7,14.5,42.2,4.49,5.0,101.0,36.0,32.0,0.7,0.86,14.0,4.4,87.0,9.89975666543575,262.02414936705213,0,0
86652.0,1.0,59.0,548.0,21.8,68.65,45.0,108.0,26.0,22.0,0.5,0.76,23.0,6.8,15.8,48.2,5.45,5.6,49.0,2015-2016,59.0,548.0,68.65,21.8,4.5,15.8,48.2,5.45,5.6,108.0,26.0,22.0,0.5,0.76,23.0,6.8,49.0,6.76634816262347,171.75700131448195,0,0
86655.0,1.0,54.0,425.0,21.0,59.92,43.0,110.0,32.0,35.0,0.5,0.67,14.0,6.5,14.6,43.1,4.43,5.8,40.0,2015-2016,54.0,425.0,59.92,21.0,4.3,14.6,43.1,4.43,5.8,110.0,32.0,35.0,0.5,0.67,14.0,6.5,40.0,5.719754907924205,138.99158532571354,0,1
86658.0,1.0,26.0,279.0,51.3,18.23,44.0,92.0,49.0,29.0,0.6,0.86,15.0,7.3,14.6,44.5,5.36,5.4,32.0,2015-2016,26.0,279.0,18.23,51.3,4.4,14.6,44.5,5.36,5.4,92.0,49.0,29.0,0.6,0.86,15.0,7.3,32.0,7.066006247911165,175.5346893114343,1,0
86663.0,1.0,40.0,235.0,10.6,23.95,42.0,123.0,34.0,26.0,0.7,1.09,19.0,6.4,16.0,45.4,4.98,5.6,33.0,2015-2016,40.0,235.0,23.95,10.6,4.2,16.0,45.4,4.98,5.6,123.0,34.0,26.0,0.7,1.09,19.0,6.4,33.0,5.3453153157158,126.99615381477942,1,1
86668.0,1.0,37.0,352.0,11.0,48.94,46.0,115.0,18.0,26.0,0.6,0.88,12.0,5.1,14.0,41.9,4.79,5.7,38.0,2015-2016,37.0,352.0,48.94,11.0,4.6,14.0,41.9,4.79,5.7,115.0,18.0,26.0,0.6,0.88,12.0,5.1,38.0,5.22574399031747,135.48195736487878,0,1
86671.0,1.0,25.0,204.0,19.8,15.45,41.0,68.0,58.0,36.0,0.6,1.2,9.0,6.9,16.4,48.2,5.71,5.4,27.0,2015-2016,25.0,204.0,15.45,19.8,4.1,16.4,48.2,5.71,5.4,68.0,58.0,36.0,0.6,1.2,9.0,6.9,27.0,5.645094673724125,131.05954352627327,1,1
86676.0,1.0,43.0,792.0,17.6,91.1,41.0,102.0,103.0,74.0,0.4,0.77,12.0,6.4,15.2,43.7,4.71,5.7,67.0,2015-2016,43.0,792.0,91.1,17.6,4.1,15.2,43.7,4.71,5.7,102.0,103.0,74.0,0.4,0.77,12.0,6.4,67.0,8.45583313323151,196.31515406358218,0,0
86677.0,1.0,24.0,434.0,28.4,44.71,37.0,114.0,52.0,35.0,0.3,0.89,10.0,7.2,14.9,43.9,4.93,5.3,37.0,2015-2016,24.0,434.0,44.71,28.4,3.7,14.9,43.9,4.93,5.3,114.0,52.0,35.0,0.3,0.89,10.0,7.2,37.0,7.704046789753915,162.1630127868973,0,0
86679.0,1.0,23.0,574.0,20.6,42.69,49.0,103.0,33.0,31.0,0.7,1.2,22.0,7.0,14.3,43.6,5.19,5.3,55.0,2015-2016,23.0,574.0,42.69,20.6,4.9,14.3,43.6,5.19,5.3,103.0,33.0,31.0,0.7,1.2,22.0,7.0,55.0,9.639294942923703,265.57674364345826,0,0
86701.0,1.0,49.0,322.0,21.0,20.3,47.0,76.0,27.0,29.0,0.7,0.97,17.0,5.6,16.9,50.6,5.82,5.6,30.0,2015-2016,49.0,322.0,20.3,21.0,4.7,16.9,50.6,5.82,5.6,76.0,27.0,29.0,0.7,0.97,17.0,5.6,30.0,7.567862667668815,200.30419383397125,0,0
86710.0,1.0,33.0,447.0,20.8,27.74,44.0,86.0,17.0,19.0,0.5,0.67,11.0,4.4,13.7,42.3,5.15,5.6,49.0,2015-2016,33.0,447.0,27.74,20.8,4.4,13.7,42.3,5.15,5.6,86.0,17.0,19.0,0.5,0.67,11.0,4.4,49.0,9.81587175614135,243.84722268601325,0,0
86715.0,1.0,50.0,593.0,36.0,40.26,46.0,95.0,33.0,29.0,0.4,0.87,11.0,6.9,16.0,47.3,5.17,5.9,32.0,2015-2016,50.0,593.0,40.26,36.0,4.6,16.0,47.3,5.17,5.9,95.0,33.0,29.0,0.4,0.87,11.0,6.9,32.0,10.729159286003267,278.1627847901863,0,0
86718.0,1.0,44.0,473.0,34.5,61.46,43.0,92.0,11.0,19.0,0.4,1.2,9.0,5.4,13.8,43.3,5.5,5.8,98.0,2015-2016,44.0,473.0,61.46,34.5,4.3,13.8,43.3,5.5,5.8,92.0,11.0,19.0,0.4,1.2,9.0,5.4,98.0,6.332352725071967,153.87787733351917,0,1
86727.0,1.0,41.0,491.0,16.0,43.06,46.0,95.0,26.0,25.0,1.2,0.77,15.0,5.0,14.1,39.8,4.89,5.0,44.0,2015-2016,41.0,491.0,43.06,16.0,4.6,14.1,39.8,4.89,5.0,95.0,26.0,25.0,1.2,0.77,15.0,5.0,44.0,8.266942323063459,214.32766883077883,0,0
86731.0,1.0,29.0,251.0,25.1,17.4,45.0,91.0,42.0,32.0,0.7,0.71,17.0,6.4,15.9,46.4,5.25,5.2,49.0,2015-2016,29.0,251.0,17.4,25.1,4.5,15.9,46.4,5.25,5.2,91.0,42.0,32.0,0.7,0.71,17.0,6.4,49.0,6.329995023331087,160.68061196564275,1,1
86733.0,1.0,35.0,394.0,19.0,62.32,42.0,75.0,33.0,31.0,1.5,0.96,11.0,5.0,14.7,44.4,4.88,5.3,50.0,2015-2016,35.0,394.0,62.32,19.0,4.2,14.7,44.4,4.88,5.3,75.0,33.0,31.0,1.5,0.96,11.0,5.0,50.0,5.140119931817593,122.12103925250035,0,1
86737.0,1.0,50.0,682.0,27.1,63.8,42.0,83.0,14.0,20.0,0.4,1.19,17.0,4.9,13.9,42.7,4.74,5.5,53.0,2015-2016,50.0,682.0,63.8,27.1,4.2,13.9,42.7,4.74,5.5,83.0,14.0,20.0,0.4,1.19,17.0,4.9,53.0,9.506158560700968,225.8511431894449,0,0
86740.0,1.0,57.0,636.0,38.2,23.51,45.0,145.0,25.0,18.0,1.1,0.72,14.0,5.9,15.3,44.6,5.13,6.3,28.0,2015-2016,57.0,636.0,23.51,38.2,4.5,15.3,44.6,5.13,6.3,145.0,25.0,18.0,1.1,0.72,14.0,5.9,28.0,15.656473097251908,397.4239583471592,0,0
86744.0,1.0,25.0,254.0,9.77,30.09,45.0,90.0,10.0,19.0,0.4,1.16,11.0,5.4,15.0,43.0,4.88,5.4,56.0,2015-2016,25.0,254.0,30.09,9.77,4.5,15.0,43.0,4.88,5.4,90.0,10.0,19.0,0.4,1.16,11.0,5.4,56.0,4.975839271164334,126.30671843919151,1,1
86747.0,1.0,47.0,161.0,28.3,18.64,43.0,105.0,29.0,24.0,0.5,0.98,11.0,5.7,14.8,44.4,4.92,5.8,52.0,2015-2016,47.0,161.0,18.64,28.3,4.3,14.8,44.4,4.92,5.8,105.0,29.0,24.0,0.5,0.98,11.0,5.7,52.0,3.956583257969266,96.1460391836797,1,1
86755.0,1.0,28.0,673.0,36.8,42.8,46.0,75.0,15.0,21.0,0.4,1.11,12.0,7.9,15.0,44.8,4.86,5.1,78.0,2015-2016,28.0,673.0,42.8,36.8,4.6,15.0,44.8,4.86,5.1,75.0,15.0,21.0,0.4,1.11,12.0,7.9,78.0,11.982932098208968,310.66793525359,0,0
86764.0,1.0,19.0,585.0,27.6,47.05,52.0,86.0,20.0,23.0,0.8,0.9,11.0,5.8,16.5,47.0,5.0,4.7,35.0,2015-2016,19.0,585.0,47.05,27.6,5.2,16.5,47.0,5.0,4.7,86.0,20.0,23.0,0.8,0.9,11.0,5.8,35.0,8.994088043971413,262.42113650062186,0,0
86767.0,1.0,19.0,431.0,28.9,25.85,47.0,84.0,24.0,26.0,0.7,0.74,10.0,5.4,15.6,46.8,5.9,5.5,67.0,2015-2016,19.0,431.0,25.85,28.9,4.7,15.6,46.8,5.9,5.5,84.0,24.0,26.0,0.7,0.74,10.0,5.4,67.0,9.3742835634067,248.11606584262063,0,0
86774.0,1.0,43.0,620.0,33.2,48.64,41.0,86.0,40.0,34.0,0.4,0.97,17.0,6.0,15.9,48.9,5.67,5.7,45.0,2015-2016,43.0,620.0,48.64,33.2,4.1,15.9,48.9,5.67,5.7,86.0,40.0,34.0,0.4,0.97,17.0,6.0,45.0,10.536741819633182,244.62664542422965,0,0
86777.0,1.0,52.0,499.0,25.4,50.04,41.0,105.0,21.0,17.0,0.5,0.74,9.0,6.2,16.6,48.9,5.26,5.6,44.0,2015-2016,52.0,499.0,50.04,25.4,4.1,16.6,48.9,5.26,5.6,105.0,21.0,17.0,0.5,0.74,9.0,6.2,44.0,7.997672673404786,185.67825526963074,0,0
86790.0,1.0,29.0,324.0,31.9,14.7,44.0,93.0,27.0,21.0,0.07,1.02,8.0,6.0,14.6,43.4,5.02,5.6,38.0,2015-2016,29.0,324.0,14.7,31.9,4.4,14.6,43.4,5.02,5.6,93.0,27.0,21.0,0.07,1.02,8.0,6.0,38.0,8.987593331433413,223.2710172818003,0,0
86792.0,1.0,45.0,312.0,19.8,35.23,44.0,95.0,38.0,32.0,0.3,1.21,16.0,5.3,15.6,44.6,5.06,5.4,41.0,2015-2016,45.0,312.0,35.23,19.8,4.4,15.6,44.6,5.06,5.4,95.0,38.0,32.0,0.3,1.21,16.0,5.3,41.0,5.755220128445473,142.97196205625121,0,1
86798.0,1.0,19.0,1110.0,29.0,81.88,52.0,94.0,57.0,31.0,2.6,1.17,11.0,5.2,17.8,51.7,5.92,4.9,49.0,2015-2016,19.0,1110.0,81.88,29.0,5.2,17.8,51.7,5.92,4.9,94.0,57.0,31.0,2.6,1.17,11.0,5.2,49.0,12.955547171505106,378.0049067912585,0,0
86801.0,1.0,30.0,204.0,24.1,14.16,44.0,92.0,22.0,27.0,0.8,1.15,14.0,9.5,14.2,42.9,4.99,5.7,36.0,2015-2016,30.0,204.0,14.16,24.1,4.4,14.2,42.9,4.99,5.7,92.0,22.0,27.0,0.8,1.15,14.0,9.5,36.0,5.556329570920251,138.03109574545672,1,1
86809.0,1.0,59.0,1220.0,97.3,38.05,45.0,117.0,28.0,38.0,0.5,0.47,11.0,4.7,16.9,49.7,5.12,5.8,33.0,2015-2016,59.0,1220.0,38.05,97.3,4.5,16.9,49.7,5.12,5.8,117.0,28.0,38.0,0.5,0.47,11.0,4.7,33.0,27.112994509649752,688.2363309883077,0,0
86815.0,1.0,33.0,484.0,23.1,25.7,47.0,97.0,24.0,25.0,0.7,0.8,20.0,5.9,16.1,47.2,5.53,5.2,58.0,2015-2016,33.0,484.0,25.7,23.1,4.7,16.1,47.2,5.53,5.2,97.0,24.0,25.0,0.7,0.8,20.0,5.9,58.0,10.705407754474045,283.3479099832033,0,0
86816.0,1.0,19.0,315.0,12.6,22.15,52.0,94.0,9.0,23.0,0.6,0.87,16.0,5.4,15.7,46.4,5.09,5.0,56.0,2015-2016,19.0,315.0,22.15,12.6,5.2,15.7,46.4,5.09,5.0,94.0,9.0,23.0,0.6,0.87,16.0,5.4,56.0,6.679081603959102,194.87603153564535,0,0
86817.0,1.0,60.0,598.0,33.1,91.46,44.0,110.0,144.0,123.0,1.0,0.76,13.0,5.2,15.9,47.2,5.09,5.4,52.0,2015-2016,60.0,598.0,91.46,33.1,4.4,15.9,47.2,5.09,5.4,110.0,144.0,123.0,1.0,0.76,13.0,5.2,52.0,5.939364872199265,147.5465108535596,0,1
86820.0,1.0,52.0,601.0,28.3,54.41,47.0,118.0,13.0,19.0,0.9,1.01,16.0,7.1,15.2,45.7,5.31,5.7,80.0,2015-2016,52.0,601.0,54.41,28.3,4.7,15.2,45.7,5.31,5.7,118.0,13.0,19.0,0.9,1.01,16.0,7.1,80.0,8.820761325838209,233.4655851938372,0,0
86829.0,1.0,37.0,415.0,20.9,29.54,46.0,100.0,24.0,27.0,0.3,0.9,20.0,5.9,16.0,46.2,4.83,5.2,47.0,2015-2016,37.0,415.0,29.54,20.9,4.6,16.0,46.2,4.83,5.2,100.0,24.0,27.0,0.3,0.9,20.0,5.9,47.0,8.51595406910959,220.78351489282952,0,0
86837.0,1.0,57.0,528.0,24.0,40.13,47.0,92.0,27.0,21.0,0.3,1.03,14.0,6.1,15.5,47.1,5.12,5.3,62.0,2015-2016,57.0,528.0,40.13,24.0,4.7,15.5,47.1,5.12,5.3,92.0,27.0,21.0,0.3,1.03,14.0,6.1,62.0,9.292695016994985,245.95660170687435,0,0
86842.0,1.0,32.0,374.0,15.5,18.44,48.0,409.0,28.0,18.0,0.4,0.88,20.0,3.8,16.1,45.6,4.85,12.1,37.0,2015-2016,32.0,374.0,18.44,15.5,4.8,16.1,45.6,4.85,12.1,409.0,28.0,18.0,0.4,0.88,20.0,3.8,37.0,9.117383948429424,246.25692159892606,0,0
86844.0,1.0,39.0,459.0,16.4,37.37,44.0,103.0,20.0,20.0,0.7,0.83,17.0,4.8,15.2,44.2,4.97,5.7,41.0,2015-2016,39.0,459.0,37.37,16.4,4.4,15.2,44.2,4.97,5.7,103.0,20.0,20.0,0.7,0.83,17.0,4.8,41.0,8.55309564592415,212.47716661757934,0,0
86848.0,1.0,58.0,222.0,24.9,53.46,41.0,94.0,19.0,22.0,0.9,1.29,13.0,6.0,14.2,43.3,5.41,5.7,49.0,2015-2016,58.0,222.0,53.46,24.9,4.1,14.2,43.3,5.41,5.7,94.0,19.0,22.0,0.9,1.29,13.0,6.0,49.0,3.1057877672062735,72.10563340136284,1,1
86856.0,1.0,54.0,361.0,25.7,43.27,45.0,84.0,22.0,26.0,0.3,0.94,14.0,5.4,14.0,42.2,4.64,5.1,68.0,2015-2016,54.0,361.0,43.27,25.7,4.5,14.0,42.2,4.64,5.1,84.0,22.0,26.0,0.3,0.94,14.0,5.4,68.0,5.887251505342362,149.44200922550772,0,1
86864.0,1.0,48.0,438.0,17.0,36.11,44.0,84.0,32.0,30.0,0.4,0.81,15.0,6.7,15.0,43.3,4.67,5.6,72.0,2015-2016,48.0,438.0,36.11,17.0,4.4,15.0,43.3,4.67,5.6,84.0,32.0,30.0,0.4,0.81,15.0,6.7,72.0,8.280122435068993,205.69592894573753,0,0
86870.0,1.0,25.0,367.0,35.2,,45.0,92.0,15.0,17.0,0.7,0.99,10.0,5.9,14.3,44.2,5.13,5.2,53.0,2015-2016,25.0,367.0,,35.2,4.5,14.3,44.2,5.13,5.2,92.0,15.0,17.0,0.7,0.99,10.0,5.9,53.0,,,0,0
86877.0,1.0,40.0,288.0,25.1,31.09,44.0,58.0,40.0,33.0,0.4,0.91,15.0,3.9,15.7,46.3,5.23,5.2,32.0,2015-2016,40.0,288.0,31.09,25.1,4.4,15.7,46.3,5.23,5.2,58.0,40.0,33.0,0.4,0.91,15.0,3.9,32.0,5.666262700553311,140.76206952019365,1,1
86881.0,1.0,51.0,622.0,25.4,65.91,43.0,118.0,27.0,26.0,0.6,1.08,17.0,5.3,15.5,46.3,5.25,5.7,49.0,2015-2016,51.0,622.0,65.91,25.4,4.3,15.5,46.3,5.25,5.7,118.0,27.0,26.0,0.6,1.08,17.0,5.3,49.0,8.229863560554467,199.987901878635,0,0
86883.0,1.0,51.0,456.0,33.3,59.5,42.0,97.0,32.0,35.0,1.1,1.26,13.0,7.9,13.3,42.4,5.74,5.9,50.0,2015-2016,51.0,456.0,59.5,33.3,4.2,13.3,42.4,5.74,5.9,97.0,32.0,35.0,1.1,1.26,13.0,7.9,50.0,6.279211413983221,149.18403339484675,0,1
86885.0,1.0,26.0,815.0,22.8,71.95,43.0,82.0,37.0,28.0,0.6,1.03,16.0,4.7,13.8,42.6,4.92,5.7,49.0,2015-2016,26.0,815.0,71.95,22.8,4.3,13.8,42.6,4.92,5.7,82.0,37.0,28.0,0.6,1.03,16.0,4.7,49.0,10.59544399663922,257.47214382952626,0,0
86886.0,1.0,52.0,420.0,25.9,25.11,45.0,89.0,31.0,28.0,0.5,0.71,19.0,4.2,15.9,46.7,5.04,5.5,42.0,2015-2016,52.0,420.0,25.11,25.9,4.5,15.9,46.7,5.04,5.5,89.0,31.0,28.0,0.5,0.71,19.0,4.2,42.0,9.485132678764064,240.77063532936214,0,0
86887.0,1.0,58.0,183.0,9.11,17.69,43.0,94.0,30.0,23.0,0.4,0.9,15.0,8.1,12.9,37.7,4.42,5.9,26.0,2015-2016,58.0,183.0,17.69,9.11,4.3,12.9,37.7,4.42,5.9,94.0,30.0,23.0,0.4,0.9,15.0,8.1,26.0,4.627715682590641,112.45473792396689,1,1
86888.0,1.0,24.0,329.0,12.1,40.18,48.0,78.0,25.0,24.0,0.7,1.3,13.0,6.0,14.5,41.9,4.37,5.0,61.0,2015-2016,24.0,329.0,40.18,12.1,4.8,14.5,41.9,4.37,5.0,78.0,25.0,24.0,0.7,1.3,13.0,6.0,61.0,5.407077262559276,146.0430106987835,0,1
86894.0,1.0,45.0,272.0,20.0,21.57,44.0,91.0,28.0,22.0,0.2,0.62,13.0,4.6,15.4,47.1,5.24,5.4,50.0,2015-2016,45.0,272.0,21.57,20.0,4.4,15.4,47.1,5.24,5.4,91.0,28.0,22.0,0.2,0.62,13.0,4.6,50.0,6.400815808783613,159.00993785091742,1,1
86897.0,1.0,40.0,789.0,26.5,78.61,44.0,84.0,27.0,25.0,0.6,0.92,11.0,4.2,13.6,42.5,4.85,5.8,66.0,2015-2016,40.0,789.0,78.61,26.5,4.4,13.6,42.5,4.85,5.8,84.0,27.0,25.0,0.6,0.92,11.0,4.2,66.0,9.373876571049083,232.86711811629868,0,0
86899.0,1.0,22.0,534.0,42.7,58.62,47.0,88.0,20.0,32.0,0.7,1.1,11.0,4.5,14.5,44.1,5.16,5.8,49.0,2015-2016,22.0,534.0,58.62,42.7,4.7,14.5,44.1,5.16,5.8,88.0,20.0,32.0,0.7,1.1,11.0,4.5,49.0,7.288912123021093,192.92100436306336,0,0
86909.0,1.0,48.0,699.0,42.0,78.26,40.0,159.0,46.0,45.0,0.3,0.89,9.0,4.0,15.3,47.1,6.24,5.5,40.0,2015-2016,48.0,699.0,78.26,42.0,4.0,15.3,47.1,6.24,5.5,159.0,46.0,45.0,0.3,0.89,9.0,4.0,40.0,8.391711381485354,190.2792798950984,0,0
86910.0,1.0,38.0,169.0,18.8,16.15,45.0,67.0,19.0,17.0,1.0,0.97,14.0,5.9,13.6,39.7,4.37,4.5,45.0,2015-2016,38.0,169.0,16.15,18.8,4.5,13.6,39.7,4.37,4.5,67.0,19.0,17.0,1.0,0.97,14.0,5.9,45.0,4.28442116278107,108.7557591778229,1,1
86911.0,1.0,25.0,430.0,15.1,36.78,48.0,92.0,28.0,23.0,0.8,0.87,20.0,8.1,15.8,46.7,5.65,5.4,38.0,2015-2016,25.0,430.0,36.78,15.1,4.8,15.8,46.7,5.65,5.4,92.0,28.0,23.0,0.8,0.87,20.0,8.1,38.0,7.669888942946589,207.16065603676034,0,0
86920.0,1.0,27.0,840.0,28.9,46.33,49.0,94.0,26.0,25.0,0.7,1.03,23.0,4.9,15.5,44.5,5.05,5.1,56.0,2015-2016,27.0,840.0,46.33,28.9,4.9,15.5,44.5,5.05,5.1,94.0,26.0,25.0,0.7,1.03,23.0,4.9,56.0,14.364193152442928,395.75463403492296,0,0
86928.0,1.0,52.0,551.0,28.7,64.57,43.0,102.0,52.0,37.0,0.8,0.71,11.0,6.1,15.7,46.5,5.48,5.4,84.0,2015-2016,52.0,551.0,64.57,28.7,4.3,15.7,46.5,5.48,5.4,102.0,52.0,37.0,0.8,0.71,11.0,6.1,84.0,7.261094221396518,176.44654592333688,0,0
86929.0,1.0,52.0,383.0,25.0,34.86,46.0,75.0,28.0,22.0,0.5,0.94,17.0,5.6,14.6,43.1,4.94,5.3,35.0,2015-2016,52.0,383.0,34.86,25.0,4.6,14.6,43.1,4.94,5.3,75.0,28.0,22.0,0.5,0.94,17.0,5.6,35.0,7.1064664591545466,184.2413228849403,0,0
86932.0,1.0,59.0,306.0,24.5,49.97,42.0,117.0,31.0,26.0,1.2,0.87,14.0,6.0,17.1,49.8,5.44,5.8,38.0,2015-2016,59.0,306.0,49.97,24.5,4.2,17.1,49.8,5.44,5.8,117.0,31.0,26.0,1.2,0.87,14.0,6.0,38.0,4.574854028561589,108.6912242918956,0,1
86934.0,1.0,29.0,840.0,46.3,60.12,50.0,93.0,21.0,28.0,0.8,1.0,12.0,8.4,16.4,49.8,5.49,5.3,66.0,2015-2016,29.0,840.0,60.12,46.3,5.0,16.4,49.8,5.49,5.3,93.0,21.0,28.0,0.8,1.0,12.0,8.4,66.0,11.886688657234766,333.9367448461443,0,0
86939.0,1.0,35.0,484.0,26.2,37.9,46.0,108.0,21.0,22.0,0.6,0.93,17.0,5.6,14.3,43.0,4.71,5.6,37.0,2015-2016,35.0,484.0,37.9,26.2,4.6,14.3,43.0,4.71,5.6,108.0,21.0,22.0,0.6,0.93,17.0,5.6,37.0,8.806292431661623,228.31078942628278,0,0
86942.0,1.0,50.0,584.0,28.9,,40.0,91.0,16.0,17.0,0.5,0.98,9.0,4.8,14.3,44.1,5.41,5.5,45.0,2015-2016,50.0,584.0,,28.9,4.0,14.3,44.1,5.41,5.5,91.0,16.0,17.0,0.5,0.98,9.0,4.8,45.0,,,0,0
86947.0,1.0,30.0,538.0,18.2,46.27,49.0,86.0,37.0,29.0,0.8,0.88,14.0,5.6,15.9,47.4,4.88,5.5,46.0,2015-2016,30.0,538.0,46.27,18.2,4.9,15.9,47.4,4.88,5.5,86.0,37.0,29.0,0.8,0.88,14.0,5.6,46.0,8.500753673107807,234.20825821669305,0,0
86969.0,1.0,41.0,292.0,19.9,41.87,46.0,80.0,21.0,24.0,0.5,0.98,21.0,5.0,16.0,47.6,5.65,5.3,34.0,2015-2016,41.0,292.0,41.87,19.9,4.6,16.0,47.6,5.65,5.3,80.0,21.0,24.0,0.5,0.98,21.0,5.0,34.0,4.716424516464557,122.2774070904114,1,1
86970.0,1.0,20.0,355.0,37.1,14.71,46.0,99.0,34.0,22.0,0.4,0.95,14.0,6.7,14.3,43.0,4.9,5.6,43.0,2015-2016,20.0,355.0,14.71,37.1,4.6,14.3,43.0,4.9,5.6,99.0,34.0,22.0,0.4,0.95,14.0,6.7,43.0,9.604709219740718,249.0104389771143,0,0
86971.0,1.0,24.0,315.0,24.5,13.79,47.0,91.0,25.0,18.0,0.6,0.84,15.0,5.5,15.1,43.3,5.12,5.1,32.0,2015-2016,24.0,315.0,13.79,24.5,4.7,15.1,43.3,5.12,5.1,91.0,25.0,18.0,0.6,0.84,15.0,5.5,32.0,8.48531282811531,224.58702279652306,0,0
86974.0,1.0,47.0,688.0,23.7,46.67,47.0,103.0,18.0,26.0,1.1,0.82,13.0,5.1,16.0,48.3,5.44,5.4,50.0,2015-2016,47.0,688.0,46.67,23.7,4.7,16.0,48.3,5.44,5.4,103.0,18.0,26.0,1.1,0.82,13.0,5.1,50.0,11.49822380625697,304.3319562172146,0,0
86980.0,1.0,54.0,372.0,24.4,32.3,46.0,93.0,32.0,19.0,0.8,0.62,13.0,6.7,15.2,46.0,4.98,5.3,46.0,2015-2016,54.0,372.0,32.3,24.4,4.6,15.2,46.0,4.98,5.3,93.0,32.0,19.0,0.8,0.62,13.0,6.7,46.0,7.183516253676324,186.2389058120247,0,0
86983.0,1.0,34.0,132.0,17.6,15.69,43.0,73.0,28.0,24.0,0.5,0.87,5.0,6.2,13.7,40.9,4.67,5.7,36.0,2015-2016,34.0,132.0,15.69,17.6,4.3,13.7,40.9,4.67,5.7,73.0,28.0,24.0,0.5,0.87,5.0,6.2,36.0,3.445022737715184,83.71498071268553,1,1
86985.0,1.0,34.0,721.0,23.5,95.75,45.0,71.0,17.0,26.0,0.7,0.86,14.0,4.3,13.9,40.6,4.55,5.3,76.0,2015-2016,34.0,721.0,95.75,23.5,4.5,13.9,40.6,4.55,5.3,71.0,17.0,26.0,0.7,0.86,14.0,4.3,76.0,7.045389898000961,178.84019753172248,0,0
86986.0,1.0,26.0,235.0,18.8,15.78,44.0,109.0,63.0,41.0,0.8,0.8,14.0,8.2,17.1,52.0,6.02,5.4,33.0,2015-2016,26.0,235.0,15.78,18.8,4.4,17.1,52.0,6.02,5.4,109.0,63.0,41.0,0.8,0.8,14.0,8.2,33.0,6.212748488354415,154.3379438697442,1,1
86988.0,1.0,19.0,577.0,20.8,50.98,50.0,91.0,10.0,20.0,1.6,1.09,15.0,5.5,15.7,46.6,5.07,5.3,46.0,2015-2016,19.0,577.0,50.98,20.8,5.0,15.7,46.6,5.07,5.3,91.0,10.0,20.0,1.6,1.09,15.0,5.5,46.0,8.560107176801802,240.4819717739878,0,0
86992.0,1.0,23.0,433.0,12.4,72.31,49.0,86.0,20.0,22.0,0.7,0.74,15.0,5.5,13.3,39.8,4.29,5.3,76.0,2015-2016,23.0,433.0,72.31,12.4,4.9,13.3,39.8,4.29,5.3,86.0,20.0,22.0,0.7,0.74,15.0,5.5,76.0,4.839523358987179,133.33598173689987,0,1
87003.0,1.0,53.0,423.0,25.4,40.47,46.0,84.0,22.0,20.0,0.7,0.86,16.0,5.7,,,,5.1,43.0,2015-2016,53.0,423.0,40.47,25.4,4.6,,,,5.1,84.0,22.0,20.0,0.7,0.86,16.0,5.7,43.0,7.260979747920201,188.24721426416644,0,0
87004.0,1.0,37.0,197.0,14.6,27.12,48.0,74.0,21.0,23.0,0.5,1.1,20.0,7.6,13.6,40.9,4.4,5.1,48.0,2015-2016,37.0,197.0,27.12,14.6,4.8,13.6,40.9,4.4,5.1,74.0,21.0,23.0,0.5,1.1,20.0,7.6,48.0,3.8686502930130016,104.49070887974128,1,1
87021.0,1.0,58.0,260.0,29.8,33.69,41.0,177.0,34.0,30.0,0.5,1.2,26.0,8.5,15.7,47.2,5.68,7.2,33.0,2015-2016,58.0,260.0,33.69,29.8,4.1,15.7,47.2,5.68,7.2,177.0,34.0,30.0,0.5,1.2,26.0,8.5,33.0,5.0074459451269835,116.25554888486579,1,1
87035.0,1.0,29.0,305.0,34.8,26.95,42.0,98.0,168.0,71.0,0.5,0.66,14.0,5.5,16.6,50.1,5.69,5.3,22.0,2015-2016,29.0,305.0,26.95,34.8,4.2,16.6,50.1,5.69,5.3,98.0,168.0,71.0,0.5,0.66,14.0,5.5,22.0,6.682942994239655,158.7760508601932,0,0
87036.0,1.0,22.0,598.0,47.1,26.42,45.0,81.0,26.0,36.0,0.8,0.91,13.0,5.9,15.7,47.4,5.14,5.3,50.0,2015-2016,22.0,598.0,26.42,47.1,4.5,15.7,47.4,5.14,5.3,81.0,26.0,36.0,0.8,0.91,13.0,5.9,50.0,13.82928248910893,351.04254666955757,0,0
87051.0,1.0,36.0,273.0,13.6,32.72,47.0,99.0,39.0,25.0,0.3,0.57,18.0,5.1,15.0,43.9,5.01,5.7,44.0,2015-2016,36.0,273.0,32.72,13.6,4.7,15.0,43.9,5.01,5.7,99.0,39.0,25.0,0.3,0.57,18.0,5.1,44.0,5.024543161981183,132.98828369921438,1,1
87069.0,1.0,49.0,255.0,33.7,24.68,48.0,107.0,35.0,26.0,0.3,0.79,11.0,5.1,16.7,48.8,5.53,5.5,41.0,2015-2016,49.0,255.0,24.68,33.7,4.8,16.7,48.8,5.53,5.5,107.0,35.0,26.0,0.3,0.79,11.0,5.1,41.0,5.33027223480357,143.9685373843523,1,1
87072.0,1.0,52.0,362.0,21.6,53.66,44.0,64.0,23.0,34.0,0.8,1.17,13.0,6.1,14.5,40.7,4.61,4.8,44.0,2015-2016,52.0,362.0,53.66,21.6,4.4,14.5,40.7,4.61,4.8,64.0,23.0,34.0,0.8,1.17,13.0,6.1,44.0,5.143424808616133,127.7736594195702,0,1
87073.0,1.0,27.0,339.0,17.0,24.83,47.0,84.0,92.0,56.0,0.6,0.83,18.0,6.4,16.0,48.3,5.63,5.5,48.0,2015-2016,27.0,339.0,24.83,17.0,4.7,16.0,48.3,5.63,5.5,84.0,92.0,56.0,0.6,0.83,18.0,6.4,48.0,7.326909175504533,193.92670033033798,0,0
87074.0,1.0,22.0,421.0,29.3,22.99,50.0,95.0,45.0,28.0,0.9,1.11,12.0,8.8,18.2,52.5,5.88,4.8,50.0,2015-2016,22.0,421.0,22.99,29.3,5.0,18.2,52.5,5.88,4.8,95.0,45.0,28.0,0.9,1.11,12.0,8.8,50.0,9.252893585091979,259.9446534954667,0,0
87107.0,1.0,24.0,514.0,27.0,24.59,48.0,91.0,18.0,21.0,0.6,0.81,17.0,4.5,17.2,51.8,6.08,5.6,46.0,2015-2016,24.0,514.0,24.59,27.0,4.8,17.2,51.8,6.08,5.6,91.0,18.0,21.0,0.6,0.81,17.0,4.5,46.0,11.530731850202418,311.4404905260875,0,0
87114.0,1.0,60.0,587.0,27.3,48.97,44.0,219.0,32.0,25.0,0.8,0.77,10.0,4.6,15.5,45.2,5.04,9.7,65.0,2015-2016,60.0,587.0,48.97,27.3,4.4,15.5,45.2,5.04,9.7,219.0,32.0,25.0,0.8,0.77,10.0,4.6,65.0,9.520005943259473,236.49728387758833,0,0
87118.0,1.0,54.0,407.0,29.4,38.11,42.0,91.0,28.0,28.0,0.8,0.83,13.0,5.9,15.2,45.6,5.51,5.9,42.0,2015-2016,54.0,407.0,38.11,29.4,4.2,15.2,45.6,5.51,5.9,91.0,28.0,28.0,0.8,0.83,13.0,5.9,42.0,7.54134291754171,179.17026191332818,0,0
87132.0,1.0,39.0,415.0,26.9,32.96,45.0,266.0,31.0,19.0,0.6,0.79,14.0,5.2,16.3,47.9,5.31,11.8,39.0,2015-2016,39.0,415.0,32.96,26.9,4.5,16.3,47.9,5.31,11.8,266.0,31.0,19.0,0.6,0.79,14.0,5.2,39.0,8.120927503011155,206.1416472055575,0,0
87135.0,1.0,57.0,419.0,37.9,41.7,47.0,169.0,26.0,28.0,0.2,1.06,29.0,7.7,14.3,42.7,4.77,5.9,58.0,2015-2016,57.0,419.0,41.7,37.9,4.7,14.3,42.7,4.77,5.9,169.0,26.0,28.0,0.2,1.06,29.0,7.7,58.0,6.978207292685364,184.69735083052777,0,0
87137.0,1.0,26.0,787.0,29.0,52.5,52.0,98.0,18.0,18.0,1.4,1.18,15.0,6.1,16.9,49.9,5.5,5.3,50.0,2015-2016,26.0,787.0,52.5,29.0,5.2,16.9,49.9,5.5,5.3,98.0,18.0,18.0,1.4,1.18,15.0,6.1,50.0,11.855346775155391,345.90428280614555,0,0
87138.0,1.0,45.0,394.0,17.0,33.26,46.0,99.0,28.0,23.0,0.8,1.11,15.0,6.9,16.7,48.8,5.8,5.4,45.0,2015-2016,45.0,394.0,33.26,17.0,4.6,16.7,48.8,5.8,5.4,99.0,28.0,23.0,0.8,1.11,15.0,6.9,45.0,7.533842084744783,195.32140763311932,0,0
87140.0,1.0,36.0,424.0,24.5,21.7,46.0,93.0,37.0,29.0,0.9,0.93,12.0,6.0,15.2,44.9,4.74,5.3,48.0,2015-2016,36.0,424.0,21.7,24.5,4.6,15.2,44.9,4.74,5.3,93.0,37.0,29.0,0.9,0.93,12.0,6.0,48.0,10.09531239520964,261.72975293989356,0,0
87141.0,1.0,37.0,318.0,19.1,22.69,51.0,92.0,21.0,22.0,0.9,0.98,15.0,5.4,14.4,39.7,4.51,4.8,54.0,2015-2016,37.0,318.0,22.69,19.1,5.1,14.4,39.7,4.51,4.8,92.0,21.0,22.0,0.9,0.98,15.0,5.4,54.0,6.763809105314331,193.68304864588828,0,0
87149.0,1.0,19.0,370.0,39.6,11.03,49.0,86.0,15.0,21.0,0.6,0.76,11.0,6.5,15.7,46.9,5.23,4.9,52.0,2015-2016,19.0,370.0,11.03,39.6,4.9,15.7,46.9,5.23,4.9,86.0,15.0,21.0,0.6,0.76,11.0,6.5,52.0,10.374754661335215,285.83973987432375,0,0
87168.0,1.0,49.0,387.0,23.1,,44.0,119.0,30.0,28.0,1.6,1.11,15.0,7.7,15.0,44.2,5.35,4.9,34.0,2015-2016,49.0,387.0,,23.1,4.4,15.0,44.2,5.35,4.9,119.0,30.0,28.0,1.6,1.11,15.0,7.7,34.0,,,0,0
87170.0,1.0,50.0,318.0,18.9,27.89,41.0,465.0,20.0,18.0,0.3,0.67,18.0,3.6,15.2,45.1,5.0,12.6,40.0,2015-2016,50.0,318.0,27.89,18.9,4.1,15.2,45.1,5.0,12.6,465.0,20.0,18.0,0.3,0.67,18.0,3.6,40.0,6.9608433343692795,161.60666962888973,0,0
87172.0,1.0,42.0,313.0,21.9,18.01,40.0,101.0,26.0,28.0,0.5,0.84,11.0,4.7,14.0,43.0,4.8,5.7,31.0,2015-2016,42.0,313.0,18.01,21.9,4.0,14.0,43.0,4.8,5.7,101.0,26.0,28.0,0.5,0.84,11.0,4.7,31.0,8.560668144215626,194.11031860511093,0,0
87176.0,1.0,27.0,326.0,20.7,50.21,43.0,98.0,21.0,27.0,0.3,0.86,15.0,5.8,14.0,43.1,4.92,5.1,111.0,2015-2016,27.0,326.0,50.21,20.7,4.3,14.0,43.1,4.92,5.1,98.0,21.0,27.0,0.3,0.86,15.0,5.8,111.0,4.844761873045362,117.7290188303767,0,1
87177.0,1.0,57.0,345.0,13.0,42.63,45.0,120.0,30.0,29.0,0.4,0.84,18.0,4.9,14.5,43.1,4.69,5.7,42.0,2015-2016,57.0,345.0,42.63,13.0,4.5,14.5,43.1,4.69,5.7,120.0,30.0,29.0,0.4,0.84,18.0,4.9,42.0,5.653173439356045,143.50017092203575,0,1
87178.0,1.0,54.0,515.0,29.2,116.4,39.0,137.0,19.0,22.0,1.2,0.76,16.0,6.2,16.2,46.6,5.0,5.2,70.0,2015-2016,54.0,515.0,116.4,29.2,3.9,16.2,46.6,5.0,5.2,137.0,19.0,22.0,1.2,0.76,16.0,6.2,70.0,4.1576713012989615,92.02091779081145,0,1
87187.0,1.0,45.0,229.0,13.1,17.19,45.0,86.0,18.0,27.0,0.4,0.95,15.0,5.2,15.6,46.2,5.1,5.4,39.0,2015-2016,45.0,229.0,17.19,13.1,4.5,15.6,46.2,5.1,5.4,86.0,18.0,27.0,0.4,0.95,15.0,5.2,39.0,5.766861705725642,146.3860342041157,1,1
87190.0,1.0,38.0,566.0,44.4,43.23,41.0,94.0,25.0,26.0,0.3,1.21,14.0,7.4,15.2,45.1,4.98,5.5,50.0,2015-2016,38.0,566.0,43.23,44.4,4.1,15.2,45.1,4.98,5.5,94.0,25.0,26.0,0.3,1.21,14.0,7.4,50.0,10.273680057919144,238.51926257201004,0,0
87197.0,1.0,33.0,451.0,25.7,33.86,48.0,95.0,101.0,48.0,0.7,0.81,11.0,7.6,15.0,43.2,4.87,5.5,35.0,2015-2016,33.0,451.0,33.86,25.7,4.8,15.0,43.2,4.87,5.5,95.0,101.0,48.0,0.7,0.81,11.0,7.6,35.0,8.48139181222369,229.0790264363418,0,0
87199.0,1.0,55.0,461.0,18.6,60.64,44.0,95.0,29.0,28.0,0.6,0.91,18.0,5.8,15.6,45.7,5.11,5.3,48.0,2015-2016,55.0,461.0,60.64,18.6,4.4,15.6,45.7,5.11,5.3,95.0,29.0,28.0,0.6,0.91,18.0,5.8,48.0,6.162571410733704,153.09143807542637,0,1
87201.0,1.0,32.0,381.0,24.2,19.88,43.0,131.0,27.0,24.0,0.5,0.76,16.0,5.3,14.4,42.5,5.06,5.5,63.0,2015-2016,32.0,381.0,19.88,24.2,4.3,14.4,42.5,5.06,5.5,131.0,27.0,24.0,0.5,0.76,16.0,5.3,63.0,9.727751584219266,236.38698442693382,0,0
87202.0,1.0,39.0,230.0,15.1,30.92,39.0,131.0,20.0,26.0,0.5,1.14,13.0,6.4,13.8,42.7,5.15,5.0,45.0,2015-2016,39.0,230.0,30.92,15.1,3.9,13.8,42.7,5.15,5.0,131.0,20.0,26.0,0.5,1.14,13.0,6.4,45.0,4.722566776703921,104.52363778370763,1,1
87208.0,1.0,35.0,330.0,17.7,21.46,44.0,105.0,28.0,56.0,1.0,0.9,12.0,6.5,15.6,46.1,5.1,5.4,40.0,2015-2016,35.0,330.0,21.46,17.7,4.4,15.6,46.1,5.1,5.4,105.0,28.0,56.0,1.0,0.9,12.0,6.5,40.0,7.917475298750198,196.68699940760996,0,0
87211.0,1.0,41.0,522.0,24.1,51.51,50.0,111.0,26.0,29.0,0.5,0.94,22.0,6.3,16.5,46.9,5.24,6.7,35.0,2015-2016,41.0,522.0,51.51,24.1,5.0,16.5,46.9,5.24,6.7,111.0,26.0,29.0,0.5,0.94,22.0,6.3,35.0,7.577760073777836,212.8845640053236,0,0
87214.0,1.0,38.0,531.0,17.0,26.78,48.0,96.0,21.0,20.0,0.7,0.91,17.0,6.4,16.1,48.5,5.62,5.3,47.0,2015-2016,38.0,531.0,26.78,17.0,4.8,16.1,48.5,5.62,5.3,96.0,21.0,20.0,0.7,0.91,17.0,6.4,47.0,11.505168277980518,310.7500285870001,0,0
87225.0,1.0,35.0,358.0,14.2,34.59,43.0,97.0,21.0,20.0,0.3,0.71,15.0,4.6,14.7,41.3,4.67,5.5,26.0,2015-2016,35.0,358.0,34.59,14.2,4.3,14.7,41.3,4.67,5.5,97.0,21.0,20.0,0.3,0.71,15.0,4.6,26.0,6.851608353304039,166.49592900165743,0,0
87230.0,1.0,27.0,395.0,16.6,32.73,49.0,93.0,18.0,24.0,1.3,0.91,9.0,6.0,15.7,46.7,5.0,5.3,74.0,2015-2016,27.0,395.0,32.73,16.6,4.9,15.7,46.7,5.0,5.3,93.0,18.0,24.0,1.3,0.91,9.0,6.0,74.0,7.366265746709324,202.95144835873649,0,0
87231.0,1.0,57.0,415.0,17.3,48.54,42.0,148.0,20.0,24.0,0.4,0.84,13.0,4.6,15.0,44.0,5.03,7.2,33.0,2015-2016,57.0,415.0,48.54,17.3,4.2,15.0,44.0,5.03,7.2,148.0,20.0,24.0,0.4,0.84,13.0,4.6,33.0,6.555109618133582,155.73893403251074,0,0
87233.0,1.0,35.0,298.0,26.0,23.07,45.0,108.0,38.0,30.0,0.6,1.02,8.0,8.4,16.1,49.3,5.89,6.7,41.0,2015-2016,35.0,298.0,23.07,26.0,4.5,16.1,49.3,5.89,6.7,108.0,38.0,30.0,0.6,1.02,8.0,8.4,41.0,6.761551223471706,171.63523579719063,1,0
87235.0,1.0,43.0,532.0,17.3,60.21,44.0,85.0,16.0,21.0,0.2,0.97,6.0,4.6,14.1,42.0,4.58,6.2,66.0,2015-2016,43.0,532.0,60.21,17.3,4.4,14.1,42.0,4.58,6.2,85.0,16.0,21.0,0.2,0.97,6.0,4.6,66.0,7.2983660372678125,181.30700283652448,0,0
87242.0,1.0,26.0,477.0,14.3,22.16,43.0,99.0,71.0,37.0,0.4,0.58,13.0,5.5,15.7,45.8,5.45,5.6,58.0,2015-2016,26.0,477.0,22.16,14.3,4.3,15.7,45.8,5.45,5.6,99.0,71.0,37.0,0.4,0.58,13.0,5.5,58.0,11.932374428538221,289.9599135314051,0,0
87245.0,1.0,29.0,422.0,24.9,32.58,43.0,95.0,29.0,30.0,0.7,0.96,18.0,8.0,15.0,44.8,5.07,5.5,29.0,2015-2016,29.0,422.0,32.58,24.9,4.3,15.0,44.8,5.07,5.5,95.0,29.0,30.0,0.7,0.96,18.0,8.0,29.0,8.53554854292796,207.41612931045938,0,0
87246.0,1.0,58.0,275.0,17.5,28.94,44.0,188.0,31.0,44.0,0.6,0.86,17.0,7.8,15.1,46.0,5.1,7.7,52.0,2015-2016,58.0,275.0,28.94,17.5,4.4,15.1,46.0,5.1,7.7,188.0,31.0,44.0,0.6,0.86,17.0,7.8,52.0,5.603774907602734,139.20973925943576,1,1
87248.0,1.0,55.0,297.0,27.8,32.86,47.0,100.0,24.0,25.0,0.8,0.96,16.0,7.0,15.2,44.3,5.26,5.6,46.0,2015-2016,55.0,297.0,32.86,27.8,4.7,15.2,44.3,5.26,5.6,100.0,24.0,25.0,0.8,0.96,16.0,7.0,46.0,5.492790288487287,145.3817251910339,1,1
87262.0,1.0,29.0,364.0,20.1,27.17,41.0,106.0,36.0,30.0,0.9,0.77,11.0,7.1,15.8,46.6,4.77,5.3,55.0,2015-2016,29.0,364.0,27.17,20.1,4.1,15.8,46.6,4.77,5.3,106.0,36.0,30.0,0.9,0.77,11.0,7.1,55.0,8.203789341989735,190.46357031910864,0,0
87263.0,1.0,53.0,330.0,22.4,33.51,42.0,87.0,26.0,23.0,0.5,0.92,12.0,7.3,14.8,42.7,4.61,4.8,49.0,2015-2016,53.0,330.0,33.51,22.4,4.2,14.8,42.7,4.61,4.8,87.0,26.0,23.0,0.5,0.92,12.0,7.3,49.0,6.4526153698059545,153.3038344065867,0,1
87264.0,1.0,38.0,957.0,46.5,77.64,49.0,64.0,25.0,25.0,0.3,0.96,9.0,4.8,15.8,46.3,5.06,4.8,80.0,2015-2016,38.0,957.0,77.64,46.5,4.9,15.8,46.3,5.06,4.8,64.0,25.0,25.0,0.3,0.96,9.0,4.8,80.0,11.52706751697496,317.5876527321988,0,0
87265.0,1.0,42.0,488.0,26.1,45.13,47.0,95.0,30.0,27.0,0.7,0.78,17.0,6.0,14.8,45.0,4.77,5.7,70.0,2015-2016,42.0,488.0,45.13,26.1,4.7,14.8,45.0,4.77,5.7,95.0,30.0,27.0,0.7,0.78,17.0,6.0,70.0,7.882239042230846,208.62502483109233,0,0
87278.0,1.0,46.0,437.0,31.3,27.66,49.0,89.0,25.0,17.0,1.6,0.65,16.0,3.9,14.9,44.7,5.28,6.2,43.0,2015-2016,46.0,437.0,27.66,31.3,4.9,14.9,44.7,5.28,6.2,89.0,25.0,17.0,1.6,0.65,16.0,3.9,43.0,8.984009907201354,247.52267776251074,0,0
87288.0,1.0,53.0,233.0,30.1,52.97,46.0,105.0,27.0,28.0,0.8,1.13,13.0,6.2,15.6,46.9,5.61,5.7,41.0,2015-2016,53.0,233.0,52.97,30.1,4.6,15.6,46.9,5.61,5.7,105.0,27.0,28.0,0.8,1.13,13.0,6.2,41.0,3.163151796199319,82.00746105920143,1,1
87291.0,1.0,39.0,607.0,23.3,49.89,43.0,97.0,40.0,28.0,0.3,0.78,9.0,6.6,15.8,47.6,5.33,5.5,45.0,2015-2016,39.0,607.0,49.89,23.3,4.3,15.8,47.6,5.33,5.5,97.0,40.0,28.0,0.3,0.78,9.0,6.6,45.0,9.875536581923058,239.9781996885789,0,0
87292.0,1.0,41.0,523.0,27.7,41.29,43.0,91.0,19.0,20.0,0.5,0.84,26.0,4.9,14.3,42.8,4.52,5.3,65.0,2015-2016,41.0,523.0,41.29,27.7,4.3,14.3,42.8,4.52,5.3,91.0,19.0,20.0,0.5,0.84,26.0,4.9,65.0,9.438817273818353,229.36580283714622,0,0
87298.0,1.0,28.0,286.0,25.0,17.77,44.0,86.0,32.0,29.0,0.5,0.88,14.0,6.3,14.5,44.2,5.84,5.7,43.0,2015-2016,28.0,286.0,17.77,25.0,4.4,14.5,44.2,5.84,5.7,86.0,32.0,29.0,0.5,0.88,14.0,6.3,43.0,7.331331346345273,182.1259315331525,1,0
87310.0,1.0,29.0,223.0,30.2,11.32,43.0,88.0,24.0,27.0,0.5,0.83,8.0,7.7,13.7,42.5,4.78,5.6,37.0,2015-2016,29.0,223.0,11.32,30.2,4.3,13.7,42.5,4.78,5.6,88.0,24.0,27.0,0.5,0.83,8.0,7.7,37.0,6.6572309857126575,161.77250659844645,1,0
87312.0,1.0,29.0,440.0,32.0,25.58,45.0,87.0,29.0,35.0,0.6,1.26,21.0,7.8,15.1,44.6,5.13,5.5,48.0,2015-2016,29.0,440.0,25.58,32.0,4.5,15.1,44.6,5.13,5.5,87.0,29.0,35.0,0.6,1.26,21.0,7.8,48.0,9.904271482676453,251.41005593916688,0,0
87320.0,1.0,43.0,219.0,28.5,,45.0,106.0,27.0,24.0,0.7,0.83,12.0,6.7,15.4,46.4,5.16,5.3,27.0,2015-2016,43.0,219.0,,28.5,4.5,15.4,46.4,5.16,5.3,106.0,27.0,24.0,0.7,0.83,12.0,6.7,27.0,,,1,0
87324.0,1.0,21.0,567.0,23.7,40.17,47.0,84.0,16.0,21.0,0.5,0.77,9.0,5.3,14.4,44.3,4.95,5.3,38.0,2015-2016,21.0,567.0,40.17,23.7,4.7,14.4,44.3,4.95,5.3,84.0,16.0,21.0,0.5,0.77,9.0,5.3,38.0,10.083213649264206,266.8798404469076,0,0
87333.0,1.0,40.0,468.0,28.8,24.67,47.0,99.0,32.0,22.0,0.5,0.84,18.0,7.5,15.9,46.7,5.07,5.4,40.0,2015-2016,40.0,468.0,24.67,28.8,4.7,15.9,46.7,5.07,5.4,99.0,32.0,22.0,0.5,0.84,18.0,7.5,40.0,10.504725210642814,278.0362973226834,0,0
87334.0,1.0,36.0,283.0,10.8,23.64,45.0,83.0,19.0,27.0,0.6,0.93,15.0,5.7,14.2,41.6,4.87,5.6,27.0,2015-2016,36.0,283.0,23.64,10.8,4.5,14.2,41.6,4.87,5.6,83.0,19.0,27.0,0.6,0.93,15.0,5.7,27.0,6.320538746420253,160.44057380520994,1,1
87341.0,1.0,24.0,692.0,26.3,45.1,48.0,77.0,21.0,21.0,1.6,0.91,9.0,5.3,15.5,46.4,5.14,4.6,52.0,2015-2016,24.0,692.0,45.1,26.3,4.8,15.5,46.4,5.14,4.6,77.0,21.0,21.0,1.6,0.91,9.0,5.3,52.0,11.711995700159136,316.33635516664594,0,0
87344.0,1.0,22.0,524.0,23.6,60.76,48.0,96.0,73.0,46.0,0.6,1.15,9.0,5.7,15.2,44.6,5.08,4.8,44.0,2015-2016,22.0,524.0,60.76,23.6,4.8,15.2,44.6,5.08,4.8,96.0,73.0,46.0,0.6,1.15,9.0,5.7,44.0,6.889860808692244,186.09240573727416,0,0
87347.0,1.0,57.0,199.0,16.6,25.01,40.0,97.0,24.0,24.0,0.2,0.9,15.0,5.5,15.1,45.7,5.18,6.6,33.0,2015-2016,57.0,199.0,25.01,16.6,4.0,15.1,45.7,5.18,6.6,97.0,24.0,24.0,0.2,0.9,15.0,5.5,33.0,4.490545002705498,101.82162262354807,1,1
87349.0,1.0,25.0,292.0,16.3,13.24,46.0,68.0,30.0,31.0,0.8,0.9,20.0,5.1,15.2,44.7,5.04,5.0,29.0,2015-2016,25.0,292.0,13.24,16.3,4.6,15.2,44.7,5.04,5.0,68.0,30.0,31.0,0.8,0.9,20.0,5.1,29.0,8.049159877398726,208.68146953876646,1,0
87351.0,1.0,38.0,333.0,20.2,31.58,47.0,68.0,40.0,27.0,0.7,1.23,20.0,6.4,16.8,50.4,5.85,5.6,52.0,2015-2016,38.0,333.0,31.58,20.2,4.7,16.8,50.4,5.85,5.6,68.0,40.0,27.0,0.7,1.23,20.0,6.4,52.0,6.362183133973926,168.3925858114561,0,1
87354.0,1.0,36.0,399.0,27.0,42.12,40.0,117.0,35.0,23.0,0.7,1.08,12.0,6.5,13.2,41.6,4.57,5.0,34.0,2015-2016,36.0,399.0,42.12,27.0,4.0,13.2,41.6,4.57,5.0,117.0,35.0,23.0,0.7,1.08,12.0,6.5,34.0,7.060518124102163,160.09491309538495,0,0
87362.0,1.0,25.0,518.0,25.5,27.59,49.0,89.0,14.0,16.0,0.8,0.89,16.0,5.7,16.3,49.5,5.73,5.0,55.0,2015-2016,25.0,518.0,27.59,25.5,4.9,16.3,49.5,5.73,5.0,89.0,14.0,16.0,0.8,0.89,16.0,5.7,55.0,10.886674940135439,299.9438959826105,0,0
87365.0,1.0,30.0,391.0,40.7,27.76,45.0,81.0,13.0,15.0,0.4,0.87,10.0,6.1,14.8,45.1,5.24,5.3,42.0,2015-2016,30.0,391.0,27.76,40.7,4.5,14.8,45.1,5.24,5.3,81.0,13.0,15.0,0.4,0.87,10.0,6.1,42.0,8.33308810712456,211.52713259350696,0,0
87373.0,1.0,29.0,311.0,20.7,36.81,44.0,65.0,33.0,34.0,0.8,0.99,17.0,6.0,14.9,44.5,5.11,4.9,47.0,2015-2016,29.0,311.0,36.81,20.7,4.4,14.9,44.5,5.11,4.9,65.0,33.0,34.0,0.8,0.99,17.0,6.0,47.0,5.585476285622501,138.7551624006795,0,1
87375.0,1.0,40.0,495.0,19.3,34.5,48.0,90.0,37.0,27.0,0.8,1.2,10.0,5.6,16.4,47.2,5.39,5.3,39.0,2015-2016,40.0,495.0,34.5,19.3,4.8,16.4,47.2,5.39,5.3,90.0,37.0,27.0,0.8,1.2,10.0,5.6,39.0,9.325515392355932,251.87846928839352,0,0
87377.0,1.0,54.0,334.0,20.0,35.52,41.0,88.0,17.0,17.0,1.3,0.95,14.0,5.0,13.5,41.0,4.45,5.1,48.0,2015-2016,54.0,334.0,35.52,20.0,4.1,13.5,41.0,4.45,5.1,88.0,17.0,17.0,1.3,0.95,14.0,5.0,48.0,6.386584902461638,148.27437809049508,0,1
87379.0,1.0,29.0,348.0,26.3,27.44,43.0,125.0,62.0,32.0,0.6,0.9,18.0,7.1,15.6,46.6,5.16,5.9,40.0,2015-2016,29.0,348.0,27.44,26.3,4.3,15.6,46.6,5.16,5.9,125.0,62.0,32.0,0.6,0.9,18.0,7.1,40.0,7.558223268542045,183.6668618239116,0,0
87383.0,1.0,36.0,1050.0,35.5,51.84,49.0,88.0,21.0,24.0,0.4,1.05,12.0,7.0,16.4,48.3,5.36,5.6,63.0,2015-2016,36.0,1050.0,51.84,35.5,4.9,16.4,48.3,5.36,5.6,88.0,21.0,24.0,0.4,1.05,12.0,7.0,63.0,17.56791030235071,484.02175038162363,0,0
87393.0,1.0,26.0,695.0,27.6,35.37,49.0,98.0,32.0,32.0,0.5,0.84,11.0,5.3,16.1,46.9,5.34,5.2,42.0,2015-2016,26.0,695.0,35.37,27.6,4.9,16.1,46.9,5.34,5.2,98.0,32.0,32.0,0.5,0.84,11.0,5.3,42.0,13.45000287321138,370.56734815287297,0,0
87398.0,1.0,40.0,194.0,13.7,25.99,43.0,93.0,27.0,28.0,0.6,0.96,18.0,5.2,14.2,42.2,5.14,5.2,36.0,2015-2016,40.0,194.0,25.99,13.7,4.3,14.2,42.2,5.14,5.2,93.0,27.0,28.0,0.6,0.96,18.0,5.2,36.0,4.124256609164022,100.22054679363815,1,1
87406.0,1.0,22.0,700.0,23.6,47.46,46.0,84.0,13.0,16.0,1.2,0.7,14.0,6.3,16.0,47.0,5.21,5.3,47.0,2015-2016,22.0,700.0,47.46,23.6,4.6,16.0,47.0,5.21,5.3,84.0,13.0,16.0,1.2,0.7,14.0,6.3,47.0,11.73272712152324,304.1811536495496,0,0
87412.0,1.0,33.0,550.0,26.9,30.71,47.0,90.0,31.0,31.0,0.1,0.8,10.0,4.2,16.4,49.2,5.52,5.4,46.0,2015-2016,33.0,550.0,30.71,26.9,4.7,16.4,49.2,5.52,5.4,90.0,31.0,31.0,0.1,0.8,10.0,4.2,46.0,11.337317590206043,300.0731329134239,0,0
87413.0,1.0,41.0,346.0,17.4,36.05,50.0,98.0,20.0,20.0,0.7,1.98,19.0,9.3,13.4,40.5,4.39,4.7,42.0,2015-2016,41.0,346.0,36.05,17.4,5.0,13.4,40.5,4.39,4.7,98.0,20.0,20.0,0.7,1.98,19.0,9.3,42.0,5.969482554633352,167.70268240321224,0,1
87415.0,1.0,59.0,453.0,53.7,41.04,42.0,117.0,25.0,21.0,0.7,0.92,12.0,6.2,16.2,47.9,5.19,5.6,41.0,2015-2016,59.0,453.0,41.04,53.7,4.2,16.2,47.9,5.19,5.6,117.0,25.0,21.0,0.7,0.92,12.0,6.2,41.0,8.120941219281805,192.940591768736,0,0
87417.0,1.0,60.0,367.0,39.7,32.83,38.0,194.0,13.0,12.0,0.9,1.11,15.0,6.2,12.6,38.0,4.24,11.3,42.0,2015-2016,60.0,367.0,32.83,39.7,3.8,12.6,38.0,4.24,11.3,194.0,13.0,12.0,0.9,1.11,15.0,6.2,42.0,7.729172257245905,166.8800617903735,0,0
87422.0,1.0,20.0,749.0,24.6,45.19,43.0,81.0,18.0,21.0,0.4,1.2,10.0,4.7,15.8,46.8,5.19,5.3,57.0,2015-2016,20.0,749.0,45.19,24.6,4.3,15.8,46.8,5.19,5.3,81.0,18.0,21.0,0.4,1.2,10.0,4.7,57.0,13.619220075715488,330.9507172415655,0,0
87426.0,1.0,48.0,416.0,28.6,28.66,41.0,86.0,43.0,33.0,0.8,0.85,17.0,4.6,12.9,41.2,6.53,5.4,43.0,2015-2016,48.0,416.0,28.66,28.6,4.1,12.9,41.2,6.53,5.4,86.0,43.0,33.0,0.8,0.85,17.0,4.6,43.0,9.263075165842077,215.0565177472787,0,0
87430.0,1.0,38.0,404.0,28.7,42.08,43.0,92.0,28.0,25.0,0.1,0.98,14.0,7.0,14.4,42.8,4.97,5.3,47.0,2015-2016,38.0,404.0,42.08,28.7,4.3,14.4,42.8,4.97,5.3,92.0,28.0,25.0,0.1,0.98,14.0,7.0,47.0,6.939260644178798,168.62590328591128,0,0
87437.0,1.0,43.0,335.0,24.8,34.03,46.0,66.0,31.0,28.0,0.8,1.06,11.0,5.7,13.9,42.3,4.74,5.8,51.0,2015-2016,43.0,335.0,34.03,24.8,4.6,13.9,42.3,4.74,5.8,66.0,31.0,28.0,0.8,1.06,11.0,5.7,51.0,6.212323076315566,161.05987811911666,0,1
87448.0,1.0,49.0,529.0,19.6,56.46,48.0,90.0,18.0,24.0,0.5,1.14,15.0,4.7,14.2,42.7,4.75,5.6,43.0,2015-2016,49.0,529.0,56.46,19.6,4.8,14.2,42.7,4.75,5.6,90.0,18.0,24.0,0.5,1.14,15.0,4.7,43.0,7.34640897370687,198.42359046241754,0,0
87455.0,1.0,19.0,320.0,11.9,28.08,51.0,108.0,23.0,25.0,1.2,0.85,13.0,6.3,15.8,46.9,5.46,5.2,66.0,2015-2016,19.0,320.0,28.08,11.9,5.1,15.8,46.9,5.46,5.2,108.0,23.0,25.0,1.2,0.85,13.0,6.3,66.0,6.182559087755469,177.03883623932825,0,1
87463.0,1.0,22.0,287.0,28.1,26.01,48.0,84.0,14.0,18.0,0.8,0.71,12.0,6.0,14.7,43.7,5.03,5.2,57.0,2015-2016,22.0,287.0,26.01,28.1,4.8,14.7,43.7,5.03,5.2,84.0,14.0,18.0,0.8,0.71,12.0,6.0,57.0,5.905458179825064,159.5040814580843,1,1
87472.0,1.0,22.0,359.0,21.9,12.29,49.0,87.0,45.0,25.0,0.7,1.02,20.0,6.4,16.0,49.3,5.8,5.6,34.0,2015-2016,22.0,359.0,12.29,21.9,4.9,16.0,49.3,5.8,5.6,87.0,45.0,25.0,0.7,1.02,20.0,6.4,34.0,9.77380736775323,269.28275865569066,0,0
87477.0,1.0,59.0,298.0,17.6,40.47,43.0,92.0,47.0,38.0,0.6,1.02,18.0,6.9,14.6,42.4,4.74,5.3,69.0,2015-2016,59.0,298.0,40.47,17.6,4.3,14.6,42.4,4.74,5.3,92.0,47.0,38.0,0.6,1.02,18.0,6.9,69.0,5.07542328637529,123.33415332097876,1,1
87481.0,1.0,42.0,460.0,27.8,45.85,39.0,141.0,29.0,27.0,0.1,1.03,15.0,6.4,13.8,41.8,5.26,7.8,26.0,2015-2016,42.0,460.0,45.85,27.8,3.9,13.8,41.8,5.26,7.8,141.0,29.0,27.0,0.1,1.03,15.0,6.4,26.0,7.916213312331899,175.20798582635248,0,0
87486.0,1.0,46.0,660.0,22.7,61.77,43.0,97.0,30.0,29.0,0.6,0.63,19.0,4.2,15.9,46.6,5.03,5.3,42.0,2015-2016,46.0,660.0,61.77,22.7,4.3,15.9,46.6,5.03,5.3,97.0,30.0,29.0,0.6,0.63,19.0,4.2,42.0,9.293540637361783,225.83554142963177,0,0
87488.0,1.0,44.0,187.0,31.3,20.0,45.0,91.0,33.0,26.0,0.4,0.84,15.0,6.6,14.0,43.0,5.0,7.9,54.0,2015-2016,44.0,187.0,20.0,31.3,4.5,14.0,43.0,5.0,7.9,91.0,33.0,26.0,0.4,0.84,15.0,6.6,54.0,4.374248279302197,111.03593096319159,1,1
87490.0,1.0,58.0,456.0,21.2,53.8,44.0,104.0,32.0,27.0,0.4,1.01,14.0,5.5,13.9,43.4,5.16,5.9,75.0,2015-2016,58.0,456.0,53.8,21.2,4.4,13.9,43.4,5.16,5.9,104.0,32.0,27.0,0.4,1.01,14.0,5.5,75.0,6.651056633729815,165.22645449678848,0,0
87494.0,1.0,59.0,199.0,15.1,23.88,42.0,109.0,38.0,30.0,1.1,1.02,13.0,7.0,16.2,48.6,5.27,5.8,61.0,2015-2016,59.0,199.0,23.88,15.1,4.2,16.2,48.6,5.27,5.8,109.0,38.0,30.0,1.1,1.02,13.0,7.0,61.0,4.479118373914573,106.4166980563029,1,1
87496.0,1.0,58.0,265.0,40.6,36.05,38.0,95.0,45.0,44.0,0.3,1.42,17.0,8.7,14.2,44.0,5.92,5.9,43.0,2015-2016,58.0,265.0,36.05,40.6,3.8,14.2,44.0,5.92,5.9,95.0,45.0,44.0,0.3,1.42,17.0,8.7,43.0,5.07180284860934,109.50496956139855,1,1
87500.0,1.0,19.0,271.0,13.7,20.55,51.0,88.0,39.0,31.0,0.7,0.71,9.0,6.6,16.0,46.2,5.51,5.3,48.0,2015-2016,19.0,271.0,20.55,13.7,5.1,16.0,46.2,5.51,5.3,88.0,39.0,31.0,0.7,0.71,9.0,6.6,48.0,5.932663985488,169.88303918840157,1,1
87505.0,1.0,52.0,313.0,18.1,35.4,48.0,103.0,20.0,23.0,0.6,1.29,25.0,7.0,15.3,46.8,5.32,5.9,47.0,2015-2016,52.0,313.0,35.4,18.1,4.8,15.3,46.8,5.32,5.9,103.0,20.0,23.0,0.6,1.29,25.0,7.0,47.0,5.517879439150326,149.03573350919808,0,1
87506.0,1.0,48.0,506.0,23.3,63.16,45.0,85.0,32.0,32.0,0.5,0.97,19.0,4.7,15.7,47.5,5.17,5.4,42.0,2015-2016,48.0,506.0,63.16,23.3,4.5,15.7,47.5,5.17,5.4,85.0,32.0,32.0,0.5,0.97,19.0,4.7,42.0,6.588640975472819,167.24608156228388,0,0
87521.0,1.0,20.0,523.0,32.6,24.88,46.0,78.0,24.0,22.0,0.4,0.89,22.0,6.0,15.1,45.5,5.28,5.0,46.0,2015-2016,20.0,523.0,24.88,32.6,4.6,15.1,45.5,5.28,5.0,78.0,24.0,22.0,0.4,0.89,22.0,6.0,46.0,12.027423987550668,311.82142617584793,0,0
87524.0,1.0,33.0,509.0,32.6,43.84,48.0,90.0,22.0,24.0,0.6,0.86,8.0,5.9,15.5,46.4,5.48,5.0,61.0,2015-2016,33.0,509.0,43.84,32.6,4.8,15.5,46.4,5.48,5.0,90.0,22.0,24.0,0.6,0.86,8.0,5.9,61.0,8.342339407873252,225.32327618715257,0,0
87529.0,1.0,21.0,514.0,45.1,15.45,49.0,83.0,19.0,19.0,0.3,0.85,8.0,7.9,16.8,51.8,5.54,5.0,42.0,2015-2016,21.0,514.0,15.45,45.1,4.9,16.8,51.8,5.54,5.0,83.0,19.0,19.0,0.3,0.85,8.0,7.9,42.0,13.499441767418938,371.9294623542457,0,0
87548.0,1.0,27.0,232.0,17.0,16.96,43.0,93.0,42.0,27.0,0.4,0.84,10.0,6.2,13.1,39.1,4.56,5.3,49.0,2015-2016,27.0,232.0,16.96,17.0,4.3,13.1,39.1,4.56,5.3,93.0,42.0,27.0,0.4,0.84,10.0,6.2,49.0,6.054647760197815,147.129571865534,1,1
87551.0,1.0,38.0,436.0,19.7,46.57,43.0,98.0,20.0,23.0,0.7,0.81,9.0,4.7,14.5,42.3,4.52,5.3,42.0,2015-2016,38.0,436.0,46.57,19.7,4.3,14.5,42.3,4.52,5.3,98.0,20.0,23.0,0.7,0.81,9.0,4.7,42.0,7.065706197469701,171.6985642988755,0,0
87564.0,1.0,34.0,561.0,27.0,50.23,40.0,74.0,29.0,38.0,0.7,1.11,11.0,5.4,14.2,42.0,3.97,4.7,68.0,2015-2016,34.0,561.0,50.23,27.0,4.0,14.2,42.0,3.97,4.7,74.0,29.0,38.0,0.7,1.11,11.0,5.4,68.0,9.23948640436571,209.50229812504278,0,0
87573.0,1.0,55.0,465.0,25.0,48.28,46.0,105.0,24.0,27.0,1.3,1.16,17.0,8.0,17.2,51.4,5.49,5.2,55.0,2015-2016,55.0,465.0,48.28,25.0,4.6,17.2,51.4,5.49,5.2,105.0,24.0,27.0,1.3,1.16,17.0,8.0,55.0,7.202813528932599,186.73920445435644,0,0
87586.0,1.0,43.0,514.0,17.7,,43.0,144.0,150.0,81.0,0.5,0.7,12.0,5.6,17.0,48.9,5.48,6.2,36.0,2015-2016,43.0,514.0,,17.7,4.3,17.0,48.9,5.48,6.2,144.0,150.0,81.0,0.5,0.7,12.0,5.6,36.0,,,0,0
87587.0,1.0,54.0,434.0,19.1,37.38,43.0,90.0,24.0,24.0,0.6,0.52,14.0,4.1,14.3,43.5,4.61,5.4,54.0,2015-2016,54.0,434.0,37.38,19.1,4.3,14.3,43.5,4.61,5.4,90.0,24.0,24.0,0.6,0.52,14.0,4.1,54.0,8.116520786308774,197.23364192672727,0,0
87591.0,1.0,47.0,285.0,18.8,31.11,43.0,113.0,13.0,25.0,0.7,0.88,11.0,5.6,14.4,43.1,4.84,5.4,38.0,2015-2016,47.0,285.0,31.11,18.8,4.3,14.4,43.1,4.84,5.4,113.0,13.0,25.0,0.7,0.88,11.0,5.6,38.0,5.6657335570445255,137.67885194446308,1,1
87592.0,1.0,38.0,596.0,31.8,,47.0,106.0,17.0,23.0,0.2,1.02,6.0,4.7,17.3,50.5,5.09,5.5,80.0,2015-2016,38.0,596.0,,31.8,4.7,17.3,50.5,5.09,5.5,106.0,17.0,23.0,0.2,1.02,6.0,4.7,80.0,,,0,0
87599.0,1.0,27.0,486.0,10.5,33.43,46.0,86.0,28.0,20.0,0.5,0.64,17.0,5.1,15.1,46.0,5.05,5.4,47.0,2015-2016,27.0,486.0,33.43,10.5,4.6,15.1,46.0,5.05,5.4,86.0,28.0,20.0,0.5,0.64,17.0,5.1,47.0,9.518006596949046,246.7625980828322,0,0
87603.0,1.0,33.0,295.0,19.3,14.74,43.0,88.0,35.0,22.0,0.1,1.06,11.0,7.7,16.2,49.5,5.8,5.6,41.0,2015-2016,33.0,295.0,14.74,19.3,4.3,16.2,49.5,5.8,5.6,88.0,35.0,22.0,0.1,1.06,11.0,7.7,41.0,8.248950785250397,200.4517265813823,1,0
87608.0,1.0,53.0,522.0,33.5,61.86,44.0,79.0,18.0,24.0,1.1,1.23,15.0,5.5,14.9,44.7,5.52,5.3,57.0,2015-2016,53.0,522.0,61.86,33.5,4.4,14.9,44.7,5.52,5.3,79.0,18.0,24.0,1.1,1.23,15.0,5.5,57.0,6.99467753972431,173.76273183060601,0,0
87623.0,1.0,43.0,690.0,31.7,58.26,43.0,106.0,17.0,21.0,0.6,0.88,10.0,5.4,14.9,44.8,5.28,5.6,57.0,2015-2016,43.0,690.0,58.26,31.7,4.3,14.9,44.8,5.28,5.6,106.0,17.0,21.0,0.6,0.88,10.0,5.4,57.0,10.255982729806016,249.22314358504804,0,0
87630.0,1.0,54.0,212.0,21.9,16.12,41.0,178.0,25.0,19.0,0.1,0.87,15.0,7.0,14.8,43.7,4.91,7.2,32.0,2015-2016,54.0,212.0,16.12,21.9,4.1,14.8,43.7,4.91,7.2,178.0,25.0,19.0,0.1,0.87,15.0,7.0,32.0,5.785516299375282,134.31964724866432,1,1
87637.0,1.0,55.0,516.0,22.6,38.56,45.0,98.0,33.0,32.0,0.8,1.02,7.0,6.4,16.2,47.7,5.16,5.2,44.0,2015-2016,55.0,516.0,38.56,22.6,4.5,16.2,47.7,5.16,5.2,98.0,33.0,32.0,0.8,1.02,7.0,6.4,44.0,9.485069462973046,240.76903065954022,0,0
87649.0,1.0,44.0,202.0,17.8,14.69,48.0,121.0,46.0,31.0,0.7,1.07,10.0,7.6,15.0,43.3,4.73,5.3,37.0,2015-2016,44.0,202.0,14.69,17.8,4.8,15.0,43.3,4.73,5.3,121.0,46.0,31.0,0.7,1.07,10.0,7.6,37.0,5.115662024346823,138.1720007824381,1,1
87655.0,1.0,57.0,344.0,31.3,40.37,45.0,62.0,30.0,29.0,0.5,1.1,18.0,6.5,15.1,46.5,5.21,5.9,61.0,2015-2016,57.0,344.0,40.37,31.3,4.5,15.1,46.5,5.21,5.9,62.0,30.0,29.0,0.5,1.1,18.0,6.5,61.0,5.834291461123026,148.0976713099919,0,1
87657.0,1.0,22.0,771.0,25.8,58.97,51.0,87.0,23.0,17.0,1.4,0.8,14.0,5.9,16.5,49.8,5.72,5.4,42.0,2015-2016,22.0,771.0,58.97,25.8,5.1,16.5,49.8,5.72,5.4,87.0,23.0,17.0,1.4,0.8,14.0,5.9,42.0,10.772829335862959,308.48215788237155,0,0
87663.0,1.0,50.0,302.0,29.0,10.09,45.0,89.0,27.0,26.0,0.6,0.93,16.0,7.0,14.7,41.6,4.63,5.4,70.0,2015-2016,50.0,302.0,10.09,29.0,4.5,14.7,41.6,4.63,5.4,89.0,27.0,26.0,0.6,0.93,16.0,7.0,70.0,9.138720866938327,231.97731689686276,0,0
87672.0,1.0,37.0,429.0,18.8,38.45,46.0,80.0,28.0,37.0,0.3,0.95,14.0,4.3,14.3,41.4,4.69,5.3,44.0,2015-2016,37.0,429.0,38.45,18.8,4.6,14.3,41.4,4.69,5.3,80.0,28.0,37.0,0.3,0.95,14.0,4.3,44.0,7.613720354531678,197.39232124115296,0,0
87684.0,1.0,44.0,293.0,30.4,14.37,44.0,99.0,41.0,25.0,0.4,1.1,14.0,7.8,15.7,47.4,5.15,5.4,54.0,2015-2016,44.0,293.0,14.37,30.4,4.4,15.7,47.4,5.15,5.4,99.0,41.0,25.0,0.4,1.1,14.0,7.8,54.0,8.126885217930825,201.8891891329545,1,0
87690.0,1.0,55.0,243.0,15.0,30.43,42.0,109.0,18.0,23.0,0.3,0.83,14.0,6.9,15.0,45.5,5.31,6.0,43.0,2015-2016,55.0,243.0,30.43,15.0,4.2,15.0,45.5,5.31,6.0,109.0,18.0,23.0,0.3,0.83,14.0,6.9,43.0,4.881090707806474,115.96691863807708,1,1
87693.0,1.0,52.0,659.0,30.8,44.89,45.0,107.0,19.0,26.0,0.6,0.84,21.0,6.3,14.7,42.0,4.52,5.6,57.0,2015-2016,52.0,659.0,44.89,30.8,4.5,14.7,42.0,4.52,5.6,107.0,19.0,26.0,0.6,0.84,21.0,6.3,57.0,11.458808942204813,290.8704393043795,0,0
87717.0,1.0,59.0,426.0,22.4,24.12,46.0,88.0,15.0,22.0,0.5,0.82,17.0,4.7,15.4,46.4,4.89,5.6,67.0,2015-2016,59.0,426.0,24.12,22.4,4.6,15.4,46.4,4.89,5.6,88.0,15.0,22.0,0.5,0.82,17.0,4.7,67.0,9.68573968328102,251.1112242101767,0,0
87757.0,1.0,49.0,170.0,17.6,22.83,46.0,94.0,50.0,31.0,0.9,0.86,17.0,5.6,16.3,48.5,5.56,5.3,48.0,2015-2016,49.0,170.0,22.83,17.6,4.6,16.3,48.5,5.56,5.3,94.0,50.0,31.0,0.9,0.86,17.0,5.6,48.0,3.681936617029428,95.45740868531566,1,1
87758.0,1.0,53.0,588.0,20.1,67.57,39.0,100.0,40.0,36.0,1.1,1.1,17.0,5.7,17.7,51.2,4.98,5.1,48.0,2015-2016,53.0,588.0,67.57,20.1,3.9,17.7,51.2,4.98,5.1,100.0,40.0,36.0,1.1,1.1,17.0,5.7,48.0,7.807980743532683,172.81249575655082,0,0
87762.0,1.0,51.0,308.0,14.7,55.55,46.0,111.0,30.0,19.0,0.5,0.95,21.0,5.0,16.5,50.8,5.67,5.7,51.0,2015-2016,51.0,308.0,55.55,14.7,4.6,16.5,50.8,5.67,5.7,111.0,30.0,19.0,0.5,0.95,21.0,5.0,51.0,4.133529169924477,107.16533833341671,0,1
87773.0,1.0,53.0,477.0,16.1,43.69,45.0,81.0,33.0,26.0,0.3,0.79,12.0,5.1,14.7,44.2,5.38,5.9,50.0,2015-2016,53.0,477.0,43.69,16.1,4.5,14.7,44.2,5.38,5.9,81.0,33.0,26.0,0.3,0.79,12.0,5.1,50.0,8.005828020901168,203.21996161904516,0,0
87774.0,1.0,24.0,453.0,25.2,28.76,38.0,88.0,19.0,21.0,0.3,0.85,17.0,5.6,16.2,49.4,5.95,5.5,35.0,2015-2016,24.0,453.0,28.76,25.2,3.8,16.2,49.4,5.95,5.5,88.0,19.0,21.0,0.3,0.85,17.0,5.6,35.0,10.632736486344482,229.57073057577134,0,0
87791.0,1.0,53.0,368.0,25.5,41.24,46.0,87.0,35.0,23.0,0.6,0.89,12.0,6.8,16.2,47.9,5.79,5.5,32.0,2015-2016,53.0,368.0,41.24,25.5,4.6,16.2,47.9,5.79,5.5,87.0,35.0,23.0,0.6,0.89,12.0,6.8,32.0,6.140839851260587,159.20661334626385,0,1
87798.0,1.0,36.0,461.0,21.2,32.03,47.0,90.0,18.0,19.0,0.7,0.89,15.0,6.1,16.5,48.7,5.67,5.9,57.0,2015-2016,36.0,461.0,32.03,21.2,4.7,16.5,48.7,5.67,5.9,90.0,18.0,19.0,0.7,0.89,15.0,6.1,57.0,9.068380968476612,240.0195166107005,0,0
87801.0,1.0,42.0,281.0,14.3,32.28,50.0,82.0,20.0,18.0,0.9,0.95,13.0,7.6,14.4,41.4,4.63,5.0,37.0,2015-2016,42.0,281.0,32.28,14.3,5.0,14.4,41.4,4.63,5.0,82.0,20.0,18.0,0.9,0.95,13.0,7.6,37.0,5.057853475375537,142.09197987596508,1,1
87805.0,1.0,48.0,642.0,33.6,61.75,46.0,88.0,16.0,34.0,0.8,0.79,12.0,6.6,14.6,44.9,4.53,5.5,88.0,2015-2016,48.0,642.0,61.75,33.6,4.6,14.6,44.9,4.53,5.5,88.0,16.0,34.0,0.8,0.79,12.0,6.6,88.0,8.759644370827635,227.10139788303565,0,0
87816.0,1.0,48.0,302.0,11.0,38.39,47.0,97.0,24.0,23.0,0.4,1.21,18.0,7.1,15.2,43.8,5.04,5.2,58.0,2015-2016,48.0,302.0,38.39,11.0,4.7,15.2,43.8,5.04,5.2,97.0,24.0,23.0,0.4,1.21,18.0,7.1,58.0,5.111888187316318,135.30010880142007,0,1
87819.0,1.0,37.0,444.0,16.8,14.34,43.0,97.0,25.0,18.0,0.5,0.82,13.0,5.7,15.4,44.7,5.27,5.3,47.0,2015-2016,37.0,444.0,14.34,16.8,4.3,15.4,44.7,5.27,5.3,97.0,25.0,18.0,0.5,0.82,13.0,5.7,47.0,12.98701029810158,315.58784931041777,0,0
87827.0,1.0,27.0,291.0,11.8,35.28,45.0,115.0,54.0,29.0,0.6,0.7,13.0,4.3,13.9,42.0,5.25,5.2,40.0,2015-2016,27.0,291.0,35.28,11.8,4.5,13.9,42.0,5.25,5.2,115.0,54.0,29.0,0.6,0.7,13.0,4.3,40.0,5.270485191826101,133.78601134078352,1,1
87829.0,1.0,23.0,490.0,26.6,19.08,49.0,96.0,20.0,20.0,0.2,1.07,15.0,7.7,12.1,38.4,6.35,5.7,51.0,2015-2016,23.0,490.0,19.08,26.6,4.9,12.1,38.4,6.35,5.7,96.0,20.0,20.0,0.2,1.07,15.0,7.7,51.0,11.937819785279787,328.90448145322904,0,0
87830.0,1.0,44.0,669.0,42.0,39.79,41.0,96.0,20.0,23.0,0.3,0.93,17.0,5.3,17.2,52.9,5.63,5.3,60.0,2015-2016,44.0,669.0,39.79,42.0,4.1,17.2,52.9,5.63,5.3,96.0,20.0,23.0,0.3,0.93,17.0,5.3,60.0,13.252969956681644,307.6880536609745,0,0
87833.0,1.0,47.0,285.0,32.4,33.23,43.0,80.0,15.0,25.0,0.4,1.3,24.0,7.5,15.6,45.2,4.43,5.7,47.0,2015-2016,47.0,285.0,33.23,32.4,4.3,15.6,45.2,4.43,5.7,80.0,15.0,25.0,0.4,1.3,24.0,7.5,47.0,5.4550762879108845,132.55982354751097,1,1
87844.0,1.0,49.0,244.0,14.3,46.8,39.0,189.0,19.0,20.0,0.3,0.72,10.0,3.7,12.7,38.0,4.24,6.9,45.0,2015-2016,49.0,244.0,46.8,14.3,3.9,12.7,38.0,4.24,6.9,189.0,19.0,20.0,0.3,0.72,10.0,3.7,45.0,3.847058767349321,85.14619192144187,1,1
87849.0,1.0,24.0,263.0,26.2,15.06,46.0,125.0,172.0,92.0,0.8,0.92,12.0,6.6,14.4,43.0,5.39,5.7,26.0,2015-2016,24.0,263.0,15.06,26.2,4.6,14.4,43.0,5.39,5.7,125.0,172.0,92.0,0.8,0.92,12.0,6.6,26.0,6.907224011319095,179.07578915942062,1,0
87853.0,1.0,36.0,666.0,37.7,56.67,45.0,96.0,24.0,22.0,0.4,0.6,12.0,5.9,16.0,48.8,5.76,5.9,39.0,2015-2016,36.0,666.0,56.67,37.7,4.5,16.0,48.8,5.76,5.9,96.0,24.0,22.0,0.4,0.6,12.0,5.9,39.0,9.847740306842315,249.9750684084205,0,0
87856.0,1.0,23.0,592.0,29.4,26.55,52.0,93.0,14.0,19.0,1.3,0.89,9.0,4.9,15.1,42.1,5.0,4.8,60.0,2015-2016,23.0,592.0,26.55,29.4,5.2,15.1,42.1,5.0,4.8,93.0,14.0,19.0,1.3,0.89,9.0,4.9,60.0,12.399266076569827,361.7742543412223,0,0
87857.0,1.0,46.0,475.0,35.8,23.29,45.0,85.0,39.0,32.0,0.5,0.98,15.0,7.7,16.0,47.7,5.36,5.5,42.0,2015-2016,46.0,475.0,23.29,35.8,4.5,16.0,47.7,5.36,5.5,85.0,39.0,32.0,0.5,0.98,15.0,7.7,42.0,11.27509723459315,286.2071007874463,0,0
87871.0,1.0,52.0,377.0,22.1,31.0,46.0,87.0,29.0,25.0,0.5,0.77,13.0,4.1,14.8,43.9,4.9,5.2,47.0,2015-2016,52.0,377.0,31.0,22.1,4.6,14.8,43.9,4.9,5.2,87.0,29.0,25.0,0.5,0.77,13.0,4.1,47.0,7.4568470496001895,193.32524439050832,0,0
87872.0,1.0,47.0,546.0,29.3,51.22,42.0,103.0,43.0,25.0,0.5,1.05,12.0,6.7,15.9,48.9,5.57,5.7,44.0,2015-2016,47.0,546.0,51.22,29.3,4.2,15.9,48.9,5.57,5.7,103.0,43.0,25.0,0.5,1.05,12.0,6.7,44.0,8.643641884992796,205.35912467484042,0,0
87875.0,1.0,27.0,285.0,60.5,49.22,42.0,90.0,32.0,26.0,0.7,0.73,13.0,6.8,14.8,41.9,4.75,4.7,68.0,2015-2016,27.0,285.0,49.22,60.5,4.2,14.8,41.9,4.75,4.7,90.0,32.0,26.0,0.7,0.73,13.0,6.8,68.0,4.277936723075084,101.63694338035229,1,1
87885.0,1.0,25.0,519.0,24.4,28.02,45.0,117.0,97.0,59.0,0.4,0.93,14.0,6.2,16.4,48.0,5.51,5.3,51.0,2015-2016,25.0,519.0,28.02,24.4,4.5,16.4,48.0,5.51,5.3,117.0,97.0,59.0,0.4,0.93,14.0,6.2,51.0,11.417195523103821,289.81412415365895,0,0
87886.0,1.0,28.0,475.0,43.3,34.41,44.0,79.0,20.0,28.0,0.4,0.83,7.0,7.2,13.6,41.1,4.51,4.8,51.0,2015-2016,28.0,475.0,34.41,43.3,4.4,13.6,41.1,4.51,4.8,79.0,20.0,28.0,0.4,0.83,7.0,7.2,51.0,9.344556412208835,232.13874273818374,0,0
87890.0,1.0,54.0,342.0,25.1,37.45,45.0,91.0,25.0,25.0,0.6,0.98,12.0,7.1,15.7,46.1,5.12,5.9,34.0,2015-2016,54.0,342.0,37.45,25.1,4.5,15.7,46.1,5.12,5.9,91.0,25.0,25.0,0.6,0.98,12.0,7.1,34.0,6.072375624713361,154.14120040662172,0,1
87897.0,1.0,50.0,438.0,33.4,57.73,39.0,112.0,62.0,44.0,1.0,0.91,14.0,7.1,14.7,43.9,4.82,5.6,34.0,2015-2016,50.0,438.0,57.73,33.4,3.9,14.7,43.9,4.82,5.6,112.0,62.0,44.0,1.0,0.91,14.0,7.1,34.0,6.301075635188832,139.46046260036064,0,1
87903.0,1.0,54.0,269.0,44.8,,38.0,217.0,39.0,34.0,0.3,0.95,14.0,5.8,14.2,41.3,5.04,7.7,42.0,2015-2016,54.0,269.0,,44.8,3.8,14.2,41.3,5.04,7.7,217.0,39.0,34.0,0.3,0.95,14.0,5.8,42.0,,,1,0
87909.0,1.0,49.0,353.0,33.3,29.18,43.0,92.0,22.0,25.0,1.1,1.25,12.0,7.1,10.9,34.3,5.31,5.7,43.0,2015-2016,49.0,353.0,29.18,33.3,4.3,10.9,34.3,5.31,5.7,92.0,22.0,25.0,1.1,1.25,12.0,7.1,43.0,7.431232437679927,180.58095041905366,0,0
87916.0,1.0,35.0,181.0,9.93,27.56,47.0,93.0,22.0,23.0,5.397605346934028e-79,0.92,15.0,3.9,14.9,43.3,4.97,5.4,67.0,2015-2016,35.0,181.0,27.56,9.93,4.7,14.9,43.3,4.97,5.4,93.0,22.0,23.0,5.397605346934028e-79,0.92,15.0,3.9,67.0,3.548428935451376,93.91888152638306,1,1
87921.0,1.0,59.0,352.0,17.6,49.95,45.0,87.0,18.0,24.0,0.8,1.13,25.0,6.2,14.4,42.0,4.68,5.4,47.0,2015-2016,59.0,352.0,49.95,17.6,4.5,14.4,42.0,4.68,5.4,87.0,18.0,24.0,0.8,1.13,25.0,6.2,47.0,5.199005801424348,131.9715782882531,0,1
87930.0,1.0,27.0,332.0,21.0,22.11,46.0,102.0,32.0,17.0,0.5,0.76,21.0,6.1,15.6,45.8,5.22,5.3,57.0,2015-2016,27.0,332.0,22.11,21.0,4.6,15.6,45.8,5.22,5.3,102.0,32.0,17.0,0.5,0.76,21.0,6.1,57.0,7.649586633799079,198.32218572122437,0,0
87934.0,1.0,25.0,212.0,26.3,12.71,44.0,81.0,39.0,23.0,0.7,0.74,14.0,5.8,13.2,41.2,4.56,8.3,43.0,2015-2016,25.0,212.0,12.71,26.3,4.4,13.2,41.2,4.56,8.3,81.0,39.0,23.0,0.7,0.74,14.0,5.8,43.0,5.99462369950085,148.919258165376,1,1
87943.0,1.0,30.0,767.0,25.1,62.7,49.0,87.0,21.0,26.0,0.3,0.76,8.0,5.0,14.6,44.3,4.87,5.5,58.0,2015-2016,30.0,767.0,62.7,25.1,4.9,14.6,44.3,4.87,5.5,87.0,21.0,26.0,0.3,0.76,8.0,5.0,58.0,10.419548523531212,287.0738766164472,0,0
87944.0,1.0,55.0,429.0,30.6,64.67,47.0,126.0,59.0,53.0,1.0,1.0,9.0,6.9,15.4,45.8,5.0,6.8,58.0,2015-2016,55.0,429.0,64.67,30.6,4.7,15.4,45.8,5.0,6.8,126.0,59.0,53.0,1.0,1.0,9.0,6.9,58.0,5.288663821599917,139.9789596830485,0,1
87945.0,1.0,36.0,169.0,27.4,18.19,39.0,139.0,25.0,18.0,0.4,0.84,10.0,6.3,15.1,45.7,5.38,6.7,49.0,2015-2016,36.0,169.0,18.19,27.4,3.9,15.1,45.7,5.38,6.7,139.0,25.0,18.0,0.4,0.84,10.0,6.3,49.0,4.460708847204165,98.7279879458186,1,1
87946.0,1.0,48.0,637.0,26.7,65.42,40.0,180.0,57.0,54.0,0.4,0.83,8.0,5.8,13.7,40.8,4.23,6.6,59.0,2015-2016,48.0,637.0,65.42,26.7,4.0,13.7,40.8,4.23,6.6,180.0,57.0,54.0,0.4,0.83,8.0,5.8,59.0,8.740368344893668,198.18496121704143,0,0
87947.0,1.0,34.0,500.0,20.4,35.95,44.0,92.0,37.0,24.0,0.5,0.77,11.0,6.5,16.3,48.7,5.38,5.1,34.0,2015-2016,34.0,500.0,35.95,20.4,4.4,16.3,48.7,5.38,5.1,92.0,37.0,24.0,0.5,0.77,11.0,6.5,34.0,9.657298691100369,239.90792901310445,0,0
87948.0,1.0,21.0,501.0,25.3,28.91,50.0,88.0,45.0,34.0,0.9,0.99,15.0,7.1,16.6,49.4,5.47,4.8,69.0,2015-2016,21.0,501.0,28.91,25.3,5.0,16.6,49.4,5.47,4.8,88.0,45.0,34.0,0.9,0.99,15.0,7.1,69.0,10.12269114798774,284.38016915539225,0,0
87954.0,1.0,33.0,298.0,26.3,37.62,47.0,85.0,22.0,31.0,0.4,0.93,10.0,5.9,13.2,39.8,4.48,5.8,40.0,2015-2016,33.0,298.0,37.62,26.3,4.7,13.2,39.8,4.48,5.8,85.0,22.0,31.0,0.4,0.93,10.0,5.9,40.0,5.099646155767323,134.9760899379717,1,1
87956.0,1.0,57.0,317.0,15.7,33.15,44.0,82.0,17.0,21.0,0.4,0.77,15.0,7.5,14.2,42.7,4.82,5.6,70.0,2015-2016,57.0,317.0,33.15,15.7,4.4,14.2,42.7,4.82,5.6,82.0,17.0,21.0,0.4,0.77,15.0,7.5,70.0,6.069432883985455,150.7776781122914,0,1
87959.0,1.0,49.0,520.0,25.7,,47.0,98.0,39.0,36.0,0.6,1.09,17.0,6.2,14.8,43.4,4.83,5.5,75.0,2015-2016,49.0,520.0,,25.7,4.7,14.8,43.4,4.83,5.5,98.0,39.0,36.0,0.6,1.09,17.0,6.2,75.0,,,0,0
87964.0,1.0,21.0,520.0,21.5,20.58,49.0,74.0,20.0,25.0,0.4,1.16,16.0,6.2,16.2,46.7,5.2,4.8,58.0,2015-2016,21.0,520.0,20.58,21.5,4.9,16.2,46.7,5.2,4.8,74.0,20.0,25.0,0.4,1.16,16.0,6.2,58.0,12.397259672760988,341.56272564428866,0,0
87966.0,1.0,27.0,475.0,19.6,32.1,46.0,96.0,17.0,21.0,0.4,1.21,10.0,5.5,15.4,47.0,5.19,5.0,47.0,2015-2016,27.0,475.0,32.1,19.6,4.6,15.4,47.0,5.19,5.0,96.0,17.0,21.0,0.4,1.21,10.0,5.5,47.0,9.484391727326692,245.8911033556814,0,0
87971.0,1.0,34.0,221.0,20.9,14.97,43.0,99.0,23.0,21.0,0.6,0.9,10.0,8.2,13.7,41.0,5.0,5.4,39.0,2015-2016,34.0,221.0,14.97,20.9,4.3,13.7,41.0,5.0,5.4,99.0,23.0,21.0,0.6,0.9,10.0,8.2,39.0,6.024483194357,146.3965647884181,1,1
87988.0,1.0,38.0,477.0,31.1,39.99,44.0,108.0,25.0,32.0,1.5,1.08,6.0,6.9,15.1,44.0,4.96,5.3,38.0,2015-2016,38.0,477.0,39.99,31.1,4.4,15.1,44.0,4.96,5.3,108.0,25.0,32.0,1.5,1.08,6.0,6.9,38.0,8.567828911857964,212.8431724159749,0,0
87997.0,1.0,25.0,678.0,23.1,49.99,44.0,89.0,18.0,24.0,0.9,0.76,6.0,4.0,14.2,42.2,4.65,5.5,55.0,2015-2016,25.0,678.0,49.99,23.1,4.4,14.2,42.2,4.65,5.5,89.0,18.0,24.0,0.9,0.76,6.0,4.0,55.0,11.130824220536466,276.5134508492187,0,0
88018.0,1.0,48.0,352.0,14.4,36.08,42.0,112.0,31.0,27.0,0.5,0.85,16.0,5.3,14.7,40.9,4.3,5.8,34.0,2015-2016,48.0,352.0,36.08,14.4,4.2,14.7,40.9,4.3,5.8,112.0,31.0,27.0,0.5,0.85,16.0,5.3,34.0,6.629616138936842,157.50908995732877,0,0
88021.0,1.0,60.0,349.0,20.6,32.61,42.0,104.0,19.0,18.0,0.6,0.79,8.0,5.6,14.9,44.1,5.28,5.7,41.0,2015-2016,60.0,349.0,32.61,20.6,4.2,14.9,44.1,5.28,5.7,104.0,19.0,18.0,0.6,0.79,8.0,5.6,41.0,6.977781867003482,165.78095153013192,0,0
88030.0,1.0,27.0,319.0,14.4,27.48,42.0,93.0,35.0,26.0,0.3,1.05,17.0,5.2,16.4,47.0,5.37,4.8,54.0,2015-2016,27.0,319.0,27.48,14.4,4.2,16.4,47.0,5.37,4.8,93.0,35.0,26.0,0.3,1.05,17.0,5.2,54.0,6.949477907875063,165.10849467123123,0,0
88031.0,1.0,32.0,272.0,24.6,17.27,46.0,157.0,36.0,26.0,0.4,0.86,7.0,6.5,15.5,44.6,5.1,5.5,32.0,2015-2016,32.0,272.0,17.27,24.6,4.6,15.5,44.6,5.1,5.5,157.0,36.0,26.0,0.4,0.86,7.0,6.5,32.0,6.818083995426772,176.7647567293963,1,0
88040.0,1.0,41.0,374.0,17.4,37.61,46.0,83.0,36.0,30.0,0.9,0.78,13.0,5.9,15.8,47.3,5.31,5.0,35.0,2015-2016,41.0,374.0,37.61,17.4,4.6,15.8,47.3,5.31,5.0,83.0,36.0,30.0,0.9,0.78,13.0,5.9,35.0,6.617470185822864,171.5636692574646,0,0
88045.0,1.0,32.0,306.0,23.9,25.8,48.0,82.0,30.0,25.0,0.6,0.82,10.0,5.3,16.3,49.4,5.91,5.5,44.0,2015-2016,32.0,306.0,25.8,23.9,4.8,16.3,49.4,5.91,5.5,82.0,30.0,25.0,0.6,0.82,10.0,5.3,44.0,6.354968783464484,171.6451844438138,0,1
88051.0,1.0,35.0,296.0,25.6,19.66,45.0,86.0,49.0,33.0,0.3,0.99,8.0,7.5,14.9,46.2,5.73,5.9,46.0,2015-2016,35.0,296.0,19.66,25.6,4.5,14.9,46.2,5.73,5.9,86.0,49.0,33.0,0.3,0.99,8.0,7.5,46.0,7.198962157854972,182.73847621967374,1,0
88064.0,1.0,35.0,549.0,33.0,33.77,42.0,91.0,24.0,22.0,0.8,1.2,14.0,7.1,15.2,43.6,4.72,4.2,38.0,2015-2016,35.0,549.0,33.77,33.0,4.2,15.2,43.6,4.72,4.2,91.0,24.0,22.0,0.8,1.2,14.0,7.1,38.0,11.45440673371529,272.13840783818296,0,0
88070.0,1.0,19.0,385.0,19.3,26.84,43.0,75.0,20.0,24.0,0.6,1.08,10.0,4.6,12.3,39.2,4.7,4.6,51.0,2015-2016,19.0,385.0,26.84,19.3,4.3,12.3,39.2,4.7,4.6,75.0,20.0,24.0,0.6,1.08,10.0,4.6,51.0,8.55555580580694,207.902311188939,0,0
88075.0,1.0,41.0,418.0,20.9,25.27,43.0,88.0,26.0,24.0,0.3,0.94,13.0,6.9,15.4,44.7,5.02,5.4,54.0,2015-2016,41.0,418.0,25.27,20.9,4.3,15.4,44.7,5.02,5.4,88.0,26.0,24.0,0.3,0.94,13.0,6.9,54.0,9.670317418045537,234.9913187145293,0,0
88079.0,1.0,19.0,580.0,32.4,34.72,47.0,97.0,35.0,29.0,0.6,0.89,11.0,6.3,15.3,45.5,4.93,5.3,50.0,2015-2016,19.0,580.0,34.72,32.4,4.7,15.3,45.5,4.93,5.3,97.0,35.0,29.0,0.6,0.89,11.0,6.3,50.0,11.27796080475305,298.5020931653678,0,0
88086.0,1.0,31.0,436.0,27.2,28.45,40.0,67.0,18.0,23.0,0.4,1.19,7.0,4.2,14.6,43.9,5.33,5.1,56.0,2015-2016,31.0,436.0,28.45,27.2,4.0,14.6,43.9,5.33,5.1,67.0,18.0,23.0,0.4,1.19,7.0,4.2,56.0,9.947860559810128,225.5644477947332,0,0
88092.0,1.0,40.0,194.0,10.8,19.62,44.0,83.0,30.0,20.0,0.7,0.84,11.0,7.3,15.1,42.8,4.72,5.3,42.0,2015-2016,40.0,194.0,19.62,10.8,4.4,15.1,42.8,4.72,5.3,83.0,30.0,20.0,0.7,0.84,11.0,7.3,42.0,4.64791275687564,115.46408156177374,1,1
88100.0,1.0,52.0,716.0,36.5,84.1,44.0,94.0,19.0,15.0,0.7,0.83,21.0,5.0,14.8,45.6,5.54,5.6,86.0,2015-2016,52.0,716.0,84.1,36.5,4.4,14.8,45.6,5.54,5.6,94.0,19.0,15.0,0.7,0.83,21.0,5.0,86.0,7.876654818072835,195.67293146854428,0,0
88106.0,1.0,20.0,393.0,33.4,25.87,44.0,75.0,15.0,18.0,0.5,0.82,10.0,5.6,15.2,44.7,4.89,5.0,37.0,2015-2016,20.0,393.0,25.87,33.4,4.4,15.2,44.7,4.89,5.0,75.0,15.0,18.0,0.5,0.82,10.0,5.6,37.0,8.798874448753066,218.58283710246798,0,0
88112.0,1.0,35.0,231.0,9.1,21.3,50.0,86.0,14.0,19.0,0.7,1.0,17.0,6.1,14.9,44.5,4.88,5.2,74.0,2015-2016,35.0,231.0,21.3,9.1,5.0,14.9,44.5,4.88,5.2,86.0,14.0,19.0,0.7,1.0,17.0,6.1,74.0,4.994679497785832,140.3172120626894,1,1
88114.0,1.0,57.0,593.0,17.4,77.38,40.0,96.0,19.0,23.0,0.7,1.02,8.0,8.2,12.2,38.3,4.33,4.7,42.0,2015-2016,57.0,593.0,77.38,17.4,4.0,12.2,38.3,4.33,4.7,96.0,19.0,23.0,0.7,1.02,8.0,8.2,42.0,6.9780857454727325,158.22578617566577,0,0
88126.0,1.0,45.0,417.0,30.8,18.69,47.0,94.0,41.0,30.0,0.6,0.93,15.0,6.9,15.5,46.0,4.67,5.3,53.0,2015-2016,45.0,417.0,18.69,30.8,4.7,15.5,46.0,4.67,5.3,94.0,41.0,30.0,0.6,0.93,15.0,6.9,53.0,10.369197393676641,274.449182794897,0,0
88131.0,1.0,39.0,423.0,34.6,32.04,47.0,88.0,72.0,42.0,0.9,0.86,13.0,6.0,14.6,43.3,4.76,5.5,37.0,2015-2016,39.0,423.0,32.04,34.6,4.7,14.6,43.3,4.76,5.5,88.0,72.0,42.0,0.9,0.86,13.0,6.0,37.0,8.23044582824616,217.84127023922952,0,0
88132.0,1.0,42.0,233.0,33.8,23.41,35.0,379.0,39.0,24.0,0.3,0.78,11.0,4.9,15.6,46.4,5.12,13.7,57.0,2015-2016,42.0,233.0,23.41,33.8,3.5,15.6,46.4,5.12,13.7,379.0,39.0,24.0,0.3,0.78,11.0,4.9,57.0,5.9149987325190425,118.09493465638666,1,1
88133.0,1.0,34.0,486.0,19.6,20.46,46.0,100.0,24.0,30.0,0.5,1.24,12.0,6.7,16.5,48.8,5.46,5.7,53.0,2015-2016,34.0,486.0,20.46,19.6,4.6,16.5,48.8,5.46,5.7,100.0,24.0,30.0,0.5,1.24,12.0,6.7,53.0,12.041725367470955,312.1922018870594,0,0
88146.0,1.0,45.0,398.0,14.7,32.46,47.0,97.0,27.0,29.0,0.7,0.97,20.0,5.1,15.2,45.4,5.31,5.6,63.0,2015-2016,45.0,398.0,32.46,14.7,4.7,15.2,45.4,5.31,5.6,97.0,27.0,29.0,0.7,0.97,20.0,5.1,63.0,7.634154523068916,202.05878918496825,0,0
88154.0,1.0,25.0,462.0,9.68,67.67,48.0,85.0,24.0,24.0,1.4,0.7,10.0,5.4,16.4,48.1,5.28,4.9,59.0,2015-2016,25.0,462.0,67.67,9.68,4.8,16.4,48.1,5.28,4.9,85.0,24.0,24.0,1.4,0.7,10.0,5.4,59.0,5.511629550443286,148.86692649591038,0,1
88156.0,1.0,28.0,428.0,16.1,64.25,52.0,85.0,14.0,24.0,0.4,0.85,10.0,5.4,15.4,45.0,5.19,5.2,45.0,2015-2016,28.0,428.0,64.25,16.1,5.2,15.4,45.0,5.19,5.2,85.0,14.0,24.0,0.4,0.85,10.0,5.4,45.0,5.1100214728485005,149.09545424633907,0,1
88157.0,1.0,29.0,471.0,20.3,40.42,49.0,89.0,27.0,26.0,1.1,1.07,19.0,4.9,15.3,46.1,5.36,5.4,44.0,2015-2016,29.0,471.0,40.42,20.3,4.9,15.3,46.1,5.36,5.4,89.0,27.0,26.0,1.1,1.07,19.0,4.9,44.0,7.9511760243677925,219.06658621725407,0,0
88158.0,1.0,51.0,230.0,27.1,46.83,47.0,107.0,46.0,25.0,0.3,1.05,10.0,6.1,16.4,47.4,4.75,4.4,37.0,2015-2016,51.0,230.0,46.83,27.1,4.7,16.4,47.4,4.75,4.4,107.0,46.0,25.0,0.3,1.05,10.0,6.1,37.0,3.3621487745198086,88.98846733928818,1,1
88169.0,1.0,29.0,213.0,11.3,14.31,43.0,111.0,52.0,43.0,0.09,0.8,10.0,6.0,17.9,50.7,5.59,5.4,33.0,2015-2016,29.0,213.0,14.31,11.3,4.3,17.9,50.7,5.59,5.4,111.0,52.0,43.0,0.09,0.8,10.0,6.0,33.0,5.886460970365895,143.0425875583576,1,1
88178.0,1.0,29.0,354.0,22.3,19.15,41.0,124.0,41.0,34.0,0.6,0.93,14.0,4.7,14.5,42.4,4.68,5.5,49.0,2015-2016,29.0,354.0,19.15,22.3,4.1,14.5,42.4,4.68,5.5,124.0,41.0,34.0,0.6,0.93,14.0,4.7,49.0,9.400045964762265,218.23650522675638,0,0
88181.0,1.0,39.0,375.0,46.2,47.73,43.0,93.0,49.0,30.0,0.4,1.15,14.0,8.6,15.3,46.2,5.0,6.0,46.0,2015-2016,39.0,375.0,47.73,46.2,4.3,15.3,46.2,5.0,6.0,93.0,49.0,30.0,0.4,1.15,14.0,8.6,46.0,5.862342747816311,142.45650825227392,0,1
88186.0,1.0,31.0,373.0,33.9,28.3,44.0,135.0,32.0,28.0,0.5,0.95,13.0,7.3,15.9,46.2,4.9,5.3,36.0,2015-2016,31.0,373.0,28.3,33.9,4.4,15.9,46.2,4.9,5.3,135.0,32.0,28.0,0.5,0.95,13.0,7.3,36.0,7.929515744446073,196.98610979900272,0,0
88188.0,1.0,51.0,447.0,25.1,53.98,46.0,96.0,46.0,35.0,0.3,0.82,16.0,5.9,15.5,45.0,5.27,5.4,35.0,2015-2016,51.0,447.0,53.98,25.1,4.6,15.5,45.0,5.27,5.4,96.0,46.0,35.0,0.3,0.82,16.0,5.9,35.0,6.3732830268767335,165.23290481154297,0,1
88192.0,1.0,20.0,210.0,14.4,9.76,49.0,126.0,34.0,27.0,0.7,0.84,12.0,6.3,15.3,45.7,5.29,5.5,28.0,2015-2016,20.0,210.0,9.76,14.4,4.9,15.3,45.7,5.29,5.5,126.0,34.0,27.0,0.7,0.84,12.0,6.3,28.0,5.889540007189123,162.26548372351607,1,1
88200.0,1.0,28.0,309.0,41.4,19.36,43.0,92.0,50.0,33.0,0.6,0.94,14.0,5.9,15.9,46.7,4.87,5.5,32.0,2015-2016,28.0,309.0,19.36,41.4,4.3,15.9,46.7,4.87,5.5,92.0,50.0,33.0,0.6,0.94,14.0,5.9,32.0,7.816396970972488,189.94055235224218,0,0
88210.0,1.0,36.0,423.0,23.3,29.59,47.0,97.0,27.0,21.0,0.4,0.85,15.0,6.5,14.9,45.0,4.91,5.8,38.0,2015-2016,36.0,423.0,29.59,23.3,4.7,14.9,45.0,4.91,5.8,97.0,27.0,21.0,0.4,0.85,15.0,6.5,38.0,8.585311843716031,227.23377037687564,0,0
88217.0,1.0,51.0,301.0,24.7,32.72,48.0,91.0,29.0,23.0,0.5,0.82,8.0,5.3,16.3,49.4,5.41,5.4,37.0,2015-2016,51.0,301.0,32.72,24.7,4.8,16.3,49.4,5.41,5.4,91.0,29.0,23.0,0.5,0.82,8.0,5.3,37.0,5.526132007356756,149.258632100866,0,1
88218.0,1.0,54.0,246.0,31.4,43.88,40.0,96.0,26.0,24.0,0.5,0.84,12.0,6.8,13.8,42.1,4.57,5.8,39.0,2015-2016,54.0,246.0,43.88,31.4,4.0,13.8,42.1,4.57,5.8,96.0,26.0,24.0,0.5,0.84,12.0,6.8,39.0,4.020511776944965,91.1637746997252,1,1
88222.0,1.0,44.0,581.0,29.7,54.83,42.0,98.0,22.0,25.0,0.4,0.96,10.0,6.5,16.2,47.0,4.75,5.1,66.0,2015-2016,44.0,581.0,54.83,29.7,4.2,16.2,47.0,4.75,5.1,98.0,22.0,25.0,0.4,0.96,10.0,6.5,66.0,8.839748512050113,210.01830489207583,0,0
88224.0,1.0,48.0,220.0,13.5,18.1,47.0,102.0,57.0,33.0,0.7,1.07,17.0,6.7,15.5,45.5,5.1,5.1,29.0,2015-2016,48.0,220.0,18.1,13.5,4.7,15.5,45.5,5.1,5.1,102.0,57.0,33.0,0.7,1.07,17.0,6.7,29.0,5.266560912880664,139.3939457224609,1,1
88227.0,1.0,20.0,708.0,30.4,48.58,47.0,108.0,20.0,22.0,0.5,0.95,13.0,4.8,15.3,45.5,5.31,4.8,39.0,2015-2016,20.0,708.0,48.58,30.4,4.7,15.3,45.5,5.31,4.8,108.0,20.0,22.0,0.5,0.95,13.0,4.8,39.0,11.582090940378464,306.55172941171764,0,0
88228.0,1.0,25.0,760.0,22.8,44.55,44.0,91.0,17.0,17.0,2.0,0.73,13.0,4.1,16.8,49.8,5.72,4.4,73.0,2015-2016,25.0,760.0,44.55,22.8,4.4,16.8,49.8,5.72,4.4,91.0,17.0,17.0,2.0,0.73,13.0,4.1,73.0,13.829854514805596,343.5631289169018,0,0
88233.0,1.0,51.0,1150.0,39.0,121.9,45.0,93.0,19.0,23.0,0.9,0.91,23.0,4.1,15.4,45.7,4.71,5.9,79.0,2015-2016,51.0,1150.0,121.9,39.0,4.5,15.4,45.7,4.71,5.9,93.0,19.0,23.0,0.9,0.91,23.0,4.1,79.0,9.902932333101118,251.37606296247648,0,0
88238.0,1.0,48.0,375.0,24.1,47.06,43.0,101.0,24.0,27.0,0.7,1.07,18.0,4.7,17.2,51.5,5.87,5.6,34.0,2015-2016,48.0,375.0,47.06,24.1,4.3,17.2,51.5,5.87,5.6,101.0,24.0,27.0,0.7,1.07,18.0,4.7,34.0,5.919862764017051,143.85426014346518,0,1
88255.0,1.0,59.0,372.0,19.7,39.19,45.0,105.0,32.0,31.0,0.7,0.58,12.0,5.7,15.9,47.8,4.87,5.8,53.0,2015-2016,59.0,372.0,39.19,19.7,4.5,15.9,47.8,4.87,5.8,105.0,32.0,31.0,0.7,0.58,12.0,5.7,53.0,6.482894425822074,164.5618108403465,0,1
88267.0,1.0,26.0,442.0,30.2,19.65,45.0,94.0,23.0,23.0,0.8,0.97,20.0,7.2,14.5,43.2,5.17,5.5,46.0,2015-2016,26.0,442.0,19.65,30.2,4.5,14.5,43.2,5.17,5.5,94.0,23.0,23.0,0.8,0.97,20.0,7.2,46.0,11.176870214868194,283.71370583487624,0,0
88282.0,1.0,26.0,496.0,23.4,36.96,48.0,79.0,24.0,24.0,2.8,0.86,13.0,5.7,16.6,49.5,5.18,5.1,69.0,2015-2016,26.0,496.0,36.96,23.4,4.8,16.6,49.5,5.18,5.1,79.0,24.0,24.0,2.8,0.86,13.0,5.7,69.0,8.987329982914002,242.74421561103378,0,0
88287.0,1.0,60.0,476.0,16.6,73.96,42.0,69.0,24.0,34.0,0.6,1.14,8.0,6.1,13.0,37.4,3.95,5.4,80.0,2015-2016,60.0,476.0,73.96,16.6,4.2,13.0,37.4,3.95,5.4,69.0,24.0,34.0,0.6,1.14,8.0,6.1,80.0,5.548728418524411,131.8289242252121,0,1
88294.0,1.0,36.0,407.0,13.1,33.57,49.0,85.0,42.0,33.0,0.6,0.84,13.0,6.6,16.7,49.9,5.71,5.0,33.0,2015-2016,36.0,407.0,33.57,13.1,4.9,16.7,49.9,5.71,5.0,85.0,42.0,33.0,0.6,0.84,13.0,6.6,33.0,7.511265141424017,206.9463948051952,0,0
88301.0,1.0,38.0,342.0,12.3,32.14,47.0,86.0,34.0,25.0,0.5,0.98,14.0,5.2,14.7,45.3,5.11,5.5,38.0,2015-2016,38.0,342.0,32.14,12.3,4.7,14.7,45.3,5.11,5.5,86.0,34.0,25.0,0.5,0.98,14.0,5.2,38.0,6.488969071601249,171.7483225816832,0,1
88306.0,1.0,41.0,544.0,26.9,41.58,45.0,112.0,41.0,28.0,0.4,0.95,17.0,7.1,16.5,46.9,5.23,5.0,41.0,2015-2016,41.0,544.0,41.58,26.9,4.5,16.5,46.9,5.23,5.0,112.0,41.0,28.0,0.4,0.95,17.0,7.1,41.0,9.616985511949384,244.11758802798715,0,0
88309.0,1.0,36.0,221.0,16.3,29.14,45.0,125.0,43.0,25.0,0.4,0.76,12.0,5.6,15.4,44.8,4.87,5.8,35.0,2015-2016,36.0,221.0,29.14,16.3,4.5,15.4,44.8,4.87,5.8,125.0,43.0,25.0,0.4,0.76,12.0,5.6,35.0,4.359140336463596,110.65243089851523,1,1
88310.0,1.0,23.0,358.0,38.4,28.64,46.0,87.0,133.0,60.0,0.6,0.78,10.0,7.2,16.2,46.9,5.26,5.4,52.0,2015-2016,23.0,358.0,28.64,38.4,4.6,16.2,46.9,5.26,5.4,87.0,133.0,60.0,0.6,0.78,10.0,7.2,52.0,7.3429905836212574,190.37341649804847,0,0
88317.0,1.0,29.0,481.0,15.6,37.34,49.0,112.0,34.0,28.0,0.9,0.88,15.0,4.9,16.1,47.5,5.13,5.8,60.0,2015-2016,29.0,481.0,37.34,15.6,4.9,16.1,47.5,5.13,5.8,112.0,34.0,28.0,0.9,0.88,15.0,4.9,60.0,8.533501970546649,235.11052194502304,0,0
88322.0,1.0,60.0,204.0,20.1,27.3,45.0,96.0,15.0,26.0,0.5,0.91,16.0,6.2,14.0,42.5,5.4,5.7,38.0,2015-2016,60.0,204.0,27.3,20.1,4.5,14.0,42.5,5.4,5.7,96.0,15.0,26.0,0.5,0.91,16.0,6.2,38.0,4.141623231233876,105.13097607074918,1,1
88327.0,1.0,51.0,428.0,25.3,26.26,43.0,86.0,68.0,47.0,0.8,0.76,13.0,6.5,14.5,42.6,4.64,5.3,22.0,2015-2016,51.0,428.0,26.26,25.3,4.3,14.5,42.6,4.64,5.3,86.0,68.0,47.0,0.8,0.76,13.0,6.5,22.0,9.742887724186913,236.75479670625026,0,0
88337.0,1.0,49.0,354.0,15.1,27.39,50.0,128.0,56.0,34.0,0.6,1.0,16.0,5.8,14.7,45.2,5.4,7.9,46.0,2015-2016,49.0,354.0,27.39,15.1,5.0,14.7,45.2,5.4,7.9,128.0,56.0,34.0,0.6,1.0,16.0,5.8,46.0,7.06685719380044,198.53159745661776,0,0
88342.0,1.0,45.0,517.0,14.1,79.6,42.0,88.0,24.0,26.0,0.3,0.86,14.0,4.9,13.0,39.6,4.59,5.8,39.0,2015-2016,45.0,517.0,79.6,14.1,4.2,13.0,39.6,4.59,5.8,88.0,24.0,26.0,0.3,0.86,14.0,4.9,39.0,5.734449379457022,136.24135760437713,0,1
88343.0,1.0,35.0,107.0,8.57,23.18,47.0,100.0,17.0,19.0,0.4,0.86,14.0,5.2,14.9,44.0,4.95,5.1,38.0,2015-2016,35.0,107.0,23.18,8.57,4.7,14.9,44.0,4.95,5.1,100.0,17.0,19.0,0.4,0.86,14.0,5.2,38.0,2.2299004614081177,59.02041750315497,1,1
88350.0,1.0,45.0,494.0,31.7,56.45,43.0,305.0,19.0,21.0,0.6,0.91,20.0,4.3,14.6,43.4,4.67,10.5,75.0,2015-2016,45.0,494.0,56.45,31.7,4.3,14.6,43.4,4.67,10.5,305.0,19.0,21.0,0.6,0.91,20.0,4.3,75.0,7.097466329806785,172.47034407174132,0,0
88353.0,1.0,34.0,781.0,33.4,38.99,43.0,91.0,21.0,18.0,0.6,0.89,11.0,5.9,14.7,44.2,4.81,5.2,56.0,2015-2016,34.0,781.0,38.99,33.4,4.3,14.7,44.2,4.81,5.2,91.0,21.0,18.0,0.6,0.89,11.0,5.9,56.0,15.77653031123797,383.3739372049325,0,0
88365.0,1.0,36.0,197.0,18.7,32.27,46.0,67.0,33.0,21.0,0.4,0.83,20.0,7.2,15.7,45.5,4.95,4.9,40.0,2015-2016,36.0,197.0,32.27,18.7,4.6,15.7,45.5,4.95,4.9,67.0,33.0,21.0,0.4,0.83,20.0,7.2,40.0,3.6075090840527753,93.52781016916191,1,1
88370.0,1.0,34.0,374.0,17.5,40.07,46.0,71.0,21.0,28.0,1.1,0.87,12.0,7.2,15.3,46.9,5.09,4.9,49.0,2015-2016,34.0,374.0,40.07,17.5,4.6,15.3,46.9,5.09,4.9,71.0,21.0,28.0,1.1,0.87,12.0,7.2,49.0,6.365860378099306,165.04046618709805,0,1
88388.0,1.0,55.0,386.0,27.3,23.89,46.0,94.0,28.0,26.0,0.3,0.89,11.0,7.0,14.9,45.1,4.93,5.5,24.0,2015-2016,55.0,386.0,23.89,27.3,4.6,14.9,45.1,4.93,5.5,94.0,28.0,26.0,0.3,0.89,11.0,7.0,24.0,8.719179965873508,226.05232299590992,0,0
88410.0,1.0,19.0,455.0,12.9,40.07,50.0,61.0,16.0,21.0,1.1,0.94,11.0,5.2,15.6,46.8,5.13,5.4,49.0,2015-2016,19.0,455.0,40.07,12.9,5.0,15.6,46.8,5.13,5.4,61.0,16.0,21.0,1.1,0.94,11.0,5.2,49.0,7.6088173289876355,213.75706592807768,0,0
88417.0,1.0,59.0,455.0,25.3,37.14,47.0,84.0,31.0,27.0,1.0,0.88,16.0,5.9,16.7,51.0,5.61,5.7,77.0,2015-2016,59.0,455.0,37.14,25.3,4.7,16.7,51.0,5.61,5.7,84.0,31.0,27.0,1.0,0.88,16.0,5.9,77.0,8.217038725261064,217.4864145721795,0,0
88425.0,1.0,45.0,351.0,17.2,42.36,40.0,91.0,24.0,20.0,0.2,0.79,12.0,5.0,13.8,41.5,4.55,5.6,36.0,2015-2016,45.0,351.0,42.36,17.2,4.0,13.8,41.5,4.55,5.6,91.0,24.0,20.0,0.2,0.79,12.0,5.0,36.0,6.088320991825771,138.05066468930025,0,1
88427.0,1.0,30.0,233.0,15.0,12.16,46.0,78.0,39.0,25.0,0.8,0.97,17.0,5.4,15.2,45.9,5.42,5.2,28.0,2015-2016,30.0,233.0,12.16,15.0,4.6,15.2,45.9,5.42,5.2,78.0,39.0,25.0,0.8,0.97,17.0,5.4,28.0,6.499372780465153,168.50189132360066,1,1
88428.0,1.0,47.0,333.0,17.4,72.81,38.0,86.0,18.0,22.0,0.5,1.14,19.0,4.7,17.2,49.2,5.56,5.6,39.0,2015-2016,47.0,333.0,72.81,17.4,3.8,17.2,49.2,5.56,5.6,86.0,18.0,22.0,0.5,1.14,19.0,4.7,39.0,3.8828411291196008,83.83417343845949,0,1
88429.0,1.0,51.0,542.0,22.8,41.57,45.0,88.0,21.0,22.0,0.8,0.81,19.0,5.9,12.9,40.2,4.61,6.2,38.0,2015-2016,51.0,542.0,41.57,22.8,4.5,12.9,40.2,4.61,6.2,88.0,21.0,22.0,0.8,0.81,19.0,5.9,38.0,9.57746972495244,243.11451917665786,0,0
88432.0,1.0,33.0,422.0,28.8,25.02,47.0,84.0,22.0,20.0,0.9,1.11,12.0,6.5,14.8,45.0,5.54,5.5,56.0,2015-2016,33.0,422.0,25.02,28.8,4.7,14.8,45.0,5.54,5.5,84.0,22.0,20.0,0.9,1.11,12.0,6.5,56.0,9.297520046728406,246.0843093217478,0,0
88450.0,1.0,49.0,278.0,31.7,46.31,38.0,288.0,26.0,22.0,0.6,1.4,16.0,7.6,15.0,44.8,5.59,11.6,34.0,2015-2016,49.0,278.0,46.31,31.7,3.8,15.0,44.8,5.59,11.6,288.0,26.0,22.0,0.6,1.4,16.0,7.6,34.0,4.510168341618565,97.3787549926443,1,1
88455.0,1.0,58.0,308.0,30.8,42.47,48.0,145.0,21.0,24.0,0.6,0.96,11.0,4.4,16.1,47.9,5.83,7.9,55.0,2015-2016,58.0,308.0,42.47,30.8,4.8,16.1,47.9,5.83,7.9,145.0,21.0,24.0,0.6,0.96,11.0,4.4,55.0,4.861611797778893,131.3102049997887,0,1
88459.0,1.0,38.0,798.0,24.7,64.62,45.0,137.0,58.0,31.0,0.5,0.54,13.0,4.9,15.9,47.6,5.18,6.6,45.0,2015-2016,38.0,798.0,64.62,24.7,4.5,15.9,47.6,5.18,6.6,137.0,58.0,31.0,0.5,0.54,13.0,4.9,45.0,11.071073448645201,281.0281604153238,0,0
88461.0,1.0,27.0,440.0,30.3,22.23,48.0,95.0,25.0,21.0,0.5,0.9,12.0,5.5,16.4,47.2,5.29,5.5,40.0,2015-2016,27.0,440.0,22.23,30.3,4.8,16.4,47.2,5.29,5.5,95.0,25.0,21.0,0.5,0.9,12.0,5.5,40.0,10.123275293773624,273.42564758091515,0,0
88464.0,1.0,38.0,47.1,27.5,10.51,41.0,87.0,56.0,36.0,0.6,1.65,13.0,4.1,16.2,50.3,6.11,5.6,24.0,2015-2016,38.0,47.1,10.51,27.5,4.1,16.2,50.3,6.11,5.6,87.0,56.0,36.0,0.6,1.65,13.0,4.1,24.0,1.417210834042488,32.9027263005252,1,1
88469.0,1.0,33.0,308.0,25.2,,43.0,102.0,28.0,21.0,0.5,0.96,15.0,7.9,14.4,43.6,5.13,5.7,44.0,2015-2016,33.0,308.0,,25.2,4.3,14.4,43.6,5.13,5.7,102.0,28.0,21.0,0.5,0.96,15.0,7.9,44.0,,,0,0
88477.0,1.0,47.0,976.0,21.8,149.5,41.0,91.0,21.0,27.0,0.2,0.86,13.0,4.4,14.0,40.3,4.44,5.5,51.0,2015-2016,47.0,976.0,149.5,21.8,4.1,14.0,40.3,4.44,5.5,91.0,21.0,27.0,0.2,0.86,13.0,4.4,51.0,6.762717340726883,157.00687037161146,0,0
88501.0,1.0,31.0,327.0,29.5,12.28,47.0,110.0,43.0,29.0,1.0,1.04,11.0,8.3,15.8,46.2,5.08,5.1,38.0,2015-2016,31.0,327.0,12.28,29.5,4.7,15.8,46.2,5.08,5.1,110.0,43.0,29.0,1.0,1.04,11.0,8.3,38.0,9.135676984106027,241.80068980990185,0,0
88509.0,1.0,32.0,238.0,19.9,20.77,42.0,84.0,87.0,48.0,0.4,0.85,15.0,7.4,15.9,45.2,5.29,5.7,38.0,2015-2016,32.0,238.0,20.77,19.9,4.2,15.9,45.2,5.29,5.7,84.0,87.0,48.0,0.4,0.85,15.0,7.4,38.0,5.797497271436271,137.73927481123548,1,1
88515.0,1.0,54.0,215.0,22.2,42.61,48.0,84.0,35.0,29.0,0.7,0.78,15.0,8.0,14.9,44.3,4.84,5.5,65.0,2015-2016,54.0,215.0,42.61,22.2,4.8,14.9,44.3,4.84,5.5,84.0,35.0,29.0,0.7,0.78,15.0,8.0,65.0,3.294976941755263,88.99601936319353,1,1
88524.0,1.0,24.0,757.0,31.9,38.96,47.0,93.0,14.0,23.0,1.0,1.07,7.0,6.9,15.2,44.6,5.03,5.4,48.0,2015-2016,24.0,757.0,38.96,31.9,4.7,15.2,44.6,5.03,5.4,93.0,14.0,23.0,1.0,1.07,7.0,6.9,48.0,14.438071596004363,382.14307243046983,0,0
88537.0,1.0,45.0,418.0,22.1,37.23,48.0,80.0,23.0,29.0,0.4,1.23,10.0,6.2,15.2,45.7,4.6,4.4,73.0,2015-2016,45.0,418.0,37.23,22.1,4.8,15.2,45.7,4.6,4.4,80.0,23.0,29.0,0.4,1.23,10.0,6.2,73.0,7.377862045665096,199.2731254517383,0,0
88543.0,1.0,22.0,880.0,54.7,47.28,48.0,80.0,21.0,30.0,0.4,1.11,14.0,6.3,14.6,43.1,4.69,5.2,59.0,2015-2016,22.0,880.0,47.28,54.7,4.8,14.6,43.1,4.69,5.2,80.0,21.0,30.0,0.4,1.11,14.0,6.3,59.0,15.175141716542187,409.8745544863075,0,0
88545.0,1.0,46.0,388.0,20.7,38.75,45.0,82.0,14.0,27.0,0.5,0.96,14.0,8.4,14.0,40.7,4.28,4.7,43.0,2015-2016,46.0,388.0,38.75,20.7,4.5,14.0,40.7,4.28,4.7,82.0,14.0,27.0,0.5,0.96,14.0,8.4,43.0,6.842598172258356,173.69253177941306,0,0
88547.0,1.0,26.0,642.0,28.5,32.89,44.0,74.0,14.0,19.0,0.3,0.81,4.0,4.7,16.2,47.0,5.09,5.2,47.0,2015-2016,26.0,642.0,32.89,28.5,4.4,16.2,47.0,5.09,5.2,74.0,14.0,19.0,0.3,0.81,4.0,4.7,47.0,13.604392664110755,337.9621749232651,0,0
88549.0,1.0,46.0,323.0,17.6,16.12,45.0,81.0,28.0,19.0,0.2,0.87,16.0,6.5,16.0,46.0,4.91,5.7,33.0,2015-2016,46.0,323.0,16.12,17.6,4.5,16.0,46.0,4.91,5.7,81.0,28.0,19.0,0.2,0.87,16.0,6.5,33.0,8.540161270148756,216.78347836214544,0,0
88561.0,1.0,45.0,126.0,24.9,14.62,38.0,132.0,29.0,22.0,0.3,0.99,18.0,4.7,15.0,45.4,5.18,5.7,35.0,2015-2016,45.0,126.0,14.62,24.9,3.8,15.0,45.4,5.18,5.7,132.0,29.0,22.0,0.3,0.99,18.0,4.7,35.0,3.6447039950247064,78.69256987087398,1,1
88574.0,1.0,29.0,365.0,18.2,17.67,49.0,86.0,26.0,22.0,0.4,0.82,15.0,6.8,13.9,42.4,4.57,5.4,34.0,2015-2016,29.0,365.0,17.67,18.2,4.9,13.9,42.4,4.57,5.4,86.0,26.0,22.0,0.4,0.82,15.0,6.8,34.0,8.889791014341233,244.926808780013,0,0
88575.0,1.0,48.0,300.0,23.0,33.76,42.0,87.0,19.0,25.0,0.2,1.01,22.0,5.9,13.9,41.9,4.66,5.6,53.0,2015-2016,48.0,300.0,33.76,23.0,4.2,13.9,41.9,4.66,5.6,87.0,19.0,25.0,0.2,1.01,22.0,5.9,53.0,5.7825484139746965,137.38411383579898,0,1
88576.0,1.0,33.0,274.0,43.4,8.04,46.0,266.0,26.0,26.0,0.8,0.9,14.0,6.5,16.0,46.4,5.49,13.7,56.0,2015-2016,33.0,274.0,8.04,43.4,4.6,16.0,46.4,5.49,13.7,266.0,26.0,26.0,0.8,0.9,14.0,6.5,56.0,8.527541881003089,221.08393899317122,1,0
88582.0,1.0,19.0,756.0,41.9,44.79,48.0,80.0,18.0,27.0,0.4,0.88,11.0,4.2,16.1,47.7,5.01,5.2,55.0,2015-2016,19.0,756.0,44.79,41.9,4.8,16.1,47.7,5.01,5.2,80.0,18.0,27.0,0.4,0.88,11.0,4.2,55.0,13.072783930962895,353.0907051601557,0,0
88584.0,1.0,57.0,699.0,25.8,71.52,44.0,99.0,22.0,28.0,0.7,0.87,9.0,5.0,13.6,41.9,4.82,6.1,75.0,2015-2016,57.0,699.0,71.52,25.8,4.4,13.6,41.9,4.82,6.1,99.0,22.0,28.0,0.7,0.87,9.0,5.0,75.0,8.772325191423414,217.92329683696263,0,0
88585.0,1.0,48.0,296.0,11.1,21.42,42.0,118.0,22.0,26.0,0.3,0.83,10.0,6.0,14.3,41.7,4.49,5.8,45.0,2015-2016,48.0,296.0,21.42,11.1,4.2,14.3,41.7,4.49,5.8,118.0,22.0,26.0,0.3,0.83,10.0,6.0,45.0,7.240693225626304,172.02730546198512,1,0
88590.0,1.0,45.0,1090.0,47.5,58.2,49.0,83.0,21.0,26.0,1.3,0.9,15.0,7.2,17.0,50.1,5.3,5.6,61.0,2015-2016,45.0,1090.0,58.2,47.5,4.9,17.0,50.1,5.3,5.6,83.0,21.0,26.0,1.3,0.9,15.0,7.2,61.0,16.982866750420552,467.90294062103266,0,0
88592.0,1.0,41.0,214.0,34.9,15.65,41.0,97.0,32.0,27.0,0.8,0.96,14.0,8.6,13.9,42.9,4.79,6.1,43.0,2015-2016,41.0,214.0,15.65,34.9,4.1,13.9,42.9,4.79,6.1,97.0,32.0,27.0,0.8,0.96,14.0,8.6,43.0,5.910825869537746,137.22890139127583,1,1
88600.0,1.0,59.0,389.0,16.3,58.56,44.0,149.0,32.0,23.0,0.7,1.05,25.0,6.9,15.7,47.7,5.28,5.9,27.0,2015-2016,59.0,389.0,58.56,16.3,4.4,15.7,47.7,5.28,5.9,149.0,32.0,23.0,0.7,1.05,25.0,6.9,27.0,5.227285055004964,129.85692707869453,0,1
88602.0,1.0,23.0,349.0,40.4,15.11,47.0,86.0,33.0,27.0,0.8,0.89,6.0,8.2,17.8,53.9,5.89,5.0,32.0,2015-2016,23.0,349.0,15.11,40.4,4.7,17.8,53.9,5.89,5.0,86.0,33.0,27.0,0.8,0.89,6.0,8.2,32.0,9.20293593415515,243.58088196709633,0,0
88604.0,1.0,38.0,449.0,31.8,27.83,45.0,80.0,44.0,33.0,0.5,0.91,15.0,5.4,14.9,43.8,5.09,5.1,49.0,2015-2016,38.0,449.0,27.83,31.8,4.5,14.9,43.8,5.09,5.1,80.0,44.0,33.0,0.5,0.91,15.0,5.4,49.0,9.71864416347735,246.69809153216207,0,0
88618.0,1.0,27.0,602.0,26.5,29.77,45.0,88.0,16.0,18.0,0.3,1.21,16.0,5.1,13.6,41.6,4.37,4.8,60.0,2015-2016,27.0,602.0,29.77,26.5,4.5,13.6,41.6,4.37,4.8,88.0,16.0,18.0,0.3,1.21,16.0,5.1,60.0,13.13268822425366,333.3601958373447,0,0
88630.0,1.0,32.0,886.0,33.4,58.13,43.0,86.0,21.0,25.0,0.6,1.01,19.0,5.7,15.4,47.2,5.15,5.4,59.0,2015-2016,32.0,886.0,58.13,33.4,4.3,15.4,47.2,5.15,5.4,86.0,21.0,25.0,0.6,1.01,19.0,5.7,59.0,13.958912910696576,339.20534465442825,0,0
88633.0,1.0,30.0,335.0,28.2,24.7,47.0,89.0,15.0,24.0,1.0,0.65,6.0,6.3,15.8,47.9,5.58,5.0,57.0,2015-2016,30.0,335.0,24.7,28.2,4.7,15.8,47.9,5.58,5.0,89.0,15.0,24.0,1.0,0.65,6.0,6.3,57.0,7.250134911906347,191.89465936282284,0,0
88634.0,1.0,59.0,394.0,21.2,75.17,46.0,99.0,33.0,27.0,0.2,0.88,11.0,6.7,15.6,48.8,5.52,6.0,38.0,2015-2016,59.0,394.0,75.17,21.2,4.6,15.6,48.8,5.52,6.0,99.0,33.0,27.0,0.2,0.88,11.0,6.7,38.0,4.314792713506509,111.8647533313366,0,1
88637.0,1.0,49.0,275.0,19.1,19.82,47.0,112.0,71.0,54.0,0.6,1.01,12.0,7.3,15.2,44.2,4.84,6.1,52.0,2015-2016,49.0,275.0,19.82,19.1,4.7,15.2,44.2,4.84,6.1,112.0,71.0,54.0,0.6,1.01,12.0,7.3,52.0,6.445166576488448,170.58896968948955,1,1
88638.0,1.0,46.0,302.0,14.7,27.13,41.0,91.0,31.0,20.0,0.5,1.61,21.0,7.1,15.2,45.0,5.03,5.7,47.0,2015-2016,46.0,302.0,27.13,14.7,4.1,15.2,45.0,5.03,5.7,91.0,31.0,20.0,0.5,1.61,21.0,7.1,47.0,6.67429727236713,154.95406267438534,0,0
88640.0,1.0,58.0,116.0,15.2,15.65,44.0,231.0,20.0,23.0,0.6,1.02,15.0,5.7,13.8,41.4,4.88,9.2,40.0,2015-2016,58.0,116.0,15.65,15.2,4.4,13.8,41.4,4.88,9.2,231.0,20.0,23.0,0.6,1.02,15.0,5.7,40.0,2.9720639256911126,73.83241671547275,1,1
88643.0,1.0,33.0,485.0,15.0,55.07,48.0,90.0,26.0,23.0,0.7,0.76,12.0,6.5,16.4,46.8,5.23,5.1,37.0,2015-2016,33.0,485.0,55.07,15.0,4.8,16.4,46.8,5.23,5.1,90.0,26.0,23.0,0.7,0.76,12.0,6.5,37.0,6.773113852540458,182.93911679051044,0,0
88655.0,1.0,41.0,322.0,20.9,14.78,47.0,129.0,25.0,24.0,0.4,1.18,15.0,6.4,12.7,39.1,4.65,7.5,47.0,2015-2016,41.0,322.0,14.78,20.9,4.7,12.7,39.1,4.65,7.5,129.0,25.0,24.0,0.4,1.18,15.0,6.4,47.0,8.499741007044173,224.96890403244782,0,0
88658.0,1.0,48.0,224.0,18.8,16.23,46.0,104.0,44.0,31.0,0.7,0.93,11.0,6.7,15.7,46.2,5.0,5.1,40.0,2015-2016,48.0,224.0,16.23,18.8,4.6,15.7,46.2,5.0,5.1,104.0,44.0,31.0,0.7,0.93,11.0,6.7,40.0,5.672547524738921,147.06572754442152,1,1
88661.0,1.0,40.0,306.0,25.9,34.46,43.0,87.0,24.0,19.0,0.2,0.78,11.0,5.1,14.0,40.8,4.51,5.2,54.0,2015-2016,40.0,306.0,34.46,25.9,4.3,14.0,40.8,4.51,5.2,87.0,24.0,19.0,0.2,0.78,11.0,5.1,54.0,5.772072239769574,140.2629105853195,0,1
88664.0,1.0,51.0,421.0,27.4,46.58,43.0,478.0,16.0,19.0,0.2,1.03,30.0,7.3,15.1,46.2,5.74,11.9,32.0,2015-2016,51.0,421.0,46.58,27.4,4.3,15.1,46.2,5.74,11.9,478.0,16.0,19.0,0.2,1.03,30.0,7.3,32.0,6.789865800903639,164.99556834314419,0,0
88691.0,1.0,26.0,396.0,28.6,30.55,45.0,84.0,29.0,20.0,0.5,1.07,16.0,6.7,16.2,47.8,5.41,5.3,46.0,2015-2016,26.0,396.0,30.55,28.6,4.5,16.2,47.8,5.41,5.3,84.0,29.0,20.0,0.5,1.07,16.0,6.7,46.0,8.036241624489737,203.99198062043135,0,0
88695.0,1.0,35.0,437.0,18.7,28.04,48.0,99.0,25.0,25.0,0.7,0.69,12.0,6.4,16.0,46.5,5.14,5.6,30.0,2015-2016,35.0,437.0,28.04,18.7,4.8,16.0,46.5,5.14,5.6,99.0,25.0,25.0,0.7,0.69,12.0,6.4,30.0,9.036333395291102,244.0677783290332,0,0
88714.0,1.0,60.0,402.0,16.5,51.24,46.0,106.0,22.0,25.0,0.6,0.7,21.0,5.1,13.5,40.9,4.78,6.2,35.0,2015-2016,60.0,402.0,51.24,16.5,4.6,13.5,40.9,4.78,6.2,106.0,22.0,25.0,0.6,0.7,21.0,5.1,35.0,5.86836517179446,152.14247033144383,0,1
88725.0,1.0,31.0,298.0,9.68,29.37,46.0,104.0,78.0,31.0,0.5,1.08,21.0,7.8,15.2,44.5,5.02,5.5,43.0,2015-2016,31.0,298.0,29.37,9.68,4.6,15.2,44.5,5.02,5.5,104.0,78.0,31.0,0.5,1.08,21.0,7.8,43.0,5.925607559200967,153.62652900413076,1,1
88731.0,1.0,50.0,483.0,12.4,68.71,48.0,98.0,22.0,32.0,0.5,0.94,14.0,4.2,15.5,46.3,5.04,5.4,52.0,2015-2016,50.0,483.0,68.71,12.4,4.8,15.5,46.3,5.04,5.4,98.0,22.0,32.0,0.5,0.94,14.0,4.2,52.0,5.727064290006112,154.68573330170986,0,1
88732.0,1.0,22.0,426.0,17.7,24.14,44.0,412.0,16.0,21.0,0.5,0.83,15.0,4.9,15.0,44.8,4.89,11.7,43.0,2015-2016,22.0,426.0,24.14,17.7,4.4,15.0,44.8,4.89,11.7,412.0,16.0,21.0,0.5,0.83,15.0,4.9,43.0,9.956189239701686,247.3330087181169,0,0
88741.0,1.0,55.0,467.0,24.9,40.54,41.0,92.0,22.0,22.0,0.6,0.86,17.0,5.8,14.8,45.2,4.93,5.6,51.0,2015-2016,55.0,467.0,40.54,24.9,4.1,14.8,45.2,4.93,5.6,92.0,22.0,22.0,0.6,0.86,17.0,5.8,51.0,8.574060208293023,199.05997720395058,0,0
88742.0,1.0,24.0,517.0,22.7,48.15,50.0,90.0,17.0,21.0,0.7,0.95,12.0,7.0,15.4,45.4,5.21,5.4,60.0,2015-2016,24.0,517.0,48.15,22.7,5.0,15.4,45.4,5.21,5.4,90.0,17.0,21.0,0.7,0.95,12.0,7.0,60.0,7.838859524918326,220.21971875777032,0,0
88755.0,1.0,37.0,203.0,27.9,11.68,45.0,86.0,32.0,21.0,0.7,0.8,16.0,8.2,14.7,44.8,5.24,5.3,37.0,2015-2016,37.0,203.0,11.68,27.9,4.5,14.7,44.8,5.24,5.3,86.0,32.0,21.0,0.7,0.8,16.0,8.2,37.0,5.781213695580021,146.7503451560559,1,1
88763.0,1.0,27.0,363.0,12.9,52.38,47.0,84.0,35.0,32.0,0.5,0.91,23.0,5.2,12.7,39.0,5.37,5.4,63.0,2015-2016,27.0,363.0,52.38,12.9,4.7,12.7,39.0,5.37,5.4,84.0,35.0,32.0,0.5,0.91,23.0,5.2,63.0,5.115803451946664,135.4037369934033,0,1
88769.0,1.0,59.0,421.0,16.3,28.08,38.0,110.0,25.0,22.0,0.09,1.17,19.0,6.6,15.3,43.2,4.65,5.9,30.0,2015-2016,59.0,421.0,28.08,16.3,3.8,15.3,43.2,4.65,5.9,110.0,25.0,22.0,0.09,1.17,19.0,6.6,30.0,9.907937297623835,213.9216378432446,0,0
88770.0,1.0,53.0,320.0,24.4,49.47,42.0,222.0,38.0,35.0,0.5,1.4,14.0,5.4,15.7,44.9,4.95,8.0,34.0,2015-2016,53.0,320.0,49.47,24.4,4.2,15.7,44.9,4.95,8.0,222.0,38.0,35.0,0.5,1.4,14.0,5.4,34.0,4.83967645504797,114.9829821436331,0,1
88775.0,1.0,45.0,687.0,15.2,22.27,49.0,105.0,57.0,82.0,0.9,0.73,9.0,4.4,15.1,45.0,4.61,5.3,21.0,2015-2016,45.0,687.0,22.27,15.2,4.9,15.1,45.0,4.61,5.3,105.0,57.0,82.0,0.9,0.73,9.0,4.4,21.0,16.463439567219556,453.59195826275516,0,0
88781.0,1.0,41.0,171.0,18.8,16.75,46.0,121.0,41.0,28.0,0.4,0.92,12.0,4.7,14.8,44.9,4.89,5.8,32.0,2015-2016,41.0,171.0,16.75,18.8,4.6,14.8,44.9,4.89,5.8,121.0,41.0,28.0,0.4,0.92,12.0,4.7,32.0,4.218189759923766,109.360237751762,1,1
88792.0,1.0,19.0,338.0,22.5,15.76,53.0,97.0,22.0,18.0,0.6,0.83,10.0,6.8,15.2,43.7,4.94,5.4,41.0,2015-2016,19.0,338.0,15.76,22.5,5.3,15.2,43.7,4.94,5.4,97.0,22.0,18.0,0.6,0.83,10.0,6.8,41.0,8.039269953704881,238.91855516629593,0,0
88793.0,1.0,21.0,768.0,37.8,51.36,49.0,83.0,16.0,25.0,0.8,0.85,15.0,4.7,14.4,42.2,4.39,5.3,89.0,2015-2016,21.0,768.0,51.36,37.8,4.9,14.4,42.2,4.39,5.3,83.0,16.0,25.0,0.8,0.85,15.0,4.7,89.0,12.040394637000121,331.73056938402686,0,0
88804.0,1.0,55.0,473.0,12.7,83.02,42.0,95.0,33.0,33.0,0.4,0.65,17.0,3.8,15.0,45.9,5.14,5.4,31.0,2015-2016,55.0,473.0,83.02,12.7,4.2,15.0,45.9,5.14,5.4,95.0,33.0,33.0,0.4,0.65,17.0,3.8,31.0,5.005200543580331,118.91557009508718,0,1
88805.0,1.0,30.0,384.0,21.2,25.85,46.0,78.0,23.0,22.0,0.7,0.91,13.0,4.5,15.8,45.4,5.45,4.9,25.0,2015-2016,30.0,384.0,25.85,21.2,4.6,15.8,45.4,5.45,4.9,78.0,23.0,22.0,0.7,0.91,13.0,4.5,25.0,8.353172164155815,216.56325244836535,0,0
88814.0,1.0,30.0,469.0,20.4,24.75,45.0,83.0,27.0,22.0,0.4,0.95,11.0,4.2,15.1,45.0,5.36,5.4,54.0,2015-2016,30.0,469.0,24.75,20.4,4.5,15.1,45.0,5.36,5.4,83.0,27.0,22.0,0.4,0.95,11.0,4.2,54.0,10.80975863071418,274.39494432177446,0,0
88841.0,1.0,38.0,199.0,17.2,14.11,43.0,98.0,32.0,25.0,0.8,0.93,18.0,9.3,14.0,42.7,4.9,5.3,36.0,2015-2016,38.0,199.0,14.11,17.2,4.3,14.0,42.7,4.9,5.3,98.0,32.0,25.0,0.8,0.93,18.0,9.3,36.0,5.505029015269089,133.77368828098776,1,1
88846.0,1.0,32.0,505.0,31.5,33.75,49.0,80.0,96.0,54.0,0.6,0.9,11.0,7.7,16.6,45.8,4.86,4.8,86.0,2015-2016,32.0,505.0,33.75,31.5,4.9,16.6,45.8,4.86,4.8,80.0,96.0,54.0,0.6,0.9,11.0,7.7,86.0,9.544552017784182,262.9664368014333,0,0
88859.0,1.0,50.0,684.0,54.3,70.68,43.0,269.0,45.0,47.0,0.7,1.07,23.0,7.6,13.8,40.2,4.33,8.9,68.0,2015-2016,50.0,684.0,70.68,54.3,4.3,13.8,40.2,4.33,8.9,269.0,45.0,47.0,0.7,1.07,23.0,7.6,68.0,8.702614084134137,211.4758669739342,0,0
88861.0,1.0,19.0,389.0,38.9,29.02,46.0,87.0,50.0,22.0,0.6,0.74,12.0,6.9,15.0,45.1,5.75,5.3,57.0,2015-2016,19.0,389.0,29.02,38.9,4.6,15.0,45.1,5.75,5.3,87.0,50.0,22.0,0.6,0.74,12.0,6.9,57.0,7.996455801264947,207.3150705324351,0,0
88864.0,1.0,53.0,254.0,24.0,35.21,44.0,110.0,23.0,18.0,0.4,0.71,17.0,7.0,15.1,45.6,5.16,6.0,57.0,2015-2016,53.0,254.0,35.21,24.0,4.4,15.1,45.6,5.16,6.0,110.0,23.0,18.0,0.4,0.71,17.0,7.0,57.0,4.600761358969381,114.29274011489605,1,1
88877.0,1.0,53.0,346.0,19.1,20.98,47.0,116.0,27.0,23.0,0.6,1.03,16.0,7.4,15.6,45.9,5.19,5.4,56.0,2015-2016,53.0,346.0,20.98,19.1,4.7,15.6,45.9,5.19,5.4,116.0,27.0,23.0,0.6,1.03,16.0,7.4,56.0,8.072861377281342,213.67036653796035,0,0
88878.0,1.0,20.0,568.0,18.9,38.27,44.0,83.0,20.0,20.0,0.7,0.77,16.0,4.7,15.0,46.7,5.55,5.5,43.0,2015-2016,20.0,568.0,38.27,18.9,4.4,15.0,46.7,5.55,5.5,83.0,20.0,20.0,0.7,0.77,16.0,4.7,43.0,10.777656480813276,267.74000977202496,0,0
88884.0,1.0,24.0,368.0,20.8,22.12,45.0,100.0,47.0,31.0,0.3,0.79,13.0,6.7,15.9,47.0,5.17,5.4,45.0,2015-2016,24.0,368.0,22.12,20.8,4.5,15.9,47.0,5.17,5.4,100.0,47.0,31.0,0.3,0.79,13.0,6.7,45.0,8.682110839284972,220.38672663532716,0,0
88885.0,1.0,54.0,292.0,31.2,31.45,43.0,92.0,22.0,17.0,0.3,1.27,13.0,6.8,14.4,41.8,4.58,4.9,46.0,2015-2016,54.0,292.0,31.45,31.2,4.3,14.4,41.8,4.58,4.9,92.0,22.0,17.0,0.3,1.27,13.0,6.8,46.0,5.782407193867277,140.51405275442158,1,1
88887.0,1.0,40.0,535.0,26.7,28.88,46.0,102.0,22.0,25.0,0.7,0.77,13.0,5.3,15.6,46.0,5.0,5.3,35.0,2015-2016,40.0,535.0,28.88,26.7,4.6,15.6,46.0,5.0,5.3,102.0,22.0,25.0,0.7,0.77,13.0,5.3,35.0,11.485440364889369,297.7700294380985,0,0
88893.0,1.0,19.0,523.0,32.5,14.9,45.0,95.0,21.0,35.0,1.0,0.99,9.0,8.6,15.8,47.9,5.33,5.6,22.0,2015-2016,19.0,523.0,14.9,32.5,4.5,15.8,47.9,5.33,5.6,95.0,21.0,35.0,1.0,0.99,9.0,8.6,22.0,14.849558241389946,376.9412293140108,0,0
88894.0,1.0,21.0,868.0,30.1,66.89,43.0,83.0,25.0,28.0,0.9,0.87,12.0,4.8,16.7,49.8,5.24,5.2,73.0,2015-2016,21.0,868.0,66.89,30.1,4.3,16.7,49.8,5.24,5.2,83.0,25.0,28.0,0.9,0.87,12.0,4.8,73.0,12.16613091000027,295.6402590115163,0,0
88896.0,1.0,23.0,688.0,34.3,44.3,51.0,96.0,23.0,28.0,1.0,1.14,17.0,4.8,15.9,47.1,5.19,5.1,83.0,2015-2016,23.0,688.0,44.3,34.3,5.1,15.9,47.1,5.19,5.1,96.0,23.0,28.0,1.0,1.14,17.0,4.8,83.0,11.392291907357745,326.2205945385545,0,0
88897.0,1.0,31.0,486.0,28.7,26.52,45.0,90.0,31.0,33.0,0.5,0.88,12.0,6.1,15.8,47.5,5.48,5.3,56.0,2015-2016,31.0,486.0,26.52,28.7,4.5,15.8,47.5,5.48,5.3,90.0,31.0,33.0,0.5,0.88,12.0,6.1,56.0,10.888026448628246,276.3816948378956,0,0
88898.0,1.0,30.0,297.0,30.6,26.86,43.0,94.0,16.0,24.0,0.4,0.88,17.0,7.1,14.6,43.7,5.19,5.5,45.0,2015-2016,30.0,297.0,26.86,30.6,4.3,14.6,43.7,5.19,5.5,94.0,16.0,24.0,0.4,0.88,17.0,7.1,45.0,6.418738950739245,155.97708589211757,1,1
88901.0,1.0,33.0,379.0,20.0,29.07,51.0,58.0,27.0,23.0,0.6,1.27,8.0,6.2,14.5,42.6,4.63,5.6,47.0,2015-2016,33.0,379.0,29.07,20.0,5.1,14.5,42.6,4.63,5.6,58.0,27.0,23.0,0.6,1.27,8.0,6.2,47.0,7.313037866001818,209.41032585280644,0,0
88906.0,1.0,29.0,193.0,9.16,34.96,44.0,73.0,32.0,42.0,0.8,1.07,21.0,4.3,14.6,43.0,4.76,5.3,56.0,2015-2016,29.0,193.0,34.96,9.16,4.4,14.6,43.0,4.76,5.3,73.0,32.0,42.0,0.8,1.07,21.0,4.3,56.0,3.4418185939427954,85.50212614553887,1,1
88911.0,1.0,34.0,391.0,18.9,26.3,46.0,85.0,20.0,27.0,0.8,0.85,16.0,5.5,15.2,44.0,5.19,4.9,45.0,2015-2016,34.0,391.0,26.3,18.9,4.6,15.2,44.0,5.19,4.9,85.0,20.0,27.0,0.8,0.85,16.0,5.5,45.0,8.451144210168314,219.10326293977272,0,0
88912.0,1.0,27.0,420.0,26.1,31.49,43.0,106.0,16.0,24.0,1.1,1.15,16.0,5.9,15.4,45.9,4.89,5.4,52.0,2015-2016,27.0,420.0,31.49,26.1,4.3,15.4,45.9,4.89,5.4,106.0,16.0,24.0,1.1,1.15,16.0,5.9,52.0,8.656021558962795,210.34365605893132,0,0
88914.0,1.0,25.0,444.0,20.8,39.06,46.0,86.0,21.0,24.0,0.6,0.9,13.0,5.3,15.4,46.5,5.1,4.7,53.0,2015-2016,25.0,444.0,39.06,20.8,4.6,15.4,46.5,5.1,4.7,86.0,21.0,24.0,0.6,0.9,13.0,5.3,53.0,7.839221942046005,203.2386459983427,0,0
88915.0,1.0,37.0,419.0,17.9,36.14,44.0,85.0,22.0,25.0,0.5,0.98,19.0,5.4,16.3,47.5,5.4,5.7,48.0,2015-2016,37.0,419.0,36.14,17.9,4.4,16.3,47.5,5.4,5.7,85.0,22.0,25.0,0.5,0.98,19.0,5.4,48.0,7.870900700474912,195.52998689570137,0,0
88924.0,1.0,34.0,590.0,22.1,50.94,45.0,90.0,25.0,24.0,0.4,0.82,18.0,5.8,14.1,42.8,4.67,5.3,59.0,2015-2016,34.0,590.0,50.94,22.1,4.5,14.1,42.8,4.67,5.3,90.0,25.0,24.0,0.4,0.82,18.0,5.8,59.0,9.221154340661123,234.0698084320713,0,0
88927.0,1.0,50.0,403.0,25.9,35.85,48.0,86.0,17.0,24.0,0.7,0.79,19.0,8.2,13.5,41.6,5.76,5.0,70.0,2015-2016,50.0,403.0,35.85,25.9,4.8,13.5,41.6,5.76,5.0,86.0,17.0,24.0,0.7,0.79,19.0,8.2,70.0,7.239540012051767,195.5371022262615,0,0
88930.0,1.0,24.0,360.0,6.58,15.27,45.0,99.0,19.0,24.0,0.6,0.75,16.0,5.9,15.4,45.5,5.33,5.2,43.0,2015-2016,24.0,360.0,15.27,6.58,4.5,15.4,45.5,5.33,5.2,99.0,19.0,24.0,0.6,0.75,16.0,5.9,43.0,9.786502067591794,248.42059676630947,0,0
88940.0,1.0,31.0,355.0,18.3,18.66,44.0,103.0,28.0,21.0,0.9,0.79,15.0,6.6,15.5,46.3,5.28,5.0,32.0,2015-2016,31.0,355.0,18.66,18.3,4.4,15.5,46.3,5.28,5.0,103.0,28.0,21.0,0.9,0.79,15.0,6.6,32.0,9.095980177910587,225.96357807983827,0,0
88942.0,1.0,57.0,481.0,41.3,60.28,43.0,191.0,36.0,40.0,0.2,0.72,14.0,5.4,15.5,45.3,5.17,6.5,34.0,2015-2016,57.0,481.0,60.28,41.3,4.3,15.5,45.3,5.17,6.5,191.0,36.0,40.0,0.2,0.72,14.0,5.4,34.0,6.5511066438139,159.19365649741835,0,0
88943.0,1.0,43.0,415.0,23.5,31.61,46.0,89.0,25.0,23.0,0.4,0.85,9.0,6.1,14.1,41.9,4.7,5.8,46.0,2015-2016,43.0,415.0,31.61,23.5,4.6,14.1,41.9,4.7,5.8,89.0,25.0,23.0,0.4,0.85,9.0,6.1,46.0,8.212987177506697,212.92883476170059,0,0
88945.0,1.0,30.0,350.0,12.5,31.75,48.0,88.0,21.0,28.0,0.9,1.02,16.0,5.7,14.7,43.6,4.88,5.0,48.0,2015-2016,30.0,350.0,31.75,12.5,4.8,14.7,43.6,4.88,5.0,88.0,21.0,28.0,0.9,1.02,16.0,5.7,48.0,6.625175911737906,178.94337172857342,0,0
88952.0,1.0,60.0,417.0,25.5,56.3,44.0,100.0,17.0,27.0,0.6,0.95,15.0,6.4,15.5,46.3,5.02,5.4,46.0,2015-2016,60.0,417.0,56.3,25.5,4.4,15.5,46.3,5.02,5.4,100.0,17.0,27.0,0.6,0.95,15.0,6.4,46.0,5.816400495981285,144.49181307683767,0,1
88960.0,1.0,53.0,495.0,21.7,83.34,43.0,95.0,16.0,18.0,0.5,10.71,57.0,4.5,12.4,38.2,4.31,5.7,81.0,2015-2016,53.0,495.0,83.34,21.7,4.3,12.4,38.2,4.31,5.7,95.0,16.0,18.0,0.5,10.71,57.0,4.5,81.0,5.217464349499241,126.78578942475589,0,1
88961.0,1.0,54.0,288.0,21.0,27.4,45.0,111.0,23.0,22.0,0.3,1.54,24.0,4.1,15.0,46.5,5.3,7.0,81.0,2015-2016,54.0,288.0,27.4,21.0,4.5,15.0,46.5,5.3,7.0,111.0,23.0,22.0,0.3,1.54,24.0,4.1,81.0,5.991093341124224,152.07793068509284,1,1
88965.0,1.0,22.0,550.0,17.1,66.79,53.0,91.0,18.0,21.0,0.6,0.74,13.0,5.2,15.0,46.1,5.19,5.5,50.0,2015-2016,22.0,550.0,66.79,17.1,5.3,15.0,46.1,5.19,5.5,91.0,18.0,21.0,0.6,0.74,13.0,5.2,50.0,6.534208069925612,194.18971625690077,0,0
88968.0,1.0,36.0,332.0,21.1,44.28,45.0,86.0,15.0,17.0,0.4,1.07,13.0,5.8,15.6,46.2,5.11,5.1,39.0,2015-2016,36.0,332.0,44.28,21.1,4.5,15.6,46.2,5.11,5.1,86.0,15.0,17.0,0.4,1.07,13.0,5.8,39.0,5.2861697407404655,134.1841479757534,0,1
88974.0,1.0,22.0,556.0,23.0,25.12,48.0,89.0,23.0,28.0,0.4,0.7,13.0,6.7,15.1,45.7,5.56,5.6,46.0,2015-2016,22.0,556.0,25.12,23.0,4.8,15.1,45.7,5.56,5.6,89.0,23.0,28.0,0.4,0.7,13.0,6.7,46.0,12.482664279422703,337.1518076008013,0,0
88981.0,1.0,35.0,653.0,21.5,55.12,49.0,117.0,24.0,35.0,0.8,0.94,18.0,4.4,15.6,42.9,4.41,8.4,81.0,2015-2016,35.0,653.0,55.12,21.5,4.9,15.6,42.9,4.41,8.4,117.0,24.0,35.0,0.8,0.94,18.0,4.4,81.0,9.455142061361299,260.5030610860212,0,0
88983.0,1.0,29.0,445.0,37.8,34.57,50.0,86.0,30.0,38.0,0.7,1.04,12.0,7.6,16.1,48.3,5.37,5.3,45.0,2015-2016,29.0,445.0,34.57,37.8,5.0,16.1,48.3,5.37,5.3,86.0,30.0,38.0,0.7,1.04,12.0,7.6,45.0,8.076092254450385,226.88437766786,0,0
88985.0,1.0,44.0,539.0,30.0,67.86,41.0,125.0,59.0,50.0,0.8,0.94,19.0,6.5,14.7,41.9,4.54,4.9,58.0,2015-2016,44.0,539.0,67.86,30.0,4.1,14.7,41.9,4.54,4.9,125.0,59.0,50.0,0.8,0.94,19.0,6.5,58.0,6.914313805315563,160.52641514411428,0,0
88996.0,1.0,33.0,491.0,21.3,32.56,43.0,90.0,18.0,21.0,0.8,0.95,13.0,7.1,15.7,45.9,4.94,5.2,41.0,2015-2016,33.0,491.0,32.56,21.3,4.3,15.7,45.9,4.94,5.2,90.0,18.0,21.0,0.8,0.95,13.0,7.1,41.0,10.147542321180588,246.5880124385482,0,0
89003.0,1.0,52.0,309.0,32.7,22.84,47.0,89.0,42.0,24.0,0.8,0.89,10.0,5.9,16.6,49.0,5.42,5.4,37.0,2015-2016,52.0,309.0,22.84,32.7,4.7,16.6,49.0,5.42,5.4,89.0,42.0,24.0,0.8,0.89,10.0,5.9,37.0,6.880665723753283,182.11564630069918,0,0
89005.0,1.0,43.0,289.0,17.2,37.42,44.0,82.0,24.0,20.0,0.5,0.78,12.0,6.4,15.3,46.0,5.22,5.7,27.0,2015-2016,43.0,289.0,37.42,17.2,4.4,15.3,46.0,5.22,5.7,82.0,24.0,20.0,0.5,0.78,12.0,6.4,27.0,5.1026672395194135,126.76115433855686,1,1
89006.0,1.0,50.0,378.0,20.5,47.96,46.0,85.0,24.0,29.0,0.3,0.82,13.0,5.8,15.2,46.8,5.17,5.6,53.0,2015-2016,50.0,378.0,47.96,20.5,4.6,15.2,46.8,5.17,5.6,85.0,24.0,29.0,0.3,0.82,13.0,5.8,53.0,5.7330589089898245,148.63453780308723,0,1
89019.0,1.0,36.0,679.0,15.0,58.21,38.0,68.0,15.0,22.0,0.1,0.74,7.0,3.5,15.2,44.7,4.89,5.1,71.0,2015-2016,36.0,679.0,58.21,15.0,3.8,15.2,44.7,4.89,5.1,68.0,15.0,22.0,0.1,0.74,7.0,3.5,71.0,10.579808461142404,228.42796498300234,0,0
89042.0,1.0,20.0,833.0,45.2,29.56,45.0,88.0,18.0,17.0,0.7,0.71,15.0,5.5,16.3,47.7,5.6,5.0,59.0,2015-2016,20.0,833.0,29.56,45.2,4.5,16.3,47.7,5.6,5.0,88.0,18.0,17.0,0.7,0.71,15.0,5.5,59.0,19.33601099769998,490.8253590458353,0,0
89043.0,1.0,49.0,221.0,25.4,19.33,46.0,110.0,49.0,33.0,0.4,1.17,22.0,3.9,14.5,42.0,4.89,7.1,44.0,2015-2016,49.0,221.0,19.33,25.4,4.6,14.5,42.0,4.89,7.1,110.0,49.0,33.0,0.4,1.17,22.0,3.9,44.0,5.22572305528129,135.48141460586027,1,1
89044.0,1.0,30.0,295.0,47.7,15.5,47.0,98.0,26.0,24.0,1.0,1.09,17.0,8.2,15.4,46.6,5.43,5.5,56.0,2015-2016,30.0,295.0,15.5,47.7,4.7,15.4,46.6,5.43,5.5,98.0,26.0,24.0,1.0,1.09,17.0,8.2,56.0,7.616931773160752,201.60294198114715,1,0
89045.0,1.0,19.0,905.0,34.0,41.84,46.0,77.0,15.0,25.0,0.5,0.89,9.0,3.9,15.0,45.9,5.78,5.0,67.0,2015-2016,19.0,905.0,41.84,34.0,4.6,15.0,45.9,5.78,5.0,77.0,15.0,25.0,0.5,0.89,9.0,3.9,67.0,17.39556152335206,450.99506003579256,0,0
89047.0,1.0,37.0,174.0,18.9,20.02,38.0,82.0,48.0,32.0,0.5,1.4,17.0,5.5,13.2,40.0,4.52,6.1,43.0,2015-2016,37.0,174.0,20.02,18.9,3.8,13.2,40.0,4.52,6.1,82.0,48.0,32.0,0.5,1.4,17.0,5.5,43.0,4.470200305591542,96.51580769378229,1,1
89054.0,1.0,49.0,155.0,27.5,6.87,47.0,165.0,71.0,43.0,0.3,1.3,15.0,8.8,12.4,40.6,5.94,10.2,31.0,2015-2016,49.0,155.0,6.87,27.5,4.7,12.4,40.6,5.94,10.2,165.0,71.0,43.0,0.3,1.3,15.0,8.8,31.0,4.789969171758239,126.7796411710198,1,1
89063.0,1.0,24.0,390.0,23.4,20.21,47.0,78.0,36.0,32.0,0.1,1.11,18.0,8.0,16.6,48.3,5.59,5.5,32.0,2015-2016,24.0,390.0,20.21,23.4,4.7,16.6,48.3,5.59,5.5,78.0,36.0,32.0,0.1,1.11,18.0,8.0,32.0,9.345378088082555,247.3510033426197,0,0
89067.0,1.0,34.0,448.0,18.2,21.57,47.0,90.0,24.0,24.0,0.5,0.94,18.0,7.7,16.2,47.3,5.35,5.5,77.0,2015-2016,34.0,448.0,21.57,18.2,4.7,16.2,47.3,5.35,5.5,90.0,24.0,24.0,0.5,0.94,18.0,7.7,77.0,10.606508298368036,280.73026525365975,0,0
89077.0,1.0,53.0,357.0,12.8,58.77,42.0,94.0,24.0,33.0,0.2,0.96,15.0,7.0,13.1,39.4,4.71,5.7,40.0,2015-2016,53.0,357.0,58.77,12.8,4.2,13.1,39.4,4.71,5.7,94.0,24.0,33.0,0.2,0.96,15.0,7.0,40.0,4.816625346183144,114.43532461660342,0,1
89081.0,1.0,43.0,838.0,28.6,66.29,47.0,82.0,15.0,27.0,0.3,1.16,21.0,6.6,13.7,41.9,4.54,5.7,66.0,2015-2016,43.0,838.0,66.29,28.6,4.7,13.7,41.9,4.54,5.7,82.0,15.0,27.0,0.3,1.16,21.0,6.6,66.0,11.311589723702063,299.392174525904,0,0
89087.0,1.0,41.0,179.0,20.5,6.7,46.0,121.0,33.0,25.0,0.5,1.02,13.0,8.3,14.2,44.4,5.06,6.4,46.0,2015-2016,41.0,179.0,6.7,20.5,4.6,14.2,44.4,5.06,6.4,121.0,33.0,25.0,0.5,1.02,13.0,8.3,46.0,5.678252422470123,147.21363197920093,1,1
89095.0,1.0,54.0,400.0,27.4,30.5,41.0,90.0,39.0,44.0,0.8,1.07,21.0,6.0,18.0,52.6,5.57,5.7,33.0,2015-2016,54.0,400.0,30.5,27.4,4.1,18.0,52.6,5.57,5.7,90.0,39.0,44.0,0.8,1.07,21.0,6.0,33.0,8.558512005881585,198.69900180345252,0,0
89099.0,1.0,59.0,366.0,22.8,64.93,47.0,105.0,43.0,36.0,0.4,1.34,29.0,8.6,16.2,48.6,4.72,5.5,41.0,2015-2016,59.0,366.0,64.93,22.8,4.7,16.2,48.6,4.72,5.5,105.0,43.0,36.0,0.4,1.34,29.0,8.6,41.0,4.422106282686834,117.04314320949153,0,1
89102.0,1.0,60.0,229.0,32.6,45.89,35.0,105.0,19.0,17.0,0.6,0.48,20.0,5.3,12.4,37.4,4.54,4.7,38.0,2015-2016,60.0,229.0,45.89,32.6,3.5,12.4,37.4,4.54,4.7,105.0,19.0,17.0,0.6,0.48,20.0,5.3,38.0,3.7829838925885144,75.52854291333792,1,1
89108.0,1.0,28.0,290.0,26.7,19.04,43.0,86.0,36.0,24.0,0.5,0.87,12.0,6.7,14.9,43.9,5.03,5.6,68.0,2015-2016,28.0,290.0,19.04,26.7,4.3,14.9,43.9,5.03,5.6,86.0,36.0,24.0,0.5,0.87,12.0,6.7,68.0,7.346409907371897,178.5197400789886,1,0
89116.0,1.0,22.0,955.0,54.1,65.07,45.0,82.0,30.0,31.0,0.7,1.03,14.0,5.5,14.5,43.2,4.74,5.3,62.0,2015-2016,22.0,955.0,65.07,54.1,4.5,14.5,43.2,4.74,5.3,82.0,30.0,31.0,0.7,1.03,14.0,5.5,62.0,13.75177494002445,349.07509481960375,0,0
89119.0,1.0,26.0,645.0,11.1,79.97,48.0,83.0,14.0,27.0,0.9,1.18,19.0,5.4,13.2,40.1,4.32,5.2,79.0,2015-2016,26.0,645.0,79.97,11.1,4.8,13.2,40.1,4.32,5.2,83.0,14.0,27.0,0.9,1.18,19.0,5.4,79.0,7.0695189591686995,190.9449010722008,0,0
89123.0,1.0,29.0,550.0,32.3,14.66,48.0,92.0,30.0,26.0,0.4,0.99,14.0,6.5,16.9,50.2,5.59,5.2,46.0,2015-2016,29.0,550.0,14.66,32.3,4.8,16.9,50.2,5.59,5.2,92.0,30.0,26.0,0.4,0.99,14.0,6.5,46.0,15.005757402565498,405.2995513973753,0,0
89124.0,1.0,39.0,268.0,24.8,25.26,49.0,94.0,28.0,23.0,0.9,0.9,12.0,7.6,15.0,44.8,4.84,5.6,52.0,2015-2016,39.0,268.0,25.26,24.8,4.9,15.0,44.8,4.84,5.6,94.0,28.0,23.0,0.9,0.9,12.0,7.6,52.0,5.495307033440297,151.403785847786,1,1
89126.0,1.0,28.0,1000.0,32.2,91.42,47.0,98.0,38.0,27.0,1.1,0.9,17.0,5.1,15.8,47.0,5.07,4.8,72.0,2015-2016,28.0,1000.0,91.42,32.2,4.7,15.8,47.0,5.07,4.8,98.0,38.0,27.0,1.1,0.9,17.0,5.1,72.0,10.743955142344108,284.36817208239603,0,0
89130.0,1.0,50.0,330.0,26.5,25.51,51.0,127.0,65.0,44.0,0.8,0.95,12.0,8.8,15.8,46.5,5.28,6.4,40.0,2015-2016,50.0,330.0,25.51,26.5,5.1,15.8,46.5,5.28,6.4,127.0,65.0,44.0,0.8,0.95,12.0,8.8,40.0,6.687821096802293,191.5071165756621,0,0
89131.0,1.0,51.0,269.0,20.3,34.71,43.0,143.0,17.0,19.0,0.6,0.88,8.0,3.5,15.5,47.5,5.25,6.5,46.0,2015-2016,51.0,269.0,34.71,20.3,4.3,15.5,47.5,5.25,6.5,143.0,17.0,19.0,0.6,0.88,8.0,3.5,46.0,4.991717453218999,121.30007902257059,1,1
89134.0,1.0,37.0,336.0,23.2,21.65,46.0,94.0,32.0,26.0,1.1,0.81,12.0,6.1,15.6,44.0,4.98,5.1,45.0,2015-2016,37.0,336.0,21.65,23.2,4.6,15.6,44.0,4.98,5.1,94.0,32.0,26.0,1.1,0.81,12.0,6.1,45.0,7.821754847112539,202.78579637244275,0,0
89137.0,1.0,60.0,393.0,19.5,32.55,46.0,96.0,25.0,25.0,0.5,0.96,17.0,6.7,15.9,46.8,5.16,5.5,34.0,2015-2016,60.0,393.0,32.55,19.5,4.6,15.9,46.8,5.16,5.5,96.0,25.0,25.0,0.5,0.96,17.0,6.7,34.0,7.603770699657717,197.13436778611825,0,0
89141.0,1.0,45.0,503.0,22.4,36.68,47.0,87.0,19.0,27.0,1.3,1.02,17.0,5.6,15.5,46.1,5.13,5.3,43.0,2015-2016,45.0,503.0,36.68,22.4,4.7,15.5,46.1,5.13,5.3,87.0,19.0,27.0,1.3,1.02,17.0,5.6,43.0,9.276837641043095,245.53689286094942,0,0
89158.0,1.0,55.0,785.0,18.6,98.7,45.0,175.0,35.0,30.0,0.5,0.69,17.0,3.0,14.7,42.9,4.9,8.1,74.0,2015-2016,55.0,785.0,98.7,18.6,4.5,14.7,42.9,4.9,8.1,175.0,35.0,30.0,0.5,0.69,17.0,3.0,74.0,7.581654461178537,192.452738753203,0,0
89162.0,1.0,51.0,454.0,25.2,46.4,43.0,97.0,64.0,46.0,0.3,0.85,14.0,5.4,15.4,45.5,5.28,6.2,28.0,2015-2016,51.0,454.0,46.4,25.2,4.3,15.4,45.5,5.28,6.2,97.0,64.0,46.0,0.3,0.85,14.0,5.4,28.0,7.417257954282992,180.24136670738855,0,0
89166.0,1.0,47.0,364.0,17.3,62.16,44.0,80.0,35.0,25.0,0.7,0.89,16.0,6.4,14.4,41.7,4.46,5.2,37.0,2015-2016,47.0,364.0,62.16,17.3,4.4,14.4,41.7,4.46,5.2,80.0,35.0,25.0,0.7,0.89,16.0,6.4,37.0,4.6439488688102575,115.3656101147342,0,1
89169.0,1.0,44.0,274.0,18.7,26.16,32.0,88.0,23.0,25.0,0.4,3.53,52.0,8.1,14.0,42.5,4.58,5.4,42.0,2015-2016,44.0,274.0,26.16,18.7,3.2,14.0,42.5,4.58,5.4,88.0,23.0,25.0,0.4,3.53,52.0,8.1,42.0,6.9508671493587775,127.47706423925314,1,0
89172.0,1.0,32.0,315.0,16.1,39.17,43.0,86.0,31.0,23.0,0.7,0.84,15.0,5.3,14.3,43.0,5.21,5.5,34.0,2015-2016,32.0,315.0,39.17,16.1,4.3,14.3,43.0,5.21,5.5,86.0,31.0,23.0,0.7,0.84,15.0,5.3,34.0,5.508016646158355,133.84628851654887,0,1
89178.0,1.0,21.0,886.0,18.0,50.35,48.0,96.0,27.0,29.0,0.4,1.0,12.0,5.3,15.5,45.5,5.01,5.5,78.0,2015-2016,21.0,886.0,50.35,18.0,4.8,15.5,45.5,5.01,5.5,96.0,27.0,29.0,0.4,1.0,12.0,5.3,78.0,14.673338929204423,396.3210603745623,0,0
89180.0,1.0,32.0,741.0,22.5,47.86,41.0,125.0,28.0,20.0,0.6,0.71,8.0,4.9,13.3,39.3,4.07,5.3,42.0,2015-2016,32.0,741.0,47.86,22.5,4.1,13.3,39.3,4.07,5.3,125.0,28.0,20.0,0.6,0.71,8.0,4.9,42.0,13.224973931399173,307.03808293308765,0,0
89181.0,1.0,58.0,349.0,22.7,29.09,48.0,94.0,17.0,18.0,1.1,0.67,10.0,5.1,14.2,43.4,4.7,5.4,52.0,2015-2016,58.0,349.0,29.09,22.7,4.8,14.2,43.4,4.7,5.4,94.0,17.0,18.0,1.1,0.67,10.0,5.1,52.0,6.914407976825941,186.75541500536764,0,0
89185.0,1.0,24.0,380.0,23.6,30.49,46.0,107.0,43.0,25.0,0.8,0.86,21.0,7.5,15.5,44.9,5.18,4.8,49.0,2015-2016,24.0,380.0,30.49,23.6,4.6,15.5,44.9,5.18,4.8,107.0,43.0,25.0,0.8,0.86,21.0,7.5,49.0,7.590352217696657,196.78648197228617,0,0
89190.0,1.0,47.0,325.0,35.1,19.88,42.0,119.0,15.0,14.0,0.8,9.36,39.0,4.3,9.1,29.6,3.06,4.8,64.0,2015-2016,47.0,325.0,19.88,35.1,4.2,9.1,29.6,3.06,4.8,119.0,15.0,14.0,0.8,9.36,39.0,4.3,64.0,8.290885250027369,196.9781904871901,0,0
89192.0,1.0,44.0,307.0,30.2,30.48,44.0,93.0,58.0,30.0,0.5,1.11,15.0,6.7,16.1,50.5,5.63,5.6,40.0,2015-2016,44.0,307.0,30.48,30.2,4.4,16.1,50.5,5.63,5.6,93.0,58.0,30.0,0.5,1.11,15.0,6.7,40.0,6.143730152596968,152.62338097538543,0,1
89194.0,1.0,49.0,181.0,15.6,17.1,37.0,108.0,33.0,20.0,0.5,0.86,15.0,6.5,14.7,44.8,4.97,5.7,50.0,2015-2016,49.0,181.0,17.1,15.6,3.7,14.7,44.8,4.97,5.7,108.0,33.0,20.0,0.5,0.86,15.0,6.5,50.0,5.086335923539053,107.06263602971512,1,1
89201.0,1.0,50.0,347.0,13.9,47.39,48.0,154.0,37.0,38.0,0.4,1.03,13.0,6.1,14.4,41.3,4.42,6.7,63.0,2015-2016,50.0,347.0,47.39,13.9,4.8,14.4,41.3,4.42,6.7,154.0,37.0,38.0,0.4,1.03,13.0,6.1,63.0,5.163391797255997,139.46116300393845,0,1
89204.0,1.0,45.0,401.0,16.6,23.06,45.0,103.0,24.0,17.0,0.8,0.82,12.0,6.4,15.8,46.4,4.96,5.7,48.0,2015-2016,45.0,401.0,23.06,16.6,4.5,15.8,46.4,4.96,5.7,103.0,24.0,17.0,0.8,0.82,12.0,6.4,48.0,9.371634378992677,237.88959415996018,0,0
89208.0,1.0,57.0,583.0,15.8,63.63,45.0,84.0,46.0,38.0,0.4,0.87,11.0,3.7,14.5,43.5,5.01,5.8,72.0,2015-2016,57.0,583.0,63.63,15.8,4.5,14.5,43.5,5.01,5.8,84.0,46.0,38.0,0.4,0.87,11.0,3.7,72.0,7.712812050026162,195.78204336755078,0,0
89214.0,1.0,51.0,434.0,18.1,33.05,44.0,94.0,31.0,25.0,0.3,0.92,21.0,7.0,15.4,46.5,5.06,5.6,38.0,2015-2016,51.0,434.0,33.05,18.1,4.4,15.4,46.5,5.06,5.6,94.0,31.0,25.0,0.3,0.92,21.0,7.0,38.0,8.63177588314393,214.43175178362088,0,0
89234.0,1.0,22.0,385.0,25.8,33.56,43.0,89.0,39.0,33.0,0.3,0.91,13.0,6.6,15.2,45.2,5.14,5.0,42.0,2015-2016,22.0,385.0,33.56,25.8,4.3,15.2,45.2,5.14,5.0,89.0,39.0,33.0,0.3,0.91,13.0,6.6,42.0,7.5659039402167485,183.8535042149963,0,0
89239.0,1.0,24.0,427.0,24.4,21.02,44.0,100.0,36.0,26.0,0.2,1.1,17.0,7.6,14.7,44.0,5.29,5.8,41.0,2015-2016,24.0,427.0,21.02,24.4,4.4,14.7,44.0,5.29,5.8,100.0,36.0,26.0,0.2,1.1,17.0,7.6,41.0,10.620563934857511,263.8374953558172,0,0
89244.0,1.0,49.0,382.0,30.6,46.61,45.0,90.0,20.0,17.0,1.0,0.92,12.0,5.6,15.8,47.3,5.29,5.1,35.0,2015-2016,49.0,382.0,46.61,30.6,4.5,15.8,47.3,5.29,5.1,90.0,20.0,17.0,1.0,0.92,12.0,5.6,35.0,5.968529478003925,151.50516951843858,0,1
89256.0,1.0,35.0,246.0,33.9,,40.0,107.0,37.0,37.0,0.4,1.15,13.0,6.2,13.3,39.9,4.71,5.7,31.0,2015-2016,35.0,246.0,,33.9,4.0,13.3,39.9,4.71,5.7,107.0,37.0,37.0,0.4,1.15,13.0,6.2,31.0,,,1,0
89259.0,1.0,38.0,259.0,26.1,18.14,44.0,97.0,22.0,19.0,0.3,0.99,10.0,6.8,13.9,42.4,5.13,5.9,40.0,2015-2016,38.0,259.0,18.14,26.1,4.4,13.9,42.4,5.13,5.9,97.0,22.0,19.0,0.3,0.99,10.0,6.8,40.0,6.535268085507719,162.35001961619434,1,0
89264.0,1.0,26.0,409.0,22.1,22.33,47.0,106.0,15.0,15.0,0.4,0.95,13.0,6.3,16.1,48.0,5.41,5.2,55.0,2015-2016,26.0,409.0,22.33,22.1,4.7,16.1,48.0,5.41,5.2,106.0,15.0,15.0,0.4,0.95,13.0,6.3,55.0,9.448420701520869,250.07830806809838,0,0
89266.0,1.0,39.0,278.0,24.8,25.31,47.0,92.0,50.0,32.0,0.3,0.93,11.0,6.6,15.6,43.9,5.08,5.5,36.0,2015-2016,39.0,278.0,25.31,24.8,4.7,15.6,43.9,5.08,5.5,92.0,50.0,32.0,0.3,0.93,11.0,6.6,36.0,5.851540294237922,154.87702575942396,1,1
89267.0,1.0,25.0,173.0,37.1,13.4,41.0,103.0,40.0,38.0,0.8,1.14,12.0,8.2,15.1,44.8,5.27,5.4,37.0,2015-2016,25.0,173.0,13.4,37.1,4.1,15.1,44.8,5.27,5.4,103.0,40.0,38.0,0.8,1.14,12.0,8.2,37.0,4.994423923047286,115.95322264089718,1,1
89268.0,1.0,34.0,802.0,25.7,42.21,48.0,98.0,14.0,21.0,0.7,0.89,8.0,4.3,14.7,43.3,5.03,5.1,83.0,2015-2016,34.0,802.0,42.21,25.7,4.8,14.7,43.3,5.03,5.1,98.0,14.0,21.0,0.7,0.89,8.0,4.3,83.0,14.567316014379223,393.4574235274713,0,0
89271.0,1.0,57.0,206.0,25.9,43.71,47.0,111.0,29.0,31.0,1.2,0.99,19.0,7.5,15.3,44.8,5.15,6.1,59.0,2015-2016,57.0,206.0,43.71,25.9,4.7,15.3,44.8,5.15,6.1,111.0,29.0,31.0,1.2,0.99,19.0,7.5,59.0,3.1257667784383516,82.7319709887081,1,1
89280.0,1.0,57.0,604.0,28.8,65.42,41.0,93.0,15.0,23.0,0.4,1.1,15.0,7.6,17.6,51.8,5.48,5.5,87.0,2015-2016,57.0,604.0,65.42,28.8,4.1,17.6,51.8,5.48,5.5,93.0,15.0,23.0,0.4,1.1,15.0,7.6,87.0,8.135393818760228,188.87566319410976,0,0
89290.0,1.0,36.0,153.0,47.3,25.7,41.0,91.0,35.0,25.0,0.6,0.9,11.0,5.9,14.6,43.2,4.84,6.4,43.0,2015-2016,36.0,153.0,25.7,47.3,4.1,14.6,43.2,4.84,6.4,91.0,35.0,25.0,0.6,0.9,11.0,5.9,43.0,3.3064415559056073,76.7641193034962,1,1
89292.0,1.0,32.0,232.0,28.5,11.16,48.0,84.0,86.0,44.0,0.6,0.82,10.0,7.0,16.2,47.1,5.35,5.0,42.0,2015-2016,32.0,232.0,11.16,28.5,4.8,16.2,47.1,5.35,5.0,84.0,86.0,44.0,0.6,0.82,10.0,7.0,42.0,6.419873661756669,173.39823944461145,1,1
89297.0,1.0,19.0,379.0,19.5,27.54,46.0,103.0,18.0,26.0,0.3,0.94,13.0,5.0,14.2,42.2,4.65,5.1,65.0,2015-2016,19.0,379.0,27.54,19.5,4.6,14.2,42.2,4.65,5.1,103.0,18.0,26.0,0.3,0.94,13.0,5.0,65.0,7.979307855471237,206.8704951255221,0,0
89308.0,1.0,60.0,437.0,19.2,62.05,42.0,92.0,69.0,148.0,1.4,0.82,14.0,5.9,14.5,43.0,4.73,5.5,39.0,2015-2016,60.0,437.0,62.05,19.2,4.2,14.5,43.0,4.73,5.5,92.0,69.0,148.0,1.4,0.82,14.0,5.9,39.0,5.793508411928224,137.64450588074038,0,1
89311.0,1.0,19.0,402.0,26.5,20.25,47.0,106.0,16.0,26.0,1.3,0.99,15.0,6.5,15.6,46.3,5.05,5.3,40.0,2015-2016,19.0,402.0,20.25,26.5,4.7,15.6,46.3,5.05,5.3,106.0,16.0,26.0,1.3,0.99,15.0,6.5,40.0,9.654335583965342,255.52840888753653,0,0
89313.0,1.0,51.0,165.0,19.2,29.5,46.0,157.0,81.0,53.0,0.5,1.1,24.0,7.3,15.7,46.6,4.97,6.1,26.0,2015-2016,51.0,165.0,29.5,19.2,4.6,15.7,46.6,4.97,6.1,157.0,81.0,53.0,0.5,1.1,24.0,7.3,26.0,3.141145983543378,81.4369412293828,1,1
89317.0,1.0,24.0,809.0,25.7,64.1,48.0,110.0,18.0,22.0,0.7,0.95,9.0,3.7,15.2,44.2,4.61,5.5,43.0,2015-2016,24.0,809.0,64.1,25.7,4.8,15.2,44.2,4.61,5.5,110.0,18.0,22.0,0.7,0.95,9.0,3.7,43.0,11.024196210272482,297.7591639443792,0,0
89319.0,1.0,60.0,666.0,25.0,68.19,44.0,109.0,22.0,25.0,0.7,0.86,15.0,5.0,14.5,44.6,4.79,5.6,62.0,2015-2016,60.0,666.0,68.19,25.0,4.4,14.5,44.6,4.79,5.6,109.0,22.0,25.0,0.7,0.86,15.0,5.0,62.0,8.609508081379309,213.87857202022101,0,0
89325.0,1.0,44.0,101.0,24.2,19.84,41.0,212.0,42.0,40.0,0.2,0.8,12.0,4.9,15.4,44.6,5.11,7.8,31.0,2015-2016,44.0,101.0,19.84,24.2,4.1,15.4,44.6,5.11,7.8,212.0,42.0,40.0,0.2,0.8,12.0,4.9,31.0,2.432965303894807,56.48502648288746,1,1
89326.0,1.0,54.0,443.0,20.1,108.4,48.0,89.0,26.0,32.0,0.6,0.61,13.0,5.5,14.8,43.2,4.85,5.4,51.0,2015-2016,54.0,443.0,108.4,20.1,4.8,14.8,43.2,4.85,5.4,89.0,26.0,32.0,0.6,0.61,13.0,5.5,51.0,3.589613497845494,96.95403579682066,0,1
89331.0,1.0,35.0,547.0,32.5,23.56,46.0,92.0,29.0,22.0,0.2,1.0,13.0,5.1,15.0,44.1,4.91,5.6,41.0,2015-2016,35.0,547.0,23.56,32.5,4.6,15.0,44.1,4.91,5.6,92.0,29.0,22.0,0.2,1.0,13.0,5.1,41.0,12.968827989896543,336.2281436012076,0,0
89335.0,1.0,37.0,364.0,23.4,29.73,43.0,90.0,32.0,28.0,0.5,1.05,13.0,7.3,14.6,44.2,4.97,6.0,50.0,2015-2016,37.0,364.0,29.73,23.4,4.3,14.6,44.2,4.97,6.0,90.0,32.0,28.0,0.5,1.05,13.0,7.3,50.0,7.611453192474952,184.96036331712276,0,0
89346.0,1.0,48.0,242.0,17.6,24.62,44.0,99.0,24.0,22.0,0.3,0.96,20.0,4.5,13.3,40.6,4.99,6.0,40.0,2015-2016,48.0,242.0,24.62,17.6,4.4,13.3,40.6,4.99,6.0,99.0,24.0,22.0,0.3,0.96,20.0,4.5,40.0,5.302512238119598,131.7257310044914,1,1
89347.0,1.0,19.0,584.0,19.8,54.36,43.0,121.0,13.0,18.0,0.5,0.87,12.0,6.1,14.7,43.3,5.0,5.8,34.0,2015-2016,19.0,584.0,54.36,19.8,4.3,14.7,43.3,5.0,5.8,121.0,13.0,18.0,0.5,0.87,12.0,6.1,34.0,8.864515337844148,215.4101110598476,0,0
89350.0,1.0,57.0,713.0,21.7,94.26,44.0,83.0,24.0,22.0,0.5,0.76,12.0,4.0,15.1,45.1,5.0,5.5,73.0,2015-2016,57.0,713.0,94.26,21.7,4.4,15.1,45.1,5.0,5.5,83.0,24.0,22.0,0.5,0.76,12.0,4.0,73.0,7.095067242359044,176.25662649242642,0,0
89353.0,1.0,36.0,388.0,10.6,42.09,43.0,94.0,15.0,22.0,1.4,0.79,14.0,5.8,16.9,50.9,5.9,5.3,68.0,2015-2016,36.0,388.0,42.09,10.6,4.3,16.9,50.9,5.9,5.3,94.0,15.0,22.0,1.4,0.79,14.0,5.8,68.0,6.62981657920812,161.10632913417254,0,0
89354.0,1.0,39.0,315.0,25.4,13.75,42.0,109.0,21.0,18.0,0.7,0.98,5.0,6.0,14.2,44.1,5.08,6.2,42.0,2015-2016,39.0,315.0,13.75,25.4,4.2,14.2,44.1,5.08,6.2,109.0,21.0,18.0,0.7,0.98,5.0,6.0,42.0,9.216273533756416,218.96393798338087,0,0
89357.0,1.0,39.0,576.0,15.8,43.87,40.0,104.0,24.0,19.0,0.7,1.01,13.0,5.4,14.6,43.2,4.75,5.7,32.0,2015-2016,39.0,576.0,43.87,15.8,4.0,14.6,43.2,4.75,5.7,104.0,24.0,19.0,0.7,1.01,13.0,5.4,32.0,10.504756948842296,238.19188921449106,0,0
89358.0,1.0,42.0,326.0,30.4,29.77,46.0,79.0,32.0,31.0,0.6,1.0,8.0,9.1,16.0,48.0,4.89,5.5,68.0,2015-2016,42.0,326.0,29.77,30.4,4.6,16.0,48.0,4.89,5.5,79.0,32.0,31.0,0.6,1.0,8.0,9.1,68.0,6.490509499987245,168.2721030695174,0,1
89367.0,1.0,58.0,450.0,23.0,80.15,42.0,88.0,39.0,69.0,0.8,0.82,12.0,7.8,15.7,46.5,4.87,5.1,51.0,2015-2016,58.0,450.0,80.15,23.0,4.2,15.7,46.5,4.87,5.1,88.0,39.0,69.0,0.8,0.82,12.0,7.8,51.0,4.874280822463254,115.80512663977046,0,1
89382.0,1.0,55.0,171.0,27.6,26.3,43.0,300.0,16.0,18.0,0.6,1.31,19.0,5.1,12.6,36.2,4.21,12.1,28.0,2015-2016,55.0,171.0,26.3,27.6,4.3,12.6,36.2,4.21,12.1,300.0,16.0,18.0,0.6,1.31,19.0,5.1,28.0,3.5854847130459397,87.12824455763729,1,1
89383.0,1.0,50.0,372.0,24.5,39.26,42.0,122.0,48.0,39.0,0.5,0.88,9.0,8.4,15.8,45.9,4.93,5.2,55.0,2015-2016,50.0,372.0,39.26,24.5,4.2,15.8,45.9,4.93,5.2,122.0,48.0,39.0,0.5,0.88,9.0,8.4,55.0,6.687154331435773,158.87610550519267,0,0
89384.0,1.0,22.0,311.0,26.2,21.43,46.0,116.0,24.0,20.0,0.3,0.84,11.0,6.6,14.8,45.7,6.32,5.6,52.0,2015-2016,22.0,311.0,21.43,26.2,4.6,14.8,45.7,6.32,5.6,116.0,24.0,20.0,0.3,0.84,11.0,6.6,52.0,7.221719499746945,187.22935818874464,0,0
89397.0,1.0,52.0,437.0,23.4,39.66,40.0,107.0,46.0,47.0,0.7,0.83,12.0,7.0,15.3,46.2,5.25,6.0,41.0,2015-2016,52.0,437.0,39.66,23.4,4.0,15.3,46.2,5.25,6.0,107.0,46.0,47.0,0.7,0.83,12.0,7.0,41.0,8.15396699771556,184.88850463051668,0,0
89408.0,1.0,50.0,350.0,24.5,48.97,45.0,138.0,34.0,33.0,0.6,1.11,17.0,5.1,15.4,44.3,4.87,6.6,32.0,2015-2016,50.0,350.0,48.97,24.5,4.5,15.4,44.3,4.87,6.6,138.0,34.0,33.0,0.6,1.11,17.0,5.1,32.0,5.237302120392702,132.9436921596205,0,1
89414.0,1.0,20.0,1460.0,91.5,53.51,45.0,78.0,13.0,26.0,0.5,1.07,10.0,6.9,14.1,43.1,4.9,5.3,80.0,2015-2016,20.0,1460.0,53.51,91.5,4.5,14.1,43.1,4.9,5.3,78.0,13.0,26.0,0.5,1.07,10.0,6.9,80.0,27.719873376794038,703.6413459057515,0,0
89419.0,1.0,58.0,576.0,40.8,53.52,45.0,204.0,30.0,19.0,0.7,0.83,18.0,5.6,16.3,47.8,5.41,9.8,35.0,2015-2016,58.0,576.0,53.52,40.8,4.5,16.3,47.8,5.41,9.8,204.0,30.0,19.0,0.7,0.83,18.0,5.6,35.0,8.655080089097964,219.7005779944625,0,0
89425.0,1.0,36.0,352.0,28.0,16.55,45.0,100.0,37.0,28.0,0.5,1.02,13.0,5.6,15.7,44.3,5.0,5.0,43.0,2015-2016,36.0,352.0,16.55,28.0,4.5,15.7,44.3,5.0,5.0,100.0,37.0,28.0,0.5,1.02,13.0,5.6,43.0,9.286864089469244,235.73778488571494,0,0
89426.0,1.0,29.0,249.0,27.8,17.39,42.0,83.0,31.0,26.0,0.6,1.02,6.0,7.1,15.5,46.1,4.99,5.5,44.0,2015-2016,29.0,249.0,17.39,27.8,4.2,15.5,46.1,4.99,5.5,83.0,31.0,26.0,0.6,1.02,6.0,7.1,44.0,6.56581424032958,155.99325875736562,1,0
89436.0,1.0,33.0,281.0,21.7,15.16,44.0,101.0,49.0,23.0,0.5,0.96,16.0,5.7,14.8,43.9,4.99,5.2,24.0,2015-2016,33.0,281.0,15.16,21.7,4.4,14.8,43.9,4.99,5.2,101.0,49.0,23.0,0.5,0.96,16.0,5.7,24.0,7.629481834938634,189.53262656668144,1,0
89442.0,1.0,51.0,599.0,26.7,66.77,42.0,108.0,14.0,21.0,0.5,0.81,11.0,6.2,15.0,45.3,5.27,5.1,49.0,2015-2016,51.0,599.0,66.77,26.7,4.2,15.0,45.3,5.27,5.1,108.0,14.0,21.0,0.5,0.81,11.0,6.2,49.0,7.857524437932879,186.68222980022364,0,0
89445.0,1.0,32.0,403.0,15.0,67.35,48.0,87.0,26.0,43.0,0.5,0.98,15.0,6.6,14.6,44.1,5.13,5.4,47.0,2015-2016,32.0,403.0,67.35,15.0,4.8,14.6,44.1,5.13,5.4,87.0,26.0,43.0,0.5,0.98,15.0,6.6,47.0,4.750370230357189,128.30561441744,0,1
89459.0,1.0,54.0,599.0,45.3,60.12,44.0,85.0,138.0,190.0,0.3,0.65,8.0,5.6,14.0,40.8,4.36,5.3,137.0,2015-2016,54.0,599.0,60.12,45.3,4.4,14.0,40.8,4.36,5.3,85.0,138.0,190.0,0.3,0.65,8.0,5.6,137.0,8.387252531603815,208.3572693905897,0,0
89462.0,1.0,29.0,792.0,30.0,33.71,47.0,91.0,17.0,20.0,0.6,0.62,15.0,5.7,14.9,45.8,5.18,5.5,55.0,2015-2016,29.0,792.0,33.71,30.0,4.7,14.9,45.8,5.18,5.5,91.0,17.0,20.0,0.6,0.62,15.0,5.7,55.0,16.536775177475313,437.69100550527804,0,0
89477.0,1.0,31.0,325.0,31.0,22.7,54.0,91.0,40.0,27.0,1.7,1.08,10.0,7.4,15.7,46.0,5.07,4.8,56.0,2015-2016,31.0,325.0,22.7,31.0,5.4,15.7,46.0,5.07,4.8,91.0,40.0,27.0,1.7,1.08,10.0,7.4,56.0,6.674192985036509,201.96644222734085,0,0
89485.0,1.0,35.0,220.0,26.3,34.09,45.0,105.0,25.0,23.0,0.5,1.11,19.0,6.8,14.5,44.3,4.45,6.0,73.0,2015-2016,35.0,220.0,34.09,26.3,4.5,14.5,44.3,4.45,6.0,105.0,25.0,23.0,0.5,1.11,19.0,6.8,73.0,3.9750847617235676,100.90356307941069,1,1
89491.0,1.0,49.0,355.0,41.1,20.02,44.0,98.0,32.0,24.0,0.7,1.35,13.0,6.6,15.1,44.6,5.36,6.0,37.0,2015-2016,49.0,355.0,20.02,41.1,4.4,15.1,44.6,5.36,6.0,98.0,32.0,24.0,0.7,1.35,13.0,6.6,37.0,8.838264963532643,219.561381633998,0,0
89497.0,1.0,20.0,604.0,39.0,20.65,47.0,86.0,18.0,19.0,0.4,0.98,21.0,5.0,15.5,45.2,5.04,5.0,45.0,2015-2016,20.0,604.0,20.65,39.0,4.7,15.5,45.2,5.04,5.0,86.0,18.0,19.0,0.4,0.98,21.0,5.0,45.0,15.090744303737255,399.41784158271486,0,0
89513.0,1.0,49.0,414.0,18.1,35.6,47.0,110.0,20.0,20.0,0.7,0.93,15.0,6.5,14.0,42.5,5.12,5.6,52.0,2015-2016,49.0,414.0,35.6,18.1,4.7,14.0,42.5,5.12,5.6,110.0,20.0,20.0,0.7,0.93,15.0,6.5,52.0,7.573569884405553,200.45525094186144,0,0
89517.0,1.0,27.0,375.0,20.1,22.48,46.0,91.0,46.0,35.0,0.5,1.07,16.0,6.6,15.0,44.0,5.33,5.6,31.0,2015-2016,27.0,375.0,22.48,20.1,4.6,15.0,44.0,5.33,5.6,91.0,46.0,35.0,0.5,1.07,16.0,6.6,31.0,8.679383491525334,225.0205647905899,0,0
89520.0,1.0,45.0,394.0,29.1,26.02,44.0,93.0,39.0,33.0,1.0,1.03,13.0,7.0,15.1,44.1,5.07,5.3,53.0,2015-2016,45.0,394.0,26.02,29.1,4.4,15.1,44.1,5.07,5.3,93.0,39.0,33.0,1.0,1.03,13.0,7.0,53.0,8.79859255404413,218.5758342357261,0,0
89522.0,1.0,45.0,553.0,28.1,37.5,41.0,86.0,19.0,19.0,1.0,1.0,23.0,5.4,14.7,44.4,4.71,5.6,76.0,2015-2016,45.0,553.0,37.5,28.1,4.1,14.7,44.4,4.71,5.6,86.0,19.0,19.0,1.0,1.0,23.0,5.4,76.0,10.976806242293488,254.84341692045757,0,0
89524.0,1.0,54.0,245.0,13.8,,42.0,102.0,40.0,31.0,0.8,0.96,18.0,7.5,15.5,43.7,4.87,5.5,49.0,2015-2016,54.0,245.0,,13.8,4.2,15.5,43.7,4.87,5.5,102.0,40.0,31.0,0.8,0.96,18.0,7.5,49.0,,,1,0
89533.0,1.0,38.0,186.0,12.9,8.5,43.0,104.0,27.0,24.0,0.8,0.87,15.0,6.2,15.3,44.9,5.14,5.8,49.0,2015-2016,38.0,186.0,8.5,12.9,4.3,15.3,44.9,5.14,5.8,104.0,27.0,24.0,0.8,0.87,15.0,6.2,49.0,5.933000103071848,144.17350102206612,1,1
89534.0,1.0,20.0,511.0,42.4,40.21,47.0,99.0,31.0,24.0,0.6,0.99,13.0,8.7,14.9,46.1,6.33,5.7,44.0,2015-2016,20.0,511.0,40.21,42.4,4.7,14.9,46.1,6.33,5.7,99.0,31.0,24.0,0.6,0.99,13.0,8.7,44.0,8.939214432294253,236.6007707855594,0,0
89537.0,1.0,50.0,226.0,17.8,15.5,44.0,100.0,21.0,16.0,0.4,1.08,17.0,5.7,15.1,45.1,5.21,6.3,53.0,2015-2016,50.0,226.0,15.5,17.8,4.4,15.1,45.1,5.21,6.3,100.0,21.0,16.0,0.4,1.08,17.0,5.7,53.0,5.998937990045349,149.0264343585122,1,1
89540.0,1.0,48.0,420.0,19.8,57.76,46.0,92.0,33.0,30.0,0.1,0.98,13.0,5.8,16.1,46.5,5.14,5.6,58.0,2015-2016,48.0,420.0,57.76,19.8,4.6,16.1,46.5,5.14,5.6,92.0,33.0,30.0,0.1,0.98,13.0,5.8,58.0,5.65953180368577,146.72828365737624,0,1
89541.0,1.0,44.0,512.0,30.3,37.48,44.0,140.0,16.0,24.0,0.7,1.27,12.0,9.4,,,,5.8,37.0,2015-2016,44.0,512.0,37.48,30.3,4.4,,,,5.8,140.0,16.0,24.0,0.7,1.27,12.0,9.4,37.0,9.677590622402665,240.41202393344653,0,0
89549.0,1.0,49.0,436.0,17.4,53.28,39.0,111.0,27.0,26.0,0.4,0.89,17.0,5.0,15.2,45.7,4.67,6.0,50.0,2015-2016,49.0,436.0,53.28,17.4,3.9,15.2,45.7,4.67,6.0,111.0,27.0,26.0,0.4,0.89,17.0,5.0,50.0,6.665548201140662,147.52726192092766,0,0
89550.0,1.0,55.0,562.0,35.0,37.58,47.0,93.0,23.0,25.0,0.7,1.01,14.0,4.9,14.0,42.8,4.59,5.7,59.0,2015-2016,55.0,562.0,37.58,35.0,4.7,14.0,42.8,4.59,5.7,93.0,23.0,25.0,0.7,1.01,14.0,4.9,59.0,10.388940127446116,274.9717282671699,0,0
89553.0,1.0,55.0,278.0,18.1,41.24,48.0,84.0,26.0,25.0,0.2,1.19,6.0,5.8,14.7,43.8,4.78,5.3,50.0,2015-2016,55.0,278.0,41.24,18.1,4.8,14.7,43.8,4.78,5.3,84.0,26.0,25.0,0.2,1.19,6.0,5.8,50.0,4.42963692692879,119.64273519646156,1,1
89557.0,1.0,51.0,534.0,17.6,73.16,43.0,74.0,20.0,26.0,0.5,0.74,13.0,5.9,14.5,44.6,5.23,7.9,79.0,2015-2016,51.0,534.0,73.16,17.6,4.3,14.5,44.6,5.23,7.9,74.0,20.0,26.0,0.5,0.74,13.0,5.9,79.0,6.335747288231407,153.96036613288453,0,1
89568.0,1.0,51.0,440.0,23.1,43.05,39.0,98.0,25.0,24.0,1.0,0.85,16.0,5.2,15.1,44.2,5.02,5.1,43.0,2015-2016,51.0,440.0,43.05,23.1,3.9,15.1,44.2,5.02,5.1,98.0,25.0,24.0,1.0,0.85,16.0,5.2,43.0,7.862631745561545,174.0220755911357,0,0
89570.0,1.0,56.0,427.0,26.7,49.49,45.0,179.0,21.0,18.0,0.4,0.78,17.0,4.6,15.6,46.8,5.35,10.4,29.0,2015-2016,56.0,427.0,49.49,26.7,4.5,15.6,46.8,5.35,10.4,179.0,21.0,18.0,0.4,0.78,17.0,4.6,29.0,6.491129215925208,164.77084277612266,0,1
89573.0,1.0,20.0,217.0,16.6,10.69,44.0,105.0,31.0,29.0,0.3,0.66,8.0,6.8,15.2,44.0,4.9,5.2,62.0,2015-2016,20.0,217.0,10.69,16.6,4.4,15.2,44.0,4.9,5.2,105.0,31.0,29.0,0.3,0.66,8.0,6.8,62.0,6.46310798275236,160.55740851829339,1,1
89577.0,1.0,38.0,370.0,27.9,36.1,43.0,98.0,16.0,21.0,1.3,0.72,13.0,6.4,14.2,42.3,5.06,5.2,41.0,2015-2016,38.0,370.0,36.1,27.9,4.3,14.2,42.3,5.06,5.2,98.0,16.0,21.0,1.3,0.72,13.0,6.4,41.0,6.92772620546192,168.3456133173883,0,0
89578.0,1.0,34.0,205.0,13.8,30.48,49.0,92.0,26.0,29.0,0.7,0.96,16.0,5.7,15.5,46.3,5.1,5.5,69.0,2015-2016,34.0,205.0,30.48,13.8,4.9,15.5,46.3,5.1,5.5,92.0,26.0,29.0,0.7,0.96,16.0,5.7,69.0,3.7603712586009754,103.60375521892611,1,1
89579.0,1.0,39.0,650.0,39.8,50.58,48.0,90.0,19.0,23.0,0.5,0.77,12.0,4.8,15.9,46.7,5.36,5.3,51.0,2015-2016,39.0,650.0,50.58,39.8,4.8,15.9,46.7,5.36,5.3,90.0,19.0,23.0,0.5,0.77,12.0,4.8,51.0,10.078842106065563,272.2255248172249,0,0
89582.0,1.0,53.0,276.0,20.7,26.39,44.0,86.0,50.0,35.0,0.9,0.75,10.0,4.9,15.5,44.9,4.67,5.4,29.0,2015-2016,53.0,276.0,26.39,20.7,4.4,15.5,44.9,4.67,5.4,86.0,50.0,35.0,0.9,0.75,10.0,4.9,29.0,5.9039985587892,146.6679360803825,1,1
89583.0,1.0,38.0,699.0,35.7,33.36,50.0,95.0,24.0,34.0,1.1,1.22,14.0,5.5,16.1,47.7,5.07,5.2,67.0,2015-2016,38.0,699.0,33.36,35.7,5.0,16.1,47.7,5.07,5.2,95.0,24.0,34.0,1.1,1.22,14.0,5.5,67.0,13.798393826904107,387.6429215513257,0,0
89586.0,1.0,22.0,627.0,30.0,24.79,49.0,95.0,39.0,30.0,0.7,1.11,15.0,6.2,15.8,48.0,5.62,5.3,35.0,2015-2016,22.0,627.0,24.79,30.0,4.9,15.8,48.0,5.62,5.3,95.0,39.0,30.0,0.7,1.11,15.0,6.2,35.0,14.197040070482887,391.14932094306613,0,0
89591.0,1.0,39.0,383.0,16.8,35.3,41.0,78.0,18.0,22.0,0.5,1.14,19.0,6.6,14.5,43.9,5.41,5.7,80.0,2015-2016,39.0,383.0,35.3,16.8,4.1,14.5,43.9,5.41,5.7,78.0,18.0,22.0,0.5,1.14,19.0,6.6,80.0,7.472797158944388,173.49246401027597,0,0
89594.0,1.0,21.0,407.0,16.5,17.97,50.0,91.0,15.0,22.0,0.9,1.17,16.0,6.8,15.6,46.7,5.27,5.3,54.0,2015-2016,21.0,407.0,17.97,16.5,5.0,15.6,46.7,5.27,5.3,91.0,15.0,22.0,0.9,1.17,16.0,6.8,54.0,9.806339579348483,275.4927980712622,0,0
89598.0,1.0,38.0,522.0,22.6,29.31,47.0,75.0,27.0,19.0,0.6,1.11,18.0,6.4,14.4,41.8,4.51,5.4,46.0,2015-2016,38.0,522.0,29.31,22.6,4.7,14.4,41.8,4.51,5.4,75.0,27.0,19.0,0.6,1.11,18.0,6.4,46.0,10.939290643260847,289.5382606207937,0,0
89600.0,1.0,22.0,688.0,28.9,26.53,46.0,91.0,39.0,28.0,0.6,1.03,14.0,6.6,16.3,46.9,5.2,5.6,28.0,2015-2016,22.0,688.0,26.53,28.9,4.6,16.3,46.9,5.2,5.6,91.0,39.0,28.0,0.6,1.03,14.0,6.6,28.0,16.004446982041422,414.92920581011305,0,0
89602.0,1.0,47.0,491.0,19.7,,38.0,85.0,13.0,17.0,0.4,0.93,12.0,4.1,7.7,28.4,5.1,5.2,53.0,2015-2016,47.0,491.0,,19.7,3.8,7.7,28.4,5.1,5.2,85.0,13.0,17.0,0.4,0.93,12.0,4.1,53.0,,,0,0
89604.0,1.0,20.0,259.0,15.6,14.3,49.0,115.0,20.0,17.0,0.9,0.76,16.0,7.2,16.5,50.1,5.62,4.8,28.0,2015-2016,20.0,259.0,14.3,15.6,4.9,16.5,50.1,5.62,4.8,115.0,20.0,17.0,0.9,0.76,16.0,7.2,28.0,6.609609094839122,182.10444545554492,1,0
89612.0,1.0,32.0,224.0,18.1,16.41,45.0,97.0,57.0,48.0,0.4,0.75,12.0,7.2,14.5,44.3,4.99,5.4,28.0,2015-2016,32.0,224.0,16.41,18.1,4.5,14.5,44.3,4.99,5.4,97.0,57.0,48.0,0.4,0.75,12.0,7.2,28.0,5.732849659140721,145.52267231531076,1,1
89614.0,1.0,25.0,846.0,46.9,50.61,48.0,91.0,26.0,25.0,1.0,0.97,12.0,6.0,16.3,47.9,5.16,4.7,66.0,2015-2016,25.0,846.0,50.61,46.9,4.8,16.3,47.9,5.16,4.7,91.0,26.0,25.0,1.0,0.97,12.0,6.0,66.0,13.817440899580065,373.2035943152122,0,0
89618.0,1.0,28.0,363.0,27.9,28.91,50.0,86.0,38.0,30.0,0.6,1.2,15.0,8.4,15.0,45.0,5.17,5.7,38.0,2015-2016,28.0,363.0,28.91,27.9,5.0,15.0,45.0,5.17,5.7,86.0,38.0,30.0,0.6,1.2,15.0,8.4,38.0,7.074823118224545,198.75538685235134,0,0
89619.0,1.0,31.0,592.0,22.4,45.27,49.0,89.0,24.0,23.0,0.5,0.93,18.0,5.4,14.7,43.1,5.13,4.8,44.0,2015-2016,31.0,592.0,45.27,22.4,4.9,14.7,43.1,5.13,4.8,89.0,24.0,23.0,0.5,0.93,18.0,5.4,44.0,9.627221517612835,265.2441030304602,0,0
89629.0,1.0,54.0,264.0,17.8,40.53,39.0,98.0,52.0,33.0,0.6,0.6,10.0,5.6,13.3,38.6,4.17,5.6,31.0,2015-2016,54.0,264.0,40.53,17.8,3.9,13.3,38.6,4.17,5.6,98.0,52.0,33.0,0.6,0.6,10.0,5.6,31.0,4.626713861257051,102.4021441366292,1,1
89643.0,1.0,29.0,163.0,27.5,28.09,46.0,114.0,105.0,57.0,0.4,0.94,16.0,8.8,15.6,45.0,5.17,5.5,24.0,2015-2016,29.0,163.0,28.09,27.5,4.6,15.6,45.0,5.17,5.5,114.0,105.0,57.0,0.4,0.94,16.0,8.8,24.0,3.182057529224806,82.4976086287067,1,1
89648.0,1.0,55.0,758.0,19.4,29.68,43.0,89.0,22.0,24.0,1.0,1.17,15.0,5.5,16.5,48.8,5.49,5.3,50.0,2015-2016,55.0,758.0,29.68,19.4,4.3,16.5,48.8,5.49,5.3,89.0,22.0,24.0,1.0,1.17,15.0,5.5,50.0,17.765449676022016,431.70521364010955,0,0
89649.0,1.0,60.0,238.0,18.1,34.2,42.0,110.0,14.0,21.0,0.5,0.98,15.0,9.3,14.1,42.5,4.2,6.0,30.0,2015-2016,60.0,238.0,34.2,18.1,4.2,14.1,42.5,4.2,6.0,110.0,14.0,21.0,0.5,0.98,15.0,9.3,30.0,4.458654341286983,105.93050532832609,1,1
89656.0,1.0,39.0,644.0,41.9,46.74,42.0,95.0,29.0,26.0,0.6,0.84,16.0,6.4,14.4,44.4,4.5,5.1,53.0,2015-2016,39.0,644.0,46.74,41.9,4.2,14.4,44.4,4.5,5.1,95.0,29.0,26.0,0.6,0.84,16.0,6.4,53.0,11.21751725080639,266.51029210848,0,0
89657.0,1.0,59.0,486.0,18.3,64.24,46.0,84.0,24.0,25.0,0.5,0.71,17.0,4.4,14.1,41.8,4.53,5.0,88.0,2015-2016,59.0,486.0,64.24,18.3,4.6,14.1,41.8,4.53,5.0,84.0,24.0,25.0,0.5,0.71,17.0,4.4,88.0,6.1631737230908925,159.78563839546499,0,1
89662.0,1.0,59.0,458.0,19.9,55.63,44.0,87.0,14.0,20.0,0.4,1.14,15.0,6.4,16.0,47.3,5.12,5.6,35.0,2015-2016,59.0,458.0,55.63,19.9,4.4,16.0,47.3,5.12,5.6,87.0,14.0,20.0,0.4,1.14,15.0,6.4,35.0,6.523189086481039,162.0499514777083,0,0
89669.0,1.0,52.0,296.0,22.4,31.47,43.0,124.0,41.0,46.0,1.0,0.72,10.0,7.2,16.1,47.1,5.07,5.5,39.0,2015-2016,52.0,296.0,31.47,22.4,4.3,16.1,47.1,5.07,5.5,124.0,41.0,46.0,1.0,0.72,10.0,7.2,39.0,5.8671157879804605,142.5724944142543,1,1
89670.0,1.0,38.0,599.0,21.3,55.73,43.0,94.0,27.0,25.0,0.1,1.02,16.0,4.7,15.1,45.0,4.81,5.4,49.0,2015-2016,38.0,599.0,55.73,21.3,4.3,15.1,45.0,4.81,5.4,94.0,27.0,25.0,0.1,1.02,16.0,4.7,49.0,8.965019327687596,217.85238509165046,0,0
89672.0,1.0,20.0,632.0,39.2,40.13,45.0,62.0,24.0,29.0,0.3,0.87,7.0,5.0,14.8,43.9,5.22,5.7,61.0,2015-2016,20.0,632.0,40.13,39.2,4.5,14.8,43.9,5.22,5.7,62.0,24.0,29.0,0.3,0.87,7.0,5.0,61.0,11.721562610452711,297.5401791785306,0,0
89673.0,1.0,39.0,574.0,28.8,36.54,44.0,87.0,32.0,45.0,0.5,1.14,17.0,6.9,14.6,43.3,4.76,5.1,39.0,2015-2016,39.0,574.0,36.54,28.8,4.4,14.6,43.3,4.76,5.1,87.0,32.0,45.0,0.5,1.14,17.0,6.9,39.0,11.22259281846531,278.79317885409387,0,0
89674.0,1.0,31.0,425.0,17.6,26.06,42.0,114.0,17.0,24.0,0.4,1.04,13.0,6.3,17.0,49.9,5.59,5.5,34.0,2015-2016,31.0,425.0,26.06,17.6,4.2,17.0,49.9,5.59,5.5,114.0,17.0,24.0,0.4,1.04,13.0,6.3,34.0,9.840474961877984,233.79396687691795,0,0
89677.0,1.0,60.0,326.0,16.2,43.56,43.0,99.0,29.0,30.0,0.7,0.7,14.0,4.8,16.1,49.0,5.12,5.9,36.0,2015-2016,60.0,326.0,43.56,16.2,4.3,16.1,49.0,5.12,5.9,99.0,29.0,30.0,0.7,0.7,14.0,4.8,36.0,5.339370076461282,129.74813143477166,0,1
89700.0,1.0,25.0,273.0,17.6,20.84,49.0,86.0,103.0,63.0,1.0,1.42,21.0,6.4,17.5,53.0,5.83,5.2,50.0,2015-2016,25.0,273.0,20.84,17.6,4.9,17.5,53.0,5.83,5.2,86.0,103.0,63.0,1.0,1.42,21.0,6.4,50.0,6.100112758824149,168.06707253373568,1,1
89706.0,1.0,35.0,375.0,22.8,21.54,44.0,90.0,30.0,29.0,0.4,1.09,16.0,6.3,15.2,42.2,4.72,5.1,30.0,2015-2016,35.0,375.0,21.54,22.8,4.4,15.2,42.2,4.72,5.1,90.0,30.0,29.0,0.4,1.09,16.0,6.3,30.0,9.098243760478214,226.01981030619058,0,0
89709.0,1.0,26.0,455.0,39.3,35.45,49.0,87.0,16.0,20.0,0.9,0.91,6.0,6.7,16.5,46.0,5.56,5.1,52.0,2015-2016,26.0,455.0,35.45,39.3,4.9,16.5,46.0,5.56,5.1,87.0,16.0,20.0,0.9,0.91,6.0,6.7,52.0,8.255866666518918,227.46126124693902,0,0
89719.0,1.0,34.0,207.0,6.32,28.47,49.0,78.0,33.0,28.0,0.4,0.89,21.0,6.7,15.6,45.6,5.04,5.6,51.0,2015-2016,34.0,207.0,28.47,6.32,4.9,15.6,45.6,5.04,5.6,78.0,33.0,28.0,0.4,0.89,21.0,6.7,51.0,3.9351021423261994,108.4178478873691,1,1
89720.0,1.0,31.0,284.0,13.2,26.69,50.0,88.0,30.0,29.0,0.5,0.77,15.0,4.8,17.5,52.1,5.86,5.2,53.0,2015-2016,31.0,284.0,26.69,13.2,5.0,17.5,52.1,5.86,5.2,88.0,30.0,29.0,0.5,0.77,15.0,4.8,53.0,5.632377073206478,158.2322646625266,1,1
89728.0,1.0,43.0,264.0,17.5,20.49,44.0,211.0,33.0,31.0,0.5,0.98,13.0,8.9,15.3,45.5,5.17,6.3,32.0,2015-2016,43.0,264.0,20.49,17.5,4.4,15.3,45.5,5.17,6.3,211.0,33.0,31.0,0.5,0.98,13.0,8.9,32.0,6.340108198917449,157.5018311407306,1,1
89729.0,1.0,50.0,341.0,29.0,38.77,41.0,88.0,66.0,58.0,0.8,0.94,19.0,6.6,15.4,45.8,5.53,5.5,45.0,2015-2016,50.0,341.0,38.77,29.0,4.1,15.4,45.8,5.53,5.5,88.0,66.0,58.0,0.8,0.94,19.0,6.6,45.0,6.18409831215587,143.57334088394663,0,1
89731.0,1.0,34.0,219.0,22.2,18.16,42.0,80.0,18.0,22.0,0.4,0.98,17.0,6.8,16.1,47.7,5.34,4.9,45.0,2015-2016,34.0,219.0,18.16,22.2,4.2,16.1,47.7,5.34,4.9,80.0,18.0,22.0,0.4,0.98,17.0,6.8,45.0,5.6217052793905635,133.5627378732544,1,1
89733.0,1.0,24.0,615.0,30.9,38.32,49.0,87.0,22.0,25.0,1.0,0.87,13.0,6.0,13.8,43.2,4.8,5.5,53.0,2015-2016,24.0,615.0,38.32,30.9,4.9,13.8,43.2,4.8,5.5,87.0,22.0,25.0,1.0,0.87,13.0,6.0,53.0,11.142795608705615,307.0003968513371,0,0
89735.0,1.0,41.0,767.0,27.3,53.03,49.0,91.0,19.0,20.0,1.3,1.02,12.0,5.1,15.4,44.7,5.2,5.6,58.0,2015-2016,41.0,767.0,53.03,27.3,4.9,15.4,44.7,5.2,5.6,91.0,19.0,20.0,1.3,1.02,12.0,5.1,58.0,11.759843184596795,324.0009645120009,0,0
89742.0,1.0,45.0,464.0,18.5,59.64,47.0,118.0,19.0,28.0,0.5,1.06,16.0,8.2,12.1,37.8,5.02,5.5,59.0,2015-2016,45.0,464.0,59.64,18.5,4.7,12.1,37.8,5.02,5.5,118.0,19.0,28.0,0.5,1.06,16.0,8.2,59.0,6.133608625943063,162.34273599616844,0,1
89751.0,1.0,54.0,500.0,34.7,42.25,45.0,99.0,22.0,18.0,0.4,1.1,16.0,5.0,15.6,46.8,5.11,5.8,59.0,2015-2016,54.0,500.0,42.25,34.7,4.5,15.6,46.8,5.11,5.8,99.0,22.0,18.0,0.4,1.1,16.0,5.0,59.0,8.635790400319019,219.21092847875138,0,0
89768.0,1.0,36.0,355.0,22.9,,42.0,98.0,31.0,30.0,0.3,0.88,15.0,6.4,15.5,46.5,5.36,5.7,31.0,2015-2016,36.0,355.0,,22.9,4.2,15.5,46.5,5.36,5.7,98.0,31.0,30.0,0.3,0.88,15.0,6.4,31.0,,,0,0
89779.0,1.0,21.0,274.0,22.2,12.34,46.0,112.0,37.0,28.0,0.3,0.83,10.0,7.6,16.1,47.8,5.45,5.5,38.0,2015-2016,21.0,274.0,12.34,22.2,4.6,16.1,47.8,5.45,5.5,112.0,37.0,28.0,0.3,0.83,10.0,7.6,38.0,7.681398169271963,199.1469274423332,1,0
89784.0,1.0,19.0,221.0,18.9,9.68,47.0,86.0,16.0,25.0,0.4,0.94,19.0,7.0,14.3,41.8,4.77,5.6,44.0,2015-2016,19.0,221.0,9.68,18.9,4.7,14.3,41.8,4.77,5.6,86.0,16.0,25.0,0.4,0.94,19.0,7.0,44.0,6.427471015956,170.1206082587206,1,1
89788.0,1.0,28.0,16.3,4.29,,43.0,91.0,25.0,23.0,0.6,0.86,14.0,5.0,14.4,42.7,4.44,4.5,46.0,2015-2016,28.0,16.3,,4.29,4.3,14.4,42.7,4.44,4.5,91.0,25.0,23.0,0.6,0.86,14.0,5.0,46.0,,,1,0
89790.0,1.0,59.0,287.0,15.8,27.66,43.0,141.0,15.0,14.0,0.5,0.93,10.0,4.2,15.8,48.2,5.67,5.7,31.0,2015-2016,59.0,287.0,27.66,15.8,4.3,15.8,48.2,5.67,5.7,141.0,15.0,14.0,0.5,0.93,10.0,4.2,31.0,6.088359753247549,147.94878237960347,1,1
89791.0,1.0,23.0,388.0,27.6,19.21,47.0,93.0,44.0,82.0,1.3,0.66,11.0,4.9,15.7,45.4,5.17,5.0,60.0,2015-2016,23.0,388.0,19.21,27.6,4.7,15.7,45.4,5.17,5.0,93.0,44.0,82.0,1.3,0.66,11.0,4.9,60.0,9.48067394743796,250.93197847751952,0,0
89793.0,1.0,52.0,363.0,18.2,29.17,45.0,84.0,37.0,30.0,0.7,1.2,21.0,6.4,13.8,39.4,4.48,5.2,34.0,2015-2016,52.0,363.0,29.17,18.2,4.5,13.8,39.4,4.48,5.2,84.0,37.0,30.0,0.7,1.2,21.0,6.4,34.0,7.477019512622938,189.7966849166773,0,0
89799.0,1.0,33.0,287.0,30.4,24.3,41.0,102.0,46.0,34.0,0.7,0.83,17.0,7.5,13.9,44.0,5.04,6.0,39.0,2015-2016,33.0,287.0,24.3,30.4,4.1,13.9,44.0,5.04,6.0,102.0,46.0,34.0,0.7,0.83,17.0,7.5,39.0,6.682930266954887,155.15449090372977,1,0
89806.0,1.0,36.0,198.0,9.49,70.97,45.0,101.0,11.0,14.0,0.6,1.09,6.0,5.5,16.1,45.0,5.0,5.4,33.0,2015-2016,36.0,198.0,70.97,9.49,4.5,16.1,45.0,5.0,5.4,101.0,11.0,14.0,0.6,1.09,6.0,5.5,33.0,2.166404393412197,54.99201538318837,1,1
89814.0,1.0,33.0,202.0,22.9,28.44,46.0,109.0,61.0,36.0,0.3,1.01,12.0,8.9,15.0,44.0,4.75,5.6,31.0,2015-2016,33.0,202.0,28.44,22.9,4.6,15.0,44.0,4.75,5.6,109.0,61.0,36.0,0.3,1.01,12.0,8.9,31.0,3.9664167526911696,102.83280359220193,1,1
89841.0,1.0,57.0,466.0,26.3,38.2,42.0,107.0,26.0,28.0,0.5,1.11,11.0,6.1,13.8,41.5,5.0,6.1,58.0,2015-2016,57.0,466.0,38.2,26.3,4.2,13.8,41.5,5.0,6.1,107.0,26.0,28.0,0.5,1.11,11.0,6.1,58.0,8.786015739642982,208.74170004718528,0,0
89842.0,1.0,28.0,349.0,30.5,25.25,47.0,77.0,16.0,22.0,0.3,1.01,13.0,4.9,14.8,42.7,4.39,4.7,42.0,2015-2016,28.0,349.0,25.25,30.5,4.7,14.8,42.7,4.39,4.7,77.0,16.0,22.0,0.3,1.01,13.0,4.9,42.0,7.504692667957106,198.63222693626278,0,0
89846.0,1.0,32.0,541.0,27.9,32.15,45.0,92.0,35.0,31.0,0.6,1.15,14.0,7.2,16.9,50.9,5.49,5.7,52.0,2015-2016,32.0,541.0,32.15,27.9,4.5,16.9,50.9,5.49,5.7,92.0,35.0,31.0,0.6,1.15,14.0,7.2,52.0,11.136703523812923,282.69411443304926,0,0
89851.0,1.0,44.0,240.0,28.3,24.66,40.0,168.0,26.0,26.0,0.9,0.8,19.0,6.2,14.3,43.2,5.32,9.0,41.0,2015-2016,44.0,240.0,24.66,28.3,4.0,14.3,43.2,5.32,9.0,168.0,26.0,26.0,0.9,0.8,19.0,6.2,41.0,5.534480380448908,125.4925120171337,1,1
89855.0,1.0,59.0,455.0,24.1,54.21,39.0,121.0,33.0,25.0,0.4,0.73,10.0,6.9,16.0,47.9,5.05,6.2,31.0,2015-2016,59.0,455.0,54.21,24.1,3.9,16.0,47.9,5.05,6.2,121.0,33.0,25.0,0.4,0.73,10.0,6.9,31.0,6.907747402967336,152.88780902173608,0,0
89861.0,1.0,58.0,518.0,29.9,73.38,46.0,121.0,68.0,58.0,1.2,0.96,14.0,6.1,16.6,48.8,5.04,5.7,62.0,2015-2016,58.0,518.0,73.38,29.9,4.6,16.6,48.8,5.04,5.7,121.0,68.0,58.0,1.2,0.96,14.0,6.1,62.0,5.973554719786593,154.86960083816336,0,1
89864.0,1.0,20.0,580.0,26.9,49.14,50.0,93.0,53.0,29.0,0.8,0.68,11.0,5.4,16.2,50.2,5.82,5.0,41.0,2015-2016,20.0,580.0,49.14,26.9,5.0,16.2,50.2,5.82,5.0,93.0,53.0,29.0,0.8,0.68,11.0,5.4,41.0,8.825318201380407,247.93263434275846,0,0
89878.0,1.0,47.0,469.0,21.7,50.96,45.0,107.0,22.0,21.0,0.7,0.83,15.0,8.0,14.9,45.2,4.81,5.4,42.0,2015-2016,47.0,469.0,50.96,21.7,4.5,14.9,45.2,4.81,5.4,107.0,22.0,21.0,0.7,0.83,15.0,8.0,42.0,7.073050341481378,179.54233030896685,0,0
89891.0,1.0,48.0,649.0,20.0,36.94,47.0,89.0,56.0,33.0,0.3,0.91,17.0,7.7,14.6,44.1,5.11,5.4,55.0,2015-2016,48.0,649.0,36.94,20.0,4.7,14.6,44.1,5.11,5.4,89.0,56.0,33.0,0.3,0.91,17.0,7.7,55.0,12.410446767486183,328.47643304902545,0,0
89898.0,1.0,26.0,690.0,50.9,44.9,46.0,94.0,18.0,19.0,0.6,0.95,15.0,5.5,15.3,47.6,6.13,4.9,57.0,2015-2016,26.0,690.0,44.9,50.9,4.6,15.3,47.6,6.13,4.9,94.0,18.0,19.0,0.6,0.95,15.0,5.5,57.0,11.966839921151914,310.2507315692933,0,0
89918.0,1.0,42.0,549.0,24.5,42.41,41.0,87.0,25.0,34.0,0.8,1.46,14.0,7.2,15.5,45.6,5.08,5.8,35.0,2015-2016,42.0,549.0,42.41,24.5,4.1,15.5,45.6,5.08,5.8,87.0,25.0,34.0,0.8,1.46,14.0,7.2,35.0,10.04123562504636,233.1227080360286,0,0
89921.0,1.0,37.0,242.0,25.5,18.2,44.0,89.0,45.0,26.0,0.6,0.96,12.0,8.0,15.0,45.3,5.34,5.2,45.0,2015-2016,37.0,242.0,18.2,25.5,4.4,15.0,45.3,5.34,5.2,89.0,45.0,26.0,0.6,0.96,12.0,8.0,45.0,6.068440190269247,150.7530174798291,1,1
89933.0,1.0,31.0,588.0,19.1,45.71,42.0,102.0,49.0,33.0,0.4,0.84,15.0,6.3,16.0,47.6,5.35,5.4,66.0,2015-2016,31.0,588.0,45.71,19.1,4.2,16.0,47.6,5.35,5.4,102.0,49.0,33.0,0.4,0.84,15.0,6.3,66.0,10.225290152370574,242.9365611366761,0,0
89939.0,1.0,27.0,380.0,37.1,20.56,49.0,89.0,25.0,23.0,1.1,0.78,12.0,6.4,15.4,46.2,5.54,5.6,45.0,2015-2016,27.0,380.0,20.56,37.1,4.9,15.4,46.2,5.54,5.6,89.0,25.0,23.0,1.1,0.78,12.0,6.4,45.0,8.772664448695634,241.69979974226848,0,0
89945.0,1.0,42.0,336.0,22.5,48.78,45.0,103.0,16.0,22.0,0.7,0.84,12.0,4.8,15.2,45.4,5.18,5.2,43.0,2015-2016,42.0,336.0,48.78,22.5,4.5,15.2,45.4,5.18,5.2,103.0,16.0,22.0,0.7,0.84,12.0,4.8,43.0,5.019987051507235,127.42736582300086,0,1
89946.0,1.0,28.0,268.0,14.6,37.0,49.0,90.0,28.0,27.0,0.6,0.97,11.0,5.7,15.6,47.2,4.93,5.3,52.0,2015-2016,28.0,268.0,37.0,14.6,4.9,15.6,47.2,4.93,5.3,90.0,28.0,27.0,0.6,0.97,11.0,5.7,52.0,4.499819748047993,123.97664795456936,1,1
89955.0,1.0,21.0,324.0,13.0,20.52,45.0,95.0,26.0,20.0,0.8,0.91,9.0,4.4,13.4,41.8,4.95,5.3,36.0,2015-2016,21.0,324.0,20.52,13.0,4.5,13.4,41.8,4.95,5.3,95.0,26.0,20.0,0.8,0.91,9.0,4.4,36.0,7.800524298658849,198.00853134032744,0,0
89962.0,1.0,20.0,830.0,35.2,64.1,47.0,84.0,19.0,23.0,0.8,0.87,11.0,3.9,14.7,45.6,5.52,4.6,85.0,2015-2016,20.0,830.0,64.1,35.2,4.7,14.7,45.6,5.52,4.6,84.0,19.0,23.0,0.8,0.87,11.0,3.9,85.0,11.476456144584516,303.7558154870744,0,0
89963.0,1.0,25.0,345.0,18.5,25.29,38.0,90.0,42.0,22.0,1.0,0.72,11.0,6.2,15.9,46.6,5.11,5.2,44.0,2015-2016,25.0,345.0,25.29,18.5,3.8,15.9,46.6,5.11,5.2,90.0,42.0,22.0,1.0,0.72,11.0,6.2,44.0,8.375943296830311,180.8444537663558,0,0
89967.0,1.0,51.0,244.0,19.9,28.59,46.0,93.0,39.0,27.0,0.5,0.76,17.0,5.3,14.5,42.9,5.18,6.1,45.0,2015-2016,51.0,244.0,28.59,19.9,4.6,14.5,42.9,5.18,6.1,93.0,39.0,27.0,0.5,0.76,17.0,5.3,45.0,4.840583074974603,125.49632569065476,1,1
89975.0,1.0,26.0,718.0,39.0,37.24,44.0,80.0,39.0,26.0,0.4,0.97,20.0,6.8,15.5,49.0,6.64,5.3,29.0,2015-2016,26.0,718.0,37.24,39.0,4.4,15.5,49.0,6.64,5.3,80.0,39.0,26.0,0.4,0.97,20.0,6.8,29.0,14.462718390219841,359.2848194800979,0,0
89976.0,1.0,19.0,496.0,24.9,29.05,48.0,77.0,23.0,27.0,1.0,0.94,18.0,6.6,14.8,42.7,4.62,4.4,43.0,2015-2016,19.0,496.0,29.05,24.9,4.8,14.8,42.7,4.62,4.4,77.0,23.0,27.0,1.0,0.94,18.0,6.6,43.0,10.237461147996965,276.5097621811375,0,0
89991.0,1.0,26.0,990.0,30.0,82.39,46.0,87.0,13.0,16.0,0.8,1.02,12.0,5.4,14.8,44.7,5.11,5.4,69.0,2015-2016,26.0,990.0,82.39,30.0,4.6,14.8,44.7,5.11,5.4,87.0,13.0,16.0,0.8,1.02,12.0,5.4,69.0,11.713223327738774,303.67550083478164,0,0
89998.0,1.0,29.0,256.0,22.8,22.61,46.0,111.0,22.0,19.0,0.6,0.87,17.0,7.9,14.0,42.7,5.13,5.7,32.0,2015-2016,29.0,256.0,22.61,22.8,4.6,14.0,42.7,5.13,5.7,111.0,22.0,19.0,0.6,0.87,17.0,7.9,32.0,5.714691307049512,148.15834174993512,1,1
90004.0,1.0,42.0,810.0,24.8,64.38,41.0,101.0,26.0,22.0,0.2,0.71,11.0,4.7,15.5,45.0,5.02,5.5,47.0,2015-2016,42.0,810.0,64.38,24.8,4.1,15.5,45.0,5.02,5.5,101.0,26.0,22.0,0.2,0.71,11.0,4.7,47.0,11.744823150886928,272.6741091016238,0,0
90006.0,1.0,25.0,469.0,20.0,14.3,46.0,81.0,55.0,30.0,0.3,1.04,32.0,6.8,15.6,46.6,5.23,5.3,60.0,2015-2016,25.0,469.0,14.3,20.0,4.6,15.6,46.6,5.23,5.3,81.0,55.0,30.0,0.3,1.04,32.0,6.8,60.0,13.11685850847345,340.0659635257384,0,0
90009.0,1.0,42.0,268.0,23.7,24.31,45.0,84.0,31.0,36.0,0.8,1.1,16.0,7.3,15.7,46.9,4.98,5.5,24.0,2015-2016,42.0,268.0,24.31,23.7,4.5,15.7,46.9,4.98,5.5,84.0,31.0,36.0,0.8,1.1,16.0,7.3,24.0,5.880140507577639,149.26150363769753,1,1
90013.0,1.0,20.0,423.0,19.1,24.35,46.0,90.0,15.0,19.0,1.0,1.04,10.0,6.5,14.9,44.0,4.77,5.2,59.0,2015-2016,20.0,423.0,24.35,19.1,4.6,14.9,44.0,4.77,5.2,90.0,15.0,19.0,1.0,1.04,10.0,6.5,59.0,9.567909603598553,248.05637692691542,0,0
90016.0,1.0,35.0,202.0,18.0,19.3,38.0,99.0,51.0,29.0,0.4,1.06,13.0,7.1,13.8,42.1,4.96,6.6,26.0,2015-2016,35.0,202.0,19.3,18.0,3.8,13.8,42.1,4.96,6.6,99.0,51.0,29.0,0.4,1.06,13.0,7.1,26.0,5.33272708633664,115.13856801998091,1,1
90017.0,1.0,43.0,278.0,17.2,50.03,46.0,57.0,17.0,18.0,1.8,1.03,16.0,6.2,12.5,37.3,5.8,5.1,38.0,2015-2016,43.0,278.0,50.03,17.2,4.6,12.5,37.3,5.8,5.1,57.0,17.0,18.0,1.8,1.03,16.0,6.2,38.0,3.9775354102984903,103.12106445968813,1,1
90027.0,1.0,51.0,329.0,31.3,36.69,45.0,109.0,27.0,31.0,0.5,0.84,15.0,6.7,15.1,45.7,4.62,6.0,58.0,2015-2016,51.0,329.0,36.69,31.3,4.5,15.1,45.7,4.62,6.0,109.0,27.0,31.0,0.5,0.84,15.0,6.7,58.0,5.890630835140869,149.52779014287916,0,1
90029.0,1.0,52.0,305.0,21.3,46.83,47.0,80.0,18.0,17.0,0.8,0.74,4.0,6.5,15.2,45.4,4.86,5.6,26.0,2015-2016,52.0,305.0,46.83,21.3,4.7,15.2,45.4,4.86,5.6,80.0,18.0,17.0,0.8,0.74,4.0,6.5,26.0,4.558618503115118,120.65631266857682,0,1
90045.0,1.0,33.0,502.0,20.3,58.79,46.0,73.0,23.0,24.0,0.6,0.92,17.0,5.2,14.7,45.6,5.68,4.9,43.0,2015-2016,33.0,502.0,58.79,20.3,4.6,14.7,45.6,5.68,4.9,73.0,23.0,24.0,0.6,0.92,17.0,5.2,43.0,6.834216132742509,177.18299641814966,0,0
90049.0,1.0,46.0,501.0,25.6,60.74,41.0,87.0,39.0,23.0,0.4,0.81,12.0,6.9,15.3,43.8,4.46,5.3,39.0,2015-2016,46.0,501.0,60.74,25.6,4.1,15.3,43.8,4.46,5.3,87.0,39.0,23.0,0.4,0.81,12.0,6.9,39.0,6.941586280159885,161.15958753723032,0,0
90059.0,1.0,23.0,888.0,25.5,85.37,48.0,80.0,19.0,23.0,1.2,1.17,16.0,4.9,14.4,43.6,4.76,5.5,42.0,2015-2016,23.0,888.0,85.37,25.5,4.8,14.4,43.6,4.76,5.5,80.0,19.0,23.0,1.2,1.17,16.0,4.9,42.0,9.784671261778897,264.2800870745629,0,0
90071.0,1.0,36.0,389.0,26.0,17.31,49.0,96.0,104.0,59.0,1.7,0.86,14.0,6.8,16.8,50.0,5.75,5.6,40.0,2015-2016,36.0,389.0,17.31,26.0,4.9,16.8,50.0,5.75,5.6,96.0,104.0,59.0,1.7,0.86,14.0,6.8,40.0,9.595401744454756,264.36742151082274,0,0
90077.0,1.0,54.0,577.0,30.6,,49.0,89.0,13.0,21.0,0.4,0.92,12.0,6.5,13.5,40.8,4.59,5.4,114.0,2015-2016,54.0,577.0,,30.6,4.9,13.5,40.8,4.59,5.4,89.0,13.0,21.0,0.4,0.92,12.0,6.5,114.0,,,0,0
90088.0,1.0,60.0,325.0,33.5,37.42,43.0,121.0,23.0,21.0,0.5,1.03,20.0,7.8,16.1,48.6,5.52,6.1,47.0,2015-2016,60.0,325.0,37.42,33.5,4.3,16.1,48.6,5.52,6.1,121.0,23.0,21.0,0.5,1.03,20.0,7.8,47.0,5.866948690545697,142.56843390156877,0,1
90089.0,1.0,31.0,209.0,14.6,25.43,52.0,93.0,18.0,21.0,0.8,1.19,12.0,5.9,15.0,44.5,5.03,5.0,31.0,2015-2016,31.0,209.0,25.43,14.6,5.2,15.0,44.5,5.03,5.0,93.0,18.0,21.0,0.8,1.19,12.0,5.9,31.0,4.060728528168436,118.48016054242724,1,1
90090.0,1.0,34.0,470.0,45.0,34.85,44.0,89.0,36.0,27.0,0.9,0.72,10.0,5.8,15.7,45.7,5.24,5.3,35.0,2015-2016,34.0,470.0,34.85,45.0,4.4,15.7,45.7,5.24,5.3,89.0,36.0,27.0,0.9,0.72,10.0,5.8,35.0,9.163701485813888,227.64592003164228,0,0
90095.0,1.0,22.0,423.0,14.7,27.55,46.0,91.0,38.0,26.0,0.6,0.5,17.0,5.2,15.0,44.2,4.63,5.6,87.0,2015-2016,22.0,423.0,27.55,14.7,4.6,15.0,44.2,4.63,5.6,91.0,38.0,26.0,0.6,0.5,17.0,5.2,87.0,9.016395985561344,233.7579067715629,0,0
90096.0,1.0,51.0,202.0,24.1,18.53,44.0,98.0,65.0,43.0,0.4,0.81,17.0,6.2,14.7,46.2,5.93,6.7,43.0,2015-2016,51.0,202.0,18.53,24.1,4.4,14.7,46.2,5.93,6.7,98.0,65.0,43.0,0.4,0.81,17.0,6.2,43.0,4.969408342871527,123.45071868362291,1,1
90098.0,1.0,50.0,497.0,24.3,42.52,44.0,83.0,29.0,28.0,0.6,0.82,9.0,6.2,14.3,42.8,4.66,5.9,46.0,2015-2016,50.0,497.0,42.52,24.3,4.4,14.3,42.8,4.66,5.9,83.0,29.0,28.0,0.6,0.82,9.0,6.2,46.0,8.633492712203399,214.47440148487803,0,0
90099.0,1.0,22.0,411.0,36.2,19.9,44.0,93.0,35.0,19.0,0.5,0.67,11.0,5.7,14.4,46.0,5.94,5.5,43.0,2015-2016,22.0,411.0,19.9,36.2,4.4,14.4,46.0,5.94,5.5,93.0,35.0,19.0,0.5,0.67,11.0,5.7,43.0,10.414914410707661,258.7287218758391,0,0
90100.0,1.0,47.0,492.0,37.4,41.5,47.0,95.0,47.0,28.0,1.8,0.95,11.0,6.6,15.8,45.4,5.14,5.5,41.0,2015-2016,47.0,492.0,41.5,37.4,4.7,15.8,45.4,5.14,5.5,95.0,47.0,28.0,1.8,0.95,11.0,6.6,41.0,8.394127400558965,222.17355094084178,0,0
90102.0,1.0,49.0,306.0,26.4,36.94,44.0,70.0,21.0,25.0,0.6,1.01,13.0,5.7,14.3,43.0,4.97,5.8,45.0,2015-2016,49.0,306.0,36.94,26.4,4.4,14.3,43.0,4.97,5.8,70.0,21.0,25.0,0.6,1.01,13.0,5.7,45.0,5.475188455731244,136.01537711383278,0,1
90110.0,1.0,58.0,466.0,41.0,39.6,43.0,112.0,24.0,28.0,0.8,0.98,14.0,6.4,15.1,45.3,5.27,6.9,45.0,2015-2016,58.0,466.0,39.6,41.0,4.3,15.1,45.3,5.27,6.9,112.0,24.0,28.0,0.8,0.98,14.0,6.4,45.0,8.488870091714299,206.28183036947723,0,0
90120.0,1.0,20.0,256.0,20.1,27.58,44.0,110.0,18.0,24.0,0.4,0.82,11.0,7.0,13.5,42.3,5.17,5.9,47.0,2015-2016,20.0,256.0,27.58,20.1,4.4,13.5,42.3,5.17,5.9,110.0,18.0,24.0,0.4,0.82,11.0,7.0,47.0,5.3191821853618375,132.1398481036476,1,1
90122.0,1.0,33.0,407.0,32.9,30.59,,,,,,,,,16.2,48.0,5.4,5.5,44.0,2015-2016,33.0,407.0,30.59,32.9,,16.2,48.0,5.4,5.5,,,,,,,,44.0,8.491042189265277,206.3346129251903,0,0
90124.0,1.0,29.0,518.0,29.6,21.67,48.0,87.0,62.0,46.0,0.8,0.86,18.0,5.5,16.2,50.0,5.56,5.5,50.0,2015-2016,29.0,518.0,21.67,29.6,4.8,16.2,50.0,5.56,5.5,87.0,62.0,46.0,0.8,0.86,18.0,5.5,50.0,12.271518498477962,331.44884386491407,0,0
90131.0,1.0,53.0,876.0,39.6,102.4,40.0,87.0,47.0,37.0,0.4,0.67,9.0,3.9,14.3,44.0,4.58,5.0,51.0,2015-2016,53.0,876.0,102.4,39.6,4.0,14.3,44.0,4.58,5.0,87.0,47.0,37.0,0.4,0.67,9.0,3.9,51.0,8.631549816267329,195.71753707374364,0,0
90136.0,1.0,51.0,385.0,22.5,46.1,47.0,101.0,65.0,56.0,1.1,0.92,11.0,6.7,16.0,45.9,5.44,5.3,51.0,2015-2016,51.0,385.0,46.1,22.5,4.7,16.0,45.9,5.44,5.3,101.0,65.0,56.0,1.1,0.92,11.0,6.7,51.0,5.952251077889263,157.54261222888394,0,1
90142.0,1.0,46.0,401.0,31.9,42.4,44.0,95.0,24.0,21.0,0.5,0.83,18.0,5.3,14.9,44.8,5.23,5.7,48.0,2015-2016,46.0,401.0,42.4,31.9,4.4,14.9,44.8,5.23,5.7,95.0,24.0,21.0,0.5,0.83,18.0,5.3,48.0,6.776454934192376,168.34161615099512,0,0
90143.0,1.0,24.0,356.0,20.2,24.96,44.0,102.0,39.0,22.0,0.6,0.61,8.0,3.7,15.4,45.8,5.99,5.2,43.0,2015-2016,24.0,356.0,24.96,20.2,4.4,15.4,45.8,5.99,5.2,102.0,39.0,22.0,0.6,0.61,8.0,3.7,43.0,8.023477008171389,199.3203083061451,0,0
90148.0,1.0,60.0,326.0,14.1,44.87,42.0,107.0,19.0,20.0,1.3,0.65,11.0,6.4,15.2,46.7,5.33,5.6,57.0,2015-2016,60.0,326.0,44.87,14.1,4.2,15.2,46.7,5.33,5.6,107.0,19.0,20.0,1.3,0.65,11.0,6.4,57.0,5.285407108247305,125.57283049686997,0,1
90163.0,1.0,58.0,443.0,27.6,47.54,47.0,88.0,89.0,67.0,0.5,0.92,10.0,5.0,16.9,49.9,5.31,5.1,68.0,2015-2016,58.0,443.0,47.54,27.6,4.7,16.9,49.9,5.31,5.1,88.0,89.0,67.0,0.5,0.92,10.0,5.0,68.0,6.824718592074689,180.63485236979454,0,0
90174.0,1.0,41.0,354.0,28.2,29.41,43.0,86.0,31.0,26.0,0.4,0.9,9.0,6.8,15.4,45.2,5.09,5.8,31.0,2015-2016,41.0,354.0,29.41,28.2,4.3,15.4,45.2,5.09,5.8,86.0,31.0,26.0,0.4,0.9,9.0,6.8,31.0,7.422863253809595,180.37757699611063,0,0
90182.0,1.0,20.0,200.0,30.2,26.26,43.0,241.0,136.0,75.0,1.2,0.76,11.0,8.1,16.4,48.6,5.59,6.3,45.0,2015-2016,20.0,200.0,26.26,30.2,4.3,16.4,48.6,5.59,6.3,241.0,136.0,75.0,1.2,0.76,11.0,8.1,45.0,4.237623442373543,102.97539138484906,1,1
90199.0,1.0,33.0,221.0,13.3,19.73,46.0,97.0,26.0,23.0,0.2,0.79,16.0,5.4,15.4,46.7,5.12,5.9,39.0,2015-2016,33.0,221.0,19.73,13.3,4.6,15.4,46.7,5.12,5.9,97.0,26.0,23.0,0.2,0.79,16.0,5.4,39.0,5.181576142827978,134.3368675094329,1,1
90200.0,1.0,58.0,759.0,30.1,135.3,42.0,147.0,34.0,33.0,0.5,1.05,9.0,6.1,10.6,34.0,4.39,6.6,35.0,2015-2016,58.0,759.0,135.3,30.1,4.2,10.6,34.0,4.39,6.6,147.0,34.0,33.0,0.5,1.05,9.0,6.1,35.0,5.528184999399827,131.34084540087096,0,1
90204.0,1.0,44.0,410.0,17.9,29.06,44.0,95.0,24.0,29.0,0.6,0.95,10.0,7.2,15.2,46.1,5.53,5.5,43.0,2015-2016,44.0,410.0,29.06,17.9,4.4,15.2,46.1,5.53,5.5,95.0,24.0,29.0,0.6,0.95,10.0,7.2,43.0,8.691440043848434,215.91393698765867,0,0
90209.0,1.0,39.0,270.0,24.1,32.34,45.0,81.0,23.0,25.0,0.2,1.06,11.0,5.0,14.2,41.5,4.53,5.2,39.0,2015-2016,39.0,270.0,32.34,24.1,4.5,14.2,41.5,4.53,5.2,81.0,23.0,25.0,0.2,1.06,11.0,5.0,39.0,5.108002475031331,129.6615495880972,1,1
90225.0,1.0,26.0,692.0,43.9,52.94,43.0,81.0,21.0,36.0,0.5,1.5,12.0,5.6,13.0,41.2,4.79,5.3,60.0,2015-2016,26.0,692.0,52.94,43.9,4.3,13.0,41.2,4.79,5.3,81.0,21.0,36.0,0.5,1.5,12.0,5.6,60.0,11.060298738374179,268.7682392986528,0,0
90230.0,1.0,48.0,493.0,18.2,47.58,45.0,107.0,24.0,21.0,0.8,1.05,17.0,7.1,15.8,46.4,5.08,5.5,54.0,2015-2016,48.0,493.0,47.58,18.2,4.5,15.8,46.4,5.08,5.5,107.0,24.0,21.0,0.8,1.05,17.0,7.1,54.0,7.852573243956754,199.3297419181886,0,0
90235.0,1.0,51.0,376.0,19.7,42.21,48.0,86.0,38.0,27.0,0.6,0.59,18.0,4.1,15.9,46.3,5.32,5.5,39.0,2015-2016,51.0,376.0,42.21,19.7,4.8,15.9,46.3,5.32,5.5,86.0,38.0,27.0,0.6,0.59,18.0,4.1,39.0,6.076879548204867,164.13410457790232,0,1
90240.0,1.0,53.0,303.0,30.2,23.18,41.0,220.0,25.0,16.0,0.6,1.0,10.0,5.5,13.9,41.3,4.66,11.7,35.0,2015-2016,53.0,303.0,23.18,30.2,4.1,13.9,41.3,4.66,11.7,220.0,25.0,16.0,0.6,1.0,10.0,5.5,35.0,7.26008159080066,168.553945371853,0,0
90254.0,1.0,59.0,494.0,24.1,66.18,40.0,89.0,16.0,27.0,0.7,0.58,15.0,3.3,13.4,41.9,4.98,5.6,72.0,2015-2016,59.0,494.0,66.18,24.1,4.0,13.4,41.9,4.98,5.6,89.0,16.0,27.0,0.7,0.58,15.0,3.3,72.0,6.4335700830812765,145.87907363738142,0,1
90256.0,1.0,51.0,352.0,37.9,29.37,44.0,294.0,17.0,16.0,0.2,0.79,15.0,4.0,15.2,45.6,5.07,12.0,69.0,2015-2016,51.0,352.0,29.37,37.9,4.4,15.2,45.6,5.07,12.0,294.0,17.0,16.0,0.2,0.79,15.0,4.0,69.0,7.289813156258315,181.09453100193426,0,0
90261.0,1.0,24.0,847.0,24.6,81.45,45.0,94.0,20.0,23.0,0.4,1.1,13.0,6.0,15.8,46.3,5.09,5.4,44.0,2015-2016,24.0,847.0,81.45,24.6,4.5,15.8,46.3,5.09,5.4,94.0,20.0,23.0,0.4,1.1,13.0,6.0,44.0,9.834797801370959,249.64653581213233,0,0
90271.0,1.0,19.0,550.0,26.4,22.33,50.0,88.0,15.0,18.0,0.5,0.96,19.0,6.5,16.7,49.2,5.68,5.2,36.0,2015-2016,19.0,550.0,22.33,26.4,5.0,16.7,49.2,5.68,5.2,88.0,15.0,18.0,0.5,0.96,19.0,6.5,36.0,12.60539408490985,354.1275783021041,0,0
90272.0,1.0,45.0,331.0,16.1,31.01,43.0,125.0,29.0,22.0,5.397605346934028e-79,1.14,16.0,6.1,13.8,40.9,4.85,5.8,26.0,2015-2016,45.0,331.0,31.01,16.1,4.3,13.8,40.9,4.85,5.8,125.0,29.0,22.0,5.397605346934028e-79,1.14,16.0,6.1,26.0,6.690770975846088,162.58753739530732,0,0
90276.0,1.0,19.0,552.0,45.9,24.7,47.0,81.0,16.0,20.0,1.6,1.0,6.0,6.1,15.8,49.3,5.45,4.6,53.0,2015-2016,19.0,552.0,24.7,45.9,4.7,15.8,49.3,5.45,4.6,81.0,16.0,20.0,1.6,1.0,6.0,6.1,53.0,12.64970850720375,334.80914969492665,0,0
90292.0,1.0,24.0,349.0,17.0,36.05,47.0,101.0,40.0,26.0,0.7,0.97,11.0,5.3,15.1,43.0,5.02,4.4,53.0,2015-2016,24.0,349.0,36.05,17.0,4.7,15.1,43.0,5.02,4.4,101.0,40.0,26.0,0.7,0.97,11.0,5.3,53.0,6.218393069591597,164.58678829738608,0,1
90299.0,1.0,54.0,394.0,22.4,54.48,43.0,95.0,25.0,20.0,0.8,0.83,18.0,4.8,14.7,44.3,4.87,5.7,38.0,2015-2016,54.0,394.0,54.48,22.4,4.3,14.7,44.3,4.87,5.7,95.0,25.0,20.0,0.8,0.83,18.0,4.8,38.0,5.638990809052556,137.0289959630083,0,1
90303.0,1.0,56.0,152.0,15.7,23.91,41.0,150.0,28.0,31.0,0.1,0.77,13.0,6.8,13.5,40.4,4.48,7.3,54.0,2015-2016,56.0,152.0,23.91,15.7,4.1,13.5,40.4,4.48,7.3,150.0,28.0,31.0,0.1,0.77,13.0,6.8,54.0,3.4080867974324156,79.12396970921719,1,1
90322.0,1.0,26.0,389.0,15.9,32.29,46.0,90.0,28.0,21.0,0.4,0.97,13.0,6.6,14.1,42.8,5.15,5.6,68.0,2015-2016,26.0,389.0,32.29,15.9,4.6,14.1,42.8,5.15,5.6,90.0,28.0,21.0,0.4,0.97,13.0,6.6,68.0,7.551028607153588,195.76698317232572,0,0
90324.0,1.0,25.0,654.0,44.0,41.21,49.0,76.0,24.0,22.0,0.8,1.08,15.0,4.6,15.9,47.9,5.2,5.0,37.0,2015-2016,25.0,654.0,41.21,44.0,4.9,15.9,47.9,5.2,5.0,76.0,24.0,22.0,0.8,1.08,15.0,4.6,37.0,11.46583801705155,315.90069001336286,0,0
90330.0,1.0,54.0,263.0,20.0,27.04,39.0,139.0,53.0,38.0,0.5,0.65,15.0,6.6,14.1,42.9,4.9,7.4,41.0,2015-2016,54.0,263.0,27.04,20.0,3.9,14.1,42.9,4.9,7.4,139.0,53.0,38.0,0.5,0.65,15.0,6.6,41.0,5.899347302483674,130.56908875208373,1,1
90353.0,1.0,50.0,225.0,13.3,39.45,41.0,138.0,27.0,29.0,0.5,1.08,21.0,5.0,14.7,43.6,4.54,6.0,45.0,2015-2016,50.0,225.0,39.45,13.3,4.1,14.7,43.6,4.54,6.0,138.0,27.0,29.0,0.5,1.08,21.0,5.0,45.0,3.880066633312325,90.08170654434069,1,1
90357.0,1.0,56.0,247.0,19.2,65.31,41.0,197.0,30.0,28.0,0.7,1.13,18.0,7.7,13.5,43.9,6.75,6.2,67.0,2015-2016,56.0,247.0,65.31,19.2,4.1,13.5,43.9,6.75,6.2,197.0,30.0,28.0,0.7,1.13,18.0,7.7,67.0,2.99843720958576,69.61332531935263,1,1
90370.0,1.0,51.0,406.0,15.3,45.43,45.0,83.0,24.0,22.0,0.4,0.77,17.0,4.9,15.5,45.2,4.93,4.8,56.0,2015-2016,51.0,406.0,45.43,15.3,4.5,15.5,45.2,4.93,4.8,83.0,24.0,22.0,0.4,0.77,17.0,4.9,56.0,6.500337829536831,165.0045942506526,0,0
90378.0,1.0,19.0,252.0,24.7,17.71,48.0,110.0,26.0,26.0,0.3,0.73,12.0,5.8,14.4,44.2,5.17,5.8,38.0,2015-2016,19.0,252.0,17.71,24.7,4.8,14.4,44.2,5.17,5.8,110.0,26.0,26.0,0.3,0.73,12.0,5.8,38.0,6.050628820378531,163.4250828386831,1,1
90380.0,1.0,22.0,1300.0,52.9,84.76,52.0,81.0,60.0,34.0,1.0,0.85,15.0,6.7,16.5,50.1,5.28,5.4,82.0,2015-2016,22.0,1300.0,84.76,52.9,5.2,16.5,50.1,5.28,5.4,81.0,60.0,34.0,1.0,0.85,15.0,6.7,82.0,15.395806257024425,449.20451696265116,0,0
90391.0,1.0,42.0,296.0,15.8,37.48,43.0,72.0,38.0,35.0,0.3,0.71,11.0,4.7,15.8,45.6,5.04,5.4,31.0,2015-2016,42.0,296.0,37.48,15.8,4.3,15.8,45.6,5.04,5.4,72.0,38.0,35.0,0.3,0.71,11.0,4.7,31.0,5.288265487944733,128.5062761648032,1,1
90393.0,1.0,33.0,355.0,33.2,14.15,44.0,89.0,28.0,31.0,0.5,0.64,15.0,8.9,16.2,47.6,5.29,5.5,36.0,2015-2016,33.0,355.0,14.15,33.2,4.4,16.2,47.6,5.29,5.5,89.0,28.0,31.0,0.5,0.64,15.0,8.9,36.0,10.046216771003118,249.56948490877184,0,0
90394.0,1.0,36.0,422.0,28.1,35.44,47.0,84.0,82.0,46.0,1.1,1.05,14.0,5.3,16.5,47.8,5.15,5.2,44.0,2015-2016,36.0,422.0,35.44,28.1,4.7,16.5,47.8,5.15,5.2,84.0,82.0,46.0,1.1,1.05,14.0,5.3,44.0,7.7579751026815815,205.33603964107488,0,0
90396.0,1.0,48.0,543.0,38.4,38.99,44.0,101.0,19.0,25.0,0.9,0.89,15.0,6.2,16.2,50.4,5.5,5.3,54.0,2015-2016,48.0,543.0,38.99,38.4,4.4,16.2,50.4,5.5,5.3,101.0,19.0,25.0,0.9,0.89,15.0,6.2,54.0,10.109327499454846,251.13729021806762,0,0
90404.0,1.0,58.0,552.0,22.7,62.59,45.0,93.0,24.0,23.0,0.6,1.03,19.0,5.6,16.3,46.7,5.03,5.1,37.0,2015-2016,58.0,552.0,62.59,22.7,4.5,16.3,46.7,5.03,5.1,93.0,24.0,23.0,0.6,1.03,19.0,5.6,37.0,7.331841706560847,186.11149106803973,0,0
90410.0,1.0,37.0,296.0,27.4,28.17,50.0,71.0,87.0,54.0,0.04,1.2,12.0,8.8,16.7,48.0,5.57,5.2,33.0,2015-2016,37.0,296.0,28.17,27.4,5.0,16.7,48.0,5.57,5.2,71.0,87.0,54.0,0.04,1.2,12.0,8.8,33.0,5.737632373431314,161.1892372348243,1,1
90412.0,1.0,57.0,467.0,15.7,47.03,44.0,97.0,24.0,21.0,0.5,0.84,19.0,5.6,14.9,43.8,4.9,6.2,51.0,2015-2016,57.0,467.0,47.03,15.7,4.4,14.9,43.8,4.9,6.2,97.0,24.0,21.0,0.5,0.84,19.0,5.6,51.0,7.513806939885963,186.6590150735971,0,0
90425.0,1.0,42.0,383.0,29.4,21.33,43.0,83.0,46.0,49.0,0.5,1.2,10.0,5.8,16.6,48.8,5.03,4.9,24.0,2015-2016,42.0,383.0,21.33,29.4,4.3,16.6,48.8,5.03,4.9,83.0,46.0,49.0,0.5,1.2,10.0,5.8,24.0,9.492283365652222,230.66504327398104,0,0
90429.0,1.0,35.0,472.0,21.3,22.78,45.0,77.0,18.0,21.0,0.6,0.85,12.0,4.6,14.8,45.2,5.47,5.4,42.0,2015-2016,35.0,472.0,22.78,21.3,4.5,14.8,45.2,5.47,5.4,77.0,18.0,21.0,0.6,0.85,12.0,4.6,42.0,11.305626504218592,286.98205585584674,0,0
90436.0,1.0,59.0,797.0,15.9,149.2,20.0,76.0,10.0,14.0,0.3,10.35,46.0,6.6,9.8,29.6,3.15,6.6,71.0,2015-2016,59.0,797.0,149.2,15.9,2.0,9.8,29.6,3.15,6.6,76.0,10.0,14.0,0.3,10.35,46.0,6.6,71.0,5.86838367104753,69.46602117957774,0,1
90439.0,1.0,31.0,380.0,49.1,29.41,43.0,126.0,31.0,20.0,0.3,0.94,12.0,6.2,14.9,45.9,5.96,8.7,32.0,2015-2016,31.0,380.0,29.41,49.1,4.3,14.9,45.9,5.96,8.7,126.0,31.0,20.0,0.3,0.94,12.0,6.2,32.0,8.033264402150557,195.21048936006653,0,0
90455.0,1.0,57.0,494.0,27.0,,43.0,97.0,18.0,19.0,0.5,1.14,18.0,4.2,16.0,48.0,5.11,5.4,44.0,2015-2016,57.0,494.0,,27.0,4.3,16.0,48.0,5.11,5.4,97.0,18.0,19.0,0.5,1.14,18.0,4.2,44.0,,,0,0
90464.0,1.0,41.0,413.0,20.3,50.46,46.0,98.0,37.0,33.0,0.5,0.62,11.0,5.1,14.8,42.4,4.54,5.9,31.0,2015-2016,41.0,413.0,50.46,20.3,4.6,14.8,42.4,4.54,5.9,98.0,37.0,33.0,0.5,0.62,11.0,5.1,31.0,6.112960588277454,158.4838192090379,0,1
90465.0,1.0,36.0,458.0,16.2,40.24,42.0,108.0,20.0,21.0,0.7,0.75,19.0,5.8,16.0,45.7,5.28,5.7,45.0,2015-2016,36.0,458.0,40.24,16.2,4.2,16.0,45.7,5.28,5.7,108.0,20.0,21.0,0.7,0.75,19.0,5.8,45.0,8.330192463211501,197.91206708692704,0,0
90473.0,1.0,44.0,366.0,22.0,21.82,50.0,140.0,28.0,26.0,0.8,0.9,14.0,5.9,15.3,46.5,5.39,6.0,49.0,2015-2016,44.0,366.0,21.82,22.0,5.0,15.3,46.5,5.39,6.0,140.0,28.0,26.0,0.8,0.9,14.0,5.9,49.0,8.110990378996902,227.86478242551354,0,0
90480.0,1.0,58.0,1200.0,50.6,167.7,39.0,82.0,21.0,33.0,0.7,0.88,8.0,6.0,14.4,44.6,5.15,5.5,67.0,2015-2016,58.0,1200.0,167.7,50.6,3.9,14.4,44.6,5.15,5.5,82.0,21.0,33.0,0.7,0.88,8.0,6.0,67.0,7.782166868808902,172.24116236541016,0,0
90493.0,1.0,46.0,326.0,18.6,41.11,43.0,103.0,9.0,20.0,0.5,0.64,13.0,3.6,14.0,42.2,4.83,5.8,41.0,2015-2016,46.0,326.0,41.11,18.6,4.3,14.0,42.2,4.83,5.8,103.0,9.0,20.0,0.5,0.64,13.0,3.6,41.0,5.546097888896076,134.77167297523542,0,1
90498.0,1.0,42.0,331.0,14.2,38.56,43.0,78.0,19.0,32.0,0.8,1.17,8.0,5.8,14.9,45.3,5.77,5.8,56.0,2015-2016,42.0,331.0,38.56,14.2,4.3,14.9,45.3,5.77,5.8,78.0,19.0,32.0,0.8,1.17,8.0,5.8,56.0,5.875633446466984,142.77947581037404,0,1
90510.0,1.0,47.0,456.0,25.6,32.94,45.0,109.0,55.0,36.0,0.9,1.19,18.0,7.1,16.0,46.1,5.12,5.3,33.0,2015-2016,47.0,456.0,32.94,25.6,4.5,16.0,46.1,5.12,5.3,109.0,55.0,36.0,0.9,1.19,18.0,7.1,33.0,9.035759928539347,229.36375613899048,0,0
90511.0,1.0,60.0,310.0,23.9,26.5,45.0,207.0,31.0,27.0,0.9,1.37,17.0,4.3,13.1,36.6,4.02,7.8,27.0,2015-2016,60.0,310.0,26.5,23.9,4.5,13.1,36.6,4.02,7.8,207.0,31.0,27.0,0.9,1.37,17.0,4.3,27.0,6.603154152997852,167.61448410252177,0,0
90519.0,1.0,40.0,637.0,27.3,37.26,45.0,95.0,24.0,24.0,0.5,0.95,14.0,5.0,14.7,44.9,4.88,5.4,39.0,2015-2016,40.0,637.0,37.26,27.3,4.5,14.7,44.9,4.88,5.4,95.0,24.0,24.0,0.5,0.95,14.0,5.0,39.0,12.38001906555447,314.2544397377438,0,0
90521.0,1.0,48.0,793.0,27.8,122.8,46.0,102.0,27.0,26.0,1.3,0.92,12.0,6.8,15.5,45.0,5.1,5.2,78.0,2015-2016,48.0,793.0,122.8,27.8,4.6,15.5,45.0,5.1,5.2,102.0,27.0,26.0,1.3,0.92,12.0,6.8,78.0,6.25144730017841,162.07420764600147,0,1
90522.0,1.0,40.0,617.0,23.8,30.0,44.0,297.0,25.0,28.0,0.9,0.74,19.0,4.7,15.5,46.7,5.31,12.8,45.0,2015-2016,40.0,617.0,30.0,23.8,4.4,15.5,46.7,5.31,12.8,297.0,25.0,28.0,0.9,0.74,19.0,4.7,45.0,13.64874218885254,339.06391185549046,0,0
90530.0,1.0,36.0,283.0,15.5,18.46,45.0,103.0,48.0,29.0,0.6,0.78,11.0,7.3,6.3,22.8,4.13,4.9,39.0,2015-2016,36.0,283.0,18.46,15.5,4.5,6.3,22.8,4.13,4.9,103.0,48.0,29.0,0.6,0.78,11.0,7.3,39.0,7.035601528596302,178.59172953446665,1,0
90534.0,1.0,60.0,495.0,27.4,34.88,46.0,121.0,26.0,27.0,0.3,0.96,12.0,6.4,15.4,45.2,4.68,5.8,76.0,2015-2016,60.0,495.0,34.88,27.4,4.6,15.4,45.2,4.68,5.8,121.0,26.0,27.0,0.3,0.96,12.0,6.4,76.0,9.487854526908942,245.9808794461739,0,0
90539.0,1.0,29.0,268.0,14.6,29.81,44.0,88.0,30.0,25.0,0.3,0.89,12.0,6.9,14.1,42.5,4.81,5.8,40.0,2015-2016,29.0,268.0,29.81,14.6,4.4,14.1,42.5,4.81,5.8,88.0,30.0,25.0,0.3,0.89,12.0,6.9,40.0,5.362278056425539,133.2104416005057,1,1
90549.0,1.0,34.0,407.0,25.4,21.7,45.0,89.0,26.0,26.0,1.1,0.73,18.0,6.4,14.9,45.2,4.96,5.5,66.0,2015-2016,34.0,407.0,21.7,25.4,4.5,14.9,45.2,4.96,5.5,89.0,26.0,26.0,1.1,0.73,18.0,6.4,66.0,9.78691167922137,248.4309943490984,0,0
90555.0,1.0,36.0,352.0,18.0,33.97,46.0,84.0,40.0,32.0,0.7,1.05,11.0,5.9,16.1,45.8,5.24,4.8,24.0,2015-2016,36.0,352.0,33.97,18.0,4.6,16.1,45.8,5.24,4.8,84.0,40.0,32.0,0.7,1.05,11.0,5.9,24.0,6.567757678934386,170.27482928534863,0,0
90559.0,1.0,28.0,454.0,26.1,26.85,42.0,96.0,107.0,57.0,0.9,0.69,20.0,4.5,15.4,45.4,5.13,5.2,48.0,2015-2016,28.0,454.0,26.85,26.1,4.2,15.4,45.4,5.13,5.2,96.0,107.0,57.0,0.9,0.69,20.0,4.5,48.0,10.443857820630424,248.12937981580177,0,0
90566.0,1.0,19.0,289.0,26.4,10.52,50.0,91.0,97.0,60.0,1.0,0.95,11.0,10.6,16.0,47.6,5.43,4.9,34.0,2015-2016,19.0,289.0,10.52,26.4,5.0,16.0,47.6,5.43,4.9,91.0,97.0,60.0,1.0,0.95,11.0,10.6,34.0,7.952765641915956,223.41972163705003,1,0
90572.0,1.0,39.0,329.0,31.8,24.71,45.0,75.0,28.0,30.0,0.4,1.46,25.0,8.7,17.1,50.4,5.42,5.7,33.0,2015-2016,39.0,329.0,24.71,31.8,4.5,17.1,50.4,5.42,5.7,75.0,28.0,30.0,0.4,1.46,25.0,8.7,33.0,7.293865480545895,185.14750243712655,0,0
90581.0,1.0,44.0,289.0,25.7,18.99,44.0,129.0,28.0,27.0,1.0,1.02,18.0,6.0,16.3,49.0,5.79,6.3,45.0,2015-2016,44.0,289.0,18.99,25.7,4.4,16.3,49.0,5.79,6.3,129.0,28.0,27.0,1.0,1.02,18.0,6.0,45.0,7.219525058314183,179.3484245024442,1,0
90583.0,1.0,41.0,624.0,20.7,38.07,47.0,95.0,54.0,34.0,0.9,0.71,17.0,5.5,15.5,45.9,5.44,5.2,43.0,2015-2016,41.0,624.0,38.07,20.7,4.7,15.5,45.9,5.44,5.2,95.0,54.0,34.0,0.9,0.71,17.0,5.5,43.0,11.644315386353004,308.19866964240435,0,0
90585.0,1.0,47.0,587.0,39.8,34.32,42.0,87.0,24.0,23.0,0.4,0.85,8.0,6.0,16.9,51.3,5.77,5.5,67.0,2015-2016,47.0,587.0,34.32,39.8,4.2,16.9,51.3,5.77,5.5,87.0,24.0,23.0,0.4,0.85,8.0,6.0,67.0,12.271438411112078,291.54977544621994,0,0
90591.0,1.0,20.0,169.0,28.0,16.95,44.0,93.0,32.0,22.0,0.2,0.87,15.0,7.4,16.1,47.3,5.48,5.1,49.0,2015-2016,20.0,169.0,16.95,28.0,4.4,16.1,47.3,5.48,5.1,93.0,32.0,22.0,0.2,0.87,15.0,7.4,49.0,4.266843328171469,105.99750292784647,1,1
90607.0,1.0,44.0,563.0,49.5,40.9,41.0,102.0,27.0,32.0,0.5,1.83,21.0,8.3,12.7,39.2,4.57,5.8,75.0,2015-2016,44.0,563.0,40.9,49.5,4.1,12.7,39.2,4.57,5.8,102.0,27.0,32.0,0.5,1.83,21.0,8.3,75.0,10.597298231527882,246.03255553897935,0,0
90612.0,1.0,50.0,251.0,5.23,75.93,44.0,84.0,10.0,13.0,0.2,0.93,19.0,5.7,10.4,31.1,3.42,5.5,51.0,2015-2016,50.0,251.0,75.93,5.23,4.4,10.4,31.1,3.42,5.5,84.0,10.0,13.0,0.2,0.93,19.0,5.7,51.0,2.660006784065819,66.08025071380764,1,1
90613.0,1.0,57.0,269.0,23.3,26.22,50.0,87.0,28.0,28.0,0.7,1.03,17.0,8.0,14.2,42.6,5.02,5.6,39.0,2015-2016,57.0,269.0,26.22,23.3,5.0,14.2,42.6,5.02,5.6,87.0,28.0,28.0,0.7,1.03,17.0,8.0,39.0,5.357972940318489,150.52333700813134,1,1
90625.0,1.0,31.0,383.0,20.1,61.12,47.0,85.0,13.0,20.0,0.6,0.86,13.0,5.9,14.3,43.0,4.72,5.3,53.0,2015-2016,31.0,383.0,61.12,20.1,4.7,14.3,43.0,4.72,5.3,85.0,13.0,20.0,0.6,0.86,13.0,5.9,53.0,4.86222865870844,128.69218622052912,0,1
90630.0,1.0,52.0,589.0,31.5,53.87,52.0,97.0,26.0,34.0,1.3,0.97,12.0,5.4,16.1,48.5,5.15,5.4,56.0,2015-2016,52.0,589.0,53.87,31.5,5.2,16.1,48.5,5.15,5.4,97.0,26.0,34.0,1.3,0.97,12.0,5.4,56.0,8.293934623078323,241.9927111241639,0,0
90631.0,1.0,28.0,335.0,26.8,16.34,42.0,104.0,76.0,33.0,0.4,0.66,12.0,6.9,14.3,43.0,4.97,5.9,45.0,2015-2016,28.0,335.0,16.34,26.8,4.2,14.3,43.0,4.97,5.9,104.0,76.0,33.0,0.4,0.66,12.0,6.9,45.0,9.273936705468326,220.33392283771553,0,0
90634.0,1.0,34.0,765.0,19.3,46.87,44.0,90.0,19.0,21.0,0.6,1.0,11.0,5.9,14.0,40.8,4.44,4.3,77.0,2015-2016,34.0,765.0,46.87,19.3,4.4,14.0,40.8,4.44,4.3,90.0,19.0,21.0,0.6,1.0,11.0,5.9,77.0,13.470512415106471,334.63630354849073,0,0
90635.0,1.0,41.0,719.0,47.0,47.79,47.0,86.0,19.0,20.0,0.5,1.12,12.0,5.0,13.8,43.5,5.92,5.8,44.0,2015-2016,41.0,719.0,47.79,47.0,4.7,13.8,43.5,5.92,5.8,86.0,19.0,20.0,0.5,1.12,12.0,5.0,44.0,11.928574840234939,315.72237392323865,0,0
90638.0,1.0,51.0,223.0,14.5,34.0,45.0,135.0,118.0,58.0,0.4,0.82,14.0,5.7,16.2,45.7,4.98,5.7,30.0,2015-2016,51.0,223.0,34.0,14.5,4.5,16.2,45.7,4.98,5.7,135.0,118.0,58.0,0.4,0.82,14.0,5.7,30.0,4.039324228773002,102.53421789664276,1,1
90645.0,1.0,57.0,321.0,15.5,34.75,44.0,121.0,33.0,25.0,0.4,0.81,16.0,6.2,14.9,43.1,4.87,5.9,65.0,2015-2016,57.0,321.0,34.75,15.5,4.4,14.9,43.1,4.87,5.9,121.0,33.0,25.0,0.4,0.81,16.0,6.2,65.0,5.986686622400659,148.72208421534802,0,1
90646.0,1.0,39.0,482.0,23.9,83.37,42.0,111.0,25.0,25.0,1.3,0.68,12.0,4.6,14.6,44.0,4.92,5.7,49.0,2015-2016,39.0,482.0,83.37,23.9,4.2,14.6,44.0,4.92,5.7,111.0,25.0,25.0,1.3,0.68,12.0,4.6,49.0,5.094428511531897,121.03548408954154,0,1
90649.0,1.0,43.0,369.0,20.6,23.91,45.0,93.0,21.0,23.0,0.5,1.05,12.0,6.1,14.4,44.5,5.19,5.5,50.0,2015-2016,43.0,369.0,23.91,20.6,4.5,14.4,44.5,5.19,5.5,93.0,21.0,23.0,0.5,1.05,12.0,6.1,50.0,8.405817913887198,213.37330621855568,0,0
90650.0,1.0,59.0,310.0,28.3,37.09,46.0,82.0,22.0,25.0,0.7,1.45,19.0,7.0,14.1,44.4,5.02,6.1,50.0,2015-2016,59.0,310.0,37.09,28.3,4.6,14.1,44.4,5.02,6.1,82.0,22.0,25.0,0.7,1.45,19.0,7.0,50.0,5.424886973131121,140.64491237321144,0,1
90654.0,1.0,41.0,345.0,11.1,44.01,40.0,109.0,19.0,20.0,0.4,0.65,17.0,3.8,12.8,38.9,4.27,5.4,40.0,2015-2016,41.0,345.0,44.01,11.1,4.0,12.8,38.9,4.27,5.4,109.0,19.0,20.0,0.4,0.65,17.0,3.8,40.0,5.818168838640357,131.92505397255843,0,1
90656.0,1.0,34.0,676.0,19.9,71.75,46.0,82.0,22.0,26.0,0.9,0.86,14.0,5.2,15.6,46.4,5.04,5.1,40.0,2015-2016,34.0,676.0,71.75,19.9,4.6,15.6,46.4,5.04,5.1,82.0,22.0,26.0,0.9,0.86,14.0,5.2,40.0,8.276455631283213,214.57430961934708,0,0
90661.0,1.0,58.0,742.0,49.8,49.12,45.0,98.0,23.0,28.0,1.5,0.9,8.0,6.9,17.4,50.7,5.27,5.2,78.0,2015-2016,58.0,742.0,49.12,49.8,4.5,17.4,50.7,5.27,5.2,98.0,23.0,28.0,1.5,0.9,8.0,6.9,78.0,12.425943955302603,315.4201972718313,0,0
90669.0,1.0,27.0,117.0,21.0,16.79,40.0,105.0,45.0,33.0,0.6,0.61,12.0,7.2,14.3,43.7,5.17,5.8,36.0,2015-2016,27.0,117.0,16.79,21.0,4.0,14.3,43.7,5.17,5.8,105.0,45.0,33.0,0.6,0.61,12.0,7.2,36.0,3.092051307521729,70.11124065730107,1,1
90672.0,1.0,24.0,278.0,22.6,18.25,47.0,93.0,69.0,38.0,0.6,1.02,9.0,9.7,15.3,44.3,5.08,5.3,43.0,2015-2016,24.0,278.0,18.25,22.6,4.7,15.3,44.3,5.08,5.3,93.0,69.0,38.0,0.6,1.02,9.0,9.7,43.0,6.737458706730966,178.32528073043454,1,0
90673.0,1.0,53.0,327.0,45.5,33.62,49.0,123.0,48.0,30.0,0.5,1.28,18.0,5.7,17.5,52.6,6.29,6.0,46.0,2015-2016,53.0,327.0,33.62,45.5,4.9,17.5,52.6,6.29,6.0,123.0,48.0,30.0,0.5,1.28,18.0,5.7,46.0,5.8955472167671745,162.43099117686916,0,1
90680.0,1.0,55.0,284.0,20.5,15.24,46.0,95.0,31.0,23.0,0.8,1.1,19.0,7.1,16.1,47.4,5.22,5.8,38.0,2015-2016,55.0,284.0,15.24,20.5,4.6,16.1,47.4,5.22,5.8,95.0,31.0,23.0,0.8,1.1,19.0,7.1,38.0,7.467478046954319,193.60086224185102,1,0
90683.0,1.0,30.0,538.0,16.2,31.98,47.0,114.0,18.0,23.0,0.8,1.12,19.0,6.4,15.8,47.6,5.27,5.6,59.0,2015-2016,30.0,538.0,31.98,16.2,4.7,15.8,47.6,5.27,5.6,114.0,18.0,23.0,0.8,1.12,19.0,6.4,59.0,10.81982783122891,286.37635040809596,0,0
90687.0,1.0,55.0,242.0,18.9,16.46,42.0,107.0,54.0,26.0,0.6,1.11,14.0,8.4,15.8,47.4,5.33,5.8,38.0,2015-2016,55.0,242.0,16.46,18.9,4.2,15.8,47.4,5.33,5.8,107.0,54.0,26.0,0.6,1.11,14.0,8.4,38.0,6.5074219786225385,154.60595188932407,1,0
90696.0,1.0,44.0,269.0,31.7,15.26,45.0,109.0,44.0,26.0,1.3,0.93,11.0,6.8,14.4,45.5,5.87,6.2,43.0,2015-2016,44.0,269.0,15.26,31.7,4.5,14.4,45.5,5.87,6.2,109.0,44.0,26.0,1.3,0.93,11.0,6.8,43.0,7.152002566760011,181.54645382360812,1,0
90702.0,1.0,49.0,374.0,23.3,44.33,47.0,108.0,28.0,23.0,0.4,0.65,15.0,4.6,14.2,41.3,4.45,6.2,49.0,2015-2016,49.0,374.0,44.33,23.3,4.7,14.2,41.3,4.45,6.2,108.0,28.0,23.0,0.4,0.65,15.0,4.6,49.0,5.912456372495213,156.4893364583194,0,1
90707.0,1.0,50.0,221.0,19.7,27.46,45.0,117.0,19.0,23.0,0.2,0.82,15.0,6.8,14.7,42.3,4.68,6.7,42.0,2015-2016,50.0,221.0,27.46,19.7,4.5,14.7,42.3,4.68,6.7,117.0,19.0,23.0,0.2,0.82,15.0,6.8,42.0,4.497378839643421,114.16147746273509,1,1
90713.0,1.0,30.0,413.0,26.9,16.19,47.0,104.0,26.0,22.0,0.7,1.05,17.0,9.6,15.3,46.1,5.11,5.7,42.0,2015-2016,30.0,413.0,16.19,26.9,4.7,15.3,46.1,5.11,5.7,104.0,26.0,22.0,0.7,1.05,17.0,9.6,42.0,10.798083040012479,285.800815007156,0,0
90715.0,1.0,20.0,447.0,14.4,39.89,47.0,100.0,28.0,27.0,1.0,0.85,21.0,6.9,15.1,45.2,5.14,5.2,59.0,2015-2016,20.0,447.0,39.89,14.4,4.7,15.1,45.2,5.14,5.2,100.0,28.0,27.0,1.0,0.85,21.0,6.9,59.0,7.714960996132188,204.19755360952024,0,0
90722.0,1.0,31.0,217.0,19.4,21.45,46.0,104.0,56.0,48.0,0.4,0.85,16.0,7.9,13.8,41.6,4.86,5.8,43.0,2015-2016,31.0,217.0,21.45,19.4,4.6,13.8,41.6,4.86,5.8,104.0,56.0,48.0,0.4,0.85,16.0,7.9,43.0,4.902921986616778,127.11251618619508,1,1
90733.0,1.0,28.0,467.0,34.6,19.9,45.0,89.0,30.0,66.0,0.8,0.89,11.0,5.3,16.3,47.1,5.47,4.8,42.0,2015-2016,28.0,467.0,19.9,34.6,4.5,16.3,47.1,5.47,4.8,89.0,30.0,66.0,0.8,0.89,11.0,5.3,42.0,11.823344892620419,300.123820923222,0,0
90758.0,1.0,32.0,436.0,11.7,50.08,45.0,85.0,22.0,26.0,0.4,0.73,12.0,4.5,13.5,39.8,4.42,5.3,40.0,2015-2016,32.0,436.0,50.08,11.7,4.5,13.5,39.8,4.42,5.3,85.0,22.0,26.0,0.4,0.73,12.0,4.5,40.0,6.591263547794252,167.31265294567027,0,0
90766.0,1.0,35.0,320.0,19.3,26.47,45.0,92.0,28.0,29.0,0.7,0.86,14.0,6.1,15.5,46.7,5.53,5.2,52.0,2015-2016,35.0,320.0,26.47,19.3,4.5,15.5,46.7,5.53,5.2,92.0,28.0,29.0,0.7,0.86,14.0,6.1,52.0,6.840600088135988,173.64181240627647,0,0
90771.0,1.0,29.0,950.0,62.1,61.74,44.0,98.0,19.0,16.0,0.5,1.29,20.0,7.6,15.5,47.6,5.1,5.3,56.0,2015-2016,29.0,950.0,61.74,62.1,4.4,15.5,47.6,5.1,5.3,98.0,19.0,16.0,0.5,1.29,20.0,7.6,56.0,14.386264623750002,357.38554460358057,0,0
90783.0,1.0,47.0,140.0,20.6,24.31,44.0,107.0,26.0,30.0,0.5,0.91,10.0,7.3,15.5,46.2,5.67,7.3,48.0,2015-2016,47.0,140.0,24.31,20.6,4.4,15.5,46.2,5.67,7.3,107.0,26.0,30.0,0.5,0.91,10.0,7.3,48.0,2.9869340321105957,74.20182192384539,1,1
90786.0,1.0,19.0,434.0,29.0,35.36,45.0,87.0,156.0,73.0,0.9,0.9,13.0,5.4,14.5,42.1,4.87,4.9,37.0,2015-2016,19.0,434.0,35.36,29.0,4.5,14.5,42.1,4.87,4.9,87.0,156.0,73.0,0.9,0.9,13.0,5.4,37.0,8.201835695544133,208.1954209986357,0,0
90790.0,1.0,19.0,498.0,17.9,33.15,44.0,97.0,16.0,18.0,0.9,1.0,14.0,8.5,14.9,44.5,5.19,5.1,41.0,2015-2016,19.0,498.0,33.15,17.9,4.4,14.9,44.5,5.19,5.1,97.0,16.0,18.0,0.9,1.0,14.0,8.5,41.0,10.079483906781157,250.39591162539207,0,0
90796.0,1.0,28.0,312.0,17.2,34.62,47.0,80.0,38.0,38.0,0.3,0.79,13.0,6.0,15.2,43.8,5.01,5.4,36.0,2015-2016,28.0,312.0,34.62,17.2,4.7,15.2,43.8,5.01,5.4,80.0,38.0,38.0,0.3,0.79,13.0,6.0,36.0,5.628205862884189,148.96586891208943,0,1
90800.0,1.0,32.0,313.0,14.7,18.56,43.0,113.0,26.0,28.0,0.4,0.83,16.0,5.2,16.4,49.9,5.73,5.6,62.0,2015-2016,32.0,313.0,18.56,14.7,4.3,16.4,49.9,5.73,5.6,113.0,26.0,28.0,0.4,0.83,16.0,5.2,62.0,8.066171141955591,196.01013200333188,0,0
90803.0,1.0,25.0,490.0,20.9,57.88,48.0,73.0,35.0,53.0,1.7,1.09,20.0,5.2,14.7,43.9,5.12,4.6,60.0,2015-2016,25.0,490.0,57.88,20.9,4.8,14.7,43.9,5.12,4.6,73.0,35.0,53.0,1.7,1.09,20.0,5.2,60.0,6.613257428975811,178.6214582398222,0,0
90812.0,1.0,35.0,150.0,7.59,17.19,46.0,92.0,28.0,26.0,0.4,0.78,12.0,5.9,16.3,49.6,5.42,5.1,35.0,2015-2016,35.0,150.0,17.19,7.59,4.6,16.3,49.6,5.42,5.1,92.0,28.0,26.0,0.4,0.78,12.0,5.9,35.0,3.641776603517045,94.4162254110223,1,1
90813.0,1.0,47.0,204.0,11.6,12.95,47.0,93.0,49.0,30.0,0.6,0.73,12.0,6.9,16.5,49.5,5.48,5.2,34.0,2015-2016,47.0,204.0,12.95,11.6,4.7,16.5,49.5,5.48,5.2,93.0,49.0,30.0,0.6,0.73,12.0,6.9,34.0,5.460951724781159,144.5390304810423,1,1
90815.0,1.0,44.0,674.0,21.5,59.78,46.0,89.0,24.0,23.0,1.1,0.79,15.0,6.8,15.5,46.4,5.4,5.4,50.0,2015-2016,44.0,674.0,59.78,21.5,4.6,15.5,46.4,5.4,5.4,89.0,24.0,23.0,1.1,0.79,15.0,6.8,50.0,9.50845827142571,246.5150494402168,0,0
90818.0,1.0,22.0,753.0,27.0,,43.0,85.0,21.0,23.0,0.5,0.92,12.0,4.8,13.7,42.6,5.64,5.6,47.0,2015-2016,22.0,753.0,,27.0,4.3,13.7,42.6,5.64,5.6,85.0,21.0,23.0,0.5,0.92,12.0,4.8,47.0,,,0,0
90819.0,1.0,51.0,363.0,19.5,47.85,47.0,95.0,31.0,29.0,0.8,0.84,22.0,7.0,15.6,46.8,5.32,6.0,39.0,2015-2016,51.0,363.0,47.85,19.5,4.7,15.6,46.8,5.32,6.0,95.0,31.0,29.0,0.8,0.84,22.0,7.0,39.0,5.440290986846721,143.99218751656136,0,1
90833.0,1.0,24.0,484.0,27.8,46.82,46.0,68.0,22.0,27.0,0.2,0.78,23.0,6.0,16.2,47.7,5.63,5.3,38.0,2015-2016,24.0,484.0,46.82,27.8,4.6,16.2,47.7,5.63,5.3,68.0,22.0,27.0,0.2,0.78,23.0,6.0,38.0,7.696787943042692,199.54592071060742,0,0
90841.0,1.0,54.0,659.0,24.0,37.85,47.0,86.0,23.0,33.0,0.5,0.8,9.0,5.5,15.2,44.6,5.04,5.0,53.0,2015-2016,54.0,659.0,37.85,24.0,4.7,15.2,44.6,5.04,5.0,86.0,23.0,33.0,0.5,0.8,9.0,5.5,53.0,12.457256762719421,329.71538766148456,0,0
90845.0,1.0,22.0,795.0,8.67,40.56,49.0,77.0,27.0,32.0,1.2,1.05,22.0,5.0,17.3,51.4,5.12,4.7,48.0,2015-2016,22.0,795.0,40.56,8.67,4.9,17.3,51.4,5.12,4.7,77.0,27.0,32.0,1.2,1.05,22.0,5.0,48.0,14.59100276050121,402.0035721047542,0,0
90848.0,1.0,45.0,217.0,19.6,20.68,43.0,196.0,48.0,31.0,0.3,1.17,15.0,2.4,14.0,40.5,5.03,7.8,31.0,2015-2016,45.0,217.0,20.68,19.6,4.3,14.0,40.5,5.03,7.8,196.0,48.0,31.0,0.3,1.17,15.0,2.4,31.0,5.187969154649127,126.06904824306146,1,1
90849.0,1.0,60.0,394.0,28.1,39.63,47.0,93.0,25.0,26.0,0.9,1.17,19.0,7.5,15.5,46.6,4.99,5.2,42.0,2015-2016,60.0,394.0,39.63,28.1,4.7,15.5,46.6,4.99,5.2,93.0,25.0,26.0,0.9,1.17,19.0,7.5,42.0,6.722805090894165,177.93743268986654,0,0
90875.0,1.0,46.0,561.0,20.7,,43.0,87.0,21.0,25.0,0.5,1.03,14.0,7.1,14.8,45.0,5.21,5.7,72.0,2015-2016,46.0,561.0,,20.7,4.3,14.8,45.0,5.21,5.7,87.0,21.0,25.0,0.5,1.03,14.0,7.1,72.0,,,0,0
90885.0,1.0,20.0,258.0,8.13,34.88,46.0,78.0,24.0,36.0,0.9,1.1,17.0,6.5,15.9,46.9,5.59,5.0,36.0,2015-2016,20.0,258.0,34.88,8.13,4.6,15.9,46.9,5.59,5.0,78.0,24.0,36.0,0.9,1.1,17.0,6.5,36.0,4.606996576144491,119.44039257679589,1,1
90886.0,1.0,35.0,346.0,33.4,18.09,44.0,97.0,37.0,31.0,0.5,0.72,12.0,8.5,14.7,43.8,5.24,5.9,24.0,2015-2016,35.0,346.0,18.09,33.4,4.4,14.7,43.8,5.24,5.9,97.0,37.0,31.0,0.5,0.72,12.0,8.5,24.0,8.952834106899491,222.40752389314503,0,0
90887.0,1.0,28.0,208.0,18.9,18.54,42.0,104.0,12.0,19.0,1.4,0.82,7.0,5.9,14.9,42.7,4.87,5.2,45.0,2015-2016,28.0,208.0,18.54,18.9,4.2,14.9,42.7,4.87,5.2,104.0,12.0,19.0,1.4,0.82,7.0,5.9,45.0,5.274920044857769,125.32367462174935,1,1
90891.0,1.0,27.0,916.0,23.6,57.66,41.0,99.0,14.0,17.0,0.2,1.15,13.0,3.4,14.0,42.7,5.03,5.6,58.0,2015-2016,27.0,916.0,57.66,23.6,4.1,14.0,42.7,5.03,5.6,99.0,14.0,17.0,0.2,1.15,13.0,3.4,58.0,14.97440792999192,347.6538802822666,0,0
90902.0,1.0,23.0,673.0,30.7,50.23,47.0,70.0,31.0,25.0,0.9,0.8,10.0,6.0,16.4,49.7,5.78,5.3,73.0,2015-2016,23.0,673.0,50.23,30.7,4.7,16.4,49.7,5.78,5.3,70.0,31.0,25.0,0.9,0.8,10.0,6.0,73.0,10.658103578537363,282.09587552617523,0,0
90904.0,1.0,39.0,882.0,40.6,80.71,48.0,95.0,26.0,30.0,0.4,0.96,7.0,5.7,16.6,49.5,5.7,5.2,37.0,2015-2016,39.0,882.0,80.71,40.6,4.8,16.6,49.5,5.7,5.2,95.0,26.0,30.0,0.4,0.96,7.0,5.7,37.0,10.176617008786598,274.8663861311618,0,0
90906.0,1.0,31.0,264.0,13.5,23.19,42.0,116.0,21.0,29.0,0.5,0.82,15.0,6.1,14.0,41.5,4.63,5.6,63.0,2015-2016,31.0,264.0,23.19,13.5,4.2,14.0,41.5,4.63,5.6,116.0,21.0,29.0,0.5,0.82,15.0,6.1,63.0,6.158432429179784,146.31451763651654,1,1
90907.0,1.0,24.0,507.0,21.0,29.28,45.0,91.0,19.0,19.0,0.5,0.92,17.0,5.8,15.5,44.7,5.01,5.1,44.0,2015-2016,24.0,507.0,29.28,21.0,4.5,15.5,44.7,5.01,5.1,91.0,19.0,19.0,0.5,0.92,17.0,5.8,44.0,10.868050173452456,275.8746170111028,0,0
90913.0,1.0,25.0,789.0,48.3,35.09,50.0,80.0,35.0,49.0,1.2,0.97,20.0,6.4,15.2,46.6,5.05,5.0,81.0,2015-2016,25.0,789.0,35.09,48.3,5.0,15.2,46.6,5.05,5.0,80.0,35.0,49.0,1.2,0.97,20.0,6.4,81.0,15.494874231247563,435.3027164915184,0,0
90915.0,1.0,49.0,305.0,17.3,36.16,45.0,81.0,49.0,34.0,0.6,0.99,14.0,6.2,15.5,44.9,5.33,5.6,43.0,2015-2016,49.0,305.0,36.16,17.3,4.5,15.5,44.9,5.33,5.6,81.0,49.0,34.0,0.6,0.99,14.0,6.2,43.0,5.467775717805542,138.79403462240654,0,1
90922.0,1.0,59.0,244.0,69.0,59.63,40.0,197.0,29.0,28.0,0.8,1.34,12.0,6.5,15.2,45.2,4.74,7.8,59.0,2015-2016,59.0,244.0,59.63,69.0,4.0,15.2,45.2,4.74,7.8,197.0,29.0,28.0,0.8,1.34,12.0,6.5,59.0,3.1955158851907313,72.45726573353808,1,1
90937.0,1.0,23.0,551.0,16.4,47.59,49.0,79.0,20.0,29.0,0.6,0.85,21.0,7.7,14.8,43.9,5.1,5.3,47.0,2015-2016,23.0,551.0,47.59,16.4,4.9,14.8,43.9,5.1,5.3,79.0,20.0,29.0,0.6,0.85,21.0,7.7,47.0,8.578298795587356,236.3447403178731,0,0
90938.0,1.0,55.0,216.0,27.0,27.95,41.0,195.0,20.0,17.0,0.6,0.79,11.0,4.5,15.9,46.0,4.96,8.8,40.0,2015-2016,55.0,216.0,27.95,27.0,4.1,15.9,46.0,4.96,8.8,195.0,20.0,17.0,0.6,0.79,11.0,4.5,40.0,4.561820147321084,105.90966152254754,1,1
90939.0,1.0,36.0,489.0,21.9,35.49,47.0,90.0,39.0,25.0,0.8,0.8,19.0,8.3,15.6,45.8,5.26,4.9,44.0,2015-2016,36.0,489.0,35.49,21.9,4.7,15.6,45.8,5.26,4.9,90.0,39.0,25.0,0.8,0.8,19.0,8.3,44.0,9.156300045030388,242.34653554921354,0,0
90943.0,1.0,25.0,284.0,21.7,17.2,45.0,84.0,27.0,24.0,1.0,0.92,14.0,5.3,13.3,39.8,5.03,5.4,47.0,2015-2016,25.0,284.0,17.2,21.7,4.5,13.3,39.8,5.03,5.4,84.0,27.0,24.0,1.0,0.92,14.0,5.3,47.0,7.258666477576514,184.25401084402824,1,0
90951.0,1.0,36.0,182.0,26.2,12.47,45.0,97.0,48.0,28.0,0.8,1.03,7.0,6.2,15.1,45.4,5.35,5.6,35.0,2015-2016,36.0,182.0,12.47,26.2,4.5,15.1,45.4,5.35,5.6,97.0,48.0,28.0,0.8,1.03,7.0,6.2,35.0,5.056407685738067,128.3518673075703,1,1
90954.0,1.0,55.0,112.0,17.2,33.0,46.0,100.0,34.0,22.0,0.6,0.7,22.0,5.9,15.0,45.2,4.92,6.1,58.0,2015-2016,55.0,112.0,33.0,17.2,4.6,15.0,45.2,4.92,6.1,100.0,34.0,22.0,0.6,0.7,22.0,5.9,58.0,1.9713224821224236,51.108249652144146,1,1
90958.0,1.0,58.0,664.0,27.2,72.66,43.0,83.0,17.0,20.0,0.6,0.69,12.0,4.6,13.8,41.2,4.67,5.4,44.0,2015-2016,58.0,664.0,72.66,27.2,4.3,13.8,41.2,4.67,5.4,83.0,17.0,20.0,0.6,0.69,12.0,4.6,44.0,8.212012406738745,199.5541140313091,0,0
90972.0,1.0,40.0,354.0,33.6,29.33,44.0,86.0,31.0,27.0,0.7,0.91,10.0,7.2,14.8,45.6,5.58,5.6,31.0,2015-2016,40.0,354.0,29.33,33.6,4.4,14.8,45.6,5.58,5.6,86.0,31.0,27.0,0.7,0.91,10.0,7.2,31.0,7.341135698078072,182.36949257385012,0,0
90988.0,1.0,32.0,386.0,21.9,33.78,44.0,95.0,97.0,48.0,0.8,1.1,10.0,5.2,15.3,44.5,5.12,5.0,32.0,2015-2016,32.0,386.0,33.78,21.9,4.4,15.3,44.5,5.12,5.0,95.0,97.0,48.0,0.8,1.1,10.0,5.2,32.0,7.470056357428211,185.5721571471431,0,0
90990.0,1.0,19.0,467.0,28.1,39.11,47.0,69.0,15.0,21.0,0.7,1.07,17.0,5.9,15.3,46.2,5.25,5.2,45.0,2015-2016,19.0,467.0,39.11,28.1,4.7,15.3,46.2,5.25,5.2,69.0,15.0,21.0,0.7,1.07,17.0,5.9,45.0,8.205111493802635,217.17072775453173,0,0
90993.0,1.0,59.0,327.0,23.4,28.13,42.0,84.0,19.0,28.0,0.6,0.8,14.0,4.5,14.3,42.0,4.63,5.8,40.0,2015-2016,59.0,327.0,28.13,23.4,4.2,14.3,42.0,4.63,5.8,84.0,19.0,28.0,0.6,0.8,14.0,4.5,40.0,7.053353995213811,167.57642458484432,0,0
91000.0,1.0,19.0,591.0,22.4,36.33,45.0,88.0,16.0,21.0,0.2,0.73,11.0,4.8,14.2,44.9,5.43,5.9,41.0,2015-2016,19.0,591.0,36.33,22.4,4.5,14.2,44.9,5.43,5.9,88.0,16.0,21.0,0.2,0.73,11.0,4.8,41.0,11.508799719689623,292.139405344525,0,0
91002.0,1.0,59.0,427.0,17.8,66.05,45.0,109.0,15.0,24.0,0.4,0.83,17.0,5.2,13.1,40.8,4.83,6.1,64.0,2015-2016,59.0,427.0,66.05,17.8,4.5,13.1,40.8,4.83,6.1,109.0,15.0,24.0,0.4,0.83,17.0,5.2,64.0,5.255109407064351,133.39571237595592,0,1
91013.0,1.0,22.0,462.0,25.4,18.62,43.0,92.0,27.0,23.0,0.6,1.61,25.0,8.0,12.0,39.9,5.66,4.3,38.0,2015-2016,22.0,462.0,18.62,25.4,4.3,12.0,39.9,5.66,4.3,92.0,27.0,23.0,0.6,1.61,25.0,8.0,38.0,12.37630953773544,300.74765629352606,0,0
91024.0,1.0,19.0,704.0,21.3,29.2,54.0,89.0,17.0,24.0,1.3,0.8,17.0,7.1,15.6,48.4,5.48,5.4,52.0,2015-2016,19.0,704.0,29.2,21.3,5.4,15.6,48.4,5.48,5.4,89.0,17.0,24.0,1.3,0.8,17.0,7.1,52.0,14.118211363370568,427.2284193858939,0,0
91027.0,1.0,54.0,885.0,31.8,96.49,46.0,106.0,32.0,40.0,0.5,0.91,16.0,4.6,13.9,42.2,4.13,5.9,58.0,2015-2016,54.0,885.0,96.49,31.8,4.6,13.9,42.2,4.13,5.9,106.0,32.0,40.0,0.5,0.91,16.0,4.6,58.0,8.8757569040414,230.11171628048163,0,0
91039.0,1.0,22.0,393.0,28.8,26.93,46.0,74.0,14.0,25.0,0.9,0.82,11.0,5.3,14.1,43.7,5.01,4.4,74.0,2015-2016,22.0,393.0,26.93,28.8,4.6,14.1,43.7,5.01,4.4,74.0,14.0,25.0,0.9,0.82,11.0,5.3,74.0,8.400789454554177,217.79777211093113,0,0
91042.0,1.0,38.0,411.0,25.1,38.25,44.0,103.0,29.0,26.0,0.5,0.83,14.0,6.5,13.7,41.5,4.89,5.7,40.0,2015-2016,38.0,411.0,38.25,25.1,4.4,13.7,41.5,4.89,5.7,103.0,29.0,26.0,0.5,0.83,14.0,6.5,40.0,7.438991807734577,184.80044737393368,0,0
91048.0,1.0,37.0,548.0,15.6,51.81,45.0,102.0,21.0,25.0,0.4,0.69,12.0,4.1,15.2,45.7,5.3,5.5,47.0,2015-2016,37.0,548.0,51.81,15.6,4.5,15.2,45.7,5.3,5.5,102.0,21.0,25.0,0.4,0.69,12.0,4.1,47.0,8.3598421879259,212.20625825788628,0,0
91056.0,1.0,27.0,722.0,19.6,61.86,43.0,94.0,17.0,25.0,0.3,0.9,14.0,3.0,15.8,47.4,5.48,5.9,62.0,2015-2016,27.0,722.0,61.86,19.6,4.3,15.8,47.4,5.48,5.9,94.0,17.0,25.0,0.3,0.9,14.0,3.0,62.0,10.338265070210278,251.22262662605286,0,0
91066.0,1.0,45.0,305.0,18.2,45.26,43.0,101.0,52.0,35.0,1.0,0.94,12.0,5.3,15.3,45.4,4.95,5.4,43.0,2015-2016,45.0,305.0,45.26,18.2,4.3,15.3,45.4,4.95,5.4,101.0,52.0,35.0,1.0,0.94,12.0,5.3,43.0,4.836631030586082,117.5314371679381,0,1
91075.0,1.0,51.0,352.0,22.1,39.02,45.0,93.0,19.0,16.0,0.5,0.95,17.0,5.4,15.5,46.1,5.07,5.3,39.0,2015-2016,51.0,352.0,39.02,22.1,4.5,15.5,46.1,5.07,5.3,93.0,19.0,16.0,0.5,0.95,17.0,5.4,39.0,6.1132464372113,155.17866522918425,0,1
91095.0,1.0,21.0,394.0,28.5,25.25,,,,,,,,,16.1,48.9,5.63,5.0,39.0,2015-2016,21.0,394.0,25.25,28.5,,16.1,48.9,5.63,5.0,,,,,,,,39.0,9.053782163722913,220.009345922518,0,0
91098.0,1.0,37.0,246.0,27.1,24.09,45.0,99.0,30.0,27.0,0.5,1.0,16.0,8.0,15.6,44.6,5.18,5.2,49.0,2015-2016,37.0,246.0,24.09,27.1,4.5,15.6,44.6,5.18,5.2,99.0,30.0,27.0,0.5,1.0,16.0,8.0,49.0,5.384819348985114,136.68826991652858,1,1
91100.0,1.0,54.0,332.0,29.4,31.43,44.0,82.0,68.0,42.0,0.5,1.23,18.0,6.5,15.7,47.2,4.84,5.6,42.0,2015-2016,54.0,332.0,31.43,29.4,4.4,15.7,47.2,4.84,5.6,82.0,68.0,42.0,0.5,1.23,18.0,6.5,42.0,6.5832031322881015,163.54082857510392,0,0
91103.0,1.0,48.0,223.0,15.1,27.45,41.0,101.0,18.0,20.0,0.5,0.84,13.0,6.7,13.6,40.6,4.94,5.4,45.0,2015-2016,48.0,223.0,27.45,15.1,4.1,13.6,40.6,4.94,5.4,101.0,18.0,20.0,0.5,0.84,13.0,6.7,45.0,4.767750243201669,110.69064500012422,1,1
91104.0,1.0,32.0,308.0,26.8,26.19,48.0,88.0,38.0,34.0,0.9,1.04,17.0,6.7,15.0,45.7,5.27,5.0,40.0,2015-2016,32.0,308.0,26.19,26.8,4.8,15.0,45.7,5.27,5.0,88.0,38.0,34.0,0.9,1.04,17.0,6.7,40.0,6.354274894368143,171.62644277473828,0,1
91110.0,1.0,24.0,361.0,19.1,16.08,48.0,92.0,25.0,36.0,0.7,0.98,18.0,6.0,14.0,43.8,5.43,5.5,44.0,2015-2016,24.0,361.0,16.08,19.1,4.8,14.0,43.8,5.43,5.5,92.0,25.0,36.0,0.7,0.98,18.0,6.0,44.0,9.209715629888853,248.7507636670961,0,0
91115.0,1.0,34.0,907.0,60.7,85.63,52.0,82.0,51.0,42.0,0.7,0.67,10.0,5.3,16.7,49.3,5.27,5.2,106.0,2015-2016,34.0,907.0,85.63,60.7,5.2,16.7,49.3,5.27,5.2,82.0,51.0,42.0,0.7,0.67,10.0,5.3,106.0,9.731316489998866,283.9313024809057,0,0
91123.0,1.0,56.0,283.0,30.6,34.35,40.0,180.0,10.0,14.0,0.2,4.92,20.0,3.2,11.8,36.0,4.19,6.8,33.0,2015-2016,56.0,283.0,34.35,30.6,4.0,11.8,36.0,4.19,6.8,180.0,10.0,14.0,0.2,4.92,20.0,3.2,33.0,5.491928303469669,124.52765774634523,1,1
91131.0,1.0,41.0,337.0,30.9,20.32,42.0,87.0,19.0,20.0,1.0,1.23,10.0,7.5,14.6,44.6,5.18,5.6,47.0,2015-2016,41.0,337.0,20.32,30.9,4.2,14.6,44.6,5.18,5.6,87.0,19.0,20.0,1.0,1.23,10.0,7.5,47.0,8.545979755109894,203.03882846480718,0,0
91140.0,1.0,28.0,703.0,36.4,33.69,47.0,93.0,37.0,26.0,0.8,0.9,17.0,5.5,15.3,45.2,5.01,5.3,82.0,2015-2016,28.0,703.0,33.69,36.4,4.7,15.3,45.2,5.01,5.3,93.0,37.0,26.0,0.8,0.9,17.0,5.5,82.0,14.358609314300303,380.0398857084197,0,0
91148.0,1.0,47.0,242.0,37.2,21.05,43.0,84.0,16.0,16.0,0.4,1.0,13.0,6.8,14.8,45.2,5.42,6.2,30.0,2015-2016,47.0,242.0,21.05,37.2,4.3,14.8,45.2,5.42,6.2,84.0,16.0,16.0,0.4,1.0,13.0,6.8,30.0,5.784821304618693,140.57271629611046,1,1
91149.0,1.0,22.0,283.0,15.2,24.4,50.0,90.0,15.0,23.0,0.8,0.98,13.0,6.4,14.9,43.8,5.04,5.3,60.0,2015-2016,22.0,283.0,24.4,15.2,5.0,14.9,43.8,5.04,5.3,90.0,15.0,23.0,0.8,0.98,13.0,6.4,60.0,5.849638926979139,164.3358750388212,1,1
91162.0,1.0,31.0,204.0,11.2,18.27,47.0,95.0,52.0,35.0,0.5,1.13,18.0,6.9,15.3,44.5,5.15,5.4,28.0,2015-2016,31.0,204.0,18.27,11.2,4.7,15.3,44.5,5.15,5.4,95.0,52.0,35.0,0.5,1.13,18.0,6.9,28.0,4.844415567115859,128.22071400864743,1,1
91165.0,1.0,26.0,119.0,20.6,8.0,41.0,116.0,38.0,24.0,0.5,0.76,9.0,7.9,14.4,42.5,5.23,5.7,42.0,2015-2016,26.0,119.0,8.0,20.6,4.1,14.4,42.5,5.23,5.7,116.0,38.0,24.0,0.5,0.76,9.0,7.9,42.0,3.933035497543275,91.31146008585812,1,1
91172.0,1.0,55.0,318.0,24.9,34.62,48.0,95.0,29.0,33.0,1.2,1.21,19.0,7.1,17.6,53.5,5.83,5.8,53.0,2015-2016,55.0,318.0,34.62,24.9,4.8,17.6,53.5,5.83,5.8,95.0,29.0,33.0,1.2,1.21,19.0,7.1,53.0,5.6858205435374805,153.5717560799519,0,1
91176.0,1.0,34.0,437.0,21.6,34.26,46.0,94.0,20.0,25.0,0.5,0.91,16.0,6.4,15.6,45.3,4.95,5.2,54.0,2015-2016,34.0,437.0,34.26,21.6,4.6,15.6,45.3,4.95,5.2,94.0,20.0,25.0,0.5,0.91,16.0,6.4,54.0,8.321510927225845,215.7424073476843,0,0
91177.0,1.0,52.0,216.0,53.2,29.73,49.0,94.0,45.0,30.0,0.6,0.91,17.0,5.8,16.5,50.6,5.46,6.2,57.0,2015-2016,52.0,216.0,29.73,53.2,4.9,16.5,50.6,5.46,6.2,94.0,45.0,30.0,0.6,0.91,17.0,5.8,57.0,4.026911727226434,110.94733689433858,1,1
91182.0,1.0,29.0,441.0,18.3,,46.0,79.0,37.0,30.0,0.4,0.99,20.0,4.3,14.8,42.5,4.73,5.4,63.0,2015-2016,29.0,441.0,,18.3,4.6,14.8,42.5,4.73,5.4,79.0,37.0,30.0,0.4,0.99,20.0,4.3,63.0,,,0,0
91183.0,1.0,46.0,384.0,22.2,37.1,45.0,94.0,38.0,26.0,1.3,0.65,12.0,5.0,15.3,44.9,4.94,5.5,52.0,2015-2016,46.0,384.0,37.1,22.2,4.5,15.3,44.9,4.94,5.5,94.0,38.0,26.0,1.3,0.65,12.0,5.0,52.0,6.946035972670792,176.31819720401302,0,0
91184.0,1.0,59.0,417.0,31.3,85.29,45.0,143.0,22.0,19.0,0.2,1.23,20.0,7.2,13.8,41.9,5.17,11.2,77.0,2015-2016,59.0,417.0,85.29,31.3,4.5,13.8,41.9,5.17,11.2,143.0,22.0,19.0,0.2,1.23,20.0,7.2,77.0,4.174591956156611,105.96785427946607,0,1
91190.0,1.0,46.0,437.0,16.2,58.24,39.0,105.0,23.0,28.0,0.1,0.87,9.0,5.8,13.6,40.3,4.47,6.5,41.0,2015-2016,46.0,437.0,58.24,16.2,3.9,13.6,40.3,4.47,6.5,105.0,23.0,28.0,0.1,0.87,9.0,5.8,41.0,6.241860876748141,138.14987404643355,0,1
91192.0,1.0,21.0,237.0,13.1,18.96,44.0,84.0,23.0,25.0,0.9,0.9,15.0,4.7,14.7,44.8,4.93,5.4,51.0,2015-2016,21.0,237.0,18.96,13.1,4.4,14.7,44.8,4.93,5.4,84.0,23.0,25.0,0.9,0.9,15.0,4.7,51.0,5.835795608024636,144.973629091039,1,1
91206.0,1.0,38.0,303.0,21.2,15.39,48.0,101.0,46.0,31.0,0.6,0.99,12.0,6.7,15.0,44.2,4.71,5.3,42.0,2015-2016,38.0,303.0,15.39,21.2,4.8,15.0,44.2,4.71,5.3,101.0,46.0,31.0,0.6,0.99,12.0,6.7,42.0,7.7408235428750105,209.07657142565145,0,0
91207.0,1.0,29.0,488.0,27.1,32.4,43.0,99.0,15.0,21.0,0.8,1.04,11.0,5.6,15.5,47.1,4.75,5.2,44.0,2015-2016,29.0,488.0,32.4,27.1,4.3,15.5,47.1,4.75,5.2,99.0,15.0,21.0,0.8,1.04,11.0,5.6,44.0,10.10476026728121,245.54839700210238,0,0
91217.0,1.0,54.0,229.0,15.9,29.36,42.0,97.0,34.0,25.0,0.7,0.85,15.0,6.7,14.3,42.0,4.33,5.4,47.0,2015-2016,54.0,229.0,29.36,15.9,4.2,14.3,42.0,4.33,5.4,97.0,34.0,25.0,0.7,0.85,15.0,6.7,47.0,4.670965291945841,110.97467439112417,1,1
91225.0,1.0,43.0,178.0,14.9,20.38,46.0,113.0,25.0,18.0,0.5,0.7,24.0,6.0,14.2,43.1,4.81,6.6,45.0,2015-2016,43.0,178.0,20.38,14.9,4.6,14.2,43.1,4.81,6.6,113.0,25.0,18.0,0.5,0.7,24.0,6.0,45.0,4.0650106170857425,105.38893526591079,1,1
91232.0,1.0,26.0,680.0,23.9,49.21,47.0,96.0,30.0,20.0,0.6,0.88,13.0,4.9,16.2,47.5,5.0,4.8,43.0,2015-2016,26.0,680.0,49.21,23.9,4.7,16.2,47.5,5.0,4.8,96.0,30.0,20.0,0.6,0.88,13.0,4.9,43.0,10.942544757035716,289.6243896462455,0,0
91239.0,1.0,60.0,224.0,25.6,32.9,42.0,95.0,62.0,32.0,0.3,0.86,12.0,4.8,14.2,44.9,5.55,6.1,26.0,2015-2016,60.0,224.0,32.9,25.6,4.2,14.2,44.9,5.55,6.1,95.0,62.0,32.0,0.3,0.86,12.0,4.8,26.0,4.273792984454881,101.5384947695412,1,1
91242.0,1.0,19.0,688.0,35.7,24.03,46.0,88.0,22.0,21.0,0.5,0.71,14.0,4.8,16.2,47.9,5.09,5.1,48.0,2015-2016,19.0,688.0,24.03,35.7,4.6,16.2,47.9,5.09,5.1,88.0,22.0,21.0,0.5,0.71,14.0,4.8,48.0,16.72508094632127,433.61226801238416,0,0
91243.0,1.0,30.0,280.0,14.1,16.88,46.0,94.0,20.0,17.0,0.6,0.98,17.0,5.6,14.7,41.8,5.16,4.9,33.0,2015-2016,30.0,280.0,16.88,14.1,4.6,14.7,41.8,5.16,4.9,94.0,20.0,17.0,0.6,0.98,17.0,5.6,33.0,7.093291887230117,183.8997606509171,1,0
91251.0,1.0,43.0,466.0,17.5,56.61,44.0,74.0,18.0,20.0,0.6,0.98,11.0,5.3,15.3,46.3,4.86,5.0,60.0,2015-2016,43.0,466.0,56.61,17.5,4.4,15.3,46.3,4.86,5.0,74.0,18.0,20.0,0.6,0.98,11.0,5.3,60.0,6.567809743456011,163.15842391378763,0,0
91252.0,1.0,42.0,336.0,18.4,30.39,41.0,110.0,48.0,30.0,0.5,0.75,14.0,5.8,14.0,44.5,5.48,5.7,22.0,2015-2016,42.0,336.0,30.39,18.4,4.1,14.0,44.5,5.48,5.7,110.0,48.0,30.0,0.5,0.75,14.0,5.8,22.0,7.053673463148057,163.76186365244817,0,0
91259.0,1.0,41.0,657.0,18.2,92.95,48.0,81.0,29.0,23.0,0.7,0.91,17.0,4.2,14.4,41.8,4.83,4.7,57.0,2015-2016,41.0,657.0,92.95,18.2,4.8,14.4,41.8,4.83,4.7,81.0,29.0,23.0,0.7,0.91,17.0,4.2,57.0,6.36965525588756,172.04186023464493,0,1
91263.0,1.0,19.0,326.0,24.7,12.94,44.0,92.0,46.0,26.0,0.8,0.77,11.0,7.7,15.4,46.4,5.38,5.3,42.0,2015-2016,19.0,326.0,12.94,24.7,4.4,15.4,46.4,5.38,5.3,92.0,46.0,26.0,0.8,0.77,11.0,7.7,42.0,9.423182073577541,234.09197212350193,0,0
91264.0,1.0,23.0,644.0,34.3,27.2,44.0,91.0,31.0,21.0,0.6,1.01,14.0,5.8,16.3,46.6,5.46,5.2,31.0,2015-2016,23.0,644.0,27.2,34.3,4.4,16.3,46.6,5.46,5.2,91.0,31.0,21.0,0.6,1.01,14.0,5.8,31.0,15.080895208528977,374.6416521709129,0,0
91273.0,1.0,23.0,431.0,19.8,18.58,48.0,92.0,19.0,21.0,1.0,1.04,12.0,3.6,15.5,46.8,5.25,5.6,36.0,2015-2016,23.0,431.0,18.58,19.8,4.8,15.5,46.8,5.25,5.6,92.0,19.0,21.0,1.0,1.04,12.0,3.6,36.0,10.61840257485286,286.798838918242,0,0
91282.0,1.0,50.0,257.0,11.2,20.04,43.0,123.0,34.0,21.0,0.9,1.28,17.0,7.4,14.0,41.9,4.27,5.8,48.0,2015-2016,50.0,257.0,20.04,11.2,4.3,14.0,41.9,4.27,5.8,123.0,34.0,21.0,0.9,1.28,17.0,7.4,48.0,6.307668379975219,153.27804109701,1,1
91285.0,1.0,32.0,1100.0,40.9,61.03,46.0,78.0,16.0,21.0,0.5,0.91,7.0,5.7,15.2,45.1,4.5,5.3,58.0,2015-2016,32.0,1100.0,61.03,40.9,4.6,15.2,45.1,4.5,5.3,78.0,16.0,21.0,0.5,0.91,7.0,5.7,58.0,17.129945726189636,444.1087395093231,0,0
91288.0,1.0,44.0,614.0,33.0,53.32,41.0,111.0,53.0,42.0,0.5,0.84,14.0,6.8,15.3,45.4,5.26,5.7,37.0,2015-2016,44.0,614.0,53.32,33.0,4.1,15.3,45.4,5.26,5.7,111.0,53.0,42.0,0.5,0.84,14.0,6.8,37.0,9.733216849993976,225.97157906669713,0,0
91292.0,1.0,48.0,588.0,22.4,95.22,45.0,116.0,21.0,21.0,0.2,0.54,8.0,4.4,15.2,44.6,5.29,5.9,54.0,2015-2016,48.0,588.0,95.22,22.4,4.5,15.2,44.6,5.29,5.9,116.0,21.0,21.0,0.2,0.54,8.0,4.4,54.0,5.592589247289278,141.9623016155273,0,1
91299.0,1.0,46.0,254.0,13.1,12.95,44.0,113.0,50.0,35.0,0.6,0.63,19.0,5.0,15.0,44.1,4.72,5.5,38.0,2015-2016,46.0,254.0,12.95,13.1,4.4,15.0,44.1,4.72,5.5,113.0,50.0,35.0,0.6,0.63,19.0,5.0,38.0,7.215782309669643,179.25544663100737,1,0
91304.0,1.0,38.0,254.0,14.3,20.56,41.0,112.0,44.0,45.0,0.2,0.96,19.0,5.7,13.4,38.8,4.64,5.9,29.0,2015-2016,38.0,254.0,20.56,14.3,4.1,13.4,38.8,4.64,5.9,112.0,44.0,45.0,0.2,0.96,19.0,5.7,29.0,6.338559686143973,147.15939892856164,1,1
91319.0,1.0,31.0,13.3,73.5,45.17,46.0,88.0,14.0,14.0,0.2,0.62,12.0,4.3,13.0,38.3,4.13,5.3,44.0,2015-2016,31.0,13.3,45.17,73.5,4.6,13.0,38.3,4.13,5.3,88.0,14.0,14.0,0.2,0.62,12.0,4.3,44.0,0.18784358828394349,4.870008378960982,1,1
91325.0,1.0,26.0,496.0,19.0,27.09,45.0,87.0,34.0,24.0,1.0,1.27,12.0,7.7,15.4,45.3,4.79,5.4,27.0,2015-2016,26.0,496.0,27.09,19.0,4.5,15.4,45.3,4.79,5.4,87.0,34.0,24.0,1.0,1.27,12.0,7.7,27.0,11.026741738547335,279.90284415808287,0,0
91326.0,1.0,34.0,353.0,20.0,20.88,47.0,100.0,37.0,22.0,0.5,0.69,17.0,6.5,15.9,48.2,5.43,5.9,36.0,2015-2016,34.0,353.0,20.88,20.0,4.7,15.9,48.2,5.43,5.9,100.0,37.0,22.0,0.5,0.69,17.0,6.5,36.0,8.267787068419603,218.8296083391869,0,0
91339.0,1.0,51.0,352.0,24.0,51.82,47.0,79.0,61.0,40.0,1.0,1.22,23.0,6.6,16.6,47.0,5.05,5.0,43.0,2015-2016,51.0,352.0,51.82,24.0,4.7,16.6,47.0,5.05,5.0,79.0,61.0,40.0,1.0,1.22,23.0,6.6,43.0,4.9819443687418845,131.8607900708547,0,1
91341.0,1.0,55.0,360.0,9.24,75.97,45.0,91.0,26.0,30.0,0.9,1.02,16.0,6.5,15.3,45.0,5.12,5.6,67.0,2015-2016,55.0,360.0,75.97,9.24,4.5,15.3,45.0,5.12,5.6,91.0,26.0,30.0,0.9,1.02,16.0,6.5,67.0,3.9001252786604406,99.00079134470667,0,1
91345.0,1.0,21.0,366.0,22.6,15.6,48.0,99.0,22.0,21.0,0.9,0.98,13.0,7.1,15.4,44.4,5.16,5.5,27.0,2015-2016,21.0,366.0,15.6,22.6,4.8,15.4,44.4,5.16,5.5,99.0,22.0,21.0,0.9,0.98,13.0,7.1,27.0,9.44221215350979,255.03040248818647,0,0
91350.0,1.0,23.0,308.0,33.3,14.28,47.0,95.0,29.0,23.0,0.4,0.93,12.0,6.1,15.4,45.2,5.06,5.6,42.0,2015-2016,23.0,308.0,14.28,33.3,4.7,15.4,45.2,5.06,5.6,95.0,29.0,23.0,0.4,0.93,12.0,6.1,42.0,8.194025688063581,216.87731157098392,0,0
91353.0,1.0,57.0,163.0,19.4,48.77,46.0,94.0,30.0,36.0,0.4,1.25,13.0,8.9,13.4,41.5,5.56,5.8,27.0,2015-2016,57.0,163.0,48.77,19.4,4.6,13.4,41.5,5.56,5.8,94.0,30.0,36.0,0.4,1.25,13.0,8.9,27.0,2.2923845850930293,59.432063873954,1,1
91354.0,1.0,52.0,123.0,14.8,20.85,42.0,403.0,36.0,31.0,0.3,1.74,26.0,9.0,13.4,40.7,5.02,11.3,33.0,2015-2016,52.0,123.0,20.85,14.8,4.2,13.4,40.7,5.02,11.3,403.0,36.0,31.0,0.3,1.74,26.0,9.0,33.0,2.8794994886180407,68.41230841723429,1,1
91359.0,1.0,23.0,475.0,26.5,22.98,45.0,67.0,14.0,20.0,1.0,1.01,20.0,5.3,16.0,49.0,5.13,5.2,62.0,2015-2016,23.0,475.0,22.98,26.5,4.5,16.0,49.0,5.13,5.2,67.0,14.0,20.0,1.0,1.01,20.0,5.3,62.0,11.342572512523262,287.91989343742483,0,0
91361.0,1.0,41.0,572.0,18.8,46.76,44.0,67.0,33.0,31.0,0.7,0.89,14.0,3.8,14.2,41.7,4.48,5.2,49.0,2015-2016,41.0,572.0,46.76,18.8,4.4,14.2,41.7,4.48,5.2,67.0,33.0,31.0,0.7,0.89,14.0,3.8,49.0,9.535964377333906,236.8937254697509,0,0
91364.0,1.0,41.0,570.0,19.6,,50.0,103.0,12.0,16.0,0.8,1.09,16.0,4.3,15.7,47.1,4.92,5.6,61.0,2015-2016,41.0,570.0,,19.6,5.0,15.7,47.1,4.92,5.6,103.0,12.0,16.0,0.8,1.09,16.0,4.3,61.0,,,0,0
91365.0,1.0,58.0,185.0,18.4,22.18,47.0,118.0,25.0,21.0,0.6,1.22,21.0,7.1,14.2,42.8,4.9,6.4,36.0,2015-2016,58.0,185.0,22.18,18.4,4.7,14.2,42.8,4.9,6.4,118.0,25.0,21.0,0.6,1.22,21.0,7.1,36.0,4.02788674989767,106.60904455092508,1,1
91367.0,1.0,19.0,787.0,36.8,37.85,48.0,84.0,37.0,26.0,1.0,0.78,13.0,5.2,15.4,47.3,5.77,5.1,63.0,2015-2016,19.0,787.0,37.85,36.8,4.8,15.4,47.3,5.77,5.1,84.0,37.0,26.0,1.0,0.78,13.0,5.2,63.0,15.19286408908629,410.35322873440606,0,0
91384.0,1.0,46.0,360.0,25.8,37.74,43.0,82.0,10.0,18.0,0.3,0.88,19.0,5.3,13.6,42.0,4.71,5.4,50.0,2015-2016,46.0,360.0,37.74,25.8,4.3,13.6,42.0,4.71,5.4,82.0,10.0,18.0,0.3,0.88,19.0,5.3,50.0,6.537543745904508,158.86407442399323,0,0
91385.0,1.0,30.0,240.0,15.2,45.16,43.0,75.0,42.0,30.0,0.8,0.97,10.0,7.9,17.1,49.7,5.45,5.1,59.0,2015-2016,30.0,240.0,45.16,15.2,4.3,17.1,49.7,5.45,5.1,75.0,42.0,30.0,0.8,0.97,10.0,7.9,59.0,3.733399512117655,90.72261402749508,1,1
91391.0,1.0,57.0,462.0,23.1,57.51,39.0,121.0,18.0,19.0,0.4,1.02,16.0,5.5,14.4,42.8,4.79,6.0,41.0,2015-2016,57.0,462.0,57.51,23.1,3.9,14.4,42.8,4.79,6.0,121.0,18.0,19.0,0.4,1.02,16.0,5.5,41.0,6.717155510619894,148.66947630942673,0,0
91393.0,1.0,31.0,308.0,24.6,14.98,44.0,102.0,44.0,34.0,0.3,0.97,14.0,6.6,15.5,47.5,5.44,5.9,29.0,2015-2016,31.0,308.0,14.98,24.6,4.4,15.5,47.5,5.44,5.9,102.0,44.0,34.0,0.3,0.97,14.0,6.6,29.0,8.455471909673092,210.05198446927358,0,0
91402.0,1.0,26.0,258.0,18.8,37.98,49.0,85.0,20.0,19.0,0.7,0.74,11.0,3.5,16.0,48.1,5.34,5.2,31.0,2015-2016,26.0,258.0,37.98,18.8,4.9,16.0,48.1,5.34,5.2,85.0,20.0,19.0,0.7,0.74,11.0,3.5,31.0,4.253931891854468,117.20207610714537,1,1
91413.0,1.0,40.0,235.0,16.9,12.51,47.0,97.0,29.0,23.0,0.4,1.17,10.0,6.8,13.4,43.1,5.23,4.8,29.0,2015-2016,40.0,235.0,12.51,16.9,4.7,13.4,43.1,5.23,4.8,97.0,29.0,23.0,0.4,1.17,10.0,6.8,29.0,6.402359798143564,169.45597116619015,1,1
91427.0,1.0,36.0,950.0,32.5,66.57,44.0,82.0,23.0,32.0,2.1,1.06,12.0,5.0,14.8,43.9,4.89,5.8,61.0,2015-2016,36.0,950.0,66.57,32.5,4.4,14.8,43.9,4.89,5.8,82.0,23.0,32.0,2.1,1.06,12.0,5.0,61.0,13.544332504395097,336.47015225787334,0,0
91428.0,1.0,22.0,399.0,28.0,30.76,40.0,78.0,18.0,22.0,0.9,0.75,10.0,6.6,12.6,38.2,4.56,4.6,47.0,2015-2016,22.0,399.0,30.76,28.0,4.0,12.6,38.2,4.56,4.6,78.0,18.0,22.0,0.9,0.75,10.0,6.6,47.0,8.605442822235625,195.12556961934118,0,0
91437.0,1.0,39.0,431.0,20.5,42.46,42.0,68.0,28.0,31.0,0.5,0.95,12.0,4.8,15.3,44.3,4.88,5.4,74.0,2015-2016,39.0,431.0,42.46,20.5,4.2,15.3,44.3,4.88,5.4,68.0,28.0,31.0,0.5,0.95,12.0,4.8,74.0,7.501611775827616,178.22631344886153,0,0
91442.0,1.0,47.0,374.0,24.6,30.07,39.0,93.0,40.0,26.0,0.2,1.04,18.0,4.9,15.4,47.1,5.31,5.9,49.0,2015-2016,47.0,374.0,30.07,24.6,3.9,15.4,47.1,5.31,5.9,93.0,40.0,26.0,0.2,1.04,18.0,4.9,49.0,8.212914518247846,181.77481501977525,0,0
91451.0,1.0,20.0,480.0,17.1,47.82,49.0,81.0,15.0,23.0,0.5,0.91,12.0,6.1,14.5,44.7,5.31,5.5,44.0,2015-2016,20.0,480.0,47.82,17.1,4.9,14.5,44.7,5.31,5.5,81.0,15.0,23.0,0.5,0.91,12.0,6.1,44.0,7.305121256608557,201.26682778546288,0,0
91452.0,1.0,41.0,553.0,19.5,38.56,42.0,82.0,29.0,29.0,1.0,0.71,5.0,6.0,16.5,48.5,4.99,4.9,47.0,2015-2016,41.0,553.0,38.56,19.5,4.2,16.5,48.5,4.99,4.9,82.0,29.0,29.0,1.0,0.71,5.0,6.0,47.0,10.651235709468521,253.0563472093316,0,0
91455.0,1.0,26.0,446.0,24.0,25.52,45.0,85.0,35.0,28.0,0.5,0.96,12.0,5.3,13.7,42.3,4.81,5.6,52.0,2015-2016,26.0,446.0,25.52,24.0,4.5,13.7,42.3,4.81,5.6,85.0,35.0,28.0,0.5,0.96,12.0,5.3,52.0,10.067512028622945,255.5537544292306,0,0
91457.0,1.0,39.0,591.0,25.3,41.15,41.0,90.0,19.0,15.0,1.0,0.64,11.0,4.7,16.9,51.1,5.42,5.6,45.0,2015-2016,39.0,591.0,41.15,25.3,4.1,16.9,51.1,5.42,5.6,90.0,19.0,15.0,1.0,0.64,11.0,4.7,45.0,11.177698429220357,259.50743760361485,0,0
91468.0,1.0,52.0,872.0,24.8,92.63,46.0,98.0,19.0,21.0,0.7,0.71,9.0,5.2,16.3,48.2,4.7,5.8,38.0,2015-2016,52.0,872.0,92.63,24.8,4.6,16.3,48.2,4.7,5.8,98.0,19.0,21.0,0.7,0.71,9.0,5.2,38.0,9.041037543851557,234.39676059904937,0,0
91478.0,1.0,42.0,428.0,9.98,61.85,41.0,75.0,17.0,19.0,0.5,0.84,21.0,4.7,12.8,38.1,4.52,5.1,78.0,2015-2016,42.0,428.0,61.85,9.98,4.1,12.8,38.1,4.52,5.1,75.0,17.0,19.0,0.5,0.84,21.0,4.7,78.0,5.719550794461907,132.78815673130094,0,1
91484.0,1.0,21.0,824.0,82.5,38.87,45.0,83.0,21.0,24.0,0.8,1.29,15.0,4.6,17.7,51.6,5.49,5.1,81.0,2015-2016,21.0,824.0,38.87,82.5,4.5,17.7,51.6,5.49,5.1,83.0,21.0,24.0,0.8,1.29,15.0,4.6,81.0,16.431900125883942,417.1074002829047,0,0
91491.0,1.0,37.0,364.0,19.3,52.84,46.0,66.0,46.0,45.0,0.7,1.05,18.0,6.6,14.7,42.9,4.68,5.4,53.0,2015-2016,37.0,364.0,52.84,19.3,4.6,14.7,42.9,4.68,5.4,66.0,46.0,45.0,0.7,1.05,18.0,6.6,53.0,5.1435061618367985,133.34987014578758,0,1
91495.0,1.0,55.0,395.0,23.2,30.35,41.0,168.0,24.0,20.0,0.9,0.93,14.0,6.3,16.1,47.6,5.21,7.1,46.0,2015-2016,55.0,395.0,30.35,23.2,4.1,16.1,47.6,5.21,7.1,168.0,24.0,20.0,0.9,0.93,14.0,6.3,46.0,8.461447189418665,196.4454930009687,0,0
91502.0,1.0,36.0,632.0,29.0,48.02,48.0,90.0,32.0,24.0,1.7,0.99,15.0,6.8,15.5,46.3,5.47,5.2,36.0,2015-2016,36.0,632.0,48.02,29.0,4.8,15.5,46.3,5.47,5.2,90.0,32.0,24.0,1.7,0.99,15.0,6.8,36.0,10.09983436953006,272.7925175212067,0,0
91504.0,1.0,21.0,391.0,26.6,,44.0,89.0,15.0,18.0,1.0,0.85,9.0,4.8,13.6,43.5,5.73,4.7,42.0,2015-2016,21.0,391.0,,26.6,4.4,13.6,43.5,5.73,4.7,89.0,15.0,18.0,1.0,0.85,9.0,4.8,42.0,,,0,0
91512.0,1.0,53.0,213.0,26.3,28.63,42.0,82.0,39.0,26.0,0.5,0.79,13.0,7.4,14.3,43.6,4.82,6.1,61.0,2015-2016,53.0,213.0,28.63,26.3,4.2,14.3,43.6,4.82,6.1,82.0,39.0,26.0,0.5,0.79,13.0,7.4,61.0,4.3815770427969705,104.09927183198099,1,1
91518.0,1.0,19.0,902.0,28.9,,46.0,89.0,17.0,20.0,0.6,1.24,17.0,6.5,13.5,42.0,5.57,5.6,66.0,2015-2016,19.0,902.0,,28.9,4.6,13.5,42.0,5.57,5.6,89.0,17.0,20.0,0.6,1.24,17.0,6.5,66.0,,,0,0
91520.0,1.0,30.0,564.0,24.3,54.33,48.0,89.0,31.0,30.0,0.6,0.94,16.0,4.8,15.0,45.9,5.43,5.3,69.0,2015-2016,30.0,564.0,54.33,24.3,4.8,15.0,45.9,5.43,5.3,89.0,31.0,30.0,0.6,0.94,16.0,4.8,69.0,8.127299860922065,219.51514337693465,0,0
91526.0,1.0,49.0,238.0,24.3,21.94,44.0,86.0,51.0,39.0,1.2,1.18,16.0,7.8,13.4,40.3,4.21,5.2,40.0,2015-2016,49.0,238.0,21.94,24.3,4.4,13.4,40.3,4.21,5.2,86.0,51.0,39.0,1.2,1.18,16.0,7.8,40.0,5.500595376858742,136.64653930786477,1,1
91532.0,1.0,22.0,483.0,22.0,25.95,46.0,93.0,31.0,23.0,0.7,0.96,22.0,6.5,15.7,45.8,5.31,5.1,62.0,2015-2016,22.0,483.0,25.95,22.0,4.6,15.7,45.8,5.31,5.1,93.0,31.0,23.0,0.7,0.96,22.0,6.5,62.0,10.77716611265031,279.40740351874797,0,0
91539.0,1.0,40.0,269.0,27.9,37.0,50.0,92.0,40.0,26.0,0.4,0.89,15.0,5.9,16.9,51.9,5.8,6.0,49.0,2015-2016,40.0,269.0,37.0,27.9,5.0,16.9,51.9,5.8,6.0,92.0,40.0,26.0,0.4,0.89,15.0,5.9,49.0,4.474044467195888,125.6908369315245,1,1
91543.0,1.0,44.0,260.0,45.1,34.86,49.0,88.0,66.0,45.0,0.8,1.05,11.0,6.5,13.4,41.7,5.19,7.4,40.0,2015-2016,44.0,260.0,34.86,45.1,4.9,13.4,41.7,5.19,7.4,88.0,66.0,45.0,0.8,1.05,11.0,6.5,40.0,4.50597275709722,124.14617239765138,1,1
91547.0,1.0,54.0,348.0,18.1,41.7,43.0,105.0,28.0,31.0,0.5,1.16,14.0,7.2,14.6,42.4,4.54,5.1,40.0,2015-2016,54.0,348.0,41.7,18.1,4.3,14.6,42.4,4.54,5.1,105.0,28.0,31.0,0.5,1.16,14.0,7.2,40.0,5.907165804136152,143.54572059744055,0,1
91549.0,1.0,46.0,413.0,15.7,37.98,46.0,93.0,23.0,25.0,0.9,1.01,10.0,5.6,15.4,45.4,5.28,5.0,44.0,2015-2016,46.0,413.0,37.98,15.7,4.6,15.4,45.4,5.28,5.0,93.0,23.0,25.0,0.9,1.01,10.0,5.6,44.0,7.349665144725786,190.54646029902085,0,0
91552.0,1.0,43.0,216.0,31.0,12.49,47.0,93.0,40.0,32.0,0.6,1.24,13.0,7.0,14.3,42.0,4.73,5.9,37.0,2015-2016,43.0,216.0,12.49,31.0,4.7,14.3,42.0,4.73,5.9,93.0,40.0,32.0,0.6,1.24,13.0,7.0,37.0,5.861915632229042,155.15163746993304,1,1
91557.0,1.0,60.0,608.0,27.8,49.36,40.0,85.0,14.0,16.0,0.2,1.08,10.0,5.7,14.0,42.4,4.9,6.0,40.0,2015-2016,60.0,608.0,49.36,27.8,4.0,14.0,42.4,4.9,6.0,85.0,14.0,16.0,0.2,1.08,10.0,5.7,40.0,10.296516581179619,233.47010775625753,0,0
91560.0,1.0,46.0,796.0,28.0,64.31,43.0,82.0,22.0,28.0,0.3,0.82,10.0,5.3,12.4,37.4,3.59,5.0,86.0,2015-2016,46.0,796.0,64.31,28.0,4.3,12.4,37.4,3.59,5.0,82.0,22.0,28.0,0.3,0.82,10.0,5.3,86.0,11.287329884299929,274.285157313237,0,0
91561.0,1.0,58.0,457.0,25.2,44.47,44.0,80.0,26.0,26.0,0.4,1.22,16.0,6.8,14.9,46.3,5.52,5.7,63.0,2015-2016,58.0,457.0,44.47,25.2,4.4,14.9,46.3,5.52,5.7,80.0,26.0,26.0,0.4,1.22,16.0,6.8,63.0,7.613514021633225,189.1359519743859,0,0
91562.0,1.0,41.0,475.0,24.7,38.01,45.0,96.0,23.0,20.0,0.8,0.95,15.0,5.1,14.8,44.8,5.14,5.6,72.0,2015-2016,41.0,475.0,38.01,24.7,4.5,14.8,44.8,5.14,5.6,96.0,23.0,20.0,0.8,0.95,15.0,5.1,72.0,8.702211120955502,220.89695224334082,0,0
91564.0,1.0,59.0,262.0,38.7,55.1,41.0,89.0,36.0,31.0,0.8,1.13,13.0,8.1,13.4,39.6,4.24,6.0,56.0,2015-2016,59.0,262.0,55.1,38.7,4.1,13.4,39.6,4.24,6.0,89.0,36.0,31.0,0.8,1.13,13.0,8.1,56.0,3.631051986242559,84.300449034484,1,1
91585.0,1.0,42.0,291.0,37.2,20.86,45.0,87.0,40.0,22.0,0.5,0.97,15.0,9.9,15.0,44.5,4.94,6.4,38.0,2015-2016,42.0,291.0,20.86,37.2,4.5,15.0,44.5,4.94,6.4,87.0,40.0,22.0,0.5,0.97,15.0,9.9,38.0,6.892375380286844,174.95607657186213,1,0
91599.0,1.0,60.0,237.0,19.3,26.65,45.0,205.0,41.0,35.0,0.5,0.99,16.0,5.5,15.3,44.8,4.85,7.7,35.0,2015-2016,60.0,237.0,26.65,19.3,4.5,15.3,44.8,4.85,7.7,205.0,41.0,35.0,0.5,0.99,16.0,5.5,35.0,4.922230637397946,124.94591672473892,1,1
91604.0,1.0,33.0,341.0,34.5,35.49,42.0,94.0,74.0,42.0,0.2,0.82,10.0,7.7,14.8,43.2,5.25,5.2,57.0,2015-2016,33.0,341.0,35.49,34.5,4.2,14.8,43.2,5.25,5.2,94.0,74.0,42.0,0.2,0.82,10.0,7.7,57.0,6.464408451302345,153.58401918581993,0,1
91612.0,1.0,19.0,619.0,19.2,102.8,43.0,101.0,21.0,17.0,0.3,0.8,6.0,6.0,15.1,46.3,5.7,5.6,42.0,2015-2016,19.0,619.0,102.8,19.2,4.3,15.1,46.3,5.7,5.6,101.0,21.0,17.0,0.3,0.8,6.0,6.0,42.0,5.6087117703068685,136.2932071634618,0,1
91615.0,1.0,47.0,389.0,17.8,34.81,46.0,82.0,32.0,23.0,0.6,0.99,17.0,5.4,15.2,43.8,4.86,5.2,32.0,2015-2016,47.0,389.0,34.81,17.8,4.6,15.2,43.8,4.86,5.2,82.0,32.0,23.0,0.6,0.99,17.0,5.4,32.0,7.236720449837776,187.61827086498832,0,0
91617.0,1.0,19.0,749.0,34.7,73.59,49.0,69.0,16.0,22.0,0.3,1.02,11.0,5.5,16.3,48.1,5.57,5.3,83.0,2015-2016,19.0,749.0,73.59,34.7,4.9,16.3,48.1,5.57,5.3,69.0,16.0,22.0,0.3,1.02,11.0,5.5,83.0,8.946626354188648,246.4927059301595,0,0
91619.0,1.0,20.0,477.0,15.1,37.74,46.0,83.0,13.0,21.0,0.3,1.22,10.0,4.4,16.7,49.0,5.31,5.2,46.0,2015-2016,20.0,477.0,37.74,15.1,4.6,16.7,49.0,5.31,5.2,83.0,13.0,21.0,0.3,1.22,10.0,4.4,46.0,8.68332593432951,225.12277604871858,0,0
91624.0,1.0,39.0,368.0,17.4,30.18,41.0,263.0,14.0,19.0,0.5,0.69,15.0,5.9,15.7,45.2,5.35,11.1,49.0,2015-2016,39.0,368.0,30.18,17.4,4.1,15.7,45.2,5.35,11.1,263.0,14.0,19.0,0.5,0.69,15.0,5.9,49.0,7.838609842594343,181.985367337202,0,0
91626.0,1.0,41.0,305.0,23.3,34.8,46.0,90.0,21.0,23.0,1.4,0.85,16.0,7.1,16.2,47.5,5.16,5.1,44.0,2015-2016,41.0,305.0,34.8,23.3,4.6,16.2,47.5,5.16,5.1,90.0,21.0,23.0,1.4,0.85,16.0,7.1,44.0,5.5329276912393,143.44596194462642,0,1
91628.0,1.0,31.0,472.0,36.2,35.58,45.0,99.0,50.0,37.0,1.0,0.99,17.0,9.2,17.1,52.1,5.68,5.4,57.0,2015-2016,31.0,472.0,35.58,36.2,4.5,17.1,52.1,5.68,5.4,99.0,50.0,37.0,1.0,0.99,17.0,9.2,57.0,8.988758041761077,228.1706601091775,0,0
91631.0,1.0,58.0,302.0,17.7,134.6,44.0,84.0,54.0,47.0,0.9,1.12,21.0,6.5,15.5,45.8,5.17,5.9,66.0,2015-2016,58.0,302.0,134.6,17.7,4.4,15.5,45.8,5.17,5.9,84.0,54.0,47.0,0.9,1.12,21.0,6.5,66.0,2.0040161232843943,49.78404139959851,0,1
91632.0,1.0,60.0,205.0,18.0,22.8,44.0,115.0,25.0,43.0,0.8,0.81,12.0,7.3,14.6,43.6,4.78,6.0,37.0,2015-2016,60.0,205.0,22.8,18.0,4.4,14.6,43.6,4.78,6.0,115.0,25.0,43.0,0.8,0.81,12.0,7.3,37.0,4.606521471415041,114.43583361256267,1,1
91637.0,1.0,55.0,436.0,18.9,25.91,46.0,74.0,24.0,27.0,0.9,0.9,13.0,5.9,15.3,46.3,4.98,5.7,61.0,2015-2016,55.0,436.0,25.91,18.9,4.6,15.3,46.3,4.98,5.7,74.0,24.0,27.0,0.9,0.9,13.0,5.9,61.0,9.612139166241816,249.2030668013916,0,0
91638.0,1.0,47.0,448.0,35.8,80.65,43.0,181.0,36.0,32.0,0.7,0.79,19.0,7.8,16.4,48.0,5.7,8.4,33.0,2015-2016,47.0,448.0,80.65,35.8,4.3,16.4,48.0,5.7,8.4,181.0,36.0,32.0,0.7,0.79,19.0,7.8,33.0,4.793689628147354,116.4879495190531,0,1
91647.0,1.0,57.0,292.0,19.1,44.77,45.0,109.0,19.0,22.0,0.7,0.9,11.0,5.4,14.8,44.9,4.49,4.7,85.0,2015-2016,57.0,292.0,44.77,19.1,4.5,14.8,44.9,4.49,4.7,109.0,19.0,22.0,0.7,0.9,11.0,5.4,85.0,4.559459165106016,115.73732462368703,1,1
91661.0,1.0,44.0,314.0,17.8,42.71,44.0,81.0,21.0,19.0,0.5,1.03,11.0,5.3,14.3,43.1,4.75,4.6,57.0,2015-2016,44.0,314.0,42.71,17.8,4.4,14.3,43.1,4.75,4.6,81.0,21.0,19.0,0.5,1.03,11.0,5.3,57.0,5.139771247716182,127.68289716222817,0,1
91669.0,1.0,33.0,500.0,15.6,56.5,45.0,79.0,18.0,26.0,0.5,0.98,21.0,3.4,15.2,46.3,5.23,4.5,41.0,2015-2016,33.0,500.0,56.5,15.6,4.5,15.2,46.3,5.23,4.5,79.0,18.0,26.0,0.5,0.98,21.0,3.4,41.0,7.0654854524438955,179.3503031437772,0,0
91670.0,1.0,48.0,260.0,36.3,28.98,47.0,151.0,52.0,27.0,0.3,1.02,19.0,5.8,15.8,47.3,5.29,8.1,32.0,2015-2016,48.0,260.0,28.98,36.3,4.7,15.8,47.3,5.29,8.1,151.0,52.0,27.0,0.3,1.02,19.0,5.8,32.0,5.087850971830494,134.6638981193115,1,1
91671.0,1.0,36.0,334.0,12.7,37.15,48.0,83.0,41.0,24.0,0.7,0.92,24.0,6.9,14.3,41.5,4.78,5.8,59.0,2015-2016,36.0,334.0,37.15,12.7,4.8,14.3,41.5,4.78,5.8,83.0,41.0,24.0,0.7,0.92,24.0,6.9,59.0,5.761162387952073,155.60670939310253,0,1
91672.0,1.0,26.0,550.0,16.6,39.33,46.0,88.0,14.0,25.0,0.5,1.26,17.0,5.7,14.9,42.5,5.07,5.4,74.0,2015-2016,26.0,550.0,39.33,16.6,4.6,14.9,42.5,5.07,5.4,88.0,14.0,25.0,0.5,1.26,17.0,5.7,74.0,9.97265561441134,258.54976923280435,0,0
91684.0,1.0,53.0,635.0,31.9,52.02,43.0,93.0,40.0,26.0,0.4,1.04,9.0,6.0,15.4,46.9,5.53,5.8,34.0,2015-2016,53.0,635.0,52.02,31.9,4.3,15.4,46.9,5.53,5.8,93.0,40.0,26.0,0.4,1.04,9.0,6.0,34.0,10.108207132933737,245.63215676614155,0,0
91692.0,1.0,29.0,247.0,18.6,23.76,43.0,64.0,21.0,24.0,0.3,0.95,9.0,5.5,15.4,45.7,5.1,5.6,38.0,2015-2016,29.0,247.0,23.76,18.6,4.3,15.4,45.7,5.1,5.6,64.0,21.0,24.0,0.3,0.95,9.0,5.5,38.0,5.587706414096374,135.78277134811188,1,1
91699.0,1.0,47.0,265.0,20.4,19.95,43.0,132.0,69.0,40.0,0.5,1.11,19.0,7.3,15.5,42.7,4.88,5.3,23.0,2015-2016,47.0,265.0,19.95,20.4,4.3,15.5,42.7,4.88,5.3,132.0,69.0,40.0,0.5,1.11,19.0,7.3,23.0,6.532540768649611,158.74250072875617,1,0
91704.0,1.0,50.0,1400.0,85.0,29.82,42.0,74.0,14.0,27.0,0.4,0.76,10.0,5.5,16.0,47.6,4.91,4.9,73.0,2015-2016,50.0,1400.0,29.82,85.0,4.2,16.0,47.6,4.91,4.9,74.0,14.0,27.0,0.4,0.76,10.0,5.5,73.0,38.28092842101908,909.493713052788,0,0
91706.0,1.0,35.0,273.0,18.3,47.05,52.0,85.0,9.0,19.0,1.2,1.09,23.0,6.3,15.5,43.7,4.96,4.9,35.0,2015-2016,35.0,273.0,47.05,18.3,5.2,15.5,43.7,4.96,4.9,85.0,9.0,19.0,1.2,1.09,23.0,6.3,35.0,3.863045491083289,112.71234873036136,1,1
91712.0,1.0,35.0,305.0,22.5,13.76,46.0,90.0,31.0,25.0,0.4,0.9,13.0,7.1,16.0,48.2,5.42,5.4,27.0,2015-2016,35.0,305.0,13.76,22.5,4.6,16.0,48.2,5.42,5.4,90.0,31.0,25.0,0.4,0.9,13.0,7.1,27.0,8.332995434262598,216.04015317977883,0,0
91729.0,1.0,19.0,542.0,24.0,34.22,50.0,101.0,14.0,13.0,0.9,0.89,16.0,6.5,15.8,45.9,5.3,5.1,40.0,2015-2016,19.0,542.0,34.22,24.0,5.0,15.8,45.9,5.3,5.1,101.0,14.0,13.0,0.9,0.89,16.0,6.5,40.0,10.148586423751963,285.1076538523465,0,0
91730.0,1.0,53.0,140.0,13.8,,42.0,342.0,24.0,20.0,0.3,0.7,14.0,3.9,13.3,39.5,4.66,11.2,23.0,2015-2016,53.0,140.0,,13.8,4.2,13.3,39.5,4.66,11.2,342.0,24.0,20.0,0.3,0.7,14.0,3.9,23.0,,,1,0
91731.0,1.0,19.0,456.0,25.1,28.38,47.0,102.0,27.0,22.0,0.3,0.9,11.0,5.0,15.1,46.0,5.49,5.4,41.0,2015-2016,19.0,456.0,28.38,25.1,4.7,15.1,46.0,5.49,5.4,102.0,27.0,22.0,0.3,0.9,11.0,5.0,41.0,9.541115493743728,252.53172938983158,0,0
91738.0,1.0,19.0,479.0,18.1,33.91,45.0,73.0,12.0,22.0,0.7,1.16,12.0,5.3,15.5,46.1,5.13,5.1,68.0,2015-2016,19.0,479.0,33.91,18.1,4.5,15.5,46.1,5.13,5.1,73.0,12.0,22.0,0.7,1.16,12.0,5.3,68.0,9.399710700727134,238.60228359200696,0,0
91742.0,1.0,23.0,1040.0,34.3,56.3,47.0,81.0,29.0,33.0,1.3,1.09,7.0,5.6,15.1,44.6,4.98,5.4,71.0,2015-2016,23.0,1040.0,56.3,34.3,4.7,15.1,44.6,4.98,5.4,81.0,29.0,33.0,1.3,1.09,7.0,5.6,71.0,16.751988711941323,443.3872205948487,0,0
91743.0,1.0,51.0,438.0,28.2,43.76,40.0,109.0,46.0,27.0,0.9,0.78,13.0,6.5,15.7,46.6,5.33,5.8,34.0,2015-2016,51.0,438.0,43.76,28.2,4.0,15.7,46.6,5.33,5.8,109.0,46.0,27.0,0.9,0.78,13.0,6.5,34.0,7.64906076369468,173.439922779143,0,0
91755.0,1.0,34.0,260.0,15.4,27.08,44.0,83.0,50.0,35.0,0.5,0.85,14.0,7.2,14.6,43.6,4.56,5.4,42.0,2015-2016,34.0,260.0,27.08,15.4,4.4,14.6,43.6,4.56,5.4,83.0,50.0,35.0,0.5,0.85,14.0,7.2,42.0,5.460912837254918,135.66074025588898,1,1
91759.0,1.0,60.0,974.0,28.0,117.7,43.0,79.0,17.0,21.0,0.3,0.97,11.0,4.4,13.6,39.7,4.19,5.5,41.0,2015-2016,60.0,974.0,117.7,28.0,4.3,13.6,39.7,4.19,5.5,79.0,17.0,21.0,0.3,0.97,11.0,4.4,41.0,8.444260238325437,205.19779891297628,0,0
91769.0,1.0,19.0,210.0,32.7,10.37,50.0,103.0,24.0,23.0,0.4,0.95,7.0,6.7,15.9,47.5,5.55,5.4,37.0,2015-2016,19.0,210.0,10.37,32.7,5.0,15.9,47.5,5.55,5.4,103.0,24.0,23.0,0.4,0.95,7.0,6.7,37.0,5.714522612445006,160.54000694197543,1,1
91772.0,1.0,48.0,341.0,20.5,31.19,46.0,72.0,41.0,19.0,0.6,1.26,17.0,5.9,15.2,45.5,5.13,5.7,48.0,2015-2016,48.0,341.0,31.19,20.5,4.6,15.2,45.5,5.13,5.7,72.0,41.0,19.0,0.6,1.26,17.0,5.9,48.0,6.65089719145696,172.43029344734938,0,0
91781.0,1.0,24.0,297.0,24.9,19.23,48.0,99.0,39.0,80.0,0.6,1.09,11.0,7.2,14.8,44.3,4.99,5.3,53.0,2015-2016,24.0,297.0,19.23,24.9,4.8,14.8,44.3,4.99,5.3,99.0,39.0,80.0,0.6,1.09,11.0,7.2,53.0,6.9901768396369075,188.8019019159133,1,0
91808.0,1.0,19.0,234.0,11.0,30.87,46.0,107.0,29.0,25.0,0.3,1.17,15.0,4.0,15.1,43.5,5.42,5.6,56.0,2015-2016,19.0,234.0,30.87,11.0,4.6,15.1,43.5,5.42,5.6,107.0,29.0,25.0,0.3,1.17,15.0,4.0,56.0,4.442265707490339,115.16960155353999,1,1
91809.0,1.0,23.0,442.0,14.8,37.55,45.0,66.0,16.0,30.0,0.5,0.99,11.0,8.4,13.9,41.7,4.48,4.3,84.0,2015-2016,23.0,442.0,37.55,14.8,4.5,13.9,41.7,4.48,4.3,66.0,16.0,30.0,0.5,0.99,11.0,8.4,84.0,8.077724622773607,205.04498516875316,0,0
91811.0,1.0,49.0,343.0,24.3,37.91,46.0,79.0,30.0,30.0,1.0,1.52,15.0,7.3,15.2,45.2,5.08,6.2,44.0,2015-2016,49.0,343.0,37.91,24.3,4.6,15.2,45.2,5.08,6.2,79.0,30.0,30.0,1.0,1.52,15.0,7.3,44.0,5.983718750373319,155.13311216997707,0,1
91816.0,1.0,29.0,566.0,24.8,51.73,44.0,123.0,66.0,38.0,0.5,0.98,11.0,6.3,15.3,45.1,5.05,5.4,38.0,2015-2016,29.0,566.0,51.73,24.8,4.4,15.3,45.1,5.05,5.4,123.0,66.0,38.0,0.5,0.98,11.0,6.3,38.0,8.774437601874602,217.97577362501488,0,0
91817.0,1.0,59.0,582.0,28.5,46.36,44.0,94.0,28.0,26.0,1.1,0.81,15.0,5.5,14.8,44.9,4.92,5.6,76.0,2015-2016,59.0,582.0,46.36,28.5,4.4,14.8,44.9,4.92,5.6,94.0,28.0,26.0,1.1,0.81,15.0,5.5,76.0,9.788973556950628,243.1790139592836,0,0
91825.0,1.0,60.0,464.0,17.4,62.23,41.0,97.0,43.0,42.0,0.7,1.1,20.0,5.4,14.4,45.5,5.11,6.0,60.0,2015-2016,60.0,464.0,62.23,17.4,4.1,14.4,45.5,5.11,6.0,97.0,43.0,42.0,0.7,1.1,20.0,5.4,60.0,6.2382054052645195,144.8295201571412,0,1
91828.0,1.0,19.0,680.0,44.8,45.26,49.0,92.0,17.0,19.0,0.6,0.94,11.0,5.8,14.6,46.4,6.52,5.5,65.0,2015-2016,19.0,680.0,45.26,44.8,4.9,14.6,46.4,6.52,5.5,92.0,17.0,19.0,0.6,0.94,11.0,5.8,65.0,11.323584780903385,311.9814042717529,0,0
91830.0,1.0,44.0,463.0,20.3,33.23,44.0,85.0,33.0,32.0,0.7,0.92,14.0,5.7,11.4,36.7,5.67,5.6,45.0,2015-2016,44.0,463.0,33.23,20.3,4.4,11.4,36.7,5.67,5.6,85.0,33.0,32.0,0.7,0.92,14.0,5.7,45.0,9.260804528663034,230.05816704356056,0,0
91832.0,1.0,30.0,523.0,30.3,35.57,47.0,91.0,36.0,25.0,0.6,1.0,7.0,7.9,14.8,44.7,5.21,5.9,35.0,2015-2016,30.0,523.0,35.57,30.3,4.7,14.8,44.7,5.21,5.9,91.0,36.0,25.0,0.6,1.0,7.0,7.9,35.0,9.874279365985705,261.34982292225425,0,0
91843.0,1.0,38.0,675.0,28.7,70.63,48.0,122.0,24.0,33.0,1.2,0.82,11.0,4.9,14.9,42.8,5.03,5.3,79.0,2015-2016,38.0,675.0,70.63,28.7,4.8,14.9,42.8,5.03,5.3,122.0,24.0,33.0,1.2,0.82,11.0,4.9,79.0,8.236760505100511,222.47163192936233,0,0
91849.0,1.0,41.0,880.0,32.5,31.95,45.0,89.0,13.0,15.0,0.9,0.99,10.0,5.0,15.8,47.9,5.75,5.9,44.0,2015-2016,41.0,880.0,31.95,32.5,4.5,15.8,47.9,5.75,5.9,89.0,13.0,15.0,0.9,0.99,10.0,5.0,44.0,19.86267871484054,504.1942938997778,0,0
91858.0,1.0,33.0,202.0,18.7,29.1,46.0,82.0,57.0,53.0,0.3,1.08,17.0,6.3,14.2,41.3,4.67,5.6,38.0,2015-2016,33.0,202.0,29.1,18.7,4.6,14.2,41.3,4.67,5.6,82.0,57.0,53.0,0.3,1.08,17.0,6.3,38.0,3.9189149826027467,101.60127889413017,1,1
91859.0,1.0,55.0,316.0,20.6,59.93,49.0,80.0,22.0,25.0,1.1,0.9,10.0,5.0,16.1,47.6,5.14,5.6,73.0,2015-2016,55.0,316.0,59.93,20.6,4.9,16.1,47.6,5.14,5.6,80.0,22.0,25.0,1.1,0.9,10.0,5.0,73.0,3.935973915539045,108.44186652072706,0,1
91861.0,1.0,46.0,362.0,25.0,26.66,40.0,75.0,22.0,20.0,0.6,1.16,17.0,4.4,13.6,38.7,4.77,5.8,49.0,2015-2016,46.0,362.0,26.66,25.0,4.0,13.6,38.7,4.77,5.8,75.0,22.0,20.0,0.6,1.16,17.0,4.4,49.0,8.350879723679371,189.35343556000996,0,0
91867.0,1.0,20.0,520.0,18.4,29.67,50.0,88.0,23.0,27.0,0.5,1.07,12.0,9.0,16.1,46.8,5.03,5.2,92.0,2015-2016,20.0,520.0,29.67,18.4,5.0,16.1,46.8,5.03,5.2,88.0,23.0,27.0,0.5,1.07,12.0,9.0,92.0,10.42354640375669,292.83219710685955,0,0
91868.0,1.0,57.0,482.0,33.1,65.68,44.0,114.0,55.0,30.0,0.6,0.71,15.0,7.2,14.9,43.2,4.82,6.1,37.0,2015-2016,57.0,482.0,65.68,33.1,4.4,14.9,43.2,4.82,6.1,114.0,55.0,30.0,0.6,0.71,15.0,7.2,37.0,6.09652420274513,151.45068434164793,0,1
91894.0,1.0,25.0,24.9,5.25,10.49,40.0,73.0,319.0,81.0,0.3,0.88,13.0,4.1,13.8,43.0,4.71,5.3,25.0,2015-2016,25.0,24.9,10.49,5.25,4.0,13.8,43.0,4.71,5.3,73.0,319.0,81.0,0.3,0.88,13.0,4.1,25.0,0.7569214392011928,17.16294327115805,1,1
91906.0,1.0,29.0,361.0,15.1,28.78,51.0,89.0,23.0,22.0,0.5,0.88,15.0,3.5,14.7,43.7,4.98,4.8,62.0,2015-2016,29.0,361.0,28.78,15.1,5.1,14.7,43.7,4.98,4.8,89.0,23.0,22.0,0.5,0.88,15.0,3.5,62.0,6.966990706039987,199.5011950844649,0,0
91907.0,1.0,54.0,642.0,30.1,52.43,47.0,90.0,36.0,42.0,0.4,1.23,16.0,5.2,13.1,40.1,4.49,5.5,52.0,2015-2016,54.0,642.0,52.43,30.1,4.7,13.1,40.1,4.49,5.5,90.0,36.0,42.0,0.4,1.23,16.0,5.2,52.0,9.784028718309388,258.96109257398444,0,0
91919.0,1.0,43.0,331.0,33.0,22.91,47.0,80.0,24.0,22.0,0.8,0.92,13.0,6.4,15.2,46.0,5.37,5.7,60.0,2015-2016,43.0,331.0,22.91,33.0,4.7,15.2,46.0,5.37,5.7,80.0,24.0,22.0,0.8,0.92,13.0,6.4,60.0,7.405386457979287,196.00381635248016,0,0
91924.0,1.0,58.0,704.0,22.6,69.09,43.0,81.0,22.0,27.0,0.5,0.78,16.0,4.1,15.5,46.2,5.06,5.6,46.0,2015-2016,58.0,704.0,69.09,22.6,4.3,15.5,46.2,5.06,5.6,81.0,22.0,27.0,0.5,0.78,16.0,4.1,46.0,9.17702149659179,223.0040949153809,0,0
91930.0,1.0,34.0,341.0,20.8,123.2,47.0,99.0,21.0,21.0,0.7,0.93,17.0,4.1,13.7,40.8,4.4,5.7,55.0,2015-2016,34.0,341.0,123.2,20.8,4.7,13.7,40.8,4.4,5.7,99.0,21.0,21.0,0.7,0.93,17.0,4.1,55.0,2.4343466598410153,64.43164558139073,0,1
91931.0,1.0,55.0,639.0,37.1,45.61,46.0,67.0,22.0,27.0,0.6,0.9,12.0,7.5,12.5,38.5,4.48,5.2,58.0,2015-2016,55.0,639.0,45.61,37.1,4.6,12.5,38.5,4.48,5.2,67.0,22.0,27.0,0.6,0.9,12.0,7.5,58.0,10.812233991145785,280.31656876450126,0,0
91944.0,1.0,31.0,610.0,33.3,41.17,47.0,89.0,26.0,24.0,0.5,0.78,21.0,7.2,15.3,45.9,5.15,5.4,62.0,2015-2016,31.0,610.0,41.17,33.3,4.7,15.3,45.9,5.15,5.4,89.0,26.0,24.0,0.5,0.78,21.0,7.2,62.0,10.813435983294935,286.2071726621792,0,0
91947.0,1.0,29.0,474.0,19.8,46.88,44.0,91.0,19.0,23.0,0.4,1.16,12.0,5.5,13.4,40.5,5.08,5.4,58.0,2015-2016,29.0,474.0,46.88,19.8,4.4,13.4,40.5,5.08,5.4,91.0,19.0,23.0,0.4,1.16,12.0,5.5,58.0,7.659376914308827,190.2752841988819,0,0
91952.0,1.0,42.0,589.0,32.7,36.82,48.0,98.0,37.0,32.0,0.4,0.75,7.0,6.8,17.1,50.7,5.63,5.6,50.0,2015-2016,42.0,589.0,36.82,32.7,4.8,17.1,50.7,5.63,5.6,98.0,37.0,32.0,0.4,0.75,7.0,6.8,50.0,10.971859318512736,296.34556527137045,0,0
91965.0,1.0,38.0,782.0,26.8,110.7,43.0,124.0,50.0,41.0,0.7,0.88,8.0,5.4,15.6,47.1,5.15,5.5,41.0,2015-2016,38.0,782.0,110.7,26.8,4.3,15.6,47.1,5.15,5.5,124.0,50.0,41.0,0.7,0.88,8.0,5.4,41.0,6.878799270958337,167.15667562665632,0,0
91966.0,1.0,40.0,466.0,12.2,36.06,44.0,96.0,16.0,21.0,0.5,0.76,11.0,4.7,14.2,41.7,4.97,5.8,38.0,2015-2016,40.0,466.0,36.06,12.2,4.4,14.2,41.7,4.97,5.8,96.0,16.0,21.0,0.5,0.76,11.0,4.7,38.0,8.892395927428575,220.90611040952234,0,0
91968.0,1.0,27.0,537.0,28.0,23.29,44.0,84.0,20.0,18.0,0.7,0.76,12.0,6.4,15.2,46.7,5.4,5.2,48.0,2015-2016,27.0,537.0,23.29,28.0,4.4,15.2,46.7,5.4,5.2,84.0,20.0,18.0,0.7,0.76,12.0,6.4,48.0,13.149171665243903,326.65351288694785,0,0
91970.0,1.0,59.0,330.0,25.0,17.95,46.0,92.0,50.0,33.0,0.4,0.66,19.0,6.5,14.5,43.4,5.13,6.6,51.0,2015-2016,59.0,330.0,17.95,25.0,4.6,14.5,43.4,5.13,6.6,92.0,50.0,33.0,0.4,0.66,19.0,6.5,51.0,8.276153159247368,214.56646776878182,0,0
91974.0,1.0,40.0,676.0,23.9,38.66,44.0,130.0,27.0,26.0,0.5,0.77,14.0,5.1,17.0,49.3,5.8,5.2,30.0,2015-2016,40.0,676.0,38.66,23.9,4.4,17.0,49.3,5.8,5.2,130.0,27.0,26.0,0.5,0.77,14.0,5.1,30.0,13.153442014282932,326.7595974792221,0,0
91976.0,1.0,40.0,245.0,11.1,38.88,46.0,105.0,22.0,36.0,0.4,0.94,10.0,7.3,15.6,45.8,4.88,5.6,61.0,2015-2016,40.0,245.0,38.88,11.1,4.6,15.6,45.8,4.88,5.6,105.0,22.0,36.0,0.4,0.94,10.0,7.3,61.0,4.084501336798462,105.89424912399917,1,1
91978.0,1.0,22.0,823.0,29.7,39.97,47.0,80.0,20.0,48.0,0.9,1.02,11.0,5.4,15.4,46.6,4.81,5.5,71.0,2015-2016,22.0,823.0,39.97,29.7,4.7,15.4,46.6,4.81,5.5,80.0,20.0,48.0,0.9,1.02,11.0,5.4,71.0,15.725838224169625,416.2273400273065,0,0
91985.0,1.0,25.0,705.0,26.8,22.07,49.0,98.0,45.0,36.0,0.3,0.82,14.0,4.9,17.0,48.9,5.3,5.2,54.0,2015-2016,25.0,705.0,22.07,26.8,4.9,17.0,48.9,5.3,5.2,98.0,45.0,36.0,0.3,0.82,14.0,4.9,54.0,17.015711445993887,468.80786025965523,0,0
91994.0,1.0,30.0,463.0,24.1,53.25,49.0,62.0,14.0,18.0,0.8,0.93,12.0,5.5,15.2,47.9,5.4,5.3,49.0,2015-2016,30.0,463.0,53.25,24.1,4.9,15.2,47.9,5.4,5.3,62.0,14.0,18.0,0.8,0.93,12.0,5.5,49.0,6.52299911896201,179.71821331961806,0,0
92000.0,1.0,34.0,311.0,11.2,36.34,48.0,106.0,8.0,16.0,0.3,1.13,18.0,6.0,14.6,43.4,4.96,5.7,57.0,2015-2016,34.0,311.0,36.34,11.2,4.8,14.6,43.4,4.96,5.7,106.0,8.0,16.0,0.3,1.13,18.0,6.0,57.0,5.397324874223088,145.7796025607155,0,1
92002.0,1.0,59.0,347.0,126.0,32.54,46.0,88.0,27.0,22.0,0.8,0.76,16.0,5.2,15.6,46.8,5.41,5.4,36.0,2015-2016,59.0,347.0,32.54,126.0,4.6,15.6,46.8,5.41,5.4,88.0,27.0,22.0,0.8,0.76,16.0,5.2,36.0,6.623568017507079,171.72176084667942,0,0
92003.0,1.0,31.0,637.0,12.5,74.02,44.0,92.0,19.0,19.0,0.6,1.01,16.0,5.6,,,,5.4,73.0,2015-2016,31.0,637.0,74.02,12.5,4.4,,,,5.4,92.0,19.0,19.0,0.6,1.01,16.0,5.6,73.0,7.641716269350688,189.83655605217487,0,0
92004.0,1.0,19.0,499.0,20.9,33.61,47.0,83.0,13.0,22.0,0.4,1.19,13.0,4.4,14.9,42.9,5.2,5.5,67.0,2015-2016,19.0,499.0,33.61,20.9,4.7,14.9,42.9,5.2,5.5,83.0,13.0,22.0,0.4,1.19,13.0,4.4,67.0,9.662385818690874,255.74148037782146,0,0
92005.0,1.0,33.0,306.0,18.5,26.35,49.0,84.0,29.0,26.0,0.8,1.0,16.0,5.0,14.9,42.8,4.67,4.5,54.0,2015-2016,33.0,306.0,26.35,18.5,4.9,14.9,42.8,4.67,4.5,84.0,29.0,26.0,0.8,1.0,16.0,5.0,54.0,6.215773636402539,171.2536997109405,0,1
92007.0,1.0,37.0,443.0,15.7,41.78,44.0,102.0,27.0,26.0,0.6,0.74,14.0,4.7,14.8,43.7,5.16,5.5,30.0,2015-2016,37.0,443.0,41.78,15.7,4.4,14.8,43.7,5.16,5.5,102.0,27.0,26.0,0.6,0.74,14.0,4.7,30.0,7.656744981854393,190.2099013744874,0,0
92025.0,1.0,22.0,428.0,28.3,34.76,40.0,85.0,36.0,35.0,0.6,0.72,13.0,4.3,15.3,45.7,5.3,5.4,47.0,2015-2016,22.0,428.0,34.76,28.3,4.0,15.3,45.7,5.3,5.4,85.0,36.0,35.0,0.6,0.72,13.0,4.3,47.0,8.662960207762954,196.429757311465,0,0
92038.0,1.0,39.0,293.0,36.9,21.72,46.0,90.0,32.0,26.0,0.3,0.88,7.0,7.3,17.8,55.4,6.14,5.1,36.0,2015-2016,39.0,293.0,21.72,36.9,4.6,17.8,55.4,6.14,5.1,90.0,32.0,26.0,0.3,0.88,7.0,7.3,36.0,6.729970328536433,174.48033328978292,1,0
92041.0,1.0,29.0,486.0,31.6,41.19,42.0,125.0,28.0,25.0,0.3,0.85,15.0,5.2,14.6,44.3,4.92,5.2,35.0,2015-2016,29.0,486.0,41.19,31.6,4.2,14.6,44.3,4.92,5.2,125.0,28.0,25.0,0.3,0.85,15.0,5.2,35.0,8.783176187164798,208.6742368159285,0,0
92044.0,1.0,21.0,756.0,21.6,43.74,49.0,83.0,17.0,19.0,0.7,1.03,14.0,5.5,14.8,43.3,5.0,5.5,44.0,2015-2016,21.0,756.0,43.74,21.6,4.9,14.8,43.3,5.0,5.5,83.0,17.0,19.0,0.7,1.03,14.0,5.5,44.0,13.121740919139938,361.5232488343506,0,0
92045.0,1.0,40.0,620.0,41.3,27.9,44.0,112.0,24.0,20.0,0.8,1.16,13.0,7.3,14.9,43.9,4.48,5.1,49.0,2015-2016,40.0,620.0,27.9,41.3,4.4,14.9,43.9,4.48,5.1,112.0,24.0,20.0,0.8,1.16,13.0,7.3,49.0,14.24726240572983,353.932432577111,0,0
92068.0,1.0,27.0,454.0,18.7,34.3,47.0,85.0,22.0,22.0,0.3,1.01,16.0,5.5,15.8,48.0,5.5,5.3,37.0,2015-2016,27.0,454.0,34.3,18.7,4.7,15.8,48.0,5.5,5.3,85.0,22.0,22.0,0.3,1.01,16.0,5.5,37.0,8.581870928583522,227.1426971423397,0,0
92069.0,1.0,41.0,329.0,23.0,39.15,42.0,79.0,16.0,23.0,0.7,0.83,11.0,4.7,13.9,41.2,4.56,5.6,45.0,2015-2016,41.0,329.0,39.15,23.0,4.2,13.9,41.2,4.56,5.6,79.0,16.0,23.0,0.7,0.83,11.0,4.7,45.0,5.842248032370991,138.8024814105328,0,1
92072.0,1.0,19.0,626.0,48.4,60.27,44.0,75.0,29.0,27.0,0.9,1.22,11.0,7.1,16.3,50.7,5.98,5.7,37.0,2015-2016,19.0,626.0,60.27,48.4,4.4,16.3,50.7,5.98,5.7,75.0,29.0,27.0,0.9,1.22,11.0,7.1,37.0,8.816695669163899,219.02555428643464,0,0
92074.0,1.0,40.0,473.0,32.0,35.69,45.0,88.0,17.0,15.0,0.9,0.9,13.0,6.0,15.8,47.6,5.5,5.1,38.0,2015-2016,40.0,473.0,35.69,32.0,4.5,15.8,47.6,5.5,5.1,88.0,17.0,15.0,0.9,0.9,13.0,6.0,38.0,8.994094997414075,228.30613340689678,0,0
92076.0,1.0,59.0,351.0,32.3,23.56,46.0,105.0,25.0,23.0,0.5,1.04,21.0,8.3,15.0,45.8,5.05,5.4,41.0,2015-2016,59.0,351.0,23.56,32.3,4.6,15.0,45.8,5.05,5.4,105.0,25.0,23.0,0.5,1.04,21.0,8.3,41.0,7.901994687228675,204.86608400569105,0,0
92084.0,1.0,35.0,232.0,24.0,,47.0,100.0,19.0,20.0,0.7,1.0,14.0,4.5,15.4,45.9,4.91,5.4,42.0,2015-2016,35.0,232.0,,24.0,4.7,15.4,45.9,4.91,5.4,100.0,19.0,20.0,0.7,1.0,14.0,4.5,42.0,,,1,0
92099.0,1.0,22.0,656.0,28.0,24.61,50.0,91.0,31.0,28.0,0.5,0.77,13.0,6.2,16.1,48.9,5.17,4.8,61.0,2015-2016,22.0,656.0,24.61,28.0,5.0,16.1,48.9,5.17,4.8,91.0,31.0,28.0,0.5,0.77,13.0,6.2,61.0,14.787351330361663,415.4260375240639,0,0
92104.0,1.0,20.0,534.0,25.5,30.82,48.0,98.0,16.0,24.0,0.6,0.95,14.0,5.4,14.2,42.5,4.95,5.2,45.0,2015-2016,20.0,534.0,30.82,25.5,4.8,14.2,42.5,4.95,5.2,98.0,16.0,24.0,0.6,0.95,14.0,5.4,45.0,10.802839542304678,291.7804082028776,0,0
92106.0,1.0,56.0,426.0,21.1,36.42,43.0,91.0,22.0,25.0,0.5,1.04,16.0,6.8,13.0,38.8,4.6,5.9,62.0,2015-2016,56.0,426.0,36.42,21.1,4.3,13.0,38.8,4.6,5.9,91.0,22.0,25.0,0.5,1.04,16.0,6.8,62.0,8.075249516411793,196.2307389485875,0,0
92109.0,1.0,50.0,308.0,16.7,25.87,48.0,93.0,17.0,24.0,0.5,0.8,10.0,5.7,16.1,48.6,5.53,5.2,30.0,2015-2016,50.0,308.0,25.87,16.7,4.8,16.1,48.6,5.53,5.2,93.0,17.0,24.0,0.5,0.8,10.0,5.7,30.0,6.391834529994822,172.6409136249427,0,1
92112.0,1.0,41.0,484.0,39.2,41.23,46.0,86.0,41.0,31.0,0.4,0.89,16.0,5.0,16.5,50.2,5.36,4.6,45.0,2015-2016,41.0,484.0,41.23,39.2,4.6,16.5,50.2,5.36,4.6,86.0,41.0,31.0,0.4,0.89,16.0,5.0,45.0,8.360665368862797,216.75752029664085,0,0
92114.0,1.0,30.0,434.0,26.5,20.63,42.0,83.0,28.0,26.0,0.6,1.13,17.0,6.5,16.3,46.9,5.11,4.8,33.0,2015-2016,30.0,434.0,20.63,26.5,4.2,16.3,46.9,5.11,4.8,83.0,28.0,26.0,0.6,1.13,17.0,6.5,33.0,11.242894022936296,267.1132036798997,0,0
92121.0,1.0,57.0,244.0,38.7,39.52,41.0,139.0,20.0,21.0,0.3,1.06,15.0,5.8,14.1,44.0,5.28,6.7,51.0,2015-2016,57.0,244.0,39.52,38.7,4.1,14.1,44.0,5.28,6.7,139.0,20.0,21.0,0.3,1.06,15.0,5.8,51.0,4.230110856069198,98.20852083180765,1,1
92122.0,1.0,23.0,343.0,13.6,39.49,45.0,65.0,14.0,19.0,0.5,1.11,15.0,5.8,14.4,41.0,4.94,5.0,44.0,2015-2016,23.0,343.0,39.49,13.6,4.5,14.4,41.0,4.94,5.0,65.0,14.0,19.0,0.5,1.11,15.0,5.8,44.0,5.896400897131578,149.67425741312653,0,1
92130.0,1.0,56.0,186.0,17.6,30.63,42.0,141.0,17.0,17.0,0.4,1.14,20.0,5.8,10.4,32.7,4.18,7.2,47.0,2015-2016,56.0,186.0,30.63,17.6,4.2,10.4,32.7,4.18,7.2,141.0,17.0,17.0,0.4,1.14,20.0,5.8,47.0,3.650863712438015,86.73869027303344,1,1
92133.0,1.0,31.0,592.0,33.1,44.78,48.0,81.0,14.0,17.0,0.5,1.03,8.0,4.9,13.9,43.1,4.96,4.5,44.0,2015-2016,31.0,592.0,44.78,33.1,4.8,13.9,43.1,4.96,4.5,81.0,14.0,17.0,0.5,1.03,8.0,4.9,44.0,9.795326042463058,264.5678684717745,0,0
92134.0,1.0,29.0,683.0,31.0,36.28,45.0,90.0,18.0,21.0,0.6,0.87,9.0,5.0,17.0,52.6,5.6,5.4,73.0,2015-2016,29.0,683.0,36.28,31.0,4.5,17.0,52.6,5.6,5.4,90.0,18.0,21.0,0.6,0.87,9.0,5.0,73.0,13.65878859554476,346.71472918260486,0,0
92141.0,1.0,60.0,290.0,28.2,23.14,41.0,329.0,25.0,18.0,0.9,1.24,22.0,8.0,13.6,41.6,4.44,10.2,27.0,2015-2016,60.0,290.0,23.14,28.2,4.1,13.6,41.6,4.44,10.2,329.0,25.0,18.0,0.9,1.24,22.0,8.0,27.0,6.925172571424433,160.77851807803162,1,0
92149.0,1.0,33.0,1010.0,36.4,84.44,46.0,85.0,20.0,19.0,0.6,0.82,11.0,5.1,15.8,47.4,4.96,5.2,49.0,2015-2016,33.0,1010.0,84.44,36.4,4.6,15.8,47.4,4.96,5.2,85.0,20.0,19.0,0.6,0.82,11.0,5.1,49.0,11.755841261951007,304.7804078406777,0,0
92150.0,1.0,32.0,713.0,20.9,46.36,50.0,93.0,20.0,21.0,0.8,1.01,21.0,4.7,14.9,44.1,5.1,5.3,71.0,2015-2016,32.0,713.0,46.36,20.9,5.0,14.9,44.1,5.1,5.3,93.0,20.0,21.0,0.8,1.01,21.0,4.7,71.0,11.669566636928062,327.837062858469,0,0
92156.0,1.0,50.0,313.0,19.1,33.06,48.0,118.0,30.0,27.0,0.4,0.76,11.0,7.7,13.8,42.9,4.86,5.7,32.0,2015-2016,50.0,313.0,33.06,19.1,4.8,13.8,42.9,4.86,5.7,118.0,30.0,27.0,0.4,0.76,11.0,7.7,32.0,5.733961377307599,154.87202089214918,0,1
92157.0,1.0,51.0,811.0,20.5,123.2,39.0,84.0,13.0,18.0,0.4,0.67,13.0,3.7,12.3,37.8,4.48,5.4,29.0,2015-2016,51.0,811.0,123.2,20.5,3.9,12.3,37.8,4.48,5.4,84.0,13.0,18.0,0.4,0.67,13.0,3.7,29.0,6.631090470505425,146.76461577402029,0,0
92158.0,1.0,57.0,315.0,16.7,,40.0,108.0,39.0,26.0,0.2,0.97,8.0,3.3,13.1,38.8,3.99,5.9,51.0,2015-2016,57.0,315.0,,16.7,4.0,13.1,38.8,3.99,5.9,108.0,39.0,26.0,0.2,0.97,8.0,3.3,51.0,,,0,0
92166.0,1.0,34.0,202.0,41.3,12.67,47.0,114.0,58.0,33.0,1.3,0.9,18.0,8.3,15.2,44.8,5.17,6.2,29.0,2015-2016,34.0,202.0,12.67,41.3,4.7,15.2,44.8,5.17,6.2,114.0,58.0,33.0,1.3,0.9,18.0,8.3,29.0,5.440789247154882,144.0053753390323,1,1
92167.0,1.0,55.0,793.0,28.0,58.03,46.0,82.0,24.0,17.0,1.5,0.92,13.0,5.6,16.8,50.3,5.63,4.9,48.0,2015-2016,55.0,793.0,58.03,28.0,4.6,16.8,50.3,5.63,4.9,82.0,24.0,17.0,1.5,0.92,13.0,5.6,48.0,11.820535465174991,306.4576613186871,0,0
92174.0,1.0,29.0,236.0,33.0,17.05,42.0,108.0,56.0,33.0,0.9,0.75,15.0,6.1,14.5,44.0,5.27,5.9,48.0,2015-2016,29.0,236.0,17.05,33.0,4.2,14.5,44.0,5.27,5.9,108.0,56.0,33.0,0.9,0.75,15.0,6.1,48.0,6.247919669333427,148.4405915243561,1,1
92199.0,1.0,47.0,638.0,22.8,72.49,47.0,91.0,16.0,20.0,0.5,0.83,12.0,3.8,15.3,46.1,4.94,4.9,70.0,2015-2016,47.0,638.0,72.49,22.8,4.7,15.3,46.1,4.94,4.9,91.0,16.0,20.0,0.5,0.83,12.0,3.8,70.0,7.6113653126854635,201.45561037287487,0,0
92234.0,1.0,29.0,180.0,19.5,12.02,45.0,79.0,35.0,23.0,0.2,1.0,10.0,6.2,15.2,43.4,5.12,5.6,37.0,2015-2016,29.0,180.0,12.02,19.5,4.5,15.2,43.4,5.12,5.6,79.0,35.0,23.0,0.2,1.0,10.0,6.2,37.0,5.054529471588249,128.30419071416338,1,1
92245.0,1.0,19.0,722.0,25.2,37.8,49.0,90.0,14.0,15.0,0.6,0.78,13.0,5.9,16.0,48.4,5.42,5.0,62.0,2015-2016,19.0,722.0,37.8,25.2,4.9,16.0,48.4,5.42,5.0,90.0,14.0,15.0,0.6,0.78,13.0,5.9,62.0,13.554480521365068,373.44586092216554,0,0
92251.0,1.0,57.0,492.0,19.7,84.7,42.0,85.0,34.0,30.0,0.3,0.95,14.0,5.3,15.7,46.5,4.95,5.6,57.0,2015-2016,57.0,492.0,84.7,19.7,4.2,15.7,46.5,4.95,5.6,85.0,34.0,30.0,0.3,0.95,14.0,5.3,57.0,5.144418761384287,122.22317257647289,0,1
92254.0,1.0,45.0,524.0,31.7,31.89,48.0,101.0,40.0,35.0,0.9,0.96,12.0,5.4,15.4,46.6,5.92,5.5,40.0,2015-2016,45.0,524.0,31.89,31.7,4.8,15.4,46.6,5.92,5.5,101.0,40.0,35.0,0.9,0.96,12.0,5.4,40.0,10.385089598596021,280.49714803552007,0,0
92256.0,1.0,53.0,262.0,12.7,39.51,46.0,93.0,15.0,22.0,0.3,1.06,14.0,4.3,14.0,42.3,4.72,5.6,61.0,2015-2016,53.0,262.0,39.51,12.7,4.6,14.0,42.3,4.72,5.6,93.0,15.0,22.0,0.3,1.06,14.0,4.3,61.0,4.347817620631777,112.72095276770679,1,1
92263.0,1.0,29.0,339.0,25.4,26.22,42.0,87.0,27.0,24.0,0.7,1.02,14.0,5.5,14.3,43.1,4.89,5.5,44.0,2015-2016,29.0,339.0,26.22,25.4,4.2,14.3,43.1,4.89,5.5,87.0,27.0,24.0,0.7,1.02,14.0,5.5,44.0,7.6179823739423265,180.99109298099557,0,0
92274.0,1.0,50.0,119.0,22.0,24.12,41.0,82.0,23.0,21.0,0.3,0.66,12.0,8.8,14.2,41.7,4.74,4.9,27.0,2015-2016,50.0,119.0,24.12,22.0,4.1,14.2,41.7,4.74,4.9,82.0,23.0,21.0,0.3,0.66,12.0,8.8,27.0,2.6255376375078403,60.95588899234885,1,1
92275.0,1.0,42.0,368.0,25.6,18.54,46.0,86.0,33.0,22.0,0.5,0.99,15.0,6.2,15.5,45.8,5.45,5.3,34.0,2015-2016,42.0,368.0,18.54,25.6,4.6,15.5,45.8,5.45,5.3,86.0,33.0,22.0,0.5,0.99,15.0,6.2,34.0,9.204478157607065,238.63410064202537,0,0
92281.0,1.0,38.0,584.0,29.7,62.4,44.0,92.0,27.0,23.0,0.2,0.96,15.0,5.0,14.9,45.6,5.09,5.4,44.0,2015-2016,38.0,584.0,62.4,29.7,4.4,14.9,45.6,5.09,5.4,92.0,27.0,23.0,0.2,0.96,15.0,5.0,44.0,7.912323402840466,196.559015307943,0,0
92294.0,1.0,35.0,589.0,28.9,60.89,46.0,94.0,53.0,40.0,0.6,0.78,16.0,5.7,12.0,37.1,3.24,4.9,60.0,2015-2016,35.0,589.0,60.89,28.9,4.6,12.0,37.1,3.24,4.9,94.0,53.0,40.0,0.6,0.78,16.0,5.7,60.0,8.003921203762713,207.50861758425933,0,0
92312.0,1.0,59.0,203.0,36.3,49.63,31.0,168.0,44.0,87.0,1.5,0.74,12.0,4.8,13.5,40.9,3.86,5.3,6.0,2015-2016,59.0,203.0,49.63,36.3,3.1,13.5,40.9,3.86,5.3,168.0,44.0,87.0,1.5,0.74,12.0,4.8,6.0,3.2533559086610833,57.90280115853343,1,1
92316.0,1.0,54.0,216.0,22.5,18.97,46.0,99.0,24.0,25.0,0.5,1.02,20.0,6.5,16.0,46.6,5.09,5.4,19.0,2015-2016,54.0,216.0,18.97,22.5,4.6,16.0,46.6,5.09,5.4,99.0,24.0,25.0,0.5,1.02,20.0,6.5,19.0,5.13958629432816,133.24824417182762,1,1
92325.0,1.0,19.0,302.0,25.1,9.28,48.0,87.0,62.0,41.0,0.4,1.0,9.0,7.3,16.9,49.1,5.51,5.3,29.0,2015-2016,19.0,302.0,9.28,25.1,4.8,16.9,49.1,5.51,5.3,87.0,62.0,41.0,0.4,1.0,9.0,7.3,29.0,8.853713897077213,239.1352981671289,0,0
92331.0,1.0,57.0,254.0,14.3,42.29,42.0,142.0,26.0,21.0,0.3,0.86,15.0,5.4,14.3,43.4,4.99,5.8,36.0,2015-2016,57.0,254.0,42.29,14.3,4.2,14.3,43.4,4.99,5.8,142.0,26.0,21.0,0.3,0.86,15.0,5.4,36.0,4.185246931367221,99.43478198302876,1,1
92333.0,1.0,40.0,681.0,21.4,89.89,41.0,145.0,25.0,44.0,0.4,1.05,11.0,5.3,14.5,43.5,4.65,5.4,112.0,2015-2016,40.0,681.0,89.89,21.4,4.1,14.5,43.5,4.65,5.4,145.0,25.0,44.0,0.4,1.05,11.0,5.3,112.0,7.149588378215505,165.98867572782618,0,0
92345.0,1.0,23.0,666.0,25.8,,48.0,95.0,25.0,42.0,1.1,1.0,22.0,5.3,13.7,40.8,4.61,5.4,67.0,2015-2016,23.0,666.0,,25.8,4.8,13.7,40.8,4.61,5.4,95.0,25.0,42.0,1.1,1.0,22.0,5.3,67.0,,,0,0
92347.0,1.0,46.0,156.0,76.9,15.01,39.0,221.0,25.0,20.0,0.4,1.44,21.0,7.3,13.1,39.7,5.23,12.5,43.0,2015-2016,46.0,156.0,15.01,76.9,3.9,13.1,39.7,5.23,12.5,221.0,25.0,20.0,0.4,1.44,21.0,7.3,43.0,4.439301988173858,98.25419416265639,1,1
92356.0,1.0,54.0,314.0,24.7,20.8,45.0,139.0,34.0,23.0,0.6,0.58,14.0,6.2,15.4,46.3,5.15,8.8,30.0,2015-2016,54.0,314.0,20.8,24.7,4.5,15.4,46.3,5.15,8.8,139.0,34.0,23.0,0.6,0.58,14.0,6.2,30.0,7.495170614600937,190.2574325417427,0,0
92362.0,1.0,25.0,513.0,22.3,55.29,48.0,67.0,27.0,22.0,0.5,0.85,11.0,6.6,15.0,43.8,4.81,5.1,40.0,2015-2016,25.0,513.0,55.29,22.3,4.8,15.0,43.8,4.81,5.1,67.0,27.0,22.0,0.5,0.85,11.0,6.6,40.0,7.199482168343865,194.45515576736545,0,0
92365.0,1.0,36.0,278.0,17.3,22.52,47.0,95.0,24.0,27.0,0.5,0.65,13.0,5.8,14.4,42.2,4.76,5.4,53.0,2015-2016,36.0,278.0,22.52,17.3,4.7,14.4,42.2,4.76,5.4,95.0,24.0,27.0,0.5,0.65,13.0,5.8,53.0,6.175554570287489,163.45295019210113,1,1
92366.0,1.0,49.0,244.0,25.6,21.21,41.0,103.0,27.0,21.0,0.4,0.98,18.0,5.0,15.9,47.6,5.55,5.8,33.0,2015-2016,49.0,244.0,21.21,25.6,4.1,15.9,47.6,5.55,5.8,103.0,27.0,21.0,0.4,0.98,18.0,5.0,33.0,5.982936296208379,138.90305570562734,1,1
92369.0,1.0,26.0,461.0,25.3,23.26,44.0,82.0,66.0,29.0,1.1,0.94,13.0,6.6,15.8,45.7,5.06,5.3,29.0,2015-2016,26.0,461.0,23.26,25.3,4.4,15.8,45.7,5.06,5.3,82.0,66.0,29.0,1.1,0.94,13.0,6.6,29.0,11.068008327601756,274.9529698839812,0,0
92371.0,1.0,30.0,557.0,22.8,26.97,49.0,71.0,27.0,34.0,0.5,1.01,18.0,6.2,16.7,48.9,5.57,4.6,44.0,2015-2016,30.0,557.0,26.97,22.8,4.9,16.7,48.9,5.57,4.6,71.0,27.0,34.0,0.5,1.01,18.0,6.2,44.0,11.947163441185491,329.1619129068629,0,0
92374.0,1.0,28.0,285.0,19.1,25.42,43.0,81.0,29.0,35.0,0.6,0.84,9.0,6.9,14.9,45.5,5.16,5.5,36.0,2015-2016,28.0,285.0,25.42,19.1,4.3,14.9,45.5,5.16,5.5,81.0,29.0,35.0,0.6,0.84,9.0,6.9,36.0,6.311398642895312,153.3686874910062,1,1
92380.0,1.0,24.0,374.0,24.7,17.95,46.0,78.0,24.0,34.0,0.4,0.81,13.0,7.2,14.8,44.3,5.2,5.4,43.0,2015-2016,24.0,374.0,17.95,24.7,4.6,14.8,44.3,5.2,5.4,78.0,24.0,34.0,0.4,0.81,13.0,7.2,43.0,9.48421122880942,245.88642377465584,0,0
92381.0,1.0,34.0,391.0,25.1,31.39,44.0,86.0,71.0,40.0,0.3,0.73,11.0,7.5,15.8,45.1,5.12,4.8,52.0,2015-2016,34.0,391.0,31.39,25.1,4.4,15.8,45.1,5.12,4.8,86.0,71.0,40.0,0.3,0.73,11.0,7.5,52.0,7.901928568945457,196.30078542897232,0,0
92390.0,1.0,47.0,370.0,12.4,37.51,42.0,109.0,25.0,26.0,0.4,0.86,11.0,7.9,12.7,38.2,4.2,5.8,55.0,2015-2016,47.0,370.0,37.51,12.4,4.2,12.7,38.2,4.2,5.8,109.0,25.0,26.0,0.4,0.86,11.0,7.9,55.0,6.8422079715696436,162.5599323271742,0,0
92393.0,1.0,42.0,363.0,29.1,21.08,40.0,77.0,17.0,23.0,0.7,1.44,14.0,6.8,14.9,43.6,5.36,5.3,72.0,2015-2016,42.0,363.0,21.08,29.1,4.0,14.9,43.6,5.36,5.3,77.0,17.0,23.0,0.7,1.44,14.0,6.8,72.0,9.411900053334948,213.41172058710868,0,0
92400.0,1.0,23.0,297.0,32.6,15.22,41.0,104.0,103.0,45.0,0.4,0.77,8.0,7.4,15.7,45.7,5.09,5.3,28.0,2015-2016,23.0,297.0,15.22,32.6,4.1,15.7,45.7,5.09,5.3,104.0,103.0,45.0,0.4,0.77,8.0,7.4,28.0,8.491869046532786,197.15178314082348,1,0
92404.0,1.0,22.0,599.0,36.1,31.4,47.0,62.0,19.0,26.0,0.6,1.31,18.0,6.1,15.3,45.7,5.02,5.0,65.0,2015-2016,22.0,599.0,31.4,36.1,4.7,15.3,45.7,5.02,5.0,62.0,19.0,26.0,0.6,1.31,18.0,6.1,65.0,12.364308603158182,327.25526027983904,0,0
92405.0,1.0,25.0,703.0,32.1,41.0,49.0,91.0,24.0,26.0,0.7,0.85,24.0,4.7,13.7,43.2,4.8,5.3,53.0,2015-2016,25.0,703.0,41.0,32.1,4.9,13.7,43.2,4.8,5.3,91.0,24.0,26.0,0.7,0.85,24.0,4.7,53.0,12.522403218832405,345.01061427623057,0,0
92408.0,1.0,24.0,802.0,25.9,71.34,50.0,93.0,25.0,25.0,0.7,0.89,17.0,6.6,15.5,46.0,5.5,5.0,61.0,2015-2016,24.0,802.0,71.34,25.9,5.0,15.5,46.0,5.5,5.0,93.0,25.0,25.0,0.7,0.89,17.0,6.6,61.0,9.871723599185678,277.32965334517394,0,0
92416.0,1.0,41.0,263.0,26.7,23.44,45.0,100.0,36.0,38.0,0.9,1.27,14.0,6.9,15.6,46.6,5.83,5.5,39.0,2015-2016,41.0,263.0,23.44,26.7,4.5,15.6,46.6,5.83,5.5,100.0,36.0,38.0,0.9,1.27,14.0,6.9,39.0,5.862081886495039,148.80310354794818,1,1
92417.0,1.0,37.0,421.0,20.8,27.95,45.0,98.0,19.0,24.0,0.1,1.21,15.0,6.9,15.1,46.8,5.2,4.6,63.0,2015-2016,37.0,421.0,27.95,20.8,4.5,15.1,46.8,5.2,4.6,98.0,19.0,24.0,0.1,1.21,15.0,6.9,63.0,9.01971456133711,228.95646049155852,0,0
92418.0,1.0,48.0,847.0,23.9,66.92,45.0,98.0,12.0,16.0,0.7,0.78,11.0,4.8,15.1,43.7,4.62,5.4,75.0,2015-2016,48.0,847.0,66.92,23.9,4.5,15.1,43.7,4.62,5.4,98.0,12.0,16.0,0.7,0.78,11.0,4.8,75.0,11.582032076673645,293.9983357058457,0,0
92437.0,1.0,50.0,280.0,34.8,18.1,48.0,261.0,102.0,67.0,0.7,1.11,15.0,6.1,15.9,47.6,5.53,10.3,44.0,2015-2016,50.0,280.0,18.1,34.8,4.8,15.9,47.6,5.53,10.3,261.0,102.0,67.0,0.7,1.11,15.0,6.1,44.0,6.716087778793136,181.39886517323507,1,0
92440.0,1.0,56.0,189.0,18.3,31.6,43.0,96.0,40.0,31.0,0.3,1.13,15.0,5.7,16.1,46.9,5.25,5.8,32.0,2015-2016,56.0,189.0,31.6,18.3,4.3,16.1,46.9,5.25,5.8,96.0,40.0,31.0,0.3,1.13,15.0,5.7,32.0,3.6077666725093978,87.66970217598711,1,1
92443.0,1.0,32.0,214.0,11.0,27.34,50.0,88.0,24.0,19.0,0.6,1.19,15.0,6.7,15.3,44.7,4.75,4.7,38.0,2015-2016,32.0,214.0,27.34,11.0,5.0,15.3,44.7,4.75,4.7,88.0,24.0,19.0,0.6,1.19,15.0,6.7,38.0,4.113756846674012,115.56915555542399,1,1
92459.0,1.0,58.0,246.0,30.8,29.55,40.0,95.0,26.0,22.0,0.4,1.25,16.0,7.3,14.9,44.0,4.68,5.5,36.0,2015-2016,58.0,246.0,29.55,30.8,4.0,14.9,44.0,4.68,5.5,95.0,26.0,22.0,0.4,1.25,16.0,7.3,36.0,5.152265231241391,116.82590993204973,1,1
92463.0,1.0,31.0,335.0,27.4,28.15,46.0,83.0,49.0,31.0,0.3,1.36,13.0,9.5,16.3,50.9,7.14,5.7,35.0,2015-2016,31.0,335.0,28.15,27.4,4.6,16.3,50.9,7.14,5.7,83.0,49.0,31.0,0.3,1.36,13.0,9.5,35.0,6.885848475422826,178.52160980269826,0,0
92472.0,1.0,59.0,282.0,21.6,45.12,43.0,80.0,27.0,30.0,0.4,0.96,18.0,6.3,16.3,49.4,5.38,5.7,45.0,2015-2016,59.0,282.0,45.12,21.6,4.3,16.3,49.4,5.38,5.7,80.0,27.0,30.0,0.4,0.96,18.0,6.3,45.0,4.448585838469439,108.10183444919377,1,1
92473.0,1.0,31.0,259.0,17.6,17.59,46.0,82.0,19.0,19.0,0.7,1.03,12.0,5.8,15.2,44.4,4.89,5.0,41.0,2015-2016,31.0,259.0,17.59,17.6,4.6,15.2,44.4,4.89,5.0,82.0,19.0,19.0,0.7,1.03,12.0,5.8,41.0,6.424998214250859,166.57366601682205,1,1
92476.0,1.0,27.0,672.0,40.3,28.75,43.0,77.0,20.0,19.0,0.9,0.76,11.0,7.0,16.6,50.4,5.69,5.1,54.0,2015-2016,27.0,672.0,28.75,40.3,4.3,16.6,50.4,5.69,5.1,77.0,20.0,19.0,0.9,0.76,11.0,7.0,54.0,15.650774626265308,380.31804017797145,0,0
92480.0,1.0,46.0,158.0,27.0,38.85,43.0,101.0,22.0,30.0,1.1,0.7,15.0,9.1,19.0,57.5,5.68,5.6,58.0,2015-2016,46.0,158.0,38.85,27.0,4.3,19.0,57.5,5.68,5.6,101.0,22.0,30.0,1.1,0.7,15.0,9.1,58.0,2.637962451701099,64.1031983177592,1,1
92486.0,1.0,40.0,305.0,17.8,26.1,49.0,101.0,41.0,27.0,0.4,0.96,12.0,6.4,15.2,44.2,5.1,5.3,33.0,2015-2016,40.0,305.0,26.1,17.8,4.9,15.2,44.2,5.1,5.3,101.0,41.0,27.0,0.4,0.96,12.0,6.4,33.0,6.221931674876539,171.42336272206734,0,1
92503.0,1.0,36.0,893.0,20.7,75.12,43.0,92.0,24.0,28.0,0.6,0.77,13.0,4.2,15.6,46.0,5.06,5.7,64.0,2015-2016,36.0,893.0,75.12,20.7,4.3,15.6,46.0,5.06,5.7,92.0,24.0,28.0,0.6,0.77,13.0,4.2,64.0,11.435098623184325,277.8759774811902,0,0
92508.0,1.0,27.0,417.0,19.5,18.72,48.0,75.0,14.0,15.0,0.9,0.87,16.0,5.5,14.1,41.7,4.73,5.6,59.0,2015-2016,27.0,417.0,18.72,19.5,4.8,14.1,41.7,4.73,5.6,75.0,14.0,15.0,0.9,0.87,16.0,5.5,59.0,10.211915445034316,275.8197828836498,0,0
92511.0,1.0,33.0,454.0,30.3,22.95,46.0,84.0,57.0,36.0,1.1,0.89,13.0,8.5,15.6,45.5,5.04,5.4,41.0,2015-2016,33.0,454.0,22.95,30.3,4.6,15.6,45.5,5.04,5.4,84.0,57.0,36.0,1.1,0.89,13.0,8.5,41.0,10.633895088235171,275.69297761931637,0,0
92512.0,1.0,36.0,580.0,29.5,47.59,41.0,100.0,36.0,29.0,0.7,0.84,12.0,5.8,16.7,48.0,5.81,5.5,23.0,2015-2016,36.0,580.0,47.59,29.5,4.1,16.7,48.0,5.81,5.5,100.0,36.0,29.0,0.7,0.84,12.0,5.8,23.0,9.888086267456318,229.56711046730769,0,0
92529.0,1.0,55.0,444.0,37.1,,41.0,95.0,21.0,31.0,1.1,1.42,18.0,7.0,16.1,48.6,5.15,5.7,111.0,2015-2016,55.0,444.0,,37.1,4.1,16.1,48.6,5.15,5.7,95.0,21.0,31.0,1.1,1.42,18.0,7.0,111.0,,,0,0
92532.0,1.0,55.0,665.0,37.9,133.3,38.0,316.0,20.0,24.0,0.4,0.86,32.0,9.9,15.6,46.0,5.1,9.7,49.0,2015-2016,55.0,665.0,133.3,37.9,3.8,15.6,46.0,5.1,9.7,316.0,20.0,24.0,0.4,0.86,32.0,9.9,49.0,4.9074602269898335,105.95665857312365,0,1
92538.0,1.0,26.0,562.0,29.5,44.42,47.0,88.0,29.0,23.0,0.5,0.75,9.0,6.7,15.6,47.0,5.2,5.2,32.0,2015-2016,26.0,562.0,44.42,29.5,4.7,15.6,47.0,5.2,5.2,88.0,29.0,23.0,0.5,0.75,9.0,6.7,32.0,9.366957575497281,247.92216352611817,0,0
92541.0,1.0,40.0,405.0,34.4,26.1,43.0,82.0,17.0,18.0,0.7,1.18,19.0,4.0,15.2,45.6,5.01,5.8,30.0,2015-2016,40.0,405.0,26.1,34.4,4.3,15.2,45.6,5.01,5.8,82.0,17.0,18.0,0.7,1.18,19.0,4.0,30.0,9.184422230411348,223.18393474116243,0,0
92548.0,1.0,58.0,228.0,22.7,17.54,45.0,102.0,40.0,32.0,0.7,0.92,18.0,6.9,16.2,47.2,5.37,5.4,34.0,2015-2016,58.0,228.0,17.54,22.7,4.5,16.2,47.2,5.37,5.4,102.0,40.0,32.0,0.7,0.92,18.0,6.9,34.0,5.695512449649755,144.57490448168917,1,1
92553.0,1.0,55.0,288.0,14.7,44.97,49.0,92.0,21.0,18.0,0.6,0.75,16.0,4.3,14.8,45.1,4.85,5.5,56.0,2015-2016,55.0,288.0,44.97,14.7,4.9,14.8,45.1,4.85,5.5,92.0,21.0,18.0,0.6,0.75,16.0,4.3,56.0,4.3202399775785105,119.0289613293628,1,1
92556.0,1.0,30.0,355.0,26.7,18.02,44.0,96.0,16.0,21.0,0.3,0.8,10.0,5.2,14.2,43.9,5.19,5.6,55.0,2015-2016,30.0,355.0,18.02,26.7,4.4,14.2,43.9,5.19,5.6,96.0,16.0,21.0,0.3,0.8,10.0,5.2,55.0,9.221628862382321,229.08495980769288,0,0
92559.0,1.0,41.0,435.0,22.9,38.47,47.0,93.0,65.0,48.0,0.7,0.8,14.0,5.2,15.9,48.3,5.59,5.6,57.0,2015-2016,41.0,435.0,38.47,22.9,4.7,15.9,48.3,5.59,5.6,93.0,65.0,48.0,0.7,0.8,14.0,5.2,57.0,7.648434669281998,202.43675233000027,0,0
92564.0,1.0,31.0,400.0,19.4,19.9,45.0,94.0,37.0,31.0,0.4,0.78,16.0,5.5,14.7,43.3,5.09,5.5,49.0,2015-2016,31.0,400.0,19.9,19.4,4.5,14.7,43.3,5.09,5.5,94.0,37.0,31.0,0.4,0.78,16.0,5.5,49.0,9.955818600103019,252.71852811689172,0,0
92569.0,1.0,39.0,357.0,18.9,46.31,46.0,89.0,32.0,28.0,0.5,0.8,15.0,5.5,15.7,47.4,5.52,5.5,35.0,2015-2016,39.0,357.0,46.31,18.9,4.6,15.7,47.4,5.52,5.5,89.0,32.0,28.0,0.5,0.8,15.0,5.5,35.0,5.508444156034062,142.81120500303808,0,1
92570.0,1.0,24.0,327.0,24.3,13.39,48.0,88.0,24.0,21.0,0.2,0.93,14.0,5.0,14.2,43.5,5.41,5.9,42.0,2015-2016,24.0,327.0,13.39,24.3,4.8,14.2,43.5,5.41,5.9,88.0,24.0,21.0,0.2,0.93,14.0,5.0,42.0,8.77219979574814,236.93363464459418,0,0
92584.0,1.0,39.0,326.0,12.4,,45.0,82.0,15.0,20.0,0.9,0.99,13.0,6.0,14.2,42.2,4.89,4.9,40.0,2015-2016,39.0,326.0,,12.4,4.5,14.2,42.2,4.89,4.9,82.0,15.0,20.0,0.9,0.99,13.0,6.0,40.0,,,0,0
92591.0,1.0,19.0,499.0,19.3,16.06,43.0,103.0,29.0,26.0,0.5,0.85,9.0,7.3,15.7,46.1,5.38,5.3,37.0,2015-2016,19.0,499.0,16.06,19.3,4.3,15.7,46.1,5.38,5.3,103.0,29.0,26.0,0.5,0.85,9.0,7.3,37.0,14.235577270101158,345.9283631291345,0,0
92601.0,1.0,19.0,564.0,32.7,33.93,51.0,94.0,18.0,27.0,1.1,0.81,15.0,6.5,14.3,42.0,4.59,5.2,58.0,2015-2016,19.0,564.0,33.93,32.7,5.1,14.3,42.0,4.59,5.2,94.0,18.0,27.0,1.1,0.81,15.0,6.5,58.0,10.545871322822629,301.98316904400735,0,0
92609.0,1.0,60.0,653.0,23.0,70.38,46.0,111.0,30.0,32.0,0.6,1.05,22.0,5.4,15.0,44.6,5.08,5.7,45.0,2015-2016,60.0,653.0,70.38,23.0,4.6,15.0,44.6,5.08,5.7,111.0,30.0,32.0,0.6,1.05,22.0,5.4,45.0,8.069783503012088,209.2161549675276,0,0
92610.0,1.0,26.0,440.0,17.3,32.78,48.0,86.0,41.0,32.0,0.6,1.18,12.0,5.9,15.3,44.5,4.93,5.2,55.0,2015-2016,26.0,440.0,32.78,17.3,4.8,15.3,44.5,4.93,5.2,86.0,41.0,32.0,0.6,1.18,12.0,5.9,55.0,8.3972889734671,226.80744214340476,0,0
92614.0,1.0,43.0,573.0,19.9,40.83,45.0,100.0,16.0,21.0,0.5,0.86,16.0,5.6,15.7,45.9,4.95,5.4,38.0,2015-2016,43.0,573.0,40.83,19.9,4.5,15.7,45.9,4.95,5.4,100.0,16.0,21.0,0.5,0.86,16.0,5.6,38.0,10.33494204858708,262.34219882886117,0,0
92615.0,1.0,34.0,419.0,20.7,38.15,45.0,90.0,29.0,27.0,1.0,0.92,9.0,5.7,15.6,45.3,4.78,5.1,36.0,2015-2016,34.0,419.0,38.15,20.7,4.5,15.6,45.3,4.78,5.1,90.0,29.0,27.0,1.0,0.92,9.0,5.7,36.0,7.531247895582593,191.17321834644284,0,0
92620.0,1.0,37.0,452.0,33.7,26.89,49.0,100.0,63.0,43.0,0.4,1.01,11.0,9.6,16.7,51.3,6.26,5.7,35.0,2015-2016,37.0,452.0,26.89,33.7,4.9,16.7,51.3,6.26,5.7,100.0,63.0,43.0,0.4,1.01,11.0,9.6,35.0,9.455594989545181,260.51553992320714,0,0
92648.0,1.0,56.0,329.0,33.2,48.54,41.0,275.0,21.0,40.0,1.2,0.81,13.0,4.8,18.3,55.9,6.26,9.5,26.0,2015-2016,56.0,329.0,48.54,33.2,4.1,18.3,55.9,6.26,9.5,275.0,21.0,40.0,1.2,0.81,13.0,4.8,26.0,5.1040888110471,118.49926145739656,0,1
92654.0,1.0,49.0,235.0,20.4,22.45,41.0,180.0,29.0,30.0,0.3,1.07,22.0,8.2,14.6,44.7,4.68,8.6,85.0,2015-2016,49.0,235.0,22.45,20.4,4.1,14.6,44.7,4.68,8.6,180.0,29.0,30.0,0.3,1.07,22.0,8.2,85.0,5.592518245747723,129.83890099517407,1,1
92656.0,1.0,30.0,479.0,20.5,42.8,46.0,86.0,18.0,22.0,0.5,0.89,23.0,4.8,14.7,42.7,4.74,5.2,56.0,2015-2016,30.0,479.0,42.8,20.5,4.6,14.7,42.7,4.74,5.2,86.0,18.0,22.0,0.5,0.89,23.0,4.8,56.0,8.067992630831641,209.16972504886974,0,0
92664.0,1.0,54.0,510.0,21.5,70.54,46.0,92.0,32.0,29.0,0.8,1.01,27.0,5.4,14.4,43.1,4.62,5.6,41.0,2015-2016,54.0,510.0,70.54,21.5,4.6,14.4,43.1,4.62,5.6,92.0,32.0,29.0,0.8,1.01,27.0,5.4,41.0,6.055120928994201,156.98427574354628,0,1
92676.0,1.0,42.0,559.0,37.9,34.23,36.0,434.0,37.0,25.0,0.7,1.2,17.0,6.2,16.5,50.0,5.69,16.5,63.0,2015-2016,42.0,559.0,34.23,37.9,3.6,16.5,50.0,5.69,16.5,434.0,37.0,25.0,0.7,1.2,17.0,6.2,63.0,12.611941810673265,258.63564225820323,0,0
92677.0,1.0,34.0,168.0,33.1,13.14,36.0,298.0,39.0,26.0,0.1,0.8,11.0,7.0,14.7,43.8,5.11,11.0,39.0,2015-2016,34.0,168.0,13.14,33.1,3.6,14.7,43.8,5.11,11.0,298.0,39.0,26.0,0.1,0.8,11.0,7.0,39.0,5.316085592298541,109.01804274898696,1,1
92688.0,1.0,33.0,396.0,15.2,35.61,46.0,87.0,28.0,28.0,0.5,0.9,16.0,6.8,14.5,43.5,4.78,5.3,59.0,2015-2016,33.0,396.0,35.61,15.2,4.6,14.5,43.5,4.78,5.3,87.0,28.0,28.0,0.5,0.9,16.0,6.8,59.0,7.285471644588741,188.88218798396218,0,0
92689.0,1.0,44.0,222.0,12.6,19.19,44.0,242.0,43.0,31.0,0.8,0.65,10.0,6.5,15.9,46.2,5.1,8.5,42.0,2015-2016,44.0,222.0,19.19,12.6,4.4,15.9,46.2,5.1,8.5,242.0,43.0,31.0,0.8,0.65,10.0,6.5,42.0,5.414782360812612,134.51476067902655,1,1
92692.0,1.0,34.0,680.0,19.9,62.38,45.0,89.0,17.0,19.0,0.7,1.18,12.0,6.1,15.8,47.2,5.23,5.7,69.0,2015-2016,34.0,680.0,62.38,19.9,4.5,15.8,47.2,5.23,5.7,89.0,17.0,19.0,0.7,1.18,12.0,6.1,69.0,9.386044488131724,238.2553804119903,0,0
92694.0,1.0,56.0,522.0,41.2,45.59,45.0,87.0,27.0,27.0,0.8,1.07,7.0,5.0,16.5,49.5,5.53,5.2,93.0,2015-2016,56.0,522.0,45.59,41.2,4.5,16.5,49.5,5.53,5.2,87.0,27.0,27.0,0.8,1.07,7.0,5.0,93.0,8.632024409422726,219.11533255495632,0,0
92696.0,1.0,55.0,229.0,13.7,26.07,45.0,93.0,31.0,24.0,0.5,2.64,78.0,5.7,11.7,36.8,4.01,5.9,44.0,2015-2016,55.0,229.0,26.07,13.7,4.5,11.7,36.8,4.01,5.9,93.0,31.0,24.0,0.5,2.64,78.0,5.7,44.0,4.797194869609057,121.77200843383791,1,1
92698.0,1.0,49.0,1700.0,79.9,16.72,42.0,77.0,30.0,24.0,0.6,1.29,18.0,7.6,17.3,51.1,5.95,5.6,28.0,2015-2016,49.0,1700.0,16.72,79.9,4.2,17.3,51.1,5.95,5.6,77.0,30.0,24.0,0.6,1.29,18.0,7.6,28.0,57.99748315830813,1377.927560304505,0,0
92699.0,1.0,38.0,218.0,23.6,11.48,48.0,92.0,46.0,26.0,0.7,0.91,15.0,7.4,15.6,45.5,5.3,5.1,32.0,2015-2016,38.0,218.0,11.48,23.6,4.8,15.6,45.5,5.3,5.1,92.0,46.0,26.0,0.7,0.91,15.0,7.4,32.0,5.969152107182417,161.22442915477964,1,1
92702.0,1.0,46.0,147.0,12.9,36.55,43.0,111.0,27.0,26.0,0.5,0.9,16.0,7.1,15.3,45.3,5.27,5.6,40.0,2015-2016,46.0,147.0,36.55,12.9,4.3,15.3,45.3,5.27,5.6,111.0,27.0,26.0,0.5,0.9,16.0,7.1,40.0,2.5391729367321503,61.702586487334514,1,1
92704.0,1.0,43.0,439.0,16.2,51.3,48.0,94.0,38.0,33.0,0.4,0.89,17.0,4.5,14.8,43.3,4.65,5.4,50.0,2015-2016,43.0,439.0,51.3,16.2,4.8,14.8,43.3,4.65,5.4,94.0,38.0,33.0,0.4,0.89,17.0,4.5,50.0,6.358344486444246,171.736360841422,0,1
92719.0,1.0,36.0,699.0,28.6,69.33,49.0,68.0,22.0,21.0,0.8,1.14,16.0,5.4,15.8,48.2,5.41,5.3,62.0,2015-2016,36.0,699.0,69.33,28.6,4.9,15.8,48.2,5.41,5.3,68.0,22.0,21.0,0.8,1.14,16.0,5.4,62.0,8.640328836352834,238.05375911355378,0,0
92722.0,1.0,24.0,290.0,36.5,12.98,44.0,86.0,57.0,29.0,0.4,0.67,11.0,5.9,15.2,46.9,4.98,5.3,35.0,2015-2016,24.0,290.0,12.98,36.5,4.4,15.2,46.9,4.98,5.3,86.0,57.0,29.0,0.4,0.67,11.0,5.9,35.0,8.30462930498578,206.3047319450429,1,0
92724.0,1.0,31.0,566.0,21.5,37.18,45.0,97.0,34.0,28.0,0.6,0.95,9.0,7.2,15.8,47.4,5.16,5.7,35.0,2015-2016,31.0,566.0,37.18,21.5,4.5,15.8,47.4,5.16,5.7,97.0,34.0,28.0,0.6,0.95,9.0,7.2,35.0,10.793448677177732,273.9809324140702,0,0
92725.0,1.0,38.0,198.0,23.4,18.23,50.0,84.0,48.0,34.0,0.9,0.72,15.0,9.3,16.1,45.9,5.26,5.2,47.0,2015-2016,38.0,198.0,18.23,23.4,5.0,16.1,45.9,5.26,5.2,84.0,48.0,34.0,0.9,0.72,15.0,9.3,47.0,4.514782014217057,126.83529054998333,1,1
92730.0,1.0,40.0,468.0,24.1,30.81,47.0,92.0,14.0,29.0,0.9,0.85,15.0,6.6,12.5,41.0,5.04,5.1,49.0,2015-2016,40.0,468.0,30.81,24.1,4.7,12.5,41.0,5.04,5.1,92.0,14.0,29.0,0.9,0.85,15.0,6.6,49.0,9.417671593640643,249.26444878767362,0,0
92731.0,1.0,57.0,210.0,26.4,15.24,42.0,90.0,34.0,23.0,0.3,1.0,14.0,5.0,16.4,49.4,5.47,5.7,34.0,2015-2016,57.0,210.0,15.24,26.4,4.2,16.4,49.4,5.47,5.7,90.0,34.0,23.0,0.3,1.0,14.0,5.0,34.0,5.759471338530189,136.83583938431258,1,1
92751.0,1.0,57.0,557.0,21.0,85.19,44.0,278.0,42.0,42.0,0.7,0.82,16.0,4.0,16.0,46.6,4.97,9.3,43.0,2015-2016,57.0,557.0,85.19,21.0,4.4,16.0,46.6,4.97,9.3,278.0,42.0,42.0,0.7,0.82,16.0,4.0,43.0,5.81835784344717,144.5404377690958,0,1
92753.0,1.0,41.0,423.0,18.6,39.55,45.0,88.0,33.0,27.0,0.5,0.65,18.0,5.3,14.4,44.3,5.15,5.6,79.0,2015-2016,41.0,423.0,39.55,18.6,4.5,14.4,44.3,5.15,5.6,88.0,33.0,27.0,0.5,0.65,18.0,5.3,79.0,7.444574608374523,188.9731033734712,0,0
92764.0,1.0,48.0,216.0,16.9,32.27,43.0,74.0,17.0,24.0,0.3,0.7,13.0,4.3,13.8,42.4,4.83,5.6,30.0,2015-2016,48.0,216.0,32.27,16.9,4.3,13.8,42.4,4.83,5.6,74.0,17.0,24.0,0.3,0.7,13.0,4.3,30.0,4.110789051113496,99.8932815044707,1,1
92777.0,1.0,47.0,361.0,24.9,23.86,43.0,88.0,26.0,22.0,0.4,0.92,10.0,5.6,16.1,48.2,5.44,6.4,48.0,2015-2016,47.0,361.0,23.86,24.9,4.3,16.1,48.2,5.44,6.4,88.0,26.0,22.0,0.4,0.92,10.0,5.6,48.0,8.443004564246351,205.1672856945405,0,0
92785.0,1.0,25.0,771.0,30.9,49.72,46.0,87.0,28.0,27.0,0.9,0.9,13.0,3.9,15.3,45.2,5.14,4.7,50.0,2015-2016,25.0,771.0,49.72,30.9,4.6,15.3,45.2,5.14,4.7,87.0,28.0,27.0,0.9,0.9,13.0,3.9,50.0,12.766979035689456,330.995033931331,0,0
92787.0,1.0,48.0,224.0,25.3,30.7,43.0,105.0,26.0,22.0,0.4,0.83,10.0,4.8,14.5,42.0,4.8,5.5,36.0,2015-2016,48.0,224.0,30.7,25.3,4.3,14.5,42.0,4.8,5.5,105.0,26.0,22.0,0.4,0.83,10.0,4.8,36.0,4.397434545078731,106.85884423819968,1,1
92789.0,1.0,57.0,622.0,17.4,109.5,41.0,84.0,36.0,59.0,0.6,0.55,5.0,5.9,11.2,34.9,4.18,5.4,126.0,2015-2016,57.0,622.0,109.5,17.4,4.1,11.2,34.9,4.18,5.4,84.0,36.0,59.0,0.6,0.55,5.0,5.9,126.0,5.3859251024547,125.0425238534991,0,1
92793.0,1.0,28.0,266.0,27.0,19.32,47.0,90.0,138.0,61.0,0.5,1.16,21.0,6.8,14.8,46.3,5.68,5.7,39.0,2015-2016,28.0,266.0,19.32,27.0,4.7,14.8,46.3,5.68,5.7,90.0,138.0,61.0,0.5,1.16,21.0,6.8,39.0,6.283731918179691,166.31615971534148,1,1
92795.0,1.0,37.0,496.0,19.2,43.11,47.0,98.0,18.0,20.0,0.8,0.9,11.0,6.2,14.6,45.2,4.8,5.4,80.0,2015-2016,37.0,496.0,43.11,19.2,4.7,14.6,45.2,4.8,5.4,98.0,18.0,20.0,0.8,0.9,11.0,6.2,80.0,8.270735257061917,218.90764021888685,0,0
92797.0,1.0,57.0,325.0,26.6,43.81,44.0,97.0,75.0,77.0,0.4,1.06,13.0,6.4,15.8,46.4,4.93,5.8,60.0,2015-2016,57.0,325.0,43.81,26.6,4.4,15.8,46.4,4.93,5.8,97.0,75.0,77.0,0.4,1.06,13.0,6.4,60.0,5.24992058002393,130.41924187324767,0,1
92799.0,1.0,19.0,404.0,18.2,24.18,48.0,91.0,28.0,25.0,0.3,0.81,13.0,6.9,15.9,46.4,5.26,5.0,34.0,2015-2016,19.0,404.0,24.18,18.2,4.8,15.9,46.4,5.26,5.0,91.0,28.0,25.0,0.3,0.81,13.0,6.9,34.0,8.879572466387938,239.83372786049597,0,0
92805.0,1.0,53.0,391.0,27.5,40.77,48.0,89.0,13.0,17.0,0.5,0.89,17.0,5.7,12.1,40.2,6.0,5.8,55.0,2015-2016,53.0,391.0,40.77,27.5,4.8,12.1,40.2,6.0,5.8,89.0,13.0,17.0,0.5,0.89,17.0,5.7,55.0,6.484707464171849,175.14937471418244,0,1
92808.0,1.0,34.0,343.0,24.7,20.86,45.0,71.0,24.0,22.0,0.7,0.89,12.0,6.1,15.6,45.6,5.24,5.3,25.0,2015-2016,34.0,343.0,20.86,24.7,4.5,15.6,45.6,5.24,5.3,71.0,24.0,22.0,0.7,0.89,12.0,6.1,25.0,8.243798047582782,209.26059346405412,0,0
92818.0,1.0,32.0,276.0,13.5,32.12,45.0,91.0,35.0,25.0,0.5,0.85,18.0,4.7,15.4,45.8,5.16,5.3,89.0,2015-2016,32.0,276.0,32.12,13.5,4.5,15.4,45.8,5.16,5.3,91.0,35.0,25.0,0.5,0.85,18.0,4.7,89.0,5.251492056403957,133.3038895363385,1,1
92819.0,1.0,44.0,359.0,28.7,19.42,47.0,218.0,23.0,18.0,0.7,0.71,10.0,4.4,15.5,45.2,5.09,9.3,42.0,2015-2016,44.0,359.0,19.42,28.7,4.7,15.5,45.2,5.09,9.3,218.0,23.0,18.0,0.7,0.71,10.0,4.4,42.0,8.67180092055399,229.52294045992738,0,0
92820.0,1.0,31.0,268.0,20.8,16.89,44.0,82.0,39.0,31.0,0.5,1.09,11.0,9.7,14.4,43.1,4.92,5.6,36.0,2015-2016,31.0,268.0,16.89,20.8,4.4,14.4,43.1,4.92,5.6,82.0,39.0,31.0,0.5,1.09,11.0,9.7,36.0,6.971095129791671,173.17689439210042,1,0
92822.0,1.0,34.0,361.0,21.0,24.96,46.0,104.0,20.0,22.0,0.5,0.99,13.0,5.3,15.2,44.6,4.86,5.4,49.0,2015-2016,34.0,361.0,24.96,21.0,4.6,15.2,44.6,4.86,5.4,104.0,20.0,22.0,0.5,0.99,13.0,5.3,49.0,7.933873542924105,205.69257106211245,0,0
92828.0,1.0,60.0,606.0,24.8,46.73,46.0,102.0,26.0,28.0,0.7,1.01,21.0,6.3,14.5,44.0,5.14,6.2,65.0,2015-2016,60.0,606.0,46.73,24.8,4.6,14.5,44.0,5.14,6.2,102.0,26.0,28.0,0.7,1.01,21.0,6.3,65.0,9.99514880130533,259.13292466357524,0,0
92829.0,1.0,45.0,307.0,24.8,15.95,45.0,88.0,37.0,33.0,0.3,0.9,20.0,5.2,14.7,44.2,4.87,6.0,46.0,2015-2016,45.0,307.0,15.95,24.8,4.5,14.7,44.2,4.87,6.0,88.0,37.0,33.0,0.3,0.9,20.0,5.2,46.0,8.114876801265408,205.9880561749572,0,0
92835.0,1.0,31.0,448.0,17.2,37.35,46.0,83.0,13.0,17.0,0.7,0.97,13.0,5.3,15.0,45.7,4.87,5.0,44.0,2015-2016,31.0,448.0,37.35,17.2,4.6,15.0,45.7,4.87,5.0,83.0,13.0,17.0,0.7,0.97,13.0,5.3,44.0,8.136985447959493,210.95842383050115,0,0
92840.0,1.0,35.0,343.0,28.0,42.15,44.0,90.0,21.0,20.0,0.5,0.99,8.0,4.8,13.2,41.9,5.6,5.6,57.0,2015-2016,35.0,343.0,42.15,28.0,4.4,13.2,41.9,5.6,5.6,90.0,21.0,20.0,0.5,0.99,8.0,4.8,57.0,5.714587108858726,141.96255105112317,0,1
92841.0,1.0,42.0,658.0,32.8,53.23,47.0,87.0,59.0,31.0,1.1,1.01,15.0,6.6,16.3,48.5,5.52,4.9,51.0,2015-2016,42.0,658.0,53.23,32.8,4.7,16.3,48.5,5.52,4.9,87.0,59.0,31.0,1.1,1.01,15.0,6.6,51.0,9.965349934953291,263.7602547310905,0,0
92847.0,1.0,26.0,412.0,19.3,,41.0,70.0,15.0,21.0,0.9,0.84,14.0,5.0,14.0,41.5,4.87,5.8,68.0,2015-2016,26.0,412.0,,19.3,4.1,14.0,41.5,4.87,5.8,70.0,15.0,21.0,0.9,0.84,14.0,5.0,68.0,,,0,0
92850.0,1.0,58.0,336.0,12.4,22.39,43.0,106.0,25.0,20.0,0.2,0.96,16.0,4.5,14.6,45.9,5.32,6.2,51.0,2015-2016,58.0,336.0,22.39,12.4,4.3,14.6,45.9,5.32,6.2,106.0,25.0,20.0,0.2,0.96,16.0,4.5,51.0,8.036112214342317,195.27969196360718,0,0
92869.0,1.0,26.0,348.0,21.6,31.43,48.0,100.0,36.0,31.0,0.6,0.78,15.0,6.3,15.4,45.9,5.36,5.4,61.0,2015-2016,26.0,348.0,31.43,21.6,4.8,15.4,45.9,5.36,5.4,100.0,36.0,31.0,0.6,0.78,15.0,6.3,61.0,6.619402301758679,178.78742881468065,0,0
92874.0,1.0,45.0,227.0,16.7,15.14,43.0,166.0,27.0,20.0,0.9,1.03,13.0,6.0,13.6,38.7,4.43,8.0,31.0,2015-2016,45.0,227.0,15.14,16.7,4.3,13.6,38.7,4.43,8.0,166.0,27.0,20.0,0.9,1.03,13.0,6.0,31.0,6.173338176956549,150.0137809713142,1,1
92880.0,1.0,38.0,580.0,18.8,55.76,46.0,97.0,59.0,38.0,0.8,0.67,18.0,6.5,16.4,47.5,5.25,5.9,34.0,2015-2016,38.0,580.0,55.76,18.8,4.6,16.4,47.5,5.25,5.9,97.0,59.0,38.0,0.8,0.67,18.0,6.5,34.0,8.391302129431944,217.55180495676157,0,0
92885.0,1.0,23.0,658.0,22.4,26.3,45.0,77.0,14.0,23.0,0.4,1.34,12.0,4.5,15.8,48.0,5.51,5.6,59.0,2015-2016,23.0,658.0,26.3,22.4,4.5,15.8,48.0,5.51,5.6,77.0,14.0,23.0,0.4,1.34,12.0,4.5,59.0,15.483413631036093,393.0310163566027,0,0
92890.0,1.0,33.0,315.0,,19.61,43.0,89.0,40.0,41.0,0.4,1.01,16.0,7.3,16.0,47.5,5.67,5.5,56.0,2015-2016,33.0,315.0,19.61,,4.3,16.0,47.5,5.67,5.5,89.0,40.0,41.0,0.4,1.01,16.0,7.3,56.0,7.938998901455611,192.91981229539707,0,0
92894.0,1.0,26.0,422.0,29.1,21.12,49.0,84.0,32.0,26.0,0.5,0.99,11.0,8.3,15.1,47.2,6.04,5.1,46.0,2015-2016,26.0,422.0,21.12,29.1,4.9,15.1,47.2,6.04,5.1,84.0,32.0,26.0,0.5,0.99,11.0,8.3,46.0,9.736720429460263,268.2609589948365,0,0
92895.0,1.0,52.0,1170.0,28.7,168.1,38.0,87.0,59.0,45.0,0.7,0.76,7.0,5.0,15.8,45.1,4.37,5.8,66.0,2015-2016,52.0,1170.0,168.1,28.7,3.8,15.8,45.1,4.37,5.8,87.0,59.0,45.0,0.7,0.76,7.0,5.0,66.0,7.558937128240416,163.20452605358156,0,0
92897.0,1.0,60.0,507.0,35.8,55.88,43.0,92.0,31.0,25.0,0.6,0.99,11.0,4.6,16.0,46.3,4.87,5.4,45.0,2015-2016,60.0,507.0,55.88,35.8,4.3,16.0,46.3,4.87,5.4,92.0,31.0,25.0,0.6,0.99,11.0,4.6,45.0,7.368154285705991,179.04813433105537,0,0
92905.0,1.0,34.0,557.0,20.1,33.73,46.0,91.0,20.0,20.0,0.7,1.06,16.0,6.7,15.1,44.6,4.86,5.3,68.0,2015-2016,34.0,557.0,33.73,20.1,4.6,15.1,44.6,4.86,5.3,91.0,20.0,20.0,0.7,1.06,16.0,6.7,68.0,11.073981575930084,287.1026025211898,0,0
92909.0,1.0,31.0,356.0,30.2,13.61,49.0,89.0,41.0,26.0,0.2,1.11,11.0,6.9,15.5,45.8,5.16,5.5,42.0,2015-2016,31.0,356.0,13.61,30.2,4.9,15.5,45.8,5.16,5.5,89.0,41.0,26.0,0.2,1.11,11.0,6.9,42.0,9.414983015087536,259.3966203348704,0,0
92915.0,1.0,45.0,359.0,14.5,21.46,48.0,99.0,21.0,23.0,0.9,1.05,14.0,5.8,15.7,46.0,4.82,5.7,47.0,2015-2016,45.0,359.0,21.46,14.5,4.8,15.7,46.0,4.82,5.7,99.0,21.0,23.0,0.9,1.05,14.0,5.8,47.0,8.212600972161681,221.81909253402307,0,0
92923.0,1.0,29.0,922.0,32.8,39.17,48.0,88.0,24.0,23.0,1.3,1.04,18.0,6.3,17.0,52.3,5.57,4.7,83.0,2015-2016,29.0,922.0,39.17,32.8,4.8,17.0,52.3,5.57,4.7,88.0,24.0,23.0,1.3,1.04,18.0,6.3,83.0,18.040646239974777,487.27069429567285,0,0
92924.0,1.0,35.0,358.0,10.2,62.88,48.0,104.0,18.0,20.0,0.8,1.2,16.0,5.4,15.0,42.1,4.85,6.0,53.0,2015-2016,35.0,358.0,62.88,10.2,4.8,15.0,42.1,4.85,6.0,104.0,18.0,20.0,0.8,1.2,16.0,5.4,53.0,4.387988452539883,118.51782643422054,0,1
92926.0,1.0,40.0,195.0,9.6,42.23,46.0,84.0,22.0,20.0,0.5,1.02,21.0,5.6,13.9,40.9,4.66,5.3,44.0,2015-2016,40.0,195.0,42.23,9.6,4.6,13.9,40.9,4.66,5.3,84.0,22.0,20.0,0.5,1.02,21.0,5.6,44.0,3.040782329353898,78.83492621619489,1,1
92941.0,1.0,33.0,456.0,16.0,41.77,45.0,80.0,30.0,26.0,0.5,1.08,14.0,5.0,16.8,48.3,5.53,5.2,52.0,2015-2016,33.0,456.0,41.77,16.0,4.5,16.8,48.3,5.53,5.2,80.0,30.0,26.0,0.5,1.08,14.0,5.0,52.0,7.8303120630649,198.76466403809596,0,0
92951.0,1.0,44.0,522.0,37.7,30.16,47.0,86.0,19.0,27.0,0.7,1.1,11.0,5.2,14.7,44.1,4.35,4.4,49.0,2015-2016,44.0,522.0,30.16,37.7,4.7,14.7,44.1,4.35,4.4,86.0,19.0,27.0,0.7,1.1,11.0,5.2,49.0,10.780236870487196,285.3284672972725,0,0
92959.0,1.0,58.0,560.0,24.0,47.09,41.0,80.0,17.0,23.0,0.5,0.78,16.0,4.3,14.6,43.8,5.03,5.6,68.0,2015-2016,58.0,560.0,47.09,24.0,4.1,14.6,43.8,5.03,5.6,80.0,17.0,23.0,0.5,0.78,16.0,4.3,68.0,9.55879150865171,221.9220268559721,0,0
92964.0,1.0,46.0,648.0,19.1,80.93,45.0,90.0,31.0,25.0,0.7,0.7,19.0,4.0,14.6,43.1,4.95,4.9,76.0,2015-2016,46.0,648.0,80.93,19.1,4.5,14.6,43.1,4.95,4.9,90.0,31.0,25.0,0.7,0.7,19.0,4.0,76.0,7.186307945791973,182.4172616640965,0,0
92967.0,1.0,52.0,412.0,25.5,32.78,46.0,94.0,16.0,31.0,0.8,0.86,14.0,5.5,15.2,43.3,5.01,5.4,53.0,2015-2016,52.0,412.0,32.78,25.5,4.6,15.2,43.3,5.01,5.4,94.0,16.0,31.0,0.8,0.86,14.0,5.5,53.0,7.984719864202017,207.01080615826314,0,0
92971.0,1.0,52.0,237.0,18.2,29.54,42.0,94.0,18.0,18.0,0.4,0.89,20.0,4.9,12.6,37.6,4.28,5.7,52.0,2015-2016,52.0,237.0,29.54,18.2,4.2,12.6,37.6,4.28,5.7,94.0,18.0,18.0,0.4,0.89,20.0,4.9,52.0,4.830767100001381,114.77131009866308,1,1
92986.0,1.0,23.0,346.0,32.4,12.59,43.0,89.0,48.0,27.0,0.8,0.93,10.0,6.6,15.0,43.9,5.06,4.9,36.0,2015-2016,23.0,346.0,12.59,32.4,4.3,15.0,43.9,5.06,4.9,89.0,48.0,27.0,0.8,0.93,10.0,6.6,36.0,10.304946408353551,250.41297416594796,0,0
92987.0,1.0,40.0,570.0,28.5,36.32,49.0,108.0,13.0,18.0,0.5,1.04,14.0,5.7,15.7,47.4,5.43,5.8,54.0,2015-2016,40.0,570.0,36.32,28.5,4.9,15.7,47.4,5.43,5.8,108.0,13.0,18.0,0.5,1.04,14.0,5.7,54.0,10.524030511804655,289.9525089624182,0,0
92992.0,1.0,23.0,488.0,18.2,30.96,43.0,88.0,20.0,20.0,0.3,1.1,13.0,5.8,13.1,41.3,4.81,5.6,76.0,2015-2016,23.0,488.0,30.96,18.2,4.3,13.1,41.3,4.81,5.6,88.0,20.0,20.0,0.3,1.1,13.0,5.8,76.0,10.36652192406556,251.90927578792892,0,0
92994.0,1.0,32.0,572.0,19.5,41.92,42.0,82.0,16.0,18.0,0.5,0.8,17.0,4.0,15.2,45.2,4.81,5.2,52.0,2015-2016,32.0,572.0,41.92,19.5,4.2,15.2,45.2,4.81,5.2,82.0,16.0,18.0,0.5,0.8,17.0,4.0,52.0,10.496786063976584,249.38687033528012,0,0
92995.0,1.0,54.0,268.0,23.1,39.0,45.0,201.0,90.0,66.0,0.6,0.79,11.0,3.5,16.7,49.1,5.38,8.2,33.0,2015-2016,54.0,268.0,39.0,23.1,4.5,16.7,49.1,5.38,8.2,201.0,90.0,66.0,0.6,0.79,11.0,3.5,33.0,4.535909079294388,115.13952917738594,1,1
93004.0,1.0,60.0,372.0,27.3,41.43,43.0,117.0,29.0,28.0,0.5,1.12,18.0,6.9,15.3,45.8,5.06,6.1,40.0,2015-2016,60.0,372.0,41.43,27.3,4.3,15.3,45.8,5.06,6.1,117.0,29.0,28.0,0.5,1.12,18.0,6.9,40.0,6.3899778316847415,155.27818295003718,0,1
93007.0,1.0,23.0,342.0,20.7,20.29,49.0,81.0,18.0,19.0,0.6,0.93,11.0,6.6,16.1,46.0,5.41,4.7,50.0,2015-2016,23.0,342.0,20.29,20.7,4.9,16.1,46.0,5.41,4.7,81.0,18.0,19.0,0.6,0.93,11.0,6.6,50.0,7.862986978916892,216.63684839363154,0,0
93008.0,1.0,53.0,328.0,14.5,57.39,46.0,92.0,15.0,18.0,0.4,0.93,12.0,6.0,14.2,43.4,4.64,5.3,31.0,2015-2016,53.0,328.0,57.39,14.5,4.6,14.2,43.4,4.64,5.3,92.0,15.0,18.0,0.4,0.93,12.0,6.0,31.0,4.3253728832811635,112.1390534334807,0,1
93012.0,1.0,27.0,243.0,16.4,17.59,47.0,104.0,53.0,37.0,0.6,0.89,17.0,8.8,14.4,42.1,4.75,5.6,15.0,2015-2016,27.0,243.0,17.59,16.4,4.7,14.4,42.1,4.75,5.6,104.0,53.0,37.0,0.6,0.89,17.0,8.8,15.0,5.917721746903674,156.6286989999557,1,1
93014.0,1.0,22.0,354.0,26.3,11.5,50.0,92.0,31.0,21.0,0.6,1.17,17.0,5.8,14.9,44.5,5.32,5.5,40.0,2015-2016,22.0,354.0,11.5,26.3,5.0,14.9,44.5,5.32,5.5,92.0,31.0,21.0,0.6,1.17,17.0,5.8,40.0,9.642645561874948,270.89408694807406,0,0
93022.0,1.0,32.0,325.0,32.2,15.03,42.0,100.0,65.0,44.0,0.7,0.9,17.0,6.9,15.2,44.2,4.92,5.8,28.0,2015-2016,32.0,325.0,15.03,32.2,4.2,15.2,44.2,4.92,5.8,100.0,65.0,44.0,0.7,0.9,17.0,6.9,28.0,9.249004166341965,219.74156553288546,0,0
93023.0,1.0,49.0,274.0,21.1,19.91,39.0,95.0,24.0,22.0,0.4,0.92,11.0,5.1,14.2,43.7,5.2,5.5,46.0,2015-2016,49.0,274.0,19.91,21.1,3.9,14.2,43.7,5.2,5.5,95.0,24.0,22.0,0.4,0.92,11.0,5.1,46.0,7.197959259781016,159.31101073309478,1,0
93029.0,1.0,19.0,334.0,23.9,10.59,45.0,96.0,22.0,21.0,0.4,0.71,24.0,5.4,14.7,44.0,4.94,5.4,50.0,2015-2016,19.0,334.0,10.59,23.9,4.5,14.7,44.0,4.94,5.4,96.0,22.0,21.0,0.4,0.71,24.0,5.4,50.0,10.048830258403836,255.07953631999925,0,0
93036.0,1.0,52.0,326.0,17.1,41.98,44.0,114.0,15.0,18.0,1.1,1.14,17.0,6.6,13.0,39.3,4.02,4.7,61.0,2015-2016,52.0,326.0,41.98,17.1,4.4,13.0,39.3,4.02,4.7,114.0,15.0,18.0,1.1,1.14,17.0,6.6,61.0,5.416663929851873,134.56150287329254,0,1
93042.0,1.0,35.0,490.0,27.4,38.25,46.0,90.0,37.0,30.0,0.7,1.05,17.0,7.0,15.5,45.2,4.74,5.3,40.0,2015-2016,35.0,490.0,38.25,27.4,4.6,15.5,45.2,4.74,5.3,90.0,37.0,30.0,0.7,1.05,17.0,7.0,40.0,8.881582520512413,230.26275045357013,0,0
93044.0,1.0,41.0,374.0,39.2,23.0,41.0,86.0,18.0,18.0,0.6,1.22,14.0,6.1,15.0,46.2,4.99,5.6,51.0,2015-2016,41.0,374.0,23.0,39.2,4.1,15.0,46.2,4.99,5.6,86.0,18.0,18.0,0.6,1.22,14.0,6.1,51.0,9.199472608522708,213.57988668771827,0,0
93048.0,1.0,46.0,471.0,21.2,31.81,44.0,99.0,23.0,23.0,1.0,0.87,7.0,5.2,15.2,44.9,5.34,5.4,49.0,2015-2016,46.0,471.0,31.81,21.2,4.4,15.2,44.9,5.34,5.4,99.0,23.0,23.0,1.0,0.87,7.0,5.2,49.0,9.679606180003193,240.4620946897953,0,0
93049.0,1.0,59.0,423.0,18.5,32.93,40.0,104.0,30.0,36.0,0.4,0.81,14.0,7.2,15.6,44.5,5.2,5.2,42.0,2015-2016,59.0,423.0,32.93,18.5,4.0,15.6,44.5,5.2,5.2,104.0,30.0,36.0,0.4,0.81,14.0,7.2,42.0,8.83393709738118,200.30660173047568,0,0
93057.0,1.0,43.0,312.0,22.8,34.9,42.0,98.0,45.0,23.0,2.6,1.0,16.0,5.9,14.5,41.2,4.55,5.2,24.0,2015-2016,43.0,312.0,34.9,22.8,4.2,14.5,41.2,4.55,5.2,98.0,45.0,23.0,2.6,1.0,16.0,5.9,24.0,5.918488741144043,140.61383887148997,0,1
93063.0,1.0,42.0,508.0,31.6,,43.0,95.0,13.0,17.0,0.5,0.98,17.0,4.5,14.3,43.5,5.02,5.9,34.0,2015-2016,42.0,508.0,,31.6,4.3,14.3,43.5,5.02,5.9,95.0,13.0,17.0,0.5,0.98,17.0,4.5,34.0,,,0,0
93068.0,1.0,59.0,344.0,14.8,27.86,38.0,105.0,33.0,27.0,0.7,1.8,34.0,9.0,14.3,41.8,4.53,5.9,27.0,2015-2016,59.0,344.0,27.86,14.8,3.8,14.3,41.8,4.53,5.9,105.0,33.0,27.0,0.7,1.8,34.0,9.0,27.0,7.917048393823742,170.9364833886441,0,0
93076.0,1.0,35.0,792.0,33.2,71.71,47.0,85.0,15.0,23.0,1.0,0.98,19.0,4.7,14.5,44.6,4.99,5.3,120.0,2015-2016,35.0,792.0,71.71,33.2,4.7,14.5,44.6,4.99,5.3,85.0,15.0,23.0,1.0,0.98,19.0,4.7,120.0,9.921956482133657,262.6117282624691,0,0
93077.0,1.0,50.0,336.0,26.9,32.59,43.0,83.0,29.0,21.0,0.4,0.94,20.0,4.6,15.5,46.0,5.03,5.5,46.0,2015-2016,50.0,336.0,32.59,26.9,4.3,15.5,46.0,5.03,5.5,83.0,29.0,21.0,0.4,0.94,20.0,4.6,46.0,6.612620625984977,160.6884628377758,0,0
93081.0,1.0,54.0,311.0,22.2,26.12,48.0,217.0,35.0,25.0,0.7,0.73,11.0,4.3,17.4,50.7,5.54,11.0,33.0,2015-2016,54.0,311.0,26.12,22.2,4.8,17.4,50.7,5.54,11.0,217.0,35.0,25.0,0.7,0.73,11.0,4.3,33.0,6.429861072334287,173.66799544013608,0,1
93083.0,1.0,30.0,268.0,28.3,17.43,47.0,100.0,77.0,39.0,0.4,0.83,9.0,6.9,15.3,45.1,5.01,5.3,24.0,2015-2016,30.0,268.0,17.43,28.3,4.7,15.3,45.1,5.01,5.3,100.0,77.0,39.0,0.4,0.83,9.0,6.9,24.0,6.592036608424999,174.47628697275658,1,0
93085.0,1.0,56.0,301.0,26.6,19.18,41.0,89.0,27.0,25.0,0.5,1.11,15.0,6.4,14.1,42.2,4.91,5.6,30.0,2015-2016,56.0,301.0,19.18,26.6,4.1,14.1,42.2,4.91,5.6,89.0,27.0,25.0,0.5,1.11,15.0,6.4,30.0,7.86138226667793,182.51406413998083,0,0
93088.0,1.0,22.0,342.0,19.2,35.06,46.0,77.0,29.0,38.0,0.4,1.18,21.0,7.7,14.7,44.1,5.02,5.1,38.0,2015-2016,22.0,342.0,35.06,19.2,4.6,14.7,44.1,5.02,5.1,77.0,29.0,38.0,0.4,1.18,21.0,7.7,38.0,6.247282756798313,161.9662382372987,0,1
93092.0,1.0,28.0,448.0,26.6,17.41,46.0,99.0,23.0,23.0,0.8,1.12,13.0,9.8,16.6,48.9,5.35,5.1,50.0,2015-2016,28.0,448.0,17.41,26.6,4.6,16.6,48.9,5.35,5.1,99.0,23.0,23.0,0.8,1.12,13.0,9.8,50.0,11.692952047078142,303.1499502553266,0,0
93094.0,1.0,56.0,401.0,28.8,62.98,42.0,133.0,22.0,23.0,0.4,0.94,13.0,6.9,15.9,45.8,4.91,5.7,40.0,2015-2016,56.0,401.0,62.98,28.8,4.2,15.9,45.8,4.91,5.7,133.0,22.0,23.0,0.4,0.94,13.0,6.9,40.0,5.199798932739178,123.53891698896743,0,1
93095.0,1.0,34.0,317.0,16.3,22.99,48.0,91.0,93.0,38.0,1.1,1.06,14.0,5.4,13.9,42.3,5.24,5.7,41.0,2015-2016,34.0,317.0,22.99,16.3,4.8,13.9,42.3,5.24,5.7,91.0,93.0,38.0,1.1,1.06,14.0,5.4,41.0,6.962604226117747,188.05717656881032,0,0
93097.0,1.0,28.0,152.0,23.1,12.76,46.0,110.0,22.0,20.0,0.3,0.83,13.0,7.5,14.6,44.7,6.91,6.9,29.0,2015-2016,28.0,152.0,12.76,23.1,4.6,14.6,44.7,6.91,6.9,110.0,22.0,20.0,0.3,0.83,13.0,7.5,29.0,4.09717838234296,106.22291255396333,1,1
93099.0,1.0,59.0,470.0,23.9,55.57,42.0,151.0,12.0,15.0,0.3,0.55,16.0,4.3,14.0,40.5,4.37,6.8,55.0,2015-2016,59.0,470.0,55.57,23.9,4.2,14.0,40.5,4.37,6.8,151.0,12.0,15.0,0.3,0.55,16.0,4.3,55.0,6.844264234655995,162.6087858536313,0,0
93101.0,1.0,36.0,226.0,24.1,19.86,47.0,91.0,47.0,30.0,0.4,0.72,19.0,7.6,16.4,49.3,5.54,5.6,43.0,2015-2016,36.0,226.0,19.86,24.1,4.7,16.4,49.3,5.54,5.6,91.0,47.0,30.0,0.4,0.72,19.0,7.6,43.0,5.221388392308989,138.19833135762664,1,1
93122.0,1.0,58.0,324.0,18.5,38.27,45.0,84.0,40.0,21.0,0.5,1.0,16.0,9.0,15.1,45.1,5.06,5.6,45.0,2015-2016,58.0,324.0,38.27,18.5,4.5,15.1,45.1,5.06,5.6,84.0,40.0,21.0,0.5,1.0,16.0,9.0,45.0,5.645664898858814,143.3095741083547,0,1
93140.0,1.0,20.0,393.0,20.3,16.46,49.0,101.0,35.0,27.0,0.3,0.72,12.0,7.0,15.9,47.2,5.27,5.2,32.0,2015-2016,20.0,393.0,16.46,20.3,4.9,15.9,47.2,5.27,5.2,101.0,35.0,27.0,0.3,0.72,12.0,7.0,32.0,9.870752213076516,271.9537316351903,0,0
93141.0,1.0,46.0,673.0,19.9,70.29,45.0,92.0,24.0,26.0,0.5,0.78,10.0,4.2,14.8,44.7,4.92,5.8,69.0,2015-2016,46.0,673.0,70.29,19.9,4.5,14.8,44.7,4.92,5.8,92.0,24.0,26.0,0.5,0.78,10.0,4.2,69.0,8.437219045115881,214.17039262441247,0,0
93171.0,1.0,33.0,259.0,21.4,22.89,46.0,81.0,47.0,28.0,0.7,0.98,17.0,6.3,14.9,44.2,5.23,5.4,33.0,2015-2016,33.0,259.0,22.89,21.4,4.6,14.9,44.2,5.23,5.4,81.0,47.0,28.0,0.7,0.98,17.0,6.3,33.0,5.7544616135728,149.18942153163889,1,1
93172.0,1.0,19.0,516.0,25.4,34.15,47.0,91.0,70.0,38.0,1.1,0.69,9.0,6.4,14.5,44.1,4.93,4.9,59.0,2015-2016,19.0,516.0,34.15,25.4,4.7,14.5,44.1,4.93,4.9,91.0,70.0,38.0,1.1,0.69,9.0,6.4,59.0,9.950198545164682,263.3592317408033,0,0
93180.0,1.0,37.0,373.0,21.9,37.96,41.0,111.0,22.0,20.0,0.5,1.22,17.0,6.6,15.6,47.3,5.64,6.0,42.0,2015-2016,37.0,373.0,37.96,21.9,4.1,15.6,47.3,5.64,6.0,111.0,22.0,20.0,0.5,1.22,17.0,6.6,42.0,6.930187005406763,160.89493586493356,0,0
93183.0,1.0,28.0,363.0,11.6,24.62,47.0,96.0,55.0,38.0,0.8,0.67,12.0,4.6,15.7,45.4,5.24,4.8,41.0,2015-2016,28.0,363.0,24.62,11.6,4.7,15.7,45.4,5.24,4.8,96.0,55.0,38.0,0.8,0.67,12.0,4.6,41.0,7.929462949624152,209.87493476147696,0,0
93192.0,1.0,48.0,328.0,11.6,40.53,42.0,140.0,17.0,18.0,0.3,0.9,19.0,6.5,13.5,41.5,4.69,5.8,41.0,2015-2016,48.0,328.0,40.53,11.6,4.2,13.5,41.5,4.69,5.8,140.0,17.0,18.0,0.3,0.9,19.0,6.5,41.0,5.6938175173797,135.27600946280327,0,1
93201.0,1.0,33.0,277.0,20.6,12.63,45.0,104.0,31.0,21.0,0.8,0.84,13.0,5.1,14.4,42.7,5.14,5.8,59.0,2015-2016,33.0,277.0,12.63,20.6,4.5,14.4,42.7,5.14,5.8,104.0,31.0,21.0,0.8,0.84,13.0,5.1,59.0,7.844021312212998,199.1126596580904,1,0
93205.0,1.0,20.0,700.0,30.4,29.48,43.0,91.0,21.0,21.0,0.6,0.8,22.0,5.1,14.0,42.8,4.83,5.2,54.0,2015-2016,20.0,700.0,29.48,30.4,4.3,14.0,42.8,4.83,5.2,91.0,21.0,21.0,0.6,0.8,22.0,5.1,54.0,16.21447555041239,394.01612451165965,0,0
93211.0,1.0,29.0,687.0,21.0,55.14,49.0,98.0,19.0,19.0,0.4,0.81,19.0,5.0,16.3,49.1,5.49,4.9,76.0,2015-2016,29.0,687.0,55.14,21.0,4.9,16.3,49.1,5.49,4.9,98.0,19.0,19.0,0.4,0.81,19.0,5.0,76.0,10.035303852350088,276.4873711573993,0,0
93223.0,1.0,34.0,332.0,17.8,35.82,51.0,98.0,30.0,28.0,0.3,0.75,16.0,6.0,12.9,38.2,4.38,6.3,52.0,2015-2016,34.0,332.0,35.82,17.8,5.1,12.9,38.2,4.38,6.3,98.0,30.0,28.0,0.3,0.75,16.0,6.0,52.0,5.668254285331093,162.31161367645183,0,1
93241.0,1.0,21.0,402.0,24.5,23.36,48.0,76.0,20.0,22.0,0.5,1.04,13.0,6.8,14.9,46.3,5.4,5.6,28.0,2015-2016,21.0,402.0,23.36,24.5,4.8,14.9,46.3,5.4,5.6,76.0,20.0,22.0,0.5,1.04,13.0,6.8,28.0,8.967361327232393,242.20487014698003,0,0
93247.0,1.0,28.0,486.0,17.4,33.12,45.0,81.0,21.0,26.0,1.0,1.24,15.0,5.6,14.2,43.7,4.56,4.7,87.0,2015-2016,28.0,486.0,33.12,17.4,4.5,14.2,43.7,4.56,4.7,81.0,21.0,26.0,1.0,1.24,15.0,5.6,87.0,9.685543396196637,245.85786155984871,0,0
93249.0,1.0,37.0,280.0,17.2,15.22,46.0,94.0,20.0,24.0,0.7,0.65,9.0,7.0,14.1,41.6,4.45,5.5,59.0,2015-2016,37.0,280.0,15.22,17.2,4.6,14.1,41.6,4.45,5.5,94.0,20.0,24.0,0.7,0.65,9.0,7.0,59.0,7.358322855143994,190.77091897053833,1,0
93256.0,1.0,27.0,341.0,28.6,17.77,48.0,86.0,171.0,86.0,0.1,0.73,10.0,5.2,14.7,44.0,4.95,5.5,27.0,2015-2016,27.0,341.0,17.77,28.6,4.8,14.7,44.0,4.95,5.5,86.0,171.0,86.0,0.1,0.73,10.0,5.2,27.0,8.360694043680768,225.8190276150396,0,0
93263.0,1.0,40.0,337.0,17.6,47.13,44.0,113.0,21.0,22.0,0.3,0.97,18.0,5.1,15.1,45.1,4.85,5.6,40.0,2015-2016,40.0,337.0,47.13,17.6,4.4,15.1,45.1,4.85,5.6,113.0,21.0,22.0,0.3,0.97,18.0,5.1,40.0,5.203082636963342,129.25568731432585,0,1
93265.0,1.0,56.0,154.0,8.8,27.5,42.0,150.0,20.0,20.0,0.6,0.8,14.0,4.5,12.6,38.7,4.31,7.7,71.0,2015-2016,56.0,154.0,27.5,8.8,4.2,12.6,38.7,4.31,7.7,150.0,20.0,20.0,0.6,0.8,14.0,4.5,71.0,3.1731120058961544,75.38807283969336,1,1
93273.0,1.0,53.0,356.0,25.7,38.18,40.0,95.0,20.0,15.0,0.3,0.84,17.0,5.7,15.5,45.3,5.06,5.2,51.0,2015-2016,53.0,356.0,38.18,25.7,4.0,15.5,45.3,5.06,5.2,95.0,20.0,15.0,0.3,0.84,17.0,5.7,51.0,6.626790305733024,150.26027827562262,0,0
93278.0,1.0,32.0,362.0,17.5,25.65,50.0,85.0,23.0,24.0,1.3,0.98,10.0,6.4,15.9,45.5,5.1,4.9,52.0,2015-2016,32.0,362.0,25.65,17.5,5.0,15.9,45.5,5.1,4.9,85.0,23.0,24.0,1.3,0.98,10.0,6.4,52.0,7.468956710973716,209.8279145169055,0,0
93282.0,1.0,47.0,456.0,19.0,31.61,44.0,86.0,24.0,21.0,0.3,0.85,14.0,6.9,15.0,44.9,4.94,5.2,42.0,2015-2016,47.0,456.0,31.61,19.0,4.4,15.0,44.9,4.94,5.2,86.0,24.0,21.0,0.3,0.85,14.0,6.9,42.0,9.362333411780508,232.58036138204295,0,0
93300.0,1.0,19.0,784.0,24.7,47.88,46.0,83.0,15.0,19.0,0.3,1.09,10.0,6.0,16.4,49.4,5.26,5.5,49.0,2015-2016,19.0,784.0,47.88,24.7,4.6,16.4,49.4,5.26,5.5,83.0,15.0,19.0,0.3,1.09,10.0,6.0,49.0,13.369480869342915,346.6154179169499,0,0
93307.0,1.0,31.0,569.0,38.1,35.15,48.0,127.0,15.0,23.0,0.6,1.0,13.0,6.3,14.5,44.6,5.41,5.6,48.0,2015-2016,31.0,569.0,35.15,38.1,4.8,14.5,44.6,5.41,5.6,127.0,15.0,23.0,0.6,1.0,13.0,6.3,48.0,10.824105416583016,292.3547910263404,0,0
93310.0,1.0,57.0,337.0,38.4,30.43,48.0,92.0,21.0,39.0,1.0,0.75,12.0,3.9,14.2,40.1,4.74,4.8,72.0,2015-2016,57.0,337.0,30.43,38.4,4.8,14.2,40.1,4.74,4.8,92.0,21.0,39.0,1.0,0.75,12.0,3.9,72.0,6.500433060155275,175.5741168199324,0,0
93313.0,1.0,25.0,604.0,43.1,20.3,50.0,95.0,17.0,26.0,0.8,0.94,13.0,7.1,17.3,51.2,5.88,5.2,48.0,2015-2016,25.0,604.0,20.3,43.1,5.0,17.3,51.2,5.88,5.2,95.0,17.0,26.0,0.8,0.94,13.0,7.1,48.0,14.520792804961854,407.93751916122926,0,0
93321.0,1.0,21.0,529.0,26.1,32.18,48.0,91.0,11.0,17.0,0.5,1.05,13.0,4.6,14.0,41.6,4.79,5.5,62.0,2015-2016,21.0,529.0,32.18,26.1,4.8,14.0,41.6,4.79,5.5,91.0,11.0,17.0,0.5,1.05,13.0,4.6,62.0,10.44785982796586,282.19254701620446,0,0
93324.0,1.0,33.0,430.0,16.7,31.46,46.0,95.0,27.0,26.0,0.8,1.22,14.0,6.5,14.0,42.0,4.62,5.5,57.0,2015-2016,33.0,430.0,31.46,16.7,4.6,14.0,42.0,4.62,5.5,95.0,27.0,26.0,0.8,1.22,14.0,6.5,57.0,8.569179879349903,222.16344030958365,0,0
93328.0,1.0,34.0,230.0,19.7,15.63,51.0,96.0,21.0,23.0,1.0,0.98,10.0,6.7,14.3,40.7,4.78,5.2,38.0,2015-2016,34.0,230.0,15.63,19.7,5.1,14.3,40.7,4.78,5.2,96.0,21.0,23.0,1.0,0.98,10.0,6.7,38.0,5.5077917489636485,157.71673632950248,1,1
93334.0,1.0,53.0,644.0,34.9,34.89,47.0,80.0,22.0,29.0,2.1,1.06,10.0,5.3,14.7,43.6,4.57,5.7,88.0,2015-2016,53.0,644.0,34.89,34.9,4.7,14.7,43.6,4.57,5.7,80.0,22.0,29.0,2.1,1.06,10.0,5.3,88.0,12.705079231304909,336.2746874220406,0,0
93336.0,1.0,25.0,868.0,32.7,40.99,44.0,87.0,11.0,18.0,0.7,1.32,14.0,4.4,14.4,45.5,5.14,5.7,59.0,2015-2016,25.0,868.0,40.99,32.7,4.4,14.4,45.5,5.14,5.7,87.0,11.0,18.0,0.7,1.32,14.0,4.4,59.0,17.177182093315597,426.7178963912506,0,0
93342.0,1.0,23.0,669.0,37.2,21.39,48.0,92.0,14.0,17.0,1.1,0.86,11.0,5.5,15.4,46.2,5.6,5.6,33.0,2015-2016,23.0,669.0,21.39,37.2,4.8,15.4,46.2,5.6,5.6,92.0,14.0,17.0,1.1,0.86,11.0,5.5,33.0,16.467479038267463,444.7800725949629,0,0
93347.0,1.0,28.0,263.0,17.3,20.93,46.0,80.0,27.0,22.0,0.7,0.75,17.0,6.0,14.1,43.0,4.85,5.0,44.0,2015-2016,28.0,263.0,20.93,17.3,4.6,14.1,43.0,4.85,5.0,80.0,27.0,22.0,0.7,0.75,17.0,6.0,44.0,6.086756148729351,157.80444632582652,1,1
93351.0,1.0,27.0,506.0,26.4,33.32,47.0,92.0,25.0,24.0,1.1,0.99,13.0,5.1,16.2,47.1,5.31,5.0,84.0,2015-2016,27.0,506.0,33.32,26.4,4.7,16.2,47.1,5.31,5.0,92.0,25.0,24.0,1.1,0.99,13.0,5.1,84.0,9.864289708410048,261.0854192992977,0,0
93363.0,1.0,35.0,329.0,31.9,21.23,40.0,90.0,39.0,27.0,0.7,0.79,14.0,3.1,15.2,46.1,5.14,5.2,35.0,2015-2016,35.0,329.0,21.23,31.9,4.0,15.2,46.1,5.14,5.2,90.0,39.0,27.0,0.7,0.79,14.0,3.1,35.0,8.411972800446403,190.73870086828242,0,0
93367.0,1.0,38.0,733.0,36.1,31.62,49.0,121.0,38.0,35.0,0.7,1.03,13.0,5.7,14.9,45.3,5.38,6.7,35.0,2015-2016,38.0,733.0,31.62,36.1,4.9,14.9,45.3,5.38,6.7,121.0,38.0,35.0,0.7,1.03,13.0,5.7,35.0,15.187087000954453,418.4265690619093,0,0
93370.0,1.0,30.0,298.0,25.0,25.04,46.0,87.0,34.0,26.0,0.9,0.88,13.0,7.8,15.9,46.0,5.57,5.0,31.0,2015-2016,30.0,298.0,25.04,25.0,4.6,15.9,46.0,5.57,5.0,87.0,34.0,26.0,0.9,0.88,13.0,7.8,31.0,6.4215796011831685,166.485035500145,1,1
93373.0,1.0,44.0,194.0,21.2,13.7,48.0,88.0,35.0,24.0,0.2,0.82,19.0,9.3,16.0,46.9,5.47,5.9,46.0,2015-2016,44.0,194.0,13.7,21.2,4.8,16.0,46.9,5.47,5.9,88.0,35.0,24.0,0.2,0.82,19.0,9.3,46.0,5.015492659209362,135.46646598903726,1,1
93390.0,1.0,60.0,161.0,12.6,33.34,47.0,97.0,28.0,23.0,0.5,0.93,16.0,6.3,13.8,41.4,4.63,4.8,37.0,2015-2016,60.0,161.0,33.34,12.6,4.7,13.8,41.4,4.63,4.8,97.0,28.0,23.0,0.5,0.93,16.0,6.3,37.0,2.8332301533278397,74.98918872205769,1,1
93407.0,1.0,60.0,388.0,38.4,46.35,44.0,91.0,38.0,27.0,0.7,0.78,18.0,6.7,16.6,48.1,5.51,5.3,53.0,2015-2016,60.0,388.0,46.35,38.4,4.4,16.6,48.1,5.51,5.3,91.0,38.0,27.0,0.7,0.78,18.0,6.7,53.0,6.154750999684569,152.8971623593239,0,1
93415.0,1.0,27.0,608.0,24.1,30.53,46.0,94.0,24.0,23.0,0.7,0.98,20.0,4.9,16.1,48.0,5.4,5.4,49.0,2015-2016,27.0,608.0,30.53,24.1,4.6,16.1,48.0,5.4,5.4,94.0,24.0,23.0,0.7,0.98,20.0,4.9,49.0,12.935346679227361,335.36011150606345,0,0
93419.0,1.0,19.0,502.0,20.6,,44.0,91.0,16.0,19.0,0.6,0.91,14.0,6.2,14.6,43.2,4.82,5.1,60.0,2015-2016,19.0,502.0,,20.6,4.4,14.6,43.2,4.82,5.1,91.0,16.0,19.0,0.6,0.91,14.0,6.2,60.0,,,0,0
93420.0,1.0,22.0,306.0,20.2,14.62,44.0,88.0,15.0,28.0,0.9,0.76,15.0,5.7,13.2,38.5,4.38,5.2,57.0,2015-2016,22.0,306.0,14.62,20.2,4.4,13.2,38.5,4.38,5.2,88.0,15.0,28.0,0.9,0.76,15.0,5.7,57.0,8.466009946570926,210.31377181673886,0,0
93427.0,1.0,28.0,463.0,18.0,44.4,47.0,104.0,17.0,19.0,0.4,0.9,12.0,6.5,14.6,43.0,4.78,5.5,78.0,2015-2016,28.0,463.0,44.4,18.0,4.7,14.6,43.0,4.78,5.5,104.0,17.0,19.0,0.4,0.9,12.0,6.5,78.0,7.503933820732835,198.61214196799955,0,0
93437.0,1.0,52.0,252.0,22.6,24.15,44.0,63.0,49.0,97.0,0.6,1.15,17.0,6.3,12.8,39.8,4.32,7.2,49.0,2015-2016,52.0,252.0,24.15,22.6,4.4,12.8,39.8,4.32,7.2,63.0,49.0,97.0,0.6,1.15,17.0,6.3,49.0,5.59121635467673,138.89775797768712,1,1
93445.0,1.0,38.0,186.0,23.8,32.67,39.0,100.0,20.0,18.0,1.1,1.37,21.0,5.2,11.0,34.2,4.17,5.4,29.0,2015-2016,38.0,186.0,32.67,23.8,3.9,11.0,34.2,4.17,5.4,100.0,20.0,18.0,1.1,1.37,21.0,5.2,29.0,3.63674455295555,80.49134895034845,1,1
93446.0,1.0,19.0,563.0,25.4,35.4,50.0,85.0,32.0,24.0,0.6,0.64,16.0,4.7,17.4,52.8,6.13,5.3,58.0,2015-2016,19.0,563.0,35.4,25.4,5.0,17.4,52.8,6.13,5.3,85.0,32.0,24.0,0.6,0.64,16.0,4.7,58.0,10.405080352328298,292.31342410943563,0,0
93447.0,1.0,36.0,231.0,34.2,28.57,46.0,86.0,18.0,15.0,0.7,1.18,7.0,5.4,14.3,44.5,5.05,5.6,55.0,2015-2016,36.0,231.0,28.57,34.2,4.6,14.3,44.5,5.05,5.6,86.0,18.0,15.0,0.7,1.18,7.0,5.4,55.0,4.5660221909501555,118.37809600845331,1,1
93451.0,1.0,48.0,522.0,25.0,41.47,45.0,104.0,29.0,23.0,0.3,0.9,20.0,4.1,15.8,46.1,5.44,6.0,35.0,2015-2016,48.0,522.0,41.47,25.0,4.5,15.8,46.1,5.44,6.0,104.0,29.0,23.0,0.3,0.9,20.0,4.1,35.0,9.183956637430786,233.1255818257727,0,0
93454.0,1.0,59.0,523.0,24.3,82.27,42.0,100.0,64.0,60.0,0.4,1.1,13.0,5.2,15.0,46.0,4.57,5.8,36.0,2015-2016,59.0,523.0,82.27,24.3,4.2,15.0,46.0,4.57,5.8,100.0,64.0,60.0,0.4,1.1,13.0,5.2,36.0,5.650993793002375,134.25858617404893,0,1
93456.0,1.0,50.0,338.0,21.3,20.1,46.0,207.0,35.0,25.0,0.7,1.23,18.0,6.9,14.7,43.2,4.63,8.0,37.0,2015-2016,50.0,338.0,20.1,21.3,4.6,14.7,43.2,4.63,8.0,207.0,35.0,25.0,0.7,1.23,18.0,6.9,37.0,8.123280104749934,210.60310088934122,0,0
93469.0,1.0,50.0,562.0,39.8,30.19,42.0,94.0,24.0,21.0,0.8,0.9,15.0,6.5,14.8,44.3,4.6,5.5,39.0,2015-2016,50.0,562.0,30.19,39.8,4.2,14.8,44.3,4.6,5.5,94.0,24.0,21.0,0.8,0.9,15.0,6.5,39.0,12.545440409372373,298.05962526075075,0,0
93473.0,1.0,22.0,702.0,25.1,65.99,41.0,95.0,32.0,40.0,0.3,1.13,12.0,4.2,13.9,41.1,4.75,5.5,55.0,2015-2016,22.0,702.0,65.99,25.1,4.1,13.9,41.1,4.75,5.5,95.0,32.0,40.0,0.3,1.13,12.0,4.2,55.0,9.663351639649752,224.34955089794008,0,0
93478.0,1.0,19.0,399.0,19.5,25.41,45.0,85.0,25.0,47.0,0.5,0.91,10.0,6.0,14.1,43.7,5.07,5.7,45.0,2015-2016,19.0,399.0,25.41,19.5,4.5,14.1,43.7,5.07,5.7,85.0,25.0,47.0,0.5,0.91,10.0,6.0,45.0,8.906512189930682,226.08293116862788,0,0
93482.0,1.0,29.0,416.0,36.7,27.1,45.0,77.0,46.0,35.0,0.9,0.86,13.0,5.2,15.6,45.8,4.61,5.2,44.0,2015-2016,29.0,416.0,27.1,36.7,4.5,15.6,45.8,4.61,5.2,77.0,46.0,35.0,0.9,0.86,13.0,5.2,44.0,9.040159583947855,229.47543700459485,0,0
93489.0,1.0,47.0,481.0,17.9,29.32,42.0,101.0,13.0,21.0,0.6,1.1,12.0,4.6,15.5,45.8,5.17,5.5,59.0,2015-2016,47.0,481.0,29.32,17.9,4.2,15.5,45.8,5.17,5.5,101.0,13.0,21.0,0.6,1.1,12.0,4.6,59.0,10.648049306075015,252.98064335435262,0,0
93492.0,1.0,46.0,421.0,23.3,32.34,46.0,97.0,21.0,21.0,0.4,1.09,21.0,6.0,15.1,44.9,4.98,5.6,43.0,2015-2016,46.0,421.0,32.34,23.3,4.6,15.1,44.9,4.98,5.6,97.0,21.0,21.0,0.4,1.09,21.0,6.0,43.0,8.242290088346763,213.68853820765136,0,0
93498.0,1.0,54.0,887.0,31.3,106.4,44.0,104.0,48.0,45.0,0.8,0.63,10.0,5.9,14.7,43.3,4.42,5.3,115.0,2015-2016,54.0,887.0,106.4,31.3,4.4,14.7,43.3,4.42,5.3,104.0,48.0,45.0,0.8,0.63,10.0,5.9,115.0,8.244310574789123,204.8062858365555,0,0
93504.0,1.0,37.0,260.0,17.7,21.49,44.0,87.0,50.0,35.0,0.9,0.85,11.0,6.3,16.1,48.4,5.53,5.0,65.0,2015-2016,37.0,260.0,21.49,17.7,4.4,16.1,48.4,5.53,5.0,87.0,50.0,35.0,0.9,0.85,11.0,6.3,65.0,6.106555869914418,151.69989238336984,1,1
93512.0,1.0,55.0,346.0,17.5,33.29,46.0,105.0,23.0,26.0,0.4,0.85,15.0,8.2,15.3,46.0,5.09,6.0,47.0,2015-2016,55.0,346.0,33.29,17.5,4.6,15.3,46.0,5.09,6.0,105.0,23.0,26.0,0.4,0.85,15.0,8.2,47.0,6.518587071054398,169.00003851627443,0,0
93513.0,1.0,47.0,574.0,34.2,,36.0,91.0,18.0,40.0,1.4,1.21,21.0,9.8,13.0,37.4,3.99,4.4,71.0,2015-2016,47.0,574.0,,34.2,3.6,13.0,37.4,3.99,4.4,91.0,18.0,40.0,1.4,1.21,21.0,9.8,71.0,,,0,0
93518.0,1.0,41.0,466.0,21.3,30.86,49.0,102.0,14.0,20.0,0.5,0.94,12.0,5.9,15.7,44.6,5.11,5.2,50.0,2015-2016,41.0,466.0,30.86,21.3,4.9,15.7,44.6,5.11,5.2,102.0,14.0,20.0,0.5,0.94,12.0,5.9,50.0,9.139873553138358,251.81695029856732,0,0
93519.0,1.0,19.0,503.0,30.7,22.84,50.0,93.0,14.0,18.0,1.1,0.73,10.0,4.9,17.0,49.0,5.41,5.2,51.0,2015-2016,19.0,503.0,22.84,30.7,5.0,17.0,49.0,5.41,5.2,93.0,14.0,18.0,1.1,0.73,10.0,4.9,51.0,11.302666983417675,317.5296274143796,0,0
93520.0,1.0,52.0,401.0,31.4,53.82,47.0,104.0,33.0,25.0,0.6,0.6,16.0,4.5,16.4,51.2,5.98,6.0,40.0,2015-2016,52.0,401.0,53.82,31.4,4.7,16.4,51.2,5.98,6.0,104.0,33.0,25.0,0.6,0.6,16.0,4.5,40.0,5.606115968810206,148.38119941970157,0,1
93528.0,1.0,27.0,858.0,36.0,64.21,45.0,83.0,16.0,19.0,1.2,1.04,11.0,4.5,14.5,43.2,4.98,5.3,51.0,2015-2016,27.0,858.0,64.21,36.0,4.5,14.5,43.2,4.98,5.3,83.0,16.0,19.0,1.2,1.04,11.0,4.5,51.0,12.161707382162012,308.7128153355985,0,0
93533.0,1.0,53.0,418.0,22.5,68.17,40.0,234.0,16.0,16.0,0.2,0.99,13.0,5.9,13.7,40.0,4.06,9.0,34.0,2015-2016,53.0,418.0,68.17,22.5,4.0,13.7,40.0,4.06,9.0,234.0,16.0,16.0,0.2,0.99,13.0,5.9,34.0,5.196593272722546,117.83103361049317,0,1
93538.0,1.0,28.0,431.0,9.83,54.05,41.0,90.0,14.0,20.0,0.7,0.61,26.0,5.2,12.8,38.7,4.49,4.5,48.0,2015-2016,28.0,431.0,54.05,9.83,4.1,12.8,38.7,4.49,4.5,90.0,14.0,20.0,0.7,0.61,26.0,5.2,48.0,6.388452932289651,148.31774727218345,0,1
93547.0,1.0,48.0,259.0,21.2,24.93,41.0,109.0,19.0,17.0,0.5,0.95,16.0,6.5,13.9,40.7,4.45,5.2,35.0,2015-2016,48.0,259.0,24.93,21.2,4.1,13.9,40.7,4.45,5.2,109.0,19.0,17.0,0.5,0.95,16.0,6.5,35.0,5.897877009169556,136.9282737088138,1,1
93550.0,1.0,37.0,541.0,23.8,43.57,47.0,92.0,26.0,22.0,1.2,1.04,16.0,6.8,16.1,45.9,5.0,5.4,31.0,2015-2016,37.0,541.0,43.57,23.8,4.7,16.1,45.9,5.0,5.4,92.0,26.0,22.0,1.2,1.04,16.0,6.8,31.0,9.075802461460626,240.21594673033758,0,0
93554.0,1.0,54.0,192.0,16.8,22.36,39.0,113.0,15.0,19.0,0.5,1.38,16.0,7.0,14.2,44.4,5.75,5.8,63.0,2015-2016,54.0,192.0,22.36,16.8,3.9,14.2,44.4,5.75,5.8,113.0,15.0,19.0,0.5,1.38,16.0,7.0,63.0,4.638226669273609,102.65695484273338,1,1
93557.0,1.0,55.0,277.0,17.9,40.9,42.0,145.0,26.0,17.0,0.8,0.69,17.0,5.2,13.9,41.3,4.88,5.8,36.0,2015-2016,55.0,277.0,40.9,17.9,4.2,13.9,41.3,4.88,5.8,145.0,26.0,17.0,0.8,0.69,17.0,5.2,36.0,4.700765187516741,111.68267231043488,1,1
93560.0,1.0,59.0,385.0,17.8,70.77,47.0,75.0,18.0,26.0,0.6,1.14,10.0,5.6,12.6,38.6,3.88,5.4,58.0,2015-2016,59.0,385.0,70.77,17.8,4.7,12.6,38.6,3.88,5.4,75.0,18.0,26.0,0.6,1.14,10.0,5.6,58.0,4.379569088174567,115.91727995999852,0,1
93565.0,1.0,60.0,979.0,30.3,78.33,44.0,92.0,27.0,29.0,0.5,1.13,20.0,6.4,14.5,48.9,6.24,5.8,46.0,2015-2016,60.0,979.0,78.33,30.3,4.4,14.5,48.9,6.24,5.8,92.0,27.0,29.0,0.5,1.13,20.0,6.4,46.0,12.268797846496678,304.78314661075063,0,0
93574.0,1.0,47.0,450.0,34.3,,43.0,92.0,42.0,29.0,0.3,1.29,10.0,6.1,15.5,46.7,5.28,5.6,67.0,2015-2016,47.0,450.0,,34.3,4.3,15.5,46.7,5.28,5.6,92.0,42.0,29.0,0.3,1.29,10.0,6.1,67.0,,,0,0
93576.0,1.0,52.0,312.0,19.1,32.8,48.0,135.0,22.0,27.0,0.5,1.36,15.0,7.0,13.8,42.4,5.28,7.3,31.0,2015-2016,52.0,312.0,32.8,19.1,4.8,13.8,42.4,5.28,7.3,135.0,22.0,27.0,0.5,1.36,15.0,7.0,31.0,5.738849956755148,155.00405948266533,0,1
93577.0,1.0,19.0,675.0,21.8,49.92,50.0,77.0,13.0,17.0,0.6,0.92,17.0,6.5,15.9,47.6,5.42,5.1,63.0,2015-2016,19.0,675.0,49.92,21.8,5.0,15.9,47.6,5.42,5.1,77.0,13.0,17.0,0.6,0.92,17.0,6.5,63.0,10.422751386332333,292.80986241479843,0,0
93581.0,1.0,50.0,378.0,16.1,50.45,47.0,94.0,18.0,27.0,0.7,1.34,14.0,4.9,14.7,43.6,4.8,5.5,41.0,2015-2016,50.0,378.0,50.45,16.1,4.7,14.7,43.6,4.8,5.5,94.0,18.0,27.0,0.7,1.34,14.0,4.9,41.0,5.49018908604782,145.31287725066863,0,1
93582.0,1.0,20.0,809.0,48.1,63.03,49.0,85.0,15.0,18.0,0.4,1.0,10.0,5.5,14.4,42.6,4.66,4.9,63.0,2015-2016,20.0,809.0,63.03,48.1,4.9,14.4,42.6,4.66,4.9,85.0,15.0,18.0,0.4,1.0,10.0,5.5,63.0,11.066510819715559,304.89863879024773,0,0
93587.0,1.0,29.0,284.0,22.7,30.18,41.0,274.0,26.0,20.0,0.4,0.71,11.0,4.4,14.6,42.7,4.99,7.5,43.0,2015-2016,29.0,284.0,30.18,22.7,4.1,14.6,42.7,4.99,7.5,274.0,26.0,20.0,0.4,0.71,11.0,4.4,43.0,5.881818289364287,136.55544586288036,1,1
93592.0,1.0,36.0,462.0,23.3,32.74,49.0,88.0,61.0,39.0,0.4,0.98,16.0,7.1,16.3,47.6,5.24,5.3,57.0,2015-2016,36.0,462.0,32.74,23.3,4.9,16.3,47.6,5.24,5.3,88.0,61.0,39.0,0.4,0.98,16.0,7.1,57.0,8.774143921268573,241.7405613862017,0,0
93607.0,1.0,50.0,348.0,23.7,38.57,44.0,183.0,18.0,17.0,0.5,0.84,15.0,5.9,15.3,45.8,5.14,7.1,33.0,2015-2016,50.0,348.0,38.57,23.7,4.4,15.3,45.8,5.14,7.1,183.0,18.0,17.0,0.5,0.84,15.0,5.9,33.0,6.144226988291787,152.6357234353648,0,1
93618.0,1.0,25.0,438.0,20.9,20.15,48.0,94.0,57.0,47.0,0.5,0.96,26.0,6.7,15.5,45.0,4.79,5.3,46.0,2015-2016,25.0,438.0,20.15,20.9,4.8,15.5,45.0,4.79,5.3,94.0,57.0,47.0,0.5,0.96,26.0,6.7,46.0,10.481278395217211,283.09516925325323,0,0
93620.0,1.0,48.0,185.0,23.5,36.22,49.0,123.0,30.0,24.0,0.9,1.09,21.0,6.2,16.5,47.6,5.31,5.2,68.0,2015-2016,48.0,185.0,36.22,23.5,4.9,16.5,47.6,5.31,5.2,123.0,30.0,24.0,0.9,1.09,21.0,6.2,68.0,3.068579147391024,84.54386574970249,1,1
93624.0,1.0,41.0,684.0,24.8,83.61,42.0,65.0,164.0,289.0,0.4,0.69,12.0,5.1,13.6,41.2,4.52,5.2,61.0,2015-2016,41.0,684.0,83.61,24.8,4.2,13.6,41.2,4.52,5.2,65.0,164.0,289.0,0.4,0.69,12.0,5.1,61.0,7.606840164855844,180.72637189058148,0,0
93625.0,1.0,26.0,509.0,40.6,46.51,50.0,87.0,15.0,21.0,0.7,0.93,22.0,6.9,12.5,35.4,3.46,4.9,35.0,2015-2016,26.0,509.0,46.51,40.6,5.0,12.5,35.4,3.46,4.9,87.0,15.0,21.0,0.7,0.93,22.0,6.9,35.0,7.8759665200552655,221.26217806030363,0,0
93638.0,1.0,33.0,686.0,23.4,,42.0,89.0,25.0,20.0,0.8,0.94,18.0,4.6,16.0,47.2,5.38,5.2,47.0,2015-2016,33.0,686.0,,23.4,4.2,16.0,47.2,5.38,5.2,89.0,25.0,20.0,0.8,0.94,18.0,4.6,47.0,,,0,0
93639.0,1.0,25.0,466.0,29.8,31.67,48.0,93.0,21.0,18.0,0.8,0.96,17.0,5.2,15.4,45.2,4.88,4.6,54.0,2015-2016,25.0,466.0,31.67,29.8,4.8,15.4,45.2,4.88,4.6,93.0,21.0,18.0,0.8,0.96,17.0,5.2,54.0,9.125094145418952,246.46517095930201,0,0
93640.0,1.0,38.0,606.0,21.0,83.85,41.0,74.0,26.0,47.0,0.9,1.21,14.0,4.4,14.3,41.3,4.58,4.7,60.0,2015-2016,38.0,606.0,83.85,21.0,4.1,14.3,41.3,4.58,4.7,74.0,26.0,47.0,0.9,1.21,14.0,4.4,60.0,6.630709227086071,153.94209925341238,0,0
93655.0,1.0,38.0,565.0,18.9,44.41,46.0,96.0,17.0,19.0,0.6,0.92,11.0,5.6,16.3,49.1,5.42,5.7,39.0,2015-2016,38.0,565.0,44.41,18.9,4.6,16.3,49.1,5.42,5.7,96.0,17.0,19.0,0.6,0.92,11.0,5.6,39.0,9.526297876296603,246.97755671018695,0,0
93663.0,1.0,43.0,488.0,33.7,38.25,44.0,89.0,38.0,32.0,0.7,0.86,23.0,4.5,16.7,50.0,5.1,5.0,52.0,2015-2016,43.0,488.0,38.25,33.7,4.4,16.7,50.0,5.1,5.0,89.0,38.0,32.0,0.7,0.86,23.0,4.5,52.0,9.04345786327287,224.65881158821873,0,0
93664.0,1.0,39.0,479.0,20.2,30.87,43.0,100.0,20.0,21.0,0.5,0.8,14.0,5.0,15.9,47.8,5.26,5.4,53.0,2015-2016,39.0,479.0,30.87,20.2,4.3,15.9,47.8,5.26,5.4,100.0,20.0,21.0,0.5,0.8,14.0,5.0,53.0,10.164198764310019,246.99276849430854,0,0
93670.0,1.0,32.0,280.0,14.1,30.56,46.0,92.0,27.0,24.0,0.4,1.04,15.0,5.5,15.4,44.7,4.74,5.1,47.0,2015-2016,32.0,280.0,30.56,14.1,4.6,15.4,44.7,4.74,5.1,92.0,27.0,24.0,0.4,1.04,15.0,5.5,47.0,5.421027178684149,140.544843845616,1,1
93671.0,1.0,45.0,893.0,42.7,73.93,47.0,60.0,48.0,41.0,0.3,1.08,14.0,6.5,13.9,42.1,4.72,6.1,59.0,2015-2016,45.0,893.0,73.93,42.7,4.7,13.9,42.1,4.72,6.1,60.0,48.0,41.0,0.3,1.08,14.0,6.5,59.0,11.20226236692623,296.4985268707295,0,0
93675.0,1.0,38.0,635.0,28.0,48.76,48.0,80.0,23.0,23.0,1.1,0.66,12.0,4.4,13.5,40.0,5.18,5.1,46.0,2015-2016,38.0,635.0,48.76,28.0,4.8,13.5,40.0,5.18,5.1,80.0,23.0,23.0,1.1,0.66,12.0,4.4,46.0,10.0526973030699,271.51936406563874,0,0
93684.0,1.0,34.0,477.0,28.7,27.39,46.0,79.0,21.0,22.0,0.6,1.15,13.0,4.8,14.8,46.8,6.62,6.0,43.0,2015-2016,34.0,477.0,27.39,28.7,4.6,14.8,46.8,6.62,6.0,79.0,21.0,22.0,0.6,1.15,13.0,4.8,43.0,10.35110753263225,268.3614643223579,0,0
93685.0,1.0,53.0,262.0,17.7,40.18,47.0,212.0,32.0,25.0,0.6,0.65,11.0,3.1,13.7,40.2,4.29,8.8,56.0,2015-2016,53.0,262.0,40.18,17.7,4.7,13.7,40.2,4.29,8.8,212.0,32.0,25.0,0.6,0.65,11.0,3.1,56.0,4.261906882476791,112.80302772102655,1,1
93690.0,1.0,32.0,231.0,21.2,21.25,48.0,89.0,30.0,28.0,0.6,1.61,17.0,6.5,15.9,47.1,5.17,5.2,40.0,2015-2016,32.0,231.0,21.25,21.2,4.8,15.9,47.1,5.17,5.2,89.0,30.0,28.0,0.6,1.61,17.0,6.5,40.0,5.127397801856865,138.48897947485025,1,1
93691.0,1.0,25.0,304.0,24.1,28.07,48.0,89.0,21.0,34.0,0.7,0.64,14.0,7.2,14.7,44.3,5.5,5.8,49.0,2015-2016,25.0,304.0,28.07,24.1,4.8,14.7,44.3,5.5,5.8,89.0,21.0,34.0,0.7,0.64,14.0,7.2,49.0,6.054643508662355,163.53351797572964,0,1
93700.0,1.0,35.0,436.0,29.4,40.63,46.0,83.0,95.0,73.0,0.2,0.93,15.0,4.0,15.5,46.4,5.01,5.2,42.0,2015-2016,35.0,436.0,40.63,29.4,4.6,15.5,46.4,5.01,5.2,83.0,95.0,73.0,0.2,0.93,15.0,4.0,42.0,7.49452500840569,194.30207823807925,0,0
