SEQN,cycle,age,height_cm,weight_kg,bmi,waist_cm,low_energy,sleep_trouble,low_mood,low_interest,high_blood_pressure,diabetes,LBXTST,possible_low_testosterone
73558.0,2013-2014,54.0,176.8,89.5,28.6,107.6,5.397605346934028e-79,5.397605346934028e-79,5.397605346934028e-79,2.0,1.0,1.0,175.45,1
73562.0,2013-2014,56.0,158.7,105.0,41.7,123.1,3.0,3.0,3.0,3.0,1.0,0.0,206.57,1
73577.0,2013-2014,32.0,166.2,79.7,28.9,100.0,1.0,5.397605346934028e-79,5.397605346934028e-79,5.397605346934028e-79,0.0,0.0,359.0,0
73581.0,2013-2014,50.0,185.0,80.9,23.6,99.3,5.397605346934028e-79,5.397605346934028e-79,5.397605346934028e-79,5.397605346934028e-79,0.0,0.0,605.0,0
73585.0,2013-2014,28.0,175.1,92.2,30.1,90.3,5.397605346934028e-79,5.397605346934028e-79,5.397605346934028e-79,5.397605346934028e-79,0.0,0.0,381.0,0
73589.0,2013-2014,35.0,172.9,78.3,26.2,94.6,5.397605346934028e-79,5.397605346934028e-79,5.397605346934028e-79,5.397605346934028e-79,0.0,0.0,516.0,0
73592.0,2013-2014,29.0,173.1,92.9,31.0,107.7,5.397605346934028e-79,5.397605346934028e-79,5.397605346934028e-79,5.397605346934028e-79,0.0,0.0,295.0,1
73594.0,2013-2014,23.0,159.4,62.7,24.7,88.6,,,,,0.0,0.0,438.0,0
73595.0,2013-2014,58.0,175.3,96.0,31.2,114.8,5.397605346934028e-79,5.397605346934028e-79,5.397605346934028e-79,5.397605346934028e-79,0.0,0.0,460.81,0
73598.0,2013-2014,20.0,165.0,86.7,31.8,98.6,5.397605346934028e-79,2.0,5.397605346934028e-79,5.397605346934028e-79,0.0,0.0,537.0,0
73600.0,2013-2014,37.0,185.1,126.2,36.8,122.9,1.0,1.0,2.0,1.0,1.0,0.0,334.0,0
73603.0,2013-2014,35.0,165.4,95.4,34.9,113.7,1.0,5.397605346934028e-79,5.397605346934028e-79,5.397605346934028e-79,0.0,1.0,219.0,1
73610.0,2013-2014,43.0,176.8,90.2,28.9,102.6,5.397605346934028e-79,5.397605346934028e-79,5.397605346934028e-79,5.397605346934028e-79,0.0,0.0,245.0,1
73623.0,2013-2014,32.0,186.6,91.5,26.3,97.5,1.0,5.397605346934028e-79,5.397605346934028e-79,5.397605346934028e-79,0.0,0.0,174.0,1
73632.0,2013-2014,23.0,166.1,87.5,31.7,106.0,1.0,1.0,5.397605346934028e-79,5.397605346934028e-79,0.0,0.0,207.0,1
73654.0,2013-2014,46.0,177.2,113.7,36.2,132.1,,,,,1.0,0.0,170.0,1
73655.0,2013-2014,44.0,190.54,113.1,31.2,116.8,5.397605346934028e-79,5.397605346934028e-79,5.397605346934028e-79,5.397605346934028e-79,1.0,0.0,754.0,0
73656.0,2013-2014,54.0,178.0,88.8,28.0,100.5,5.397605346934028e-79,1.0,5.397605346934028e-79,5.397605346934028e-79,0.0,0.0,314.75,0
73660.0,2013-2014,59.0,172.8,73.9,24.7,93.8,5.397605346934028e-79,5.397605346934028e-79,5.397605346934028e-79,5.397605346934028e-79,0.0,0.0,248.0,1
73661.0,2013-2014,25.0,173.8,63.4,21.0,73.2,5.397605346934028e-79,5.397605346934028e-79,1.0,5.397605346934028e-79,0.0,0.0,743.0,0
73662.0,2013-2014,39.0,179.5,75.3,23.4,,,,,,1.0,1.0,547.0,0
73663.0,2013-2014,25.0,194.6,124.8,33.0,109.6,5.397605346934028e-79,5.397605346934028e-79,5.397605346934028e-79,5.397605346934028e-79,0.0,0.0,672.0,0
73665.0,2013-2014,59.0,161.8,92.0,35.1,,1.0,5.397605346934028e-79,5.397605346934028e-79,5.397605346934028e-79,0.0,0.0,337.0,0
73667.0,2013-2014,24.0,174.2,88.2,29.1,97.1,1.0,5.397605346934028e-79,3.0,1.0,0.0,0.0,500.67,0
73671.0,2013-2014,49.0,165.3,58.2,21.3,74.6,,,,,0.0,0.0,391.0,0
73673.0,2013-2014,45.0,184.1,65.3,19.3,81.5,5.397605346934028e-79,5.397605346934028e-79,5.397605346934028e-79,5.397605346934028e-79,0.0,0.0,250.0,1
73675.0,2013-2014,29.0,169.5,72.7,25.3,86.0,5.397605346934028e-79,5.397605346934028e-79,5.397605346934028e-79,5.397605346934028e-79,0.0,0.0,284.0,1
73676.0,2013-2014,44.0,170.8,109.6,37.6,121.0,1.0,5.397605346934028e-79,5.397605346934028e-79,5.397605346934028e-79,0.0,0.0,285.0,1
73678.0,2013-2014,51.0,172.3,100.1,33.7,113.4,5.397605346934028e-79,5.397605346934028e-79,5.397605346934028e-79,5.397605346934028e-79,0.0,0.0,231.0,1
73688.0,2013-2014,58.0,170.1,97.1,33.6,113.2,5.397605346934028e-79,1.0,5.397605346934028e-79,5.397605346934028e-79,0.0,0.0,435.0,0
73698.0,2013-2014,23.0,178.2,92.3,29.1,95.8,3.0,5.397605346934028e-79,5.397605346934028e-79,1.0,0.0,0.0,356.0,0
73699.0,2013-2014,20.0,184.1,77.0,22.7,84.0,,,,,0.0,0.0,681.45,0
73701.0,2013-2014,47.0,168.9,70.1,24.6,86.1,5.397605346934028e-79,5.397605346934028e-79,5.397605346934028e-79,5.397605346934028e-79,0.0,0.0,348.0,0
73706.0,2013-2014,54.0,172.7,91.9,30.8,113.1,1.0,1.0,5.397605346934028e-79,5.397605346934028e-79,1.0,1.0,397.0,0
73707.0,2013-2014,45.0,176.3,100.0,32.2,102.7,3.0,1.0,5.397605346934028e-79,5.397605346934028e-79,0.0,0.0,416.0,0
73716.0,2013-2014,25.0,181.2,86.3,26.3,87.4,5.397605346934028e-79,5.397605346934028e-79,5.397605346934028e-79,5.397605346934028e-79,0.0,0.0,423.0,0
73718.0,2013-2014,53.0,194.0,99.8,26.5,103.5,5.397605346934028e-79,5.397605346934028e-79,5.397605346934028e-79,5.397605346934028e-79,1.0,0.0,337.24,0
73720.0,2013-2014,48.0,178.1,129.7,40.9,124.2,5.397605346934028e-79,5.397605346934028e-79,5.397605346934028e-79,5.397605346934028e-79,1.0,1.0,283.0,1
73724.0,2013-2014,26.0,184.2,65.1,19.2,72.5,5.397605346934028e-79,5.397605346934028e-79,5.397605346934028e-79,5.397605346934028e-79,0.0,0.0,1120.0,0
73729.0,2013-2014,46.0,170.8,105.5,36.2,123.6,1.0,1.0,5.397605346934028e-79,1.0,0.0,0.0,259.0,1
73730.0,2013-2014,48.0,183.6,89.1,26.4,103.2,5.397605346934028e-79,5.397605346934028e-79,5.397605346934028e-79,5.397605346934028e-79,1.0,0.0,629.0,0
73736.0,2013-2014,55.0,168.2,86.3,30.5,94.4,5.397605346934028e-79,5.397605346934028e-79,5.397605346934028e-79,5.397605346934028e-79,0.0,0.0,344.94,0
73738.0,2013-2014,29.0,187.2,155.8,44.5,128.9,1.0,5.397605346934028e-79,5.397605346934028e-79,5.397605346934028e-79,0.0,0.0,275.0,1
73749.0,2013-2014,29.0,194.4,90.0,23.8,88.3,5.397605346934028e-79,5.397605346934028e-79,5.397605346934028e-79,5.397605346934028e-79,0.0,0.0,557.0,0
73756.0,2013-2014,56.0,171.3,75.0,25.6,93.3,1.0,5.397605346934028e-79,5.397605346934028e-79,5.397605346934028e-79,0.0,0.0,545.81,0
73765.0,2013-2014,54.0,172.3,65.9,22.2,85.0,5.397605346934028e-79,5.397605346934028e-79,5.397605346934028e-79,5.397605346934028e-79,0.0,0.0,401.0,0
73783.0,2013-2014,26.0,169.5,71.5,24.9,86.4,1.0,1.0,5.397605346934028e-79,5.397605346934028e-79,0.0,0.0,590.0,0
73790.0,2013-2014,59.0,182.7,100.7,30.2,118.5,5.397605346934028e-79,5.397605346934028e-79,5.397605346934028e-79,5.397605346934028e-79,1.0,0.0,246.0,1
73795.0,2013-2014,59.0,165.3,81.7,29.9,106.3,5.397605346934028e-79,5.397605346934028e-79,5.397605346934028e-79,5.397605346934028e-79,0.0,0.0,340.0,0
73804.0,2013-2014,55.0,176.8,96.3,30.8,114.2,2.0,3.0,2.0,2.0,0.0,1.0,185.0,1
73810.0,2013-2014,48.0,177.5,84.9,26.9,95.3,1.0,5.397605346934028e-79,5.397605346934028e-79,5.397605346934028e-79,0.0,0.0,319.0,0
73820.0,2013-2014,56.0,178.7,91.4,28.6,99.8,5.397605346934028e-79,5.397605346934028e-79,5.397605346934028e-79,5.397605346934028e-79,1.0,0.0,395.07,0
73823.0,2013-2014,35.0,179.4,69.9,21.7,78.0,5.397605346934028e-79,5.397605346934028e-79,5.397605346934028e-79,5.397605346934028e-79,0.0,0.0,590.0,0
73837.0,2013-2014,29.0,180.8,93.6,28.6,104.2,5.397605346934028e-79,5.397605346934028e-79,5.397605346934028e-79,5.397605346934028e-79,0.0,0.0,497.0,0
73842.0,2013-2014,53.0,162.5,80.4,30.4,100.6,5.397605346934028e-79,5.397605346934028e-79,5.397605346934028e-79,5.397605346934028e-79,0.0,0.0,334.23,0
73843.0,2013-2014,42.0,167.9,79.8,28.3,95.1,5.397605346934028e-79,5.397605346934028e-79,5.397605346934028e-79,5.397605346934028e-79,0.0,0.0,325.0,0
73847.0,2013-2014,34.0,180.9,96.8,29.6,101.7,5.397605346934028e-79,5.397605346934028e-79,5.397605346934028e-79,5.397605346934028e-79,0.0,0.0,360.0,0
73850.0,2013-2014,30.0,174.7,69.5,22.8,83.6,1.0,5.397605346934028e-79,5.397605346934028e-79,5.397605346934028e-79,0.0,0.0,393.0,0
73858.0,2013-2014,52.0,182.7,88.9,26.6,87.0,1.0,5.397605346934028e-79,1.0,3.0,0.0,1.0,511.0,0
73859.0,2013-2014,38.0,169.2,90.2,31.5,101.7,1.0,5.397605346934028e-79,1.0,5.397605346934028e-79,0.0,0.0,323.0,0
73860.0,2013-2014,53.0,175.1,69.3,22.6,88.3,5.397605346934028e-79,3.0,5.397605346934028e-79,5.397605346934028e-79,0.0,0.0,627.37,0
73863.0,2013-2014,26.0,172.2,65.8,22.2,74.9,1.0,1.0,1.0,1.0,1.0,0.0,431.5,0
73865.0,2013-2014,48.0,187.1,73.3,20.9,91.0,5.397605346934028e-79,2.0,1.0,5.397605346934028e-79,0.0,0.0,488.0,0
73868.0,2013-2014,32.0,176.8,88.1,28.2,97.9,2.0,3.0,3.0,3.0,0.0,0.0,462.0,0
73870.0,2013-2014,38.0,189.9,109.3,30.3,117.0,1.0,5.397605346934028e-79,5.397605346934028e-79,1.0,0.0,0.0,294.0,1
73875.0,2013-2014,43.0,180.8,92.3,28.2,102.2,5.397605346934028e-79,5.397605346934028e-79,5.397605346934028e-79,5.397605346934028e-79,0.0,0.0,256.0,1
73881.0,2013-2014,38.0,174.2,110.7,36.5,118.3,3.0,3.0,2.0,3.0,1.0,0.0,346.0,0
73884.0,2013-2014,43.0,173.2,92.0,30.7,110.3,5.397605346934028e-79,5.397605346934028e-79,5.397605346934028e-79,5.397605346934028e-79,0.0,0.0,545.08,0
73888.0,2013-2014,56.0,175.6,101.8,33.0,114.9,5.397605346934028e-79,5.397605346934028e-79,5.397605346934028e-79,5.397605346934028e-79,1.0,1.0,325.43,0
73899.0,2013-2014,57.0,182.3,140.6,42.3,133.7,2.0,1.0,5.397605346934028e-79,1.0,1.0,1.0,316.0,0
73901.0,2013-2014,54.0,181.4,81.3,24.7,87.3,5.397605346934028e-79,1.0,5.397605346934028e-79,5.397605346934028e-79,0.0,0.0,456.0,0
73910.0,2013-2014,51.0,179.9,71.9,22.2,85.0,5.397605346934028e-79,5.397605346934028e-79,5.397605346934028e-79,5.397605346934028e-79,0.0,0.0,453.0,0
73913.0,2013-2014,26.0,191.3,83.5,22.8,89.8,2.0,5.397605346934028e-79,5.397605346934028e-79,5.397605346934028e-79,0.0,0.0,318.0,0
73916.0,2013-2014,27.0,159.8,82.8,32.4,108.0,5.397605346934028e-79,1.0,2.0,2.0,1.0,0.0,445.0,0
73918.0,2013-2014,32.0,180.5,75.6,23.2,79.6,1.0,5.397605346934028e-79,5.397605346934028e-79,5.397605346934028e-79,0.0,0.0,538.0,0
73925.0,2013-2014,60.0,168.6,81.5,28.7,96.5,2.0,5.397605346934028e-79,1.0,1.0,1.0,1.0,281.0,1
73928.0,2013-2014,23.0,189.1,117.6,32.9,103.0,,,,,0.0,0.0,518.1,0
73932.0,2013-2014,30.0,189.1,94.4,26.4,100.1,1.0,2.0,5.397605346934028e-79,1.0,0.0,0.0,275.61,1
73934.0,2013-2014,31.0,170.9,86.8,29.7,97.3,5.397605346934028e-79,5.397605346934028e-79,5.397605346934028e-79,1.0,1.0,0.0,444.89,0
73941.0,2013-2014,28.0,170.1,75.5,26.1,86.1,5.397605346934028e-79,5.397605346934028e-79,5.397605346934028e-79,5.397605346934028e-79,0.0,0.0,565.89,0
73943.0,2013-2014,19.0,161.5,55.4,21.2,73.1,1.0,1.0,5.397605346934028e-79,5.397605346934028e-79,0.0,0.0,518.0,0
73949.0,2013-2014,48.0,171.7,94.4,32.0,101.9,1.0,5.397605346934028e-79,5.397605346934028e-79,5.397605346934028e-79,1.0,0.0,424.4,0
73952.0,2013-2014,42.0,176.9,122.6,39.2,124.4,2.0,5.397605346934028e-79,5.397605346934028e-79,1.0,1.0,0.0,372.0,0
73962.0,2013-2014,49.0,181.5,105.0,31.9,110.9,1.0,5.397605346934028e-79,5.397605346934028e-79,5.397605346934028e-79,0.0,0.0,584.41,0
73964.0,2013-2014,45.0,172.8,89.2,29.9,98.5,3.0,1.0,5.397605346934028e-79,5.397605346934028e-79,1.0,0.0,489.0,0
73974.0,2013-2014,34.0,182.5,103.8,31.2,106.4,2.0,5.397605346934028e-79,1.0,5.397605346934028e-79,0.0,0.0,379.18,0
73977.0,2013-2014,30.0,180.8,80.0,24.5,90.9,1.0,5.397605346934028e-79,5.397605346934028e-79,5.397605346934028e-79,0.0,0.0,429.0,0
73980.0,2013-2014,43.0,174.6,67.0,22.0,85.3,5.397605346934028e-79,2.0,5.397605346934028e-79,5.397605346934028e-79,0.0,0.0,511.0,0
73987.0,2013-2014,56.0,163.9,93.8,34.9,116.0,1.0,3.0,5.397605346934028e-79,1.0,1.0,0.0,55.1,1
73992.0,2013-2014,20.0,180.6,60.1,18.4,73.0,5.397605346934028e-79,5.397605346934028e-79,5.397605346934028e-79,5.397605346934028e-79,0.0,0.0,651.0,0
73993.0,2013-2014,57.0,169.9,77.2,26.7,102.5,5.397605346934028e-79,5.397605346934028e-79,1.0,5.397605346934028e-79,0.0,0.0,336.63,0
73994.0,2013-2014,36.0,182.6,89.3,26.8,103.7,2.0,5.397605346934028e-79,5.397605346934028e-79,1.0,0.0,0.0,305.0,0
74001.0,2013-2014,48.0,177.8,134.1,42.4,140.5,1.0,5.397605346934028e-79,5.397605346934028e-79,5.397605346934028e-79,1.0,1.0,293.0,1
74005.0,2013-2014,23.0,182.3,68.8,20.7,81.3,1.0,5.397605346934028e-79,5.397605346934028e-79,5.397605346934028e-79,0.0,0.0,826.0,0
74010.0,2013-2014,40.0,185.0,98.8,28.9,107.8,1.0,3.0,5.397605346934028e-79,5.397605346934028e-79,0.0,0.0,398.0,0
74014.0,2013-2014,60.0,168.4,81.4,28.7,104.0,1.0,1.0,1.0,1.0,1.0,1.0,228.0,1
74018.0,2013-2014,22.0,173.8,105.8,35.0,112.0,5.397605346934028e-79,5.397605346934028e-79,5.397605346934028e-79,5.397605346934028e-79,1.0,0.0,470.0,0
74023.0,2013-2014,19.0,178.6,84.2,26.4,87.0,1.0,5.397605346934028e-79,5.397605346934028e-79,5.397605346934028e-79,0.0,0.0,451.0,0
74025.0,2013-2014,45.0,172.9,82.7,27.7,98.4,3.0,5.397605346934028e-79,1.0,2.0,0.0,0.0,657.0,0
74027.0,2013-2014,42.0,164.2,55.2,20.5,70.0,5.397605346934028e-79,5.397605346934028e-79,5.397605346934028e-79,5.397605346934028e-79,0.0,0.0,768.0,0
74029.0,2013-2014,22.0,176.2,78.3,25.2,85.8,1.0,5.397605346934028e-79,5.397605346934028e-79,5.397605346934028e-79,0.0,0.0,455.0,0
74036.0,2013-2014,43.0,174.6,108.5,35.6,,5.397605346934028e-79,5.397605346934028e-79,5.397605346934028e-79,5.397605346934028e-79,0.0,0.0,403.0,0
74037.0,2013-2014,20.0,172.8,63.6,21.3,74.9,5.397605346934028e-79,1.0,5.397605346934028e-79,5.397605346934028e-79,0.0,0.0,342.0,0
74041.0,2013-2014,60.0,162.0,72.0,27.4,99.6,2.0,5.397605346934028e-79,5.397605346934028e-79,5.397605346934028e-79,0.0,1.0,237.0,1
74045.0,2013-2014,38.0,162.1,112.2,42.7,127.3,5.397605346934028e-79,5.397605346934028e-79,5.397605346934028e-79,5.397605346934028e-79,0.0,0.0,334.0,0
74056.0,2013-2014,38.0,173.5,90.0,29.9,108.7,5.397605346934028e-79,5.397605346934028e-79,5.397605346934028e-79,5.397605346934028e-79,0.0,0.0,616.0,0
74059.0,2013-2014,57.0,178.8,90.2,28.2,106.8,5.397605346934028e-79,1.0,1.0,1.0,0.0,0.0,327.0,0
74075.0,2013-2014,59.0,164.4,104.2,38.6,115.9,1.0,5.397605346934028e-79,5.397605346934028e-79,5.397605346934028e-79,1.0,0.0,362.0,0
74077.0,2013-2014,26.0,165.4,74.8,27.3,88.7,1.0,2.0,5.397605346934028e-79,2.0,0.0,0.0,577.0,0
74099.0,2013-2014,44.0,167.8,80.7,28.7,93.2,1.0,5.397605346934028e-79,5.397605346934028e-79,5.397605346934028e-79,0.0,0.0,613.0,0
74110.0,2013-2014,60.0,163.3,64.8,24.3,91.0,5.397605346934028e-79,5.397605346934028e-79,5.397605346934028e-79,5.397605346934028e-79,0.0,0.0,573.0,0
74115.0,2013-2014,27.0,166.7,70.2,25.3,87.8,5.397605346934028e-79,1.0,1.0,1.0,0.0,0.0,271.0,1
74116.0,2013-2014,25.0,168.6,86.1,30.3,94.0,1.0,2.0,5.397605346934028e-79,5.397605346934028e-79,0.0,0.0,441.0,0
74129.0,2013-2014,56.0,,,,,,,,,1.0,0.0,435.0,0
74143.0,2013-2014,30.0,180.2,84.7,26.1,96.7,5.397605346934028e-79,5.397605346934028e-79,5.397605346934028e-79,5.397605346934028e-79,0.0,0.0,325.0,0
74144.0,2013-2014,51.0,175.5,95.7,31.1,104.1,5.397605346934028e-79,5.397605346934028e-79,5.397605346934028e-79,5.397605346934028e-79,0.0,0.0,636.0,0
74146.0,2013-2014,50.0,170.7,69.6,23.9,82.3,,,,,0.0,0.0,375.0,0
74159.0,2013-2014,32.0,178.5,97.6,30.6,98.8,,,,,1.0,0.0,740.74,0
74169.0,2013-2014,22.0,170.7,103.6,35.6,109.3,5.397605346934028e-79,5.397605346934028e-79,5.397605346934028e-79,5.397605346934028e-79,0.0,0.0,492.0,0
74170.0,2013-2014,56.0,190.9,115.1,31.6,108.9,5.397605346934028e-79,1.0,5.397605346934028e-79,5.397605346934028e-79,1.0,0.0,415.0,0
74181.0,2013-2014,38.0,173.8,106.5,35.3,129.4,1.0,5.397605346934028e-79,5.397605346934028e-79,5.397605346934028e-79,1.0,0.0,418.59,0
74222.0,2013-2014,45.0,168.1,67.3,23.8,87.8,1.0,3.0,3.0,3.0,0.0,0.0,710.0,0
74230.0,2013-2014,44.0,168.5,82.1,28.9,103.8,5.397605346934028e-79,5.397605346934028e-79,5.397605346934028e-79,5.397605346934028e-79,0.0,0.0,640.0,0
74251.0,2013-2014,20.0,180.6,74.6,22.9,80.7,1.0,5.397605346934028e-79,5.397605346934028e-79,5.397605346934028e-79,0.0,0.0,332.95,0
74281.0,2013-2014,27.0,179.8,68.7,21.3,81.6,1.0,5.397605346934028e-79,5.397605346934028e-79,5.397605346934028e-79,0.0,0.0,433.89,0
74284.0,2013-2014,58.0,177.4,134.4,42.7,136.7,5.397605346934028e-79,5.397605346934028e-79,5.397605346934028e-79,5.397605346934028e-79,1.0,0.0,226.13,1
74287.0,2013-2014,60.0,171.5,106.5,36.2,119.2,5.397605346934028e-79,2.0,5.397605346934028e-79,2.0,1.0,1.0,337.0,0
74290.0,2013-2014,48.0,187.9,135.5,38.4,125.4,5.397605346934028e-79,5.397605346934028e-79,5.397605346934028e-79,5.397605346934028e-79,1.0,1.0,195.0,1
74295.0,2013-2014,26.0,183.6,71.8,21.3,84.6,5.397605346934028e-79,5.397605346934028e-79,5.397605346934028e-79,5.397605346934028e-79,0.0,0.0,678.0,0
74296.0,2013-2014,26.0,172.9,77.3,25.9,81.5,5.397605346934028e-79,3.0,5.397605346934028e-79,5.397605346934028e-79,0.0,0.0,453.0,0
74300.0,2013-2014,46.0,181.4,98.8,30.0,103.8,5.397605346934028e-79,5.397605346934028e-79,5.397605346934028e-79,5.397605346934028e-79,1.0,0.0,399.0,0
74312.0,2013-2014,22.0,177.3,62.0,19.7,75.5,1.0,5.397605346934028e-79,5.397605346934028e-79,5.397605346934028e-79,0.0,0.0,457.43,0
74314.0,2013-2014,50.0,176.8,81.5,26.1,93.8,1.0,5.397605346934028e-79,5.397605346934028e-79,5.397605346934028e-79,0.0,0.0,392.0,0
74317.0,2013-2014,33.0,179.9,79.0,24.4,87.5,5.397605346934028e-79,5.397605346934028e-79,5.397605346934028e-79,5.397605346934028e-79,0.0,0.0,438.0,0
74328.0,2013-2014,44.0,170.1,82.5,28.5,100.5,1.0,5.397605346934028e-79,1.0,1.0,0.0,0.0,468.0,0
74329.0,2013-2014,46.0,175.5,66.7,21.7,87.8,,,,,0.0,0.0,593.0,0
74331.0,2013-2014,33.0,190.8,140.1,38.5,123.4,5.397605346934028e-79,5.397605346934028e-79,5.397605346934028e-79,1.0,0.0,0.0,613.76,0
74338.0,2013-2014,43.0,175.5,88.0,28.6,98.3,5.397605346934028e-79,5.397605346934028e-79,5.397605346934028e-79,1.0,0.0,0.0,258.0,1
74340.0,2013-2014,41.0,195.5,98.7,25.8,101.8,1.0,2.0,1.0,5.397605346934028e-79,1.0,0.0,658.0,0
74341.0,2013-2014,60.0,166.2,63.9,23.1,89.0,5.397605346934028e-79,5.397605346934028e-79,5.397605346934028e-79,5.397605346934028e-79,1.0,1.0,427.77,0
74345.0,2013-2014,56.0,170.6,79.2,27.2,104.9,5.397605346934028e-79,5.397605346934028e-79,5.397605346934028e-79,5.397605346934028e-79,0.0,0.0,269.0,1
74350.0,2013-2014,52.0,178.9,96.5,30.2,102.7,,,,,1.0,0.0,463.0,0
74376.0,2013-2014,21.0,180.9,79.6,24.3,83.7,5.397605346934028e-79,5.397605346934028e-79,5.397605346934028e-79,1.0,1.0,0.0,455.0,0
74378.0,2013-2014,24.0,170.0,88.1,30.5,106.9,1.0,5.397605346934028e-79,5.397605346934028e-79,1.0,0.0,0.0,161.0,1
74379.0,2013-2014,43.0,182.1,84.7,25.5,91.9,1.0,3.0,5.397605346934028e-79,1.0,0.0,0.0,131.0,1
74380.0,2013-2014,28.0,179.4,139.0,43.2,140.2,1.0,5.397605346934028e-79,5.397605346934028e-79,5.397605346934028e-79,0.0,0.0,208.0,1
74386.0,2013-2014,24.0,166.5,71.7,25.9,79.5,1.0,5.397605346934028e-79,5.397605346934028e-79,5.397605346934028e-79,0.0,0.0,811.0,0
74388.0,2013-2014,57.0,177.6,78.1,24.8,101.1,5.397605346934028e-79,5.397605346934028e-79,5.397605346934028e-79,5.397605346934028e-79,0.0,1.0,289.0,1
74393.0,2013-2014,26.0,185.2,85.8,25.0,87.6,1.0,1.0,1.0,1.0,0.0,0.0,720.58,0
74400.0,2013-2014,23.0,153.9,59.4,25.1,80.5,5.397605346934028e-79,1.0,5.397605346934028e-79,5.397605346934028e-79,0.0,0.0,574.0,0
74408.0,2013-2014,29.0,169.2,96.4,33.7,109.3,5.397605346934028e-79,3.0,1.0,1.0,0.0,0.0,580.92,0
74411.0,2013-2014,28.0,182.6,65.8,19.7,81.0,1.0,1.0,1.0,5.397605346934028e-79,1.0,0.0,369.85,0
74412.0,2013-2014,37.0,170.3,62.3,21.5,77.2,,,,,0.0,0.0,588.58,0
74421.0,2013-2014,47.0,186.1,116.3,33.6,112.3,3.0,3.0,1.0,5.397605346934028e-79,1.0,0.0,316.0,0
74422.0,2013-2014,29.0,173.3,72.3,24.1,88.2,,,,,0.0,0.0,553.0,0
74432.0,2013-2014,60.0,169.5,91.1,31.7,109.0,2.0,5.397605346934028e-79,5.397605346934028e-79,5.397605346934028e-79,0.0,0.0,273.0,1
74433.0,2013-2014,22.0,185.0,94.6,27.6,96.9,5.397605346934028e-79,5.397605346934028e-79,5.397605346934028e-79,5.397605346934028e-79,0.0,0.0,373.0,0
74435.0,2013-2014,19.0,174.5,58.8,19.3,66.8,5.397605346934028e-79,5.397605346934028e-79,5.397605346934028e-79,5.397605346934028e-79,0.0,0.0,910.0,0
74436.0,2013-2014,55.0,168.0,81.1,28.7,95.7,1.0,1.0,1.0,1.0,1.0,1.0,268.0,1
74437.0,2013-2014,35.0,166.3,73.2,26.5,89.5,5.397605346934028e-79,5.397605346934028e-79,5.397605346934028e-79,5.397605346934028e-79,0.0,0.0,574.0,0
74445.0,2013-2014,47.0,184.5,103.6,30.4,115.2,5.397605346934028e-79,5.397605346934028e-79,5.397605346934028e-79,5.397605346934028e-79,0.0,0.0,358.0,0
74449.0,2013-2014,37.0,168.7,91.1,32.0,98.5,5.397605346934028e-79,5.397605346934028e-79,5.397605346934028e-79,5.397605346934028e-79,0.0,0.0,212.0,1
74454.0,2013-2014,45.0,171.7,78.0,26.5,87.4,1.0,1.0,5.397605346934028e-79,5.397605346934028e-79,0.0,0.0,208.0,1
74463.0,2013-2014,45.0,179.5,94.8,29.4,105.9,1.0,5.397605346934028e-79,5.397605346934028e-79,5.397605346934028e-79,0.0,0.0,258.0,1
74464.0,2013-2014,45.0,180.8,107.5,32.9,112.5,2.0,1.0,1.0,1.0,1.0,1.0,235.0,1
74466.0,2013-2014,34.0,161.4,72.5,27.8,92.8,1.0,5.397605346934028e-79,5.397605346934028e-79,5.397605346934028e-79,1.0,0.0,428.47,0
74493.0,2013-2014,40.0,161.7,68.4,26.2,88.8,2.0,2.0,2.0,1.0,0.0,0.0,417.0,0
74498.0,2013-2014,29.0,175.9,102.6,33.2,114.8,1.0,5.397605346934028e-79,5.397605346934028e-79,5.397605346934028e-79,0.0,0.0,318.28,0
74499.0,2013-2014,59.0,168.5,82.7,29.1,99.4,1.0,2.0,1.0,2.0,0.0,0.0,390.0,0
74502.0,2013-2014,27.0,161.2,53.6,20.6,74.8,5.397605346934028e-79,5.397605346934028e-79,5.397605346934028e-79,5.397605346934028e-79,0.0,0.0,539.0,0
74511.0,2013-2014,46.0,177.7,84.4,26.7,100.8,1.0,5.397605346934028e-79,5.397605346934028e-79,5.397605346934028e-79,0.0,0.0,461.75,0
74524.0,2013-2014,47.0,175.7,84.7,27.4,95.6,5.397605346934028e-79,5.397605346934028e-79,5.397605346934028e-79,5.397605346934028e-79,0.0,0.0,473.0,0
74529.0,2013-2014,51.0,170.5,94.4,32.5,110.3,5.397605346934028e-79,5.397605346934028e-79,5.397605346934028e-79,5.397605346934028e-79,0.0,0.0,303.0,0
74532.0,2013-2014,25.0,170.3,78.7,27.1,94.3,,,,,0.0,0.0,639.0,0
74539.0,2013-2014,55.0,175.5,118.7,38.5,121.4,3.0,3.0,1.0,5.397605346934028e-79,1.0,0.0,63.5,1
74542.0,2013-2014,46.0,176.5,66.9,21.5,86.6,5.397605346934028e-79,1.0,5.397605346934028e-79,5.397605346934028e-79,0.0,0.0,1170.0,0
74547.0,2013-2014,43.0,181.7,68.6,20.8,83.1,5.397605346934028e-79,5.397605346934028e-79,5.397605346934028e-79,5.397605346934028e-79,0.0,0.0,447.0,0
74560.0,2013-2014,36.0,187.6,112.0,31.8,118.4,1.0,2.0,2.0,3.0,1.0,0.0,503.0,0
74571.0,2013-2014,53.0,171.2,65.8,22.5,87.5,5.397605346934028e-79,1.0,5.397605346934028e-79,5.397605346934028e-79,0.0,0.0,250.0,1
74579.0,2013-2014,51.0,155.6,59.2,24.5,84.5,3.0,3.0,3.0,5.397605346934028e-79,1.0,0.0,352.0,0
74586.0,2013-2014,24.0,177.3,77.7,24.7,88.3,5.397605346934028e-79,5.397605346934028e-79,5.397605346934028e-79,5.397605346934028e-79,0.0,0.0,650.0,0
74590.0,2013-2014,30.0,190.5,78.7,21.7,,,,,,0.0,0.0,103.0,1
74598.0,2013-2014,58.0,180.4,107.1,32.9,112.5,5.397605346934028e-79,5.397605346934028e-79,5.397605346934028e-79,5.397605346934028e-79,1.0,1.0,387.0,0
74616.0,2013-2014,19.0,174.0,136.6,45.1,127.7,5.397605346934028e-79,1.0,5.397605346934028e-79,1.0,0.0,0.0,256.0,1
74631.0,2013-2014,30.0,162.3,68.3,25.9,90.3,5.397605346934028e-79,5.397605346934028e-79,5.397605346934028e-79,5.397605346934028e-79,0.0,0.0,247.0,1
74632.0,2013-2014,46.0,180.4,66.5,20.4,71.7,5.397605346934028e-79,5.397605346934028e-79,5.397605346934028e-79,5.397605346934028e-79,0.0,0.0,491.0,0
74638.0,2013-2014,34.0,184.8,90.2,26.4,93.3,1.0,5.397605346934028e-79,5.397605346934028e-79,2.0,1.0,0.0,228.0,1
74639.0,2013-2014,51.0,166.0,77.4,28.1,98.1,5.397605346934028e-79,5.397605346934028e-79,5.397605346934028e-79,2.0,0.0,0.0,424.0,0
74641.0,2013-2014,33.0,176.6,97.2,31.2,94.2,5.397605346934028e-79,2.0,5.397605346934028e-79,5.397605346934028e-79,0.0,0.0,423.0,0
74646.0,2013-2014,49.0,162.0,52.6,20.0,83.3,1.0,5.397605346934028e-79,5.397605346934028e-79,5.397605346934028e-79,0.0,0.0,710.0,0
74650.0,2013-2014,56.0,160.6,85.9,33.3,108.1,1.0,5.397605346934028e-79,5.397605346934028e-79,5.397605346934028e-79,0.0,0.0,251.0,1
74663.0,2013-2014,52.0,167.3,50.8,18.1,72.2,5.397605346934028e-79,5.397605346934028e-79,5.397605346934028e-79,2.0,0.0,0.0,579.0,0
74679.0,2013-2014,39.0,178.0,99.9,31.5,108.7,1.0,5.397605346934028e-79,5.397605346934028e-79,5.397605346934028e-79,0.0,0.0,394.0,0
74680.0,2013-2014,20.0,168.0,56.3,19.9,72.8,2.0,1.0,5.397605346934028e-79,1.0,0.0,0.0,886.0,0
74692.0,2013-2014,24.0,168.5,61.0,21.5,73.6,2.0,3.0,5.397605346934028e-79,1.0,0.0,0.0,644.34,0
74695.0,2013-2014,53.0,175.2,88.0,28.7,107.5,1.0,1.0,5.397605346934028e-79,5.397605346934028e-79,1.0,0.0,198.36,1
74697.0,2013-2014,44.0,172.9,71.7,24.0,90.3,1.0,5.397605346934028e-79,5.397605346934028e-79,5.397605346934028e-79,0.0,1.0,267.0,1
74698.0,2013-2014,34.0,189.5,78.6,21.9,88.5,5.397605346934028e-79,5.397605346934028e-79,5.397605346934028e-79,5.397605346934028e-79,1.0,0.0,703.2,0
74703.0,2013-2014,32.0,162.7,94.4,35.7,106.9,5.397605346934028e-79,5.397605346934028e-79,5.397605346934028e-79,5.397605346934028e-79,0.0,0.0,621.0,0
74707.0,2013-2014,51.0,165.0,100.5,36.9,112.5,3.0,1.0,1.0,1.0,1.0,0.0,231.0,1
74718.0,2013-2014,52.0,179.9,113.9,35.2,122.4,5.397605346934028e-79,1.0,5.397605346934028e-79,5.397605346934028e-79,1.0,0.0,253.0,1
74728.0,2013-2014,46.0,188.4,95.8,27.0,101.1,1.0,5.397605346934028e-79,5.397605346934028e-79,1.0,0.0,0.0,358.0,0
74733.0,2013-2014,53.0,176.8,89.2,28.5,106.4,5.397605346934028e-79,5.397605346934028e-79,5.397605346934028e-79,5.397605346934028e-79,0.0,0.0,311.0,0
74743.0,2013-2014,41.0,171.6,75.0,25.5,89.8,5.397605346934028e-79,5.397605346934028e-79,5.397605346934028e-79,5.397605346934028e-79,0.0,0.0,304.0,0
74744.0,2013-2014,22.0,177.2,108.7,34.6,111.5,5.397605346934028e-79,1.0,5.397605346934028e-79,1.0,0.0,0.0,336.38,0
74746.0,2013-2014,55.0,190.2,78.6,21.7,87.7,5.397605346934028e-79,5.397605346934028e-79,5.397605346934028e-79,5.397605346934028e-79,1.0,0.0,400.24,0
74748.0,2013-2014,36.0,169.1,99.4,34.8,114.9,1.0,1.0,5.397605346934028e-79,5.397605346934028e-79,1.0,0.0,271.0,1
74760.0,2013-2014,53.0,171.5,102.2,34.7,106.1,5.397605346934028e-79,1.0,1.0,5.397605346934028e-79,1.0,0.0,592.0,0
74763.0,2013-2014,33.0,178.1,85.0,26.8,96.0,1.0,1.0,1.0,1.0,0.0,0.0,151.38,1
74764.0,2013-2014,31.0,173.7,58.9,19.5,76.5,1.0,2.0,5.397605346934028e-79,1.0,0.0,0.0,620.0,0
74769.0,2013-2014,50.0,181.6,94.2,28.6,101.4,5.397605346934028e-79,5.397605346934028e-79,5.397605346934028e-79,5.397605346934028e-79,0.0,1.0,516.39,0
74794.0,2013-2014,38.0,192.8,124.0,33.4,118.2,5.397605346934028e-79,5.397605346934028e-79,5.397605346934028e-79,5.397605346934028e-79,0.0,0.0,478.0,0
74800.0,2013-2014,28.0,171.1,61.1,20.9,73.3,5.397605346934028e-79,5.397605346934028e-79,5.397605346934028e-79,5.397605346934028e-79,0.0,0.0,651.0,0
74801.0,2013-2014,36.0,186.2,95.9,27.7,103.6,2.0,5.397605346934028e-79,5.397605346934028e-79,5.397605346934028e-79,0.0,0.0,249.0,1
74818.0,2013-2014,26.0,174.4,90.9,29.9,99.9,5.397605346934028e-79,5.397605346934028e-79,5.397605346934028e-79,5.397605346934028e-79,0.0,0.0,413.0,0
74826.0,2013-2014,47.0,176.4,88.6,28.5,95.4,,,,,1.0,0.0,713.0,0
74832.0,2013-2014,21.0,178.2,75.0,23.6,91.6,5.397605346934028e-79,5.397605346934028e-79,5.397605346934028e-79,1.0,1.0,0.0,554.0,0
74834.0,2013-2014,48.0,,,,,,,,,0.0,1.0,261.55,1
74839.0,2013-2014,47.0,181.9,106.2,32.1,106.6,1.0,5.397605346934028e-79,5.397605346934028e-79,5.397605346934028e-79,0.0,0.0,379.0,0
74844.0,2013-2014,20.0,161.4,66.8,25.6,83.0,,,,,0.0,0.0,361.0,0
74860.0,2013-2014,40.0,176.5,79.5,25.5,88.8,5.397605346934028e-79,5.397605346934028e-79,5.397605346934028e-79,5.397605346934028e-79,0.0,0.0,178.0,1
74861.0,2013-2014,60.0,165.4,72.9,26.6,101.8,,,,,1.0,1.0,303.0,0
74865.0,2013-2014,58.0,173.1,75.5,25.2,97.3,5.397605346934028e-79,5.397605346934028e-79,5.397605346934028e-79,5.397605346934028e-79,0.0,0.0,506.0,0
74866.0,2013-2014,40.0,170.6,97.2,33.4,113.6,2.0,3.0,1.0,2.0,1.0,0.0,155.0,1
74872.0,2013-2014,50.0,180.6,93.3,28.6,104.6,5.397605346934028e-79,1.0,5.397605346934028e-79,5.397605346934028e-79,1.0,0.0,466.0,0
74874.0,2013-2014,36.0,177.4,77.1,24.5,91.9,5.397605346934028e-79,5.397605346934028e-79,5.397605346934028e-79,5.397605346934028e-79,0.0,0.0,445.0,0
74880.0,2013-2014,39.0,179.6,102.6,31.8,103.4,5.397605346934028e-79,5.397605346934028e-79,5.397605346934028e-79,5.397605346934028e-79,1.0,0.0,298.34,1
74882.0,2013-2014,25.0,180.3,87.9,27.0,96.5,3.0,1.0,1.0,2.0,0.0,0.0,388.0,0
74889.0,2013-2014,50.0,184.4,61.0,17.9,74.2,5.397605346934028e-79,1.0,5.397605346934028e-79,5.397605346934028e-79,0.0,0.0,691.0,0
74890.0,2013-2014,30.0,173.5,80.7,26.8,104.2,5.397605346934028e-79,1.0,5.397605346934028e-79,5.397605346934028e-79,0.0,0.0,392.0,0
74901.0,2013-2014,55.0,166.9,120.2,43.2,135.1,5.397605346934028e-79,5.397605346934028e-79,5.397605346934028e-79,5.397605346934028e-79,1.0,0.0,346.32,0
74905.0,2013-2014,44.0,187.4,113.7,32.4,120.7,5.397605346934028e-79,5.397605346934028e-79,5.397605346934028e-79,5.397605346934028e-79,0.0,0.0,249.0,1
74923.0,2013-2014,24.0,191.3,128.6,35.1,113.7,5.397605346934028e-79,5.397605346934028e-79,5.397605346934028e-79,1.0,1.0,0.0,513.0,0
74928.0,2013-2014,50.0,167.8,87.6,31.1,104.5,5.397605346934028e-79,5.397605346934028e-79,5.397605346934028e-79,5.397605346934028e-79,0.0,1.0,450.0,0
74931.0,2013-2014,53.0,179.1,86.1,26.8,105.1,5.397605346934028e-79,5.397605346934028e-79,5.397605346934028e-79,1.0,1.0,0.0,478.0,0
74932.0,2013-2014,32.0,175.6,83.5,27.1,93.9,5.397605346934028e-79,5.397605346934028e-79,5.397605346934028e-79,5.397605346934028e-79,0.0,0.0,413.0,0
74935.0,2013-2014,20.0,172.7,64.9,21.8,,,,,,0.0,0.0,308.0,0
74943.0,2013-2014,19.0,183.8,88.5,26.2,81.8,5.397605346934028e-79,5.397605346934028e-79,5.397605346934028e-79,5.397605346934028e-79,0.0,0.0,536.0,0
74951.0,2013-2014,46.0,186.0,107.9,31.2,109.5,5.397605346934028e-79,1.0,5.397605346934028e-79,5.397605346934028e-79,0.0,0.0,317.07,0
74963.0,2013-2014,39.0,160.4,63.9,24.8,86.5,5.397605346934028e-79,5.397605346934028e-79,5.397605346934028e-79,5.397605346934028e-79,0.0,0.0,317.0,0
74965.0,2013-2014,26.0,170.7,157.3,54.0,158.2,1.0,5.397605346934028e-79,5.397605346934028e-79,2.0,1.0,1.0,295.0,1
74969.0,2013-2014,22.0,171.0,74.4,25.4,85.2,1.0,1.0,5.397605346934028e-79,5.397605346934028e-79,0.0,0.0,549.0,0
74972.0,2013-2014,36.0,181.4,73.0,22.2,87.0,1.0,1.0,5.397605346934028e-79,5.397605346934028e-79,0.0,0.0,599.0,0
74974.0,2013-2014,48.0,179.8,162.2,50.2,145.2,1.0,1.0,5.397605346934028e-79,5.397605346934028e-79,1.0,0.0,206.0,1
74981.0,2013-2014,33.0,174.7,106.3,34.8,110.8,5.397605346934028e-79,1.0,5.397605346934028e-79,5.397605346934028e-79,0.0,0.0,169.0,1
74982.0,2013-2014,43.0,176.5,122.4,39.3,126.2,1.0,2.0,5.397605346934028e-79,1.0,0.0,0.0,185.77,1
74990.0,2013-2014,47.0,176.7,82.1,26.3,93.7,5.397605346934028e-79,5.397605346934028e-79,5.397605346934028e-79,5.397605346934028e-79,0.0,0.0,420.0,0
74996.0,2013-2014,56.0,189.0,90.2,25.3,105.3,1.0,1.0,5.397605346934028e-79,5.397605346934028e-79,0.0,0.0,628.0,0
75012.0,2013-2014,60.0,176.3,84.8,27.3,104.5,5.397605346934028e-79,1.0,5.397605346934028e-79,5.397605346934028e-79,0.0,0.0,380.0,0
75016.0,2013-2014,53.0,168.0,137.7,48.8,157.4,3.0,1.0,5.397605346934028e-79,5.397605346934028e-79,1.0,1.0,200.0,1
75017.0,2013-2014,54.0,165.5,46.1,16.8,69.6,5.397605346934028e-79,5.397605346934028e-79,5.397605346934028e-79,5.397605346934028e-79,1.0,0.0,697.0,0
75023.0,2013-2014,27.0,176.5,81.2,26.1,90.2,5.397605346934028e-79,5.397605346934028e-79,5.397605346934028e-79,5.397605346934028e-79,0.0,0.0,834.91,0
75029.0,2013-2014,23.0,168.5,64.0,22.5,79.5,5.397605346934028e-79,5.397605346934028e-79,5.397605346934028e-79,5.397605346934028e-79,0.0,0.0,515.0,0
75032.0,2013-2014,23.0,176.9,67.6,21.6,75.0,5.397605346934028e-79,5.397605346934028e-79,5.397605346934028e-79,5.397605346934028e-79,0.0,0.0,634.0,0
75049.0,2013-2014,59.0,181.1,101.7,31.0,119.4,,,,,1.0,0.0,226.0,1
75060.0,2013-2014,32.0,172.8,114.1,38.2,115.6,5.397605346934028e-79,1.0,5.397605346934028e-79,1.0,0.0,0.0,326.0,0
75063.0,2013-2014,34.0,164.1,65.3,24.2,83.9,5.397605346934028e-79,5.397605346934028e-79,5.397605346934028e-79,5.397605346934028e-79,0.0,0.0,469.46,0
75071.0,2013-2014,33.0,168.0,99.8,35.4,110.0,5.397605346934028e-79,5.397605346934028e-79,5.397605346934028e-79,5.397605346934028e-79,0.0,0.0,198.91,1
75084.0,2013-2014,19.0,169.6,67.3,23.4,82.1,5.397605346934028e-79,3.0,5.397605346934028e-79,5.397605346934028e-79,0.0,0.0,550.0,0
75085.0,2013-2014,26.0,173.7,63.9,21.2,78.5,1.0,5.397605346934028e-79,1.0,5.397605346934028e-79,0.0,0.0,408.8,0
75092.0,2013-2014,47.0,178.3,88.0,27.7,,2.0,1.0,5.397605346934028e-79,1.0,1.0,0.0,493.0,0
75098.0,2013-2014,25.0,170.1,95.2,32.9,109.4,5.397605346934028e-79,5.397605346934028e-79,5.397605346934028e-79,5.397605346934028e-79,0.0,0.0,393.0,0
75099.0,2013-2014,46.0,173.3,73.2,24.4,90.7,5.397605346934028e-79,5.397605346934028e-79,1.0,5.397605346934028e-79,0.0,0.0,315.0,0
75105.0,2013-2014,55.0,179.0,109.8,34.3,106.8,5.397605346934028e-79,5.397605346934028e-79,5.397605346934028e-79,5.397605346934028e-79,0.0,0.0,430.0,0
75111.0,2013-2014,32.0,174.7,73.8,24.2,91.3,5.397605346934028e-79,5.397605346934028e-79,5.397605346934028e-79,5.397605346934028e-79,0.0,0.0,296.0,1
75121.0,2013-2014,44.0,179.6,82.2,25.5,92.9,3.0,3.0,5.397605346934028e-79,2.0,0.0,0.0,649.12,0
75123.0,2013-2014,35.0,189.3,133.3,37.2,120.8,5.397605346934028e-79,5.397605346934028e-79,5.397605346934028e-79,5.397605346934028e-79,0.0,0.0,330.09,0
75124.0,2013-2014,47.0,154.3,71.7,30.1,98.6,,,,,1.0,1.0,281.19,1
75127.0,2013-2014,59.0,182.5,100.3,30.1,112.9,5.397605346934028e-79,5.397605346934028e-79,5.397605346934028e-79,5.397605346934028e-79,1.0,1.0,548.02,0
75128.0,2013-2014,45.0,180.5,86.8,26.6,100.3,1.0,5.397605346934028e-79,5.397605346934028e-79,5.397605346934028e-79,1.0,0.0,302.22,0
75132.0,2013-2014,24.0,176.6,72.8,23.3,88.6,5.397605346934028e-79,5.397605346934028e-79,5.397605346934028e-79,5.397605346934028e-79,0.0,0.0,508.0,0
75136.0,2013-2014,56.0,181.1,88.9,27.1,100.8,5.397605346934028e-79,5.397605346934028e-79,5.397605346934028e-79,5.397605346934028e-79,0.0,1.0,274.0,1
75139.0,2013-2014,44.0,161.9,82.1,31.3,105.9,5.397605346934028e-79,5.397605346934028e-79,5.397605346934028e-79,5.397605346934028e-79,0.0,1.0,352.64,0
75146.0,2013-2014,49.0,175.3,132.6,43.1,131.6,5.397605346934028e-79,5.397605346934028e-79,5.397605346934028e-79,5.397605346934028e-79,1.0,1.0,342.0,0
75147.0,2013-2014,42.0,165.2,57.6,21.1,72.7,5.397605346934028e-79,5.397605346934028e-79,5.397605346934028e-79,5.397605346934028e-79,0.0,0.0,632.0,0
75151.0,2013-2014,19.0,169.3,67.8,23.7,79.6,1.0,2.0,1.0,1.0,0.0,0.0,503.0,0
75156.0,2013-2014,42.0,184.9,123.3,36.1,130.0,5.397605346934028e-79,5.397605346934028e-79,5.397605346934028e-79,5.397605346934028e-79,0.0,0.0,619.0,0
75157.0,2013-2014,56.0,188.6,110.5,31.1,109.7,5.397605346934028e-79,5.397605346934028e-79,5.397605346934028e-79,5.397605346934028e-79,0.0,1.0,307.43,0
75162.0,2013-2014,54.0,189.9,90.6,25.1,92.0,5.397605346934028e-79,5.397605346934028e-79,5.397605346934028e-79,5.397605346934028e-79,1.0,0.0,532.0,0
75175.0,2013-2014,34.0,173.2,70.9,23.6,82.5,5.397605346934028e-79,5.397605346934028e-79,5.397605346934028e-79,5.397605346934028e-79,0.0,0.0,524.0,0
75176.0,2013-2014,43.0,184.1,127.6,37.6,130.0,1.0,3.0,5.397605346934028e-79,5.397605346934028e-79,0.0,1.0,488.21,0
75189.0,2013-2014,59.0,174.7,74.6,24.4,95.2,5.397605346934028e-79,5.397605346934028e-79,5.397605346934028e-79,5.397605346934028e-79,0.0,0.0,453.0,0
75190.0,2013-2014,41.0,181.2,93.1,28.4,107.8,5.397605346934028e-79,5.397605346934028e-79,5.397605346934028e-79,5.397605346934028e-79,0.0,0.0,502.0,0
75202.0,2013-2014,23.0,172.4,60.1,20.2,69.3,5.397605346934028e-79,5.397605346934028e-79,3.0,5.397605346934028e-79,0.0,0.0,649.46,0
75211.0,2013-2014,37.0,174.6,74.7,24.5,92.9,1.0,5.397605346934028e-79,5.397605346934028e-79,5.397605346934028e-79,0.0,0.0,223.0,1
75212.0,2013-2014,55.0,177.4,83.7,26.6,93.3,5.397605346934028e-79,5.397605346934028e-79,5.397605346934028e-79,5.397605346934028e-79,0.0,0.0,434.0,0
75216.0,2013-2014,54.0,164.7,91.3,33.7,108.0,5.397605346934028e-79,5.397605346934028e-79,5.397605346934028e-79,5.397605346934028e-79,1.0,0.0,368.0,0
75217.0,2013-2014,54.0,179.2,90.1,28.1,106.5,1.0,5.397605346934028e-79,5.397605346934028e-79,1.0,0.0,0.0,289.0,1
75221.0,2013-2014,44.0,170.2,110.6,38.2,124.5,3.0,3.0,1.0,5.397605346934028e-79,1.0,0.0,434.0,0
75237.0,2013-2014,54.0,179.1,133.4,41.6,144.5,,,,,1.0,1.0,256.0,1
75251.0,2013-2014,22.0,191.6,114.3,31.1,97.6,1.0,1.0,1.0,1.0,1.0,0.0,559.4,0
75252.0,2013-2014,43.0,176.4,95.0,30.5,111.4,1.0,2.0,5.397605346934028e-79,5.397605346934028e-79,1.0,1.0,558.0,0
75254.0,2013-2014,26.0,171.0,78.9,27.0,88.2,2.0,5.397605346934028e-79,5.397605346934028e-79,1.0,0.0,0.0,348.0,0
75256.0,2013-2014,44.0,171.8,89.0,30.2,108.2,5.397605346934028e-79,5.397605346934028e-79,5.397605346934028e-79,5.397605346934028e-79,0.0,0.0,236.0,1
75257.0,2013-2014,21.0,169.3,61.1,21.3,71.1,5.397605346934028e-79,1.0,5.397605346934028e-79,5.397605346934028e-79,0.0,0.0,669.88,0
75258.0,2013-2014,20.0,175.4,83.1,27.0,,5.397605346934028e-79,5.397605346934028e-79,5.397605346934028e-79,5.397605346934028e-79,0.0,0.0,160.0,1
75268.0,2013-2014,28.0,168.4,69.8,24.6,,5.397605346934028e-79,5.397605346934028e-79,5.397605346934028e-79,5.397605346934028e-79,0.0,0.0,476.65,0
75269.0,2013-2014,29.0,172.0,66.6,22.5,71.5,5.397605346934028e-79,5.397605346934028e-79,1.0,1.0,0.0,0.0,845.65,0
75270.0,2013-2014,24.0,179.7,104.5,32.4,109.1,,,,,0.0,0.0,266.0,1
75278.0,2013-2014,22.0,177.2,65.1,20.7,75.5,5.397605346934028e-79,5.397605346934028e-79,5.397605346934028e-79,5.397605346934028e-79,0.0,0.0,384.0,0
75288.0,2013-2014,19.0,193.1,143.0,38.4,129.0,5.397605346934028e-79,5.397605346934028e-79,5.397605346934028e-79,5.397605346934028e-79,0.0,0.0,167.0,1
75290.0,2013-2014,21.0,167.2,87.3,31.2,106.5,1.0,5.397605346934028e-79,5.397605346934028e-79,5.397605346934028e-79,0.0,0.0,329.0,0
75301.0,2013-2014,48.0,169.3,49.7,17.3,74.6,,,,,1.0,0.0,352.03,0
75306.0,2013-2014,59.0,168.2,60.5,21.4,87.2,1.0,3.0,5.397605346934028e-79,5.397605346934028e-79,1.0,0.0,549.0,0
75307.0,2013-2014,26.0,176.3,111.9,36.0,115.1,1.0,5.397605346934028e-79,5.397605346934028e-79,5.397605346934028e-79,0.0,0.0,507.0,0
75321.0,2013-2014,25.0,177.1,91.0,29.0,107.5,5.397605346934028e-79,5.397605346934028e-79,5.397605346934028e-79,5.397605346934028e-79,0.0,0.0,441.0,0
75327.0,2013-2014,34.0,178.1,96.4,30.4,103.9,1.0,5.397605346934028e-79,5.397605346934028e-79,5.397605346934028e-79,0.0,0.0,574.0,0
75328.0,2013-2014,24.0,179.4,68.6,21.3,75.7,1.0,5.397605346934028e-79,5.397605346934028e-79,5.397605346934028e-79,0.0,0.0,733.0,0
75330.0,2013-2014,55.0,174.3,72.6,23.9,88.0,1.0,1.0,1.0,5.397605346934028e-79,1.0,0.0,311.0,0
75331.0,2013-2014,32.0,174.1,83.1,27.4,93.5,3.0,3.0,5.397605346934028e-79,5.397605346934028e-79,0.0,0.0,352.0,0
75333.0,2013-2014,44.0,163.2,78.8,29.6,101.1,1.0,1.0,1.0,5.397605346934028e-79,0.0,0.0,338.21,0
75335.0,2013-2014,30.0,176.7,106.7,34.2,112.2,5.397605346934028e-79,5.397605346934028e-79,5.397605346934028e-79,5.397605346934028e-79,0.0,0.0,282.0,1
75339.0,2013-2014,34.0,176.3,115.0,37.0,119.0,1.0,1.0,2.0,2.0,0.0,1.0,369.59,0
75346.0,2013-2014,41.0,188.7,101.9,28.6,100.8,5.397605346934028e-79,5.397605346934028e-79,5.397605346934028e-79,5.397605346934028e-79,0.0,0.0,344.0,0
75349.0,2013-2014,54.0,180.3,79.6,24.5,91.3,5.397605346934028e-79,5.397605346934028e-79,5.397605346934028e-79,5.397605346934028e-79,0.0,0.0,1400.0,0
75352.0,2013-2014,30.0,179.4,89.8,27.9,90.7,5.397605346934028e-79,5.397605346934028e-79,5.397605346934028e-79,5.397605346934028e-79,1.0,0.0,187.0,1
75358.0,2013-2014,40.0,163.6,79.2,29.6,93.2,5.397605346934028e-79,5.397605346934028e-79,5.397605346934028e-79,5.397605346934028e-79,0.0,0.0,533.0,0
75362.0,2013-2014,40.0,196.1,98.3,25.6,100.4,5.397605346934028e-79,2.0,5.397605346934028e-79,5.397605346934028e-79,0.0,0.0,161.0,1
75370.0,2013-2014,25.0,181.1,70.7,21.6,83.8,2.0,5.397605346934028e-79,5.397605346934028e-79,5.397605346934028e-79,0.0,0.0,332.0,0
75375.0,2013-2014,52.0,169.0,126.9,44.4,140.7,5.397605346934028e-79,1.0,5.397605346934028e-79,5.397605346934028e-79,1.0,1.0,211.57,1
75377.0,2013-2014,53.0,182.5,90.8,27.3,108.8,5.397605346934028e-79,1.0,5.397605346934028e-79,5.397605346934028e-79,0.0,0.0,521.0,0
75382.0,2013-2014,54.0,178.6,91.4,28.7,104.1,5.397605346934028e-79,5.397605346934028e-79,5.397605346934028e-79,5.397605346934028e-79,0.0,0.0,314.0,0
75390.0,2013-2014,36.0,176.3,88.9,28.6,94.5,5.397605346934028e-79,5.397605346934028e-79,5.397605346934028e-79,5.397605346934028e-79,0.0,0.0,253.0,1
75395.0,2013-2014,53.0,167.1,80.1,28.7,100.3,5.397605346934028e-79,5.397605346934028e-79,5.397605346934028e-79,5.397605346934028e-79,0.0,0.0,519.0,0
75404.0,2013-2014,43.0,172.3,114.2,38.5,124.2,5.397605346934028e-79,5.397605346934028e-79,5.397605346934028e-79,5.397605346934028e-79,0.0,0.0,230.57,1
75409.0,2013-2014,47.0,171.0,76.5,26.2,102.5,5.397605346934028e-79,5.397605346934028e-79,5.397605346934028e-79,5.397605346934028e-79,0.0,0.0,516.0,0
75414.0,2013-2014,56.0,168.8,67.0,23.5,84.9,5.397605346934028e-79,5.397605346934028e-79,5.397605346934028e-79,5.397605346934028e-79,0.0,0.0,443.0,0
75424.0,2013-2014,42.0,178.5,87.8,27.6,101.0,5.397605346934028e-79,5.397605346934028e-79,5.397605346934028e-79,5.397605346934028e-79,0.0,0.0,417.5,0
75426.0,2013-2014,24.0,181.9,83.2,25.1,82.0,5.397605346934028e-79,5.397605346934028e-79,5.397605346934028e-79,5.397605346934028e-79,0.0,0.0,432.0,0
75432.0,2013-2014,23.0,173.5,88.9,29.5,106.0,5.397605346934028e-79,5.397605346934028e-79,5.397605346934028e-79,5.397605346934028e-79,0.0,0.0,515.0,0
75440.0,2013-2014,59.0,159.6,57.2,22.5,82.4,5.397605346934028e-79,5.397605346934028e-79,5.397605346934028e-79,5.397605346934028e-79,0.0,0.0,609.0,0
75445.0,2013-2014,21.0,183.9,112.0,33.1,111.0,1.0,2.0,5.397605346934028e-79,5.397605346934028e-79,1.0,0.0,379.0,0
75446.0,2013-2014,23.0,166.1,64.5,23.4,92.0,5.397605346934028e-79,5.397605346934028e-79,5.397605346934028e-79,5.397605346934028e-79,0.0,0.0,374.64,0
75451.0,2013-2014,56.0,164.3,69.8,25.9,82.5,5.397605346934028e-79,5.397605346934028e-79,5.397605346934028e-79,5.397605346934028e-79,1.0,1.0,652.0,0
75457.0,2013-2014,27.0,180.4,66.3,20.4,80.5,,,,,0.0,0.0,397.0,0
75468.0,2013-2014,54.0,178.9,110.8,34.6,116.1,5.397605346934028e-79,5.397605346934028e-79,5.397605346934028e-79,5.397605346934028e-79,1.0,0.0,226.0,1
75483.0,2013-2014,57.0,172.2,90.0,30.4,112.2,5.397605346934028e-79,5.397605346934028e-79,5.397605346934028e-79,5.397605346934028e-79,0.0,0.0,438.0,0
75486.0,2013-2014,37.0,170.7,102.7,35.2,116.7,1.0,5.397605346934028e-79,5.397605346934028e-79,5.397605346934028e-79,1.0,0.0,137.69,1
75487.0,2013-2014,51.0,172.0,62.5,21.1,77.7,,,,,0.0,0.0,589.81,0
75490.0,2013-2014,28.0,163.1,68.6,25.8,91.5,5.397605346934028e-79,5.397605346934028e-79,5.397605346934028e-79,5.397605346934028e-79,1.0,0.0,329.0,0
75491.0,2013-2014,57.0,170.2,78.7,27.2,100.2,5.397605346934028e-79,5.397605346934028e-79,5.397605346934028e-79,5.397605346934028e-79,1.0,0.0,297.0,1
75492.0,2013-2014,27.0,183.2,98.2,29.3,101.0,2.0,5.397605346934028e-79,5.397605346934028e-79,5.397605346934028e-79,0.0,0.0,404.0,0
75499.0,2013-2014,60.0,183.2,94.5,28.2,102.6,5.397605346934028e-79,5.397605346934028e-79,5.397605346934028e-79,5.397605346934028e-79,1.0,1.0,486.26,0
75515.0,2013-2014,21.0,169.5,70.9,24.7,82.3,1.0,1.0,1.0,5.397605346934028e-79,0.0,0.0,521.0,0
75523.0,2013-2014,58.0,175.3,64.7,21.1,87.0,1.0,3.0,5.397605346934028e-79,5.397605346934028e-79,0.0,0.0,567.3,0
75524.0,2013-2014,48.0,172.3,81.9,27.6,96.0,1.0,5.397605346934028e-79,5.397605346934028e-79,5.397605346934028e-79,1.0,0.0,500.0,0
75526.0,2013-2014,20.0,171.1,91.6,31.3,,,,,,0.0,0.0,614.0,0
75529.0,2013-2014,48.0,179.8,121.2,37.5,118.2,5.397605346934028e-79,5.397605346934028e-79,5.397605346934028e-79,5.397605346934028e-79,0.0,0.0,242.16,1
75532.0,2013-2014,36.0,169.0,89.4,31.3,103.5,1.0,5.397605346934028e-79,5.397605346934028e-79,5.397605346934028e-79,0.0,0.0,527.0,0
75533.0,2013-2014,21.0,172.8,61.9,20.7,76.4,1.0,1.0,5.397605346934028e-79,1.0,0.0,0.0,845.0,0
75544.0,2013-2014,26.0,166.3,70.3,25.4,86.7,1.0,5.397605346934028e-79,5.397605346934028e-79,1.0,1.0,0.0,478.0,0
75556.0,2013-2014,22.0,164.4,72.8,26.9,89.5,5.397605346934028e-79,3.0,1.0,5.397605346934028e-79,0.0,0.0,405.0,0
75558.0,2013-2014,37.0,178.7,96.7,30.3,102.7,1.0,5.397605346934028e-79,5.397605346934028e-79,5.397605346934028e-79,0.0,0.0,318.0,0
75566.0,2013-2014,28.0,177.0,69.9,22.3,85.7,3.0,2.0,2.0,3.0,0.0,0.0,557.0,0
75571.0,2013-2014,57.0,162.6,71.4,27.0,93.8,5.397605346934028e-79,5.397605346934028e-79,5.397605346934028e-79,5.397605346934028e-79,0.0,0.0,507.0,0
75576.0,2013-2014,47.0,186.4,93.5,26.9,102.7,5.397605346934028e-79,5.397605346934028e-79,5.397605346934028e-79,5.397605346934028e-79,0.0,1.0,258.22,1
75579.0,2013-2014,60.0,162.8,105.7,39.9,121.0,1.0,1.0,1.0,1.0,1.0,0.0,322.77,0
75585.0,2013-2014,31.0,171.8,76.0,25.7,88.5,1.0,5.397605346934028e-79,5.397605346934028e-79,5.397605346934028e-79,0.0,0.0,400.0,0
75588.0,2013-2014,32.0,179.1,106.8,33.3,113.3,5.397605346934028e-79,2.0,5.397605346934028e-79,5.397605346934028e-79,0.0,0.0,254.0,1
75590.0,2013-2014,45.0,170.1,64.7,22.4,78.8,5.397605346934028e-79,5.397605346934028e-79,1.0,5.397605346934028e-79,0.0,0.0,244.0,1
75591.0,2013-2014,38.0,169.6,91.5,31.8,107.6,5.397605346934028e-79,5.397605346934028e-79,5.397605346934028e-79,5.397605346934028e-79,0.0,0.0,462.0,0
75595.0,2013-2014,21.0,172.8,79.3,26.6,90.4,,,,,0.0,0.0,468.0,0
75596.0,2013-2014,35.0,188.9,111.5,31.2,114.7,5.397605346934028e-79,2.0,3.0,3.0,1.0,0.0,428.94,0
75610.0,2013-2014,56.0,179.7,94.4,29.2,113.1,5.397605346934028e-79,1.0,5.397605346934028e-79,5.397605346934028e-79,1.0,1.0,353.0,0
75616.0,2013-2014,30.0,186.1,110.2,31.8,118.5,5.397605346934028e-79,5.397605346934028e-79,5.397605346934028e-79,5.397605346934028e-79,1.0,0.0,350.0,0
75619.0,2013-2014,36.0,169.7,78.8,27.4,95.5,5.397605346934028e-79,5.397605346934028e-79,5.397605346934028e-79,5.397605346934028e-79,1.0,0.0,371.0,0
75646.0,2013-2014,20.0,173.4,83.0,27.6,98.2,1.0,1.0,5.397605346934028e-79,5.397605346934028e-79,0.0,0.0,324.24,0
75647.0,2013-2014,28.0,176.2,66.2,21.3,82.4,5.397605346934028e-79,5.397605346934028e-79,5.397605346934028e-79,5.397605346934028e-79,0.0,0.0,368.0,0
75653.0,2013-2014,40.0,187.7,90.4,25.7,100.2,1.0,5.397605346934028e-79,5.397605346934028e-79,1.0,1.0,0.0,178.0,1
75655.0,2013-2014,29.0,162.4,80.7,30.6,100.3,,,,,0.0,0.0,235.54,1
75666.0,2013-2014,37.0,173.3,87.4,29.1,91.2,1.0,1.0,5.397605346934028e-79,5.397605346934028e-79,0.0,0.0,343.13,0
75674.0,2013-2014,60.0,168.4,80.3,28.3,87.7,5.397605346934028e-79,3.0,3.0,5.397605346934028e-79,1.0,1.0,273.0,1
75682.0,2013-2014,29.0,176.0,98.0,31.6,100.2,1.0,1.0,5.397605346934028e-79,5.397605346934028e-79,0.0,0.0,267.0,1
75683.0,2013-2014,23.0,172.1,60.4,20.4,82.5,5.397605346934028e-79,5.397605346934028e-79,5.397605346934028e-79,5.397605346934028e-79,0.0,0.0,680.0,0
75686.0,2013-2014,41.0,185.2,111.9,32.6,105.9,1.0,5.397605346934028e-79,5.397605346934028e-79,5.397605346934028e-79,1.0,0.0,183.0,1
75689.0,2013-2014,58.0,181.5,80.0,24.3,97.9,5.397605346934028e-79,5.397605346934028e-79,5.397605346934028e-79,5.397605346934028e-79,1.0,0.0,361.0,0
75690.0,2013-2014,34.0,167.6,63.1,22.5,76.7,5.397605346934028e-79,5.397605346934028e-79,5.397605346934028e-79,5.397605346934028e-79,1.0,0.0,389.0,0
75698.0,2013-2014,22.0,184.8,118.8,34.8,111.8,3.0,2.0,5.397605346934028e-79,5.397605346934028e-79,1.0,0.0,426.0,0
75704.0,2013-2014,24.0,172.8,62.6,21.0,79.0,1.0,1.0,5.397605346934028e-79,5.397605346934028e-79,0.0,0.0,564.0,0
75710.0,2013-2014,35.0,170.9,119.9,41.1,117.9,5.397605346934028e-79,5.397605346934028e-79,5.397605346934028e-79,5.397605346934028e-79,1.0,0.0,356.0,0
75714.0,2013-2014,54.0,168.2,67.5,23.9,88.8,5.397605346934028e-79,5.397605346934028e-79,1.0,1.0,0.0,0.0,431.0,0
75721.0,2013-2014,32.0,172.9,97.6,32.6,100.2,1.0,1.0,5.397605346934028e-79,5.397605346934028e-79,0.0,0.0,1550.0,0
75725.0,2013-2014,24.0,176.5,72.6,23.3,85.3,1.0,1.0,5.397605346934028e-79,5.397605346934028e-79,0.0,0.0,490.0,0
75726.0,2013-2014,33.0,167.5,81.6,29.1,,,,,,0.0,0.0,442.0,0
75733.0,2013-2014,56.0,,73.1,,,,,,,0.0,1.0,304.0,0
75735.0,2013-2014,19.0,165.0,77.5,28.5,90.5,5.397605346934028e-79,1.0,5.397605346934028e-79,5.397605346934028e-79,0.0,0.0,393.0,0
75738.0,2013-2014,47.0,162.9,92.7,34.9,112.0,1.0,5.397605346934028e-79,5.397605346934028e-79,2.0,0.0,0.0,173.0,1
75742.0,2013-2014,37.0,173.7,91.2,30.2,103.6,5.397605346934028e-79,5.397605346934028e-79,5.397605346934028e-79,5.397605346934028e-79,0.0,0.0,400.0,0
75751.0,2013-2014,47.0,173.8,85.0,28.1,99.5,5.397605346934028e-79,5.397605346934028e-79,5.397605346934028e-79,5.397605346934028e-79,0.0,0.0,182.0,1
75753.0,2013-2014,19.0,164.2,52.8,19.6,72.9,5.397605346934028e-79,5.397605346934028e-79,5.397605346934028e-79,5.397605346934028e-79,0.0,0.0,559.18,0
75754.0,2013-2014,55.0,168.8,81.7,28.7,104.6,5.397605346934028e-79,5.397605346934028e-79,5.397605346934028e-79,5.397605346934028e-79,0.0,1.0,622.0,0
75758.0,2013-2014,47.0,179.3,66.1,20.6,86.2,5.397605346934028e-79,5.397605346934028e-79,5.397605346934028e-79,5.397605346934028e-79,0.0,0.0,520.0,0
75763.0,2013-2014,32.0,179.5,94.3,29.3,99.8,2.0,5.397605346934028e-79,1.0,1.0,1.0,0.0,192.0,1
75768.0,2013-2014,46.0,155.7,49.7,20.5,,,,,,0.0,0.0,361.0,0
75775.0,2013-2014,41.0,178.3,75.9,23.9,86.6,,,,,0.0,0.0,561.0,0
75779.0,2013-2014,29.0,168.6,160.2,56.4,153.9,5.397605346934028e-79,5.397605346934028e-79,5.397605346934028e-79,5.397605346934028e-79,0.0,0.0,229.0,1
75789.0,2013-2014,58.0,191.0,100.4,27.5,109.9,1.0,5.397605346934028e-79,5.397605346934028e-79,5.397605346934028e-79,1.0,1.0,306.0,0
75792.0,2013-2014,42.0,174.7,95.1,31.2,107.5,1.0,5.397605346934028e-79,5.397605346934028e-79,5.397605346934028e-79,0.0,0.0,342.0,0
75803.0,2013-2014,40.0,178.3,94.8,29.8,,,,,,0.0,0.0,217.46,1
75814.0,2013-2014,28.0,171.4,122.0,41.5,123.5,1.0,1.0,5.397605346934028e-79,5.397605346934028e-79,0.0,0.0,215.0,1
75819.0,2013-2014,20.0,153.0,40.4,17.3,61.8,1.0,1.0,5.397605346934028e-79,5.397605346934028e-79,0.0,0.0,721.0,0
75835.0,2013-2014,31.0,175.8,78.8,25.5,92.2,1.0,1.0,5.397605346934028e-79,5.397605346934028e-79,0.0,0.0,350.0,0
75837.0,2013-2014,55.0,174.7,74.9,24.5,92.2,1.0,1.0,5.397605346934028e-79,5.397605346934028e-79,0.0,0.0,347.0,0
75840.0,2013-2014,52.0,181.3,91.3,27.8,107.4,1.0,5.397605346934028e-79,5.397605346934028e-79,5.397605346934028e-79,1.0,0.0,238.0,1
75842.0,2013-2014,23.0,168.3,76.1,26.9,94.6,1.0,1.0,5.397605346934028e-79,1.0,0.0,0.0,502.0,0
75845.0,2013-2014,59.0,183.7,112.1,33.2,117.3,5.397605346934028e-79,5.397605346934028e-79,5.397605346934028e-79,5.397605346934028e-79,1.0,1.0,335.0,0
75848.0,2013-2014,59.0,182.7,112.9,33.8,117.1,5.397605346934028e-79,1.0,5.397605346934028e-79,5.397605346934028e-79,1.0,0.0,414.0,0
75860.0,2013-2014,60.0,163.8,109.2,40.7,,1.0,5.397605346934028e-79,5.397605346934028e-79,5.397605346934028e-79,1.0,0.0,460.0,0
75869.0,2013-2014,27.0,179.9,105.5,32.6,,1.0,2.0,5.397605346934028e-79,5.397605346934028e-79,0.0,0.0,388.0,0
75874.0,2013-2014,57.0,174.2,99.2,32.7,113.8,1.0,1.0,5.397605346934028e-79,5.397605346934028e-79,1.0,0.0,301.0,0
75879.0,2013-2014,56.0,164.6,45.9,16.9,77.7,,,,,0.0,0.0,346.0,0
75882.0,2013-2014,54.0,185.2,96.2,28.0,109.8,5.397605346934028e-79,5.397605346934028e-79,5.397605346934028e-79,5.397605346934028e-79,0.0,0.0,480.09,0
75885.0,2013-2014,40.0,173.2,71.4,23.8,84.3,5.397605346934028e-79,5.397605346934028e-79,5.397605346934028e-79,5.397605346934028e-79,0.0,0.0,417.49,0
75896.0,2013-2014,26.0,181.3,94.0,28.6,101.2,1.0,1.0,5.397605346934028e-79,5.397605346934028e-79,0.0,0.0,524.35,0
75898.0,2013-2014,24.0,186.3,95.9,27.6,102.6,1.0,1.0,5.397605346934028e-79,5.397605346934028e-79,1.0,0.0,87.9,1
75900.0,2013-2014,21.0,180.3,78.8,24.2,78.8,1.0,2.0,1.0,5.397605346934028e-79,0.0,0.0,416.0,0
75903.0,2013-2014,28.0,179.2,65.5,20.4,77.9,,,,,0.0,0.0,980.0,0
75907.0,2013-2014,40.0,181.1,91.4,27.9,103.0,5.397605346934028e-79,1.0,5.397605346934028e-79,5.397605346934028e-79,1.0,0.0,274.0,1
75910.0,2013-2014,30.0,195.2,103.2,27.1,100.5,1.0,5.397605346934028e-79,5.397605346934028e-79,5.397605346934028e-79,0.0,0.0,256.0,1
75924.0,2013-2014,30.0,152.3,32.8,14.1,55.5,1.0,1.0,2.0,1.0,0.0,0.0,459.0,0
75925.0,2013-2014,51.0,173.5,67.8,22.5,84.2,5.397605346934028e-79,5.397605346934028e-79,2.0,1.0,1.0,0.0,536.0,0
75927.0,2013-2014,30.0,177.1,64.6,20.6,73.8,,,,,0.0,0.0,508.0,0
75932.0,2013-2014,41.0,188.1,148.7,42.0,127.1,5.397605346934028e-79,5.397605346934028e-79,5.397605346934028e-79,5.397605346934028e-79,1.0,0.0,292.0,1
75934.0,2013-2014,46.0,177.3,82.9,26.4,101.0,5.397605346934028e-79,5.397605346934028e-79,5.397605346934028e-79,5.397605346934028e-79,0.0,0.0,375.8,0
75945.0,2013-2014,60.0,159.1,46.7,18.4,73.1,1.0,1.0,5.397605346934028e-79,1.0,1.0,0.0,604.0,0
75957.0,2013-2014,21.0,173.2,64.6,21.5,75.4,5.397605346934028e-79,5.397605346934028e-79,5.397605346934028e-79,5.397605346934028e-79,0.0,0.0,643.0,0
75970.0,2013-2014,30.0,171.2,86.6,29.5,101.1,5.397605346934028e-79,5.397605346934028e-79,5.397605346934028e-79,5.397605346934028e-79,0.0,0.0,525.0,0
75975.0,2013-2014,31.0,183.8,84.2,24.9,90.2,5.397605346934028e-79,2.0,5.397605346934028e-79,5.397605346934028e-79,0.0,0.0,868.0,0
75977.0,2013-2014,25.0,176.2,74.8,24.1,85.2,5.397605346934028e-79,5.397605346934028e-79,5.397605346934028e-79,5.397605346934028e-79,0.0,0.0,708.0,0
75980.0,2013-2014,31.0,183.9,80.7,23.9,87.8,,,,,0.0,0.0,473.0,0
75986.0,2013-2014,55.0,162.5,60.4,22.9,82.9,5.397605346934028e-79,5.397605346934028e-79,5.397605346934028e-79,2.0,0.0,0.0,490.0,0
75989.0,2013-2014,32.0,164.9,57.1,21.0,72.9,5.397605346934028e-79,5.397605346934028e-79,5.397605346934028e-79,5.397605346934028e-79,0.0,0.0,246.0,1
75993.0,2013-2014,48.0,180.3,83.5,25.7,97.7,5.397605346934028e-79,5.397605346934028e-79,5.397605346934028e-79,5.397605346934028e-79,1.0,0.0,202.0,1
75999.0,2013-2014,19.0,175.1,74.8,24.4,85.8,5.397605346934028e-79,5.397605346934028e-79,5.397605346934028e-79,5.397605346934028e-79,0.0,0.0,379.0,0
76012.0,2013-2014,59.0,167.3,73.4,26.2,93.5,5.397605346934028e-79,5.397605346934028e-79,5.397605346934028e-79,5.397605346934028e-79,0.0,1.0,352.0,0
76018.0,2013-2014,31.0,180.8,120.0,36.7,119.4,1.0,3.0,1.0,1.0,0.0,0.0,393.0,0
76019.0,2013-2014,29.0,184.8,59.1,17.3,79.0,1.0,5.397605346934028e-79,5.397605346934028e-79,5.397605346934028e-79,0.0,0.0,577.0,0
76025.0,2013-2014,51.0,179.4,81.4,25.3,95.5,5.397605346934028e-79,1.0,5.397605346934028e-79,5.397605346934028e-79,1.0,0.0,426.0,0
76030.0,2013-2014,32.0,172.4,71.9,24.2,80.4,1.0,1.0,5.397605346934028e-79,5.397605346934028e-79,0.0,0.0,443.0,0
76037.0,2013-2014,60.0,159.2,74.5,29.4,101.6,,,,,1.0,1.0,317.0,0
76041.0,2013-2014,52.0,173.9,99.2,32.8,113.3,5.397605346934028e-79,5.397605346934028e-79,5.397605346934028e-79,1.0,1.0,0.0,559.21,0
76046.0,2013-2014,50.0,179.6,93.4,29.0,101.1,5.397605346934028e-79,5.397605346934028e-79,5.397605346934028e-79,5.397605346934028e-79,0.0,0.0,501.83,0
76048.0,2013-2014,49.0,170.0,85.8,29.7,107.1,1.0,3.0,5.397605346934028e-79,2.0,0.0,0.0,387.0,0
76049.0,2013-2014,54.0,181.5,88.6,26.9,103.4,5.397605346934028e-79,5.397605346934028e-79,1.0,5.397605346934028e-79,0.0,0.0,338.0,0
76051.0,2013-2014,50.0,167.0,79.4,28.5,100.2,5.397605346934028e-79,5.397605346934028e-79,5.397605346934028e-79,5.397605346934028e-79,0.0,0.0,466.0,0
76059.0,2013-2014,21.0,181.6,77.3,23.4,81.5,5.397605346934028e-79,5.397605346934028e-79,5.397605346934028e-79,5.397605346934028e-79,0.0,0.0,333.0,0
76062.0,2013-2014,30.0,169.6,111.4,38.7,120.5,1.0,5.397605346934028e-79,5.397605346934028e-79,1.0,1.0,0.0,266.0,1
76064.0,2013-2014,42.0,173.5,101.0,33.6,114.0,5.397605346934028e-79,5.397605346934028e-79,5.397605346934028e-79,5.397605346934028e-79,0.0,0.0,921.0,0
76067.0,2013-2014,26.0,171.3,66.8,22.8,82.2,1.0,2.0,5.397605346934028e-79,5.397605346934028e-79,0.0,0.0,737.0,0
76069.0,2013-2014,44.0,175.6,94.6,30.7,95.0,1.0,5.397605346934028e-79,5.397605346934028e-79,5.397605346934028e-79,1.0,0.0,369.24,0
76071.0,2013-2014,34.0,189.3,84.3,23.5,88.4,5.397605346934028e-79,5.397605346934028e-79,5.397605346934028e-79,5.397605346934028e-79,0.0,0.0,419.24,0
76073.0,2013-2014,21.0,180.0,65.3,20.2,74.4,5.397605346934028e-79,5.397605346934028e-79,5.397605346934028e-79,5.397605346934028e-79,0.0,0.0,483.0,0
76075.0,2013-2014,35.0,169.5,101.6,35.4,117.0,5.397605346934028e-79,5.397605346934028e-79,5.397605346934028e-79,5.397605346934028e-79,0.0,0.0,452.39,0
76078.0,2013-2014,48.0,175.9,85.5,27.6,99.4,5.397605346934028e-79,5.397605346934028e-79,5.397605346934028e-79,5.397605346934028e-79,1.0,0.0,914.0,0
76081.0,2013-2014,35.0,176.6,84.6,27.1,95.7,5.397605346934028e-79,5.397605346934028e-79,5.397605346934028e-79,5.397605346934028e-79,0.0,0.0,193.11,1
76082.0,2013-2014,30.0,185.6,71.9,20.9,80.2,5.397605346934028e-79,5.397605346934028e-79,5.397605346934028e-79,5.397605346934028e-79,0.0,0.0,260.0,1
76084.0,2013-2014,48.0,171.9,91.2,30.9,104.7,5.397605346934028e-79,5.397605346934028e-79,5.397605346934028e-79,5.397605346934028e-79,0.0,0.0,631.49,0
76087.0,2013-2014,55.0,169.5,87.9,30.6,108.8,5.397605346934028e-79,5.397605346934028e-79,5.397605346934028e-79,5.397605346934028e-79,0.0,0.0,283.0,1
76088.0,2013-2014,27.0,177.8,81.0,25.6,88.2,5.397605346934028e-79,5.397605346934028e-79,5.397605346934028e-79,5.397605346934028e-79,1.0,0.0,205.0,1
76090.0,2013-2014,44.0,171.4,101.6,34.6,114.4,5.397605346934028e-79,5.397605346934028e-79,5.397605346934028e-79,5.397605346934028e-79,0.0,0.0,518.0,0
76096.0,2013-2014,37.0,172.9,65.1,21.8,79.4,1.0,1.0,5.397605346934028e-79,5.397605346934028e-79,0.0,0.0,816.0,0
76106.0,2013-2014,39.0,161.1,84.0,32.4,103.8,5.397605346934028e-79,5.397605346934028e-79,5.397605346934028e-79,5.397605346934028e-79,0.0,0.0,322.84,0
76108.0,2013-2014,48.0,162.1,77.1,29.3,102.1,5.397605346934028e-79,5.397605346934028e-79,5.397605346934028e-79,5.397605346934028e-79,0.0,0.0,294.07,1
76109.0,2013-2014,36.0,181.0,222.6,67.9,,5.397605346934028e-79,5.397605346934028e-79,1.0,5.397605346934028e-79,1.0,1.0,273.0,1
76110.0,2013-2014,22.0,187.5,59.8,17.0,76.6,2.0,1.0,5.397605346934028e-79,5.397605346934028e-79,0.0,1.0,338.0,0
76119.0,2013-2014,49.0,166.4,73.5,26.5,,5.397605346934028e-79,2.0,5.397605346934028e-79,1.0,1.0,0.0,603.0,0
76120.0,2013-2014,40.0,178.1,86.4,27.2,92.1,5.397605346934028e-79,5.397605346934028e-79,5.397605346934028e-79,5.397605346934028e-79,0.0,0.0,406.61,0
76134.0,2013-2014,58.0,179.7,89.9,27.8,,,,,,0.0,0.0,585.0,0
76137.0,2013-2014,56.0,169.7,74.8,26.0,93.5,5.397605346934028e-79,5.397605346934028e-79,5.397605346934028e-79,5.397605346934028e-79,0.0,0.0,332.0,0
76147.0,2013-2014,54.0,189.0,134.7,37.7,130.4,1.0,3.0,2.0,1.0,1.0,0.0,398.0,0
76151.0,2013-2014,55.0,170.2,69.1,23.9,95.3,2.0,3.0,3.0,2.0,0.0,0.0,698.0,0
76161.0,2013-2014,34.0,174.4,121.9,40.1,131.9,3.0,3.0,2.0,2.0,0.0,0.0,569.0,0
76168.0,2013-2014,52.0,175.8,85.1,27.5,107.5,1.0,2.0,5.397605346934028e-79,5.397605346934028e-79,1.0,0.0,236.0,1
76173.0,2013-2014,19.0,186.0,124.7,36.0,110.0,5.397605346934028e-79,5.397605346934028e-79,5.397605346934028e-79,5.397605346934028e-79,0.0,0.0,325.0,0
76174.0,2013-2014,21.0,184.6,68.8,20.2,77.8,5.397605346934028e-79,5.397605346934028e-79,5.397605346934028e-79,5.397605346934028e-79,0.0,0.0,558.0,0
76180.0,2013-2014,55.0,174.4,100.9,33.2,,,,,,1.0,0.0,197.2,1
76184.0,2013-2014,59.0,186.3,168.5,48.5,,3.0,3.0,5.397605346934028e-79,3.0,1.0,1.0,215.0,1
76190.0,2013-2014,48.0,184.1,93.1,27.5,100.2,5.397605346934028e-79,5.397605346934028e-79,3.0,1.0,0.0,0.0,580.0,0
76208.0,2013-2014,51.0,168.3,89.2,31.5,107.3,1.0,1.0,5.397605346934028e-79,5.397605346934028e-79,1.0,0.0,269.0,1
76209.0,2013-2014,59.0,176.3,80.3,25.8,95.1,2.0,1.0,2.0,2.0,0.0,0.0,320.0,0
76220.0,2013-2014,56.0,174.0,78.0,25.8,92.0,5.397605346934028e-79,5.397605346934028e-79,5.397605346934028e-79,5.397605346934028e-79,0.0,0.0,460.0,0
76226.0,2013-2014,43.0,189.1,93.2,26.1,99.6,5.397605346934028e-79,5.397605346934028e-79,5.397605346934028e-79,5.397605346934028e-79,0.0,1.0,437.52,0
76230.0,2013-2014,24.0,188.2,77.4,21.9,87.3,5.397605346934028e-79,5.397605346934028e-79,5.397605346934028e-79,5.397605346934028e-79,0.0,0.0,310.0,0
76231.0,2013-2014,25.0,172.5,88.4,29.7,99.0,5.397605346934028e-79,5.397605346934028e-79,5.397605346934028e-79,1.0,0.0,0.0,293.0,1
76232.0,2013-2014,29.0,165.1,70.2,25.8,86.7,1.0,5.397605346934028e-79,5.397605346934028e-79,5.397605346934028e-79,0.0,0.0,521.0,0
76240.0,2013-2014,35.0,182.4,124.8,37.5,130.5,1.0,1.0,5.397605346934028e-79,5.397605346934028e-79,0.0,0.0,230.0,1
76241.0,2013-2014,20.0,179.7,85.3,26.4,92.4,1.0,1.0,5.397605346934028e-79,5.397605346934028e-79,0.0,0.0,449.79,0
76246.0,2013-2014,44.0,163.8,57.3,21.4,83.2,5.397605346934028e-79,5.397605346934028e-79,5.397605346934028e-79,3.0,0.0,0.0,308.0,0
76248.0,2013-2014,50.0,178.2,99.8,31.4,99.3,5.397605346934028e-79,5.397605346934028e-79,5.397605346934028e-79,1.0,0.0,0.0,494.0,0
76261.0,2013-2014,20.0,167.9,64.0,22.7,77.4,5.397605346934028e-79,5.397605346934028e-79,5.397605346934028e-79,5.397605346934028e-79,0.0,0.0,580.0,0
76276.0,2013-2014,42.0,158.1,80.4,32.2,99.1,5.397605346934028e-79,5.397605346934028e-79,5.397605346934028e-79,5.397605346934028e-79,0.0,0.0,262.0,1
76284.0,2013-2014,29.0,174.6,88.8,29.1,102.4,5.397605346934028e-79,5.397605346934028e-79,5.397605346934028e-79,5.397605346934028e-79,0.0,0.0,329.0,0
76285.0,2013-2014,40.0,175.9,72.9,23.6,85.7,1.0,5.397605346934028e-79,1.0,5.397605346934028e-79,0.0,0.0,320.69,0
76295.0,2013-2014,41.0,171.0,94.3,32.2,108.9,1.0,5.397605346934028e-79,1.0,1.0,0.0,0.0,597.0,0
76302.0,2013-2014,49.0,179.0,87.4,27.3,93.4,5.397605346934028e-79,5.397605346934028e-79,5.397605346934028e-79,5.397605346934028e-79,1.0,0.0,336.0,0
76326.0,2013-2014,32.0,173.6,94.8,31.5,100.9,5.397605346934028e-79,5.397605346934028e-79,5.397605346934028e-79,5.397605346934028e-79,0.0,0.0,251.0,1
76349.0,2013-2014,38.0,183.2,140.0,41.7,147.2,5.397605346934028e-79,5.397605346934028e-79,1.0,5.397605346934028e-79,0.0,1.0,460.76,0
76354.0,2013-2014,54.0,171.8,101.0,34.2,121.0,2.0,2.0,5.397605346934028e-79,5.397605346934028e-79,1.0,1.0,300.06,0
76365.0,2013-2014,55.0,174.4,79.0,26.0,99.0,5.397605346934028e-79,5.397605346934028e-79,5.397605346934028e-79,5.397605346934028e-79,1.0,0.0,281.06,1
76367.0,2013-2014,42.0,167.6,83.2,29.6,100.8,5.397605346934028e-79,5.397605346934028e-79,5.397605346934028e-79,5.397605346934028e-79,0.0,0.0,460.0,0
76369.0,2013-2014,31.0,175.8,73.4,23.7,88.6,5.397605346934028e-79,5.397605346934028e-79,1.0,5.397605346934028e-79,0.0,0.0,361.31,0
76373.0,2013-2014,20.0,183.4,73.6,21.9,82.7,5.397605346934028e-79,5.397605346934028e-79,5.397605346934028e-79,5.397605346934028e-79,0.0,0.0,829.0,0
76377.0,2013-2014,36.0,172.3,73.4,24.7,92.3,5.397605346934028e-79,5.397605346934028e-79,5.397605346934028e-79,5.397605346934028e-79,0.0,0.0,302.0,0
76383.0,2013-2014,23.0,178.3,128.2,40.3,119.3,5.397605346934028e-79,5.397605346934028e-79,5.397605346934028e-79,5.397605346934028e-79,0.0,0.0,572.0,0
76385.0,2013-2014,57.0,158.0,69.9,28.0,93.8,5.397605346934028e-79,5.397605346934028e-79,5.397605346934028e-79,5.397605346934028e-79,0.0,0.0,238.0,1
76390.0,2013-2014,23.0,172.3,55.8,18.8,74.8,1.0,1.0,5.397605346934028e-79,5.397605346934028e-79,0.0,0.0,990.15,0
76406.0,2013-2014,36.0,183.4,71.2,21.2,79.6,1.0,1.0,5.397605346934028e-79,5.397605346934028e-79,0.0,0.0,221.88,1
76408.0,2013-2014,48.0,182.3,77.8,23.4,84.2,3.0,3.0,5.397605346934028e-79,2.0,0.0,0.0,786.26,0
76415.0,2013-2014,25.0,169.9,51.7,17.9,68.3,1.0,1.0,5.397605346934028e-79,5.397605346934028e-79,0.0,0.0,506.0,0
76418.0,2013-2014,40.0,188.2,104.6,29.5,102.7,5.397605346934028e-79,5.397605346934028e-79,5.397605346934028e-79,5.397605346934028e-79,1.0,1.0,311.0,0
76424.0,2013-2014,60.0,176.5,86.3,27.7,99.3,1.0,2.0,5.397605346934028e-79,5.397605346934028e-79,0.0,0.0,251.0,1
76425.0,2013-2014,29.0,171.6,85.4,29.0,102.1,5.397605346934028e-79,1.0,5.397605346934028e-79,5.397605346934028e-79,0.0,0.0,394.0,0
76427.0,2013-2014,37.0,174.1,83.2,27.4,95.9,2.0,5.397605346934028e-79,5.397605346934028e-79,5.397605346934028e-79,0.0,0.0,603.88,0
76433.0,2013-2014,44.0,179.3,87.3,27.2,104.6,5.397605346934028e-79,5.397605346934028e-79,5.397605346934028e-79,5.397605346934028e-79,1.0,0.0,384.95,0
76434.0,2013-2014,50.0,162.3,76.8,29.2,97.5,5.397605346934028e-79,5.397605346934028e-79,5.397605346934028e-79,5.397605346934028e-79,0.0,0.0,325.0,0
76439.0,2013-2014,28.0,162.2,82.7,31.4,101.3,,,,,0.0,0.0,324.0,0
76459.0,2013-2014,33.0,188.0,126.6,35.8,124.5,5.397605346934028e-79,5.397605346934028e-79,5.397605346934028e-79,5.397605346934028e-79,0.0,0.0,227.0,1
76464.0,2013-2014,33.0,173.8,76.3,25.3,93.0,5.397605346934028e-79,5.397605346934028e-79,5.397605346934028e-79,5.397605346934028e-79,1.0,0.0,403.0,0
76488.0,2013-2014,41.0,164.7,54.8,20.2,78.9,1.0,1.0,1.0,5.397605346934028e-79,1.0,0.0,336.0,0
76489.0,2013-2014,39.0,169.9,67.7,23.5,85.1,1.0,1.0,5.397605346934028e-79,1.0,0.0,0.0,844.0,0
76493.0,2013-2014,38.0,170.0,92.9,32.1,100.4,5.397605346934028e-79,5.397605346934028e-79,5.397605346934028e-79,5.397605346934028e-79,0.0,0.0,210.87,1
76494.0,2013-2014,29.0,168.4,63.9,22.5,80.9,5.397605346934028e-79,5.397605346934028e-79,5.397605346934028e-79,5.397605346934028e-79,0.0,1.0,456.0,0
76509.0,2013-2014,24.0,169.4,60.9,21.2,76.7,1.0,5.397605346934028e-79,5.397605346934028e-79,5.397605346934028e-79,0.0,0.0,553.0,0
76518.0,2013-2014,47.0,174.4,90.7,29.8,96.9,1.0,5.397605346934028e-79,5.397605346934028e-79,5.397605346934028e-79,0.0,0.0,494.0,0
76532.0,2013-2014,38.0,175.4,104.9,34.1,108.4,5.397605346934028e-79,5.397605346934028e-79,5.397605346934028e-79,2.0,1.0,0.0,408.0,0
76534.0,2013-2014,52.0,178.5,105.4,33.1,112.7,3.0,5.397605346934028e-79,1.0,2.0,1.0,0.0,476.0,0
76541.0,2013-2014,26.0,168.3,77.5,27.4,91.3,1.0,1.0,5.397605346934028e-79,5.397605346934028e-79,0.0,0.0,445.22,0
76543.0,2013-2014,40.0,171.3,82.4,28.1,94.8,1.0,5.397605346934028e-79,5.397605346934028e-79,5.397605346934028e-79,0.0,0.0,350.0,0
76553.0,2013-2014,22.0,166.6,59.0,21.3,78.1,1.0,1.0,5.397605346934028e-79,5.397605346934028e-79,0.0,0.0,423.0,0
76556.0,2013-2014,45.0,166.7,82.9,29.8,105.8,5.397605346934028e-79,5.397605346934028e-79,5.397605346934028e-79,5.397605346934028e-79,0.0,1.0,351.0,0
76557.0,2013-2014,54.0,161.2,72.2,27.8,95.5,5.397605346934028e-79,5.397605346934028e-79,5.397605346934028e-79,5.397605346934028e-79,0.0,0.0,478.0,0
76560.0,2013-2014,57.0,167.4,59.2,21.1,78.5,5.397605346934028e-79,5.397605346934028e-79,5.397605346934028e-79,5.397605346934028e-79,0.0,0.0,323.0,0
76569.0,2013-2014,45.0,154.5,53.4,22.4,75.5,,,,,0.0,0.0,472.0,0
76571.0,2013-2014,57.0,177.4,76.4,24.3,89.9,,,,,1.0,1.0,373.0,0
76578.0,2013-2014,43.0,168.1,80.6,28.5,95.0,5.397605346934028e-79,5.397605346934028e-79,5.397605346934028e-79,5.397605346934028e-79,0.0,0.0,338.0,0
76589.0,2013-2014,38.0,184.6,72.1,21.2,84.5,2.0,1.0,5.397605346934028e-79,5.397605346934028e-79,0.0,0.0,457.0,0
76598.0,2013-2014,40.0,172.4,69.1,23.2,86.0,3.0,3.0,1.0,3.0,1.0,1.0,271.0,1
76601.0,2013-2014,39.0,180.0,80.3,24.8,97.8,5.397605346934028e-79,5.397605346934028e-79,5.397605346934028e-79,5.397605346934028e-79,0.0,0.0,574.0,0
76613.0,2013-2014,32.0,177.8,73.3,23.2,85.1,1.0,5.397605346934028e-79,5.397605346934028e-79,5.397605346934028e-79,0.0,0.0,351.0,0
76622.0,2013-2014,22.0,186.4,90.7,26.1,97.3,3.0,3.0,5.397605346934028e-79,2.0,0.0,0.0,298.0,1
76624.0,2013-2014,51.0,173.1,59.2,19.8,76.3,3.0,3.0,1.0,3.0,1.0,0.0,502.4,0
76629.0,2013-2014,25.0,179.3,114.3,35.6,107.2,1.0,5.397605346934028e-79,5.397605346934028e-79,5.397605346934028e-79,0.0,0.0,134.0,1
76632.0,2013-2014,49.0,166.1,50.2,18.2,73.8,,,,,0.0,0.0,461.0,0
76633.0,2013-2014,48.0,175.2,74.9,24.4,90.4,1.0,5.397605346934028e-79,5.397605346934028e-79,5.397605346934028e-79,0.0,0.0,377.0,0
76635.0,2013-2014,59.0,170.0,66.9,23.1,90.9,5.397605346934028e-79,1.0,5.397605346934028e-79,5.397605346934028e-79,0.0,0.0,373.0,0
76639.0,2013-2014,43.0,170.5,59.3,20.4,75.4,5.397605346934028e-79,5.397605346934028e-79,5.397605346934028e-79,5.397605346934028e-79,0.0,0.0,687.0,0
76645.0,2013-2014,52.0,168.3,69.1,24.4,92.3,5.397605346934028e-79,5.397605346934028e-79,5.397605346934028e-79,1.0,1.0,1.0,564.44,0
76649.0,2013-2014,59.0,175.6,71.4,23.2,89.3,1.0,5.397605346934028e-79,1.0,5.397605346934028e-79,0.0,0.0,497.0,0
76670.0,2013-2014,49.0,176.8,84.6,27.1,96.0,5.397605346934028e-79,1.0,5.397605346934028e-79,5.397605346934028e-79,0.0,0.0,366.0,0
76675.0,2013-2014,48.0,183.6,81.0,24.0,93.5,1.0,1.0,5.397605346934028e-79,1.0,1.0,1.0,318.0,0
76686.0,2013-2014,34.0,178.8,88.0,27.5,94.4,5.397605346934028e-79,5.397605346934028e-79,5.397605346934028e-79,3.0,0.0,0.0,268.0,1
76691.0,2013-2014,38.0,171.1,76.3,26.1,95.9,5.397605346934028e-79,5.397605346934028e-79,5.397605346934028e-79,5.397605346934028e-79,0.0,0.0,563.0,0
76697.0,2013-2014,24.0,183.2,81.8,24.4,92.0,5.397605346934028e-79,5.397605346934028e-79,5.397605346934028e-79,5.397605346934028e-79,0.0,0.0,633.0,0
76700.0,2013-2014,53.0,162.8,89.7,33.8,109.5,5.397605346934028e-79,1.0,5.397605346934028e-79,5.397605346934028e-79,0.0,0.0,308.0,0
76703.0,2013-2014,36.0,186.3,96.4,27.8,102.8,5.397605346934028e-79,5.397605346934028e-79,5.397605346934028e-79,5.397605346934028e-79,0.0,0.0,783.0,0
76706.0,2013-2014,60.0,175.3,70.3,22.9,93.1,,,,,0.0,0.0,544.0,0
76708.0,2013-2014,23.0,162.8,66.2,25.0,75.5,1.0,1.0,5.397605346934028e-79,5.397605346934028e-79,0.0,0.0,469.0,0
76730.0,2013-2014,58.0,185.4,101.2,29.4,113.4,1.0,5.397605346934028e-79,5.397605346934028e-79,5.397605346934028e-79,0.0,0.0,353.96,0
76731.0,2013-2014,41.0,170.2,81.3,28.1,99.4,5.397605346934028e-79,5.397605346934028e-79,5.397605346934028e-79,1.0,0.0,0.0,285.0,1
76742.0,2013-2014,40.0,172.3,82.2,27.7,100.2,5.397605346934028e-79,5.397605346934028e-79,5.397605346934028e-79,5.397605346934028e-79,0.0,0.0,273.0,1
76746.0,2013-2014,55.0,176.5,87.1,28.0,104.6,2.0,1.0,5.397605346934028e-79,5.397605346934028e-79,0.0,0.0,429.15,0
76756.0,2013-2014,44.0,181.7,91.7,27.8,104.0,,,,,1.0,0.0,260.0,1
76771.0,2013-2014,33.0,172.0,84.7,28.6,101.9,1.0,5.397605346934028e-79,5.397605346934028e-79,1.0,0.0,0.0,245.0,1
76777.0,2013-2014,29.0,179.2,81.7,25.4,94.2,5.397605346934028e-79,1.0,5.397605346934028e-79,5.397605346934028e-79,0.0,0.0,586.0,0
76799.0,2013-2014,36.0,170.1,76.8,26.5,96.0,1.0,5.397605346934028e-79,5.397605346934028e-79,5.397605346934028e-79,1.0,0.0,525.0,0
76802.0,2013-2014,57.0,169.8,74.4,25.8,90.4,5.397605346934028e-79,2.0,5.397605346934028e-79,5.397605346934028e-79,0.0,0.0,496.0,0
76815.0,2013-2014,44.0,178.5,105.5,33.1,111.3,3.0,3.0,3.0,3.0,1.0,0.0,395.0,0
76817.0,2013-2014,54.0,175.1,60.2,19.6,75.3,5.397605346934028e-79,3.0,5.397605346934028e-79,5.397605346934028e-79,0.0,0.0,962.0,0
76825.0,2013-2014,28.0,165.1,79.1,29.0,95.0,1.0,1.0,5.397605346934028e-79,5.397605346934028e-79,1.0,0.0,456.0,0
76826.0,2013-2014,23.0,176.3,65.3,21.0,79.1,1.0,5.397605346934028e-79,5.397605346934028e-79,2.0,0.0,0.0,530.0,0
76837.0,2013-2014,40.0,167.5,63.6,22.7,79.5,2.0,5.397605346934028e-79,5.397605346934028e-79,5.397605346934028e-79,0.0,0.0,378.0,0
76843.0,2013-2014,59.0,175.6,117.5,38.1,129.1,,,,,0.0,1.0,236.0,1
76854.0,2013-2014,36.0,179.6,108.0,33.5,112.9,5.397605346934028e-79,5.397605346934028e-79,5.397605346934028e-79,5.397605346934028e-79,0.0,0.0,320.0,0
76856.0,2013-2014,20.0,172.1,81.6,27.6,97.0,5.397605346934028e-79,5.397605346934028e-79,1.0,5.397605346934028e-79,0.0,0.0,398.0,0
76859.0,2013-2014,32.0,161.0,75.0,28.9,96.2,5.397605346934028e-79,2.0,5.397605346934028e-79,5.397605346934028e-79,0.0,0.0,441.0,0
76867.0,2013-2014,51.0,170.9,75.1,25.7,87.0,5.397605346934028e-79,5.397605346934028e-79,5.397605346934028e-79,5.397605346934028e-79,0.0,0.0,380.0,0
76868.0,2013-2014,55.0,197.0,143.1,36.9,138.3,5.397605346934028e-79,5.397605346934028e-79,1.0,1.0,0.0,0.0,407.0,0
76878.0,2013-2014,30.0,188.2,131.8,37.2,124.8,5.397605346934028e-79,5.397605346934028e-79,5.397605346934028e-79,5.397605346934028e-79,1.0,0.0,327.0,0
76885.0,2013-2014,51.0,170.0,90.6,31.3,105.7,1.0,5.397605346934028e-79,5.397605346934028e-79,5.397605346934028e-79,0.0,0.0,341.41,0
76886.0,2013-2014,54.0,163.6,71.3,26.6,92.6,1.0,3.0,2.0,3.0,0.0,0.0,695.0,0
76898.0,2013-2014,19.0,171.7,66.3,22.5,79.2,1.0,5.397605346934028e-79,5.397605346934028e-79,5.397605346934028e-79,0.0,0.0,294.0,1
76899.0,2013-2014,60.0,169.7,66.2,23.0,84.1,1.0,1.0,1.0,1.0,1.0,0.0,309.0,0
76902.0,2013-2014,56.0,182.1,94.7,28.6,106.4,5.397605346934028e-79,1.0,5.397605346934028e-79,5.397605346934028e-79,1.0,0.0,471.42,0
76903.0,2013-2014,34.0,182.1,68.6,20.7,78.5,1.0,1.0,5.397605346934028e-79,1.0,1.0,0.0,499.0,0
76907.0,2013-2014,32.0,184.6,87.6,25.7,97.5,5.397605346934028e-79,5.397605346934028e-79,5.397605346934028e-79,5.397605346934028e-79,0.0,0.0,265.0,1
76919.0,2013-2014,37.0,173.2,77.2,25.7,90.4,1.0,5.397605346934028e-79,1.0,1.0,0.0,0.0,784.0,0
76924.0,2013-2014,19.0,182.7,72.4,21.7,77.8,1.0,5.397605346934028e-79,5.397605346934028e-79,2.0,0.0,0.0,555.89,0
76928.0,2013-2014,57.0,173.2,80.7,26.9,,5.397605346934028e-79,5.397605346934028e-79,5.397605346934028e-79,5.397605346934028e-79,1.0,1.0,212.0,1
76929.0,2013-2014,19.0,180.2,71.4,22.0,77.5,1.0,1.0,1.0,1.0,0.0,0.0,685.0,0
76934.0,2013-2014,41.0,172.8,74.7,25.0,93.4,1.0,5.397605346934028e-79,5.397605346934028e-79,5.397605346934028e-79,0.0,0.0,447.0,0
76935.0,2013-2014,43.0,170.8,69.4,23.8,82.6,5.397605346934028e-79,5.397605346934028e-79,5.397605346934028e-79,5.397605346934028e-79,0.0,0.0,463.0,0
76937.0,2013-2014,39.0,175.9,86.2,27.9,94.0,1.0,3.0,5.397605346934028e-79,2.0,0.0,0.0,665.0,0
76940.0,2013-2014,21.0,176.9,76.8,24.5,83.9,1.0,5.397605346934028e-79,5.397605346934028e-79,5.397605346934028e-79,0.0,0.0,524.67,0
76953.0,2013-2014,41.0,172.4,76.6,25.8,90.3,2.0,5.397605346934028e-79,5.397605346934028e-79,5.397605346934028e-79,0.0,0.0,406.0,0
76954.0,2013-2014,48.0,171.2,88.0,30.0,95.1,2.0,3.0,3.0,3.0,0.0,0.0,386.0,0
76955.0,2013-2014,38.0,184.3,79.8,23.5,79.4,5.397605346934028e-79,5.397605346934028e-79,5.397605346934028e-79,5.397605346934028e-79,0.0,0.0,345.0,0
76960.0,2013-2014,59.0,177.1,63.5,20.2,84.5,5.397605346934028e-79,5.397605346934028e-79,5.397605346934028e-79,5.397605346934028e-79,0.0,0.0,490.0,0
76963.0,2013-2014,39.0,178.0,76.3,24.1,89.1,5.397605346934028e-79,5.397605346934028e-79,5.397605346934028e-79,5.397605346934028e-79,0.0,0.0,313.0,0
76965.0,2013-2014,35.0,157.0,74.2,30.1,98.5,5.397605346934028e-79,5.397605346934028e-79,5.397605346934028e-79,5.397605346934028e-79,0.0,0.0,539.0,0
76968.0,2013-2014,34.0,178.5,124.8,39.2,118.9,5.397605346934028e-79,1.0,5.397605346934028e-79,5.397605346934028e-79,0.0,0.0,273.0,1
76969.0,2013-2014,52.0,185.0,77.7,22.7,97.2,5.397605346934028e-79,5.397605346934028e-79,1.0,5.397605346934028e-79,0.0,0.0,738.0,0
76972.0,2013-2014,57.0,167.2,78.0,27.9,92.8,1.0,1.0,1.0,1.0,0.0,1.0,477.0,0
76975.0,2013-2014,53.0,164.1,84.2,31.3,111.5,1.0,1.0,5.397605346934028e-79,5.397605346934028e-79,1.0,0.0,186.0,1
76984.0,2013-2014,43.0,181.9,156.7,47.4,144.3,1.0,1.0,5.397605346934028e-79,5.397605346934028e-79,0.0,1.0,236.3,1
76990.0,2013-2014,21.0,181.4,70.2,21.3,82.7,2.0,2.0,5.397605346934028e-79,1.0,0.0,0.0,720.59,0
76996.0,2013-2014,36.0,166.9,70.2,25.2,85.3,1.0,5.397605346934028e-79,1.0,5.397605346934028e-79,0.0,0.0,191.0,1
76999.0,2013-2014,19.0,165.3,63.4,23.2,78.2,5.397605346934028e-79,5.397605346934028e-79,5.397605346934028e-79,5.397605346934028e-79,0.0,0.0,414.86,0
77003.0,2013-2014,42.0,167.8,75.4,26.8,96.0,,,,,1.0,0.0,349.0,0
77010.0,2013-2014,44.0,163.8,68.7,25.6,87.6,5.397605346934028e-79,5.397605346934028e-79,5.397605346934028e-79,5.397605346934028e-79,1.0,1.0,551.37,0
77013.0,2013-2014,25.0,176.8,65.0,20.8,83.8,5.397605346934028e-79,5.397605346934028e-79,5.397605346934028e-79,5.397605346934028e-79,0.0,0.0,619.0,0
77017.0,2013-2014,34.0,172.2,95.6,32.2,104.5,5.397605346934028e-79,5.397605346934028e-79,5.397605346934028e-79,5.397605346934028e-79,1.0,0.0,347.0,0
77020.0,2013-2014,47.0,172.3,92.5,31.2,100.0,1.0,5.397605346934028e-79,5.397605346934028e-79,5.397605346934028e-79,0.0,0.0,330.5,0
77021.0,2013-2014,43.0,188.8,104.1,29.2,101.8,5.397605346934028e-79,5.397605346934028e-79,5.397605346934028e-79,5.397605346934028e-79,0.0,0.0,518.31,0
77022.0,2013-2014,54.0,152.2,50.6,21.8,78.0,5.397605346934028e-79,5.397605346934028e-79,5.397605346934028e-79,5.397605346934028e-79,0.0,0.0,719.0,0
77024.0,2013-2014,25.0,171.8,119.4,40.5,120.5,5.397605346934028e-79,5.397605346934028e-79,5.397605346934028e-79,3.0,0.0,0.0,421.0,0
77025.0,2013-2014,55.0,154.8,52.8,22.0,79.5,,,,,0.0,0.0,616.0,0
77028.0,2013-2014,54.0,165.7,85.4,31.1,99.7,,,,,0.0,0.0,382.0,0
77029.0,2013-2014,48.0,171.2,76.8,26.2,93.5,5.397605346934028e-79,5.397605346934028e-79,5.397605346934028e-79,5.397605346934028e-79,0.0,0.0,241.0,1
77033.0,2013-2014,21.0,174.1,148.7,49.1,139.4,5.397605346934028e-79,5.397605346934028e-79,5.397605346934028e-79,5.397605346934028e-79,0.0,0.0,435.74,0
77045.0,2013-2014,30.0,189.7,166.2,46.2,145.7,1.0,2.0,1.0,1.0,1.0,1.0,211.24,1
77047.0,2013-2014,28.0,163.6,70.6,26.4,84.1,5.397605346934028e-79,5.397605346934028e-79,5.397605346934028e-79,5.397605346934028e-79,0.0,0.0,580.0,0
77050.0,2013-2014,31.0,177.8,113.4,35.9,118.7,5.397605346934028e-79,5.397605346934028e-79,5.397605346934028e-79,5.397605346934028e-79,0.0,0.0,383.0,0
77054.0,2013-2014,54.0,167.8,69.9,24.8,91.5,2.0,2.0,5.397605346934028e-79,5.397605346934028e-79,1.0,0.0,291.0,1
77070.0,2013-2014,30.0,168.3,66.2,23.4,81.5,5.397605346934028e-79,5.397605346934028e-79,5.397605346934028e-79,5.397605346934028e-79,0.0,0.0,337.0,0
77076.0,2013-2014,35.0,193.8,126.4,33.7,111.6,5.397605346934028e-79,5.397605346934028e-79,5.397605346934028e-79,5.397605346934028e-79,0.0,0.0,660.0,0
77077.0,2013-2014,50.0,167.2,207.2,74.1,177.9,3.0,3.0,2.0,2.0,1.0,0.0,79.8,1
77095.0,2013-2014,46.0,180.0,83.3,25.7,90.5,5.397605346934028e-79,5.397605346934028e-79,5.397605346934028e-79,5.397605346934028e-79,1.0,1.0,422.0,0
77097.0,2013-2014,25.0,171.1,63.1,21.6,80.7,5.397605346934028e-79,5.397605346934028e-79,5.397605346934028e-79,5.397605346934028e-79,0.0,0.0,213.87,1
77098.0,2013-2014,34.0,190.7,90.1,24.8,88.4,5.397605346934028e-79,5.397605346934028e-79,5.397605346934028e-79,5.397605346934028e-79,0.0,0.0,342.07,0
77108.0,2013-2014,19.0,172.8,80.1,26.8,87.4,2.0,1.0,5.397605346934028e-79,5.397605346934028e-79,0.0,0.0,254.0,1
77109.0,2013-2014,38.0,167.5,92.9,33.1,109.1,5.397605346934028e-79,5.397605346934028e-79,5.397605346934028e-79,5.397605346934028e-79,0.0,0.0,523.0,0
77116.0,2013-2014,21.0,168.5,54.8,19.3,69.5,5.397605346934028e-79,5.397605346934028e-79,5.397605346934028e-79,5.397605346934028e-79,0.0,0.0,551.0,0
77128.0,2013-2014,19.0,162.6,79.5,30.1,102.3,1.0,5.397605346934028e-79,1.0,5.397605346934028e-79,0.0,0.0,336.0,0
77132.0,2013-2014,25.0,159.2,58.7,23.2,83.0,5.397605346934028e-79,5.397605346934028e-79,5.397605346934028e-79,5.397605346934028e-79,0.0,0.0,389.0,0
77140.0,2013-2014,58.0,184.2,96.0,28.3,108.3,,,,,1.0,1.0,284.0,1
77147.0,2013-2014,45.0,174.8,83.8,27.4,97.6,,,,,1.0,0.0,284.0,1
77150.0,2013-2014,31.0,178.6,107.4,33.7,117.5,5.397605346934028e-79,5.397605346934028e-79,5.397605346934028e-79,5.397605346934028e-79,1.0,0.0,335.0,0
77151.0,2013-2014,34.0,185.0,71.8,21.0,82.2,1.0,5.397605346934028e-79,5.397605346934028e-79,5.397605346934028e-79,0.0,0.0,429.69,0
77156.0,2013-2014,30.0,171.9,93.1,31.5,107.9,5.397605346934028e-79,5.397605346934028e-79,5.397605346934028e-79,5.397605346934028e-79,0.0,0.0,176.0,1
77158.0,2013-2014,20.0,173.9,69.9,23.1,81.7,5.397605346934028e-79,5.397605346934028e-79,5.397605346934028e-79,5.397605346934028e-79,0.0,0.0,322.0,0
77160.0,2013-2014,52.0,176.3,178.1,57.3,160.7,1.0,1.0,1.0,1.0,0.0,1.0,138.0,1
77172.0,2013-2014,42.0,168.7,66.8,23.5,85.2,5.397605346934028e-79,5.397605346934028e-79,5.397605346934028e-79,5.397605346934028e-79,0.0,0.0,192.0,1
77174.0,2013-2014,22.0,176.0,86.6,28.0,93.5,1.0,1.0,5.397605346934028e-79,5.397605346934028e-79,0.0,0.0,364.0,0
77177.0,2013-2014,48.0,170.1,80.4,27.8,100.3,5.397605346934028e-79,5.397605346934028e-79,5.397605346934028e-79,5.397605346934028e-79,1.0,0.0,272.0,1
77192.0,2013-2014,57.0,174.4,97.8,32.2,111.1,1.0,5.397605346934028e-79,5.397605346934028e-79,5.397605346934028e-79,1.0,0.0,608.0,0
77194.0,2013-2014,60.0,172.3,88.4,29.8,107.0,5.397605346934028e-79,5.397605346934028e-79,5.397605346934028e-79,5.397605346934028e-79,0.0,0.0,529.5,0
77196.0,2013-2014,41.0,177.6,85.7,27.2,105.4,5.397605346934028e-79,5.397605346934028e-79,1.0,5.397605346934028e-79,0.0,0.0,342.0,0
77213.0,2013-2014,24.0,188.3,82.8,23.4,94.0,5.397605346934028e-79,5.397605346934028e-79,5.397605346934028e-79,5.397605346934028e-79,0.0,0.0,367.74,0
77215.0,2013-2014,38.0,180.4,116.5,35.8,115.7,5.397605346934028e-79,5.397605346934028e-79,5.397605346934028e-79,5.397605346934028e-79,0.0,0.0,333.0,0
77228.0,2013-2014,27.0,189.9,110.7,30.7,97.0,1.0,5.397605346934028e-79,5.397605346934028e-79,5.397605346934028e-79,0.0,0.0,486.0,0
77229.0,2013-2014,48.0,176.3,107.5,34.6,108.0,5.397605346934028e-79,5.397605346934028e-79,5.397605346934028e-79,5.397605346934028e-79,1.0,0.0,326.41,0
77240.0,2013-2014,35.0,172.1,68.7,23.2,80.7,1.0,3.0,5.397605346934028e-79,5.397605346934028e-79,0.0,0.0,634.0,0
77241.0,2013-2014,27.0,166.9,71.4,25.6,84.3,1.0,5.397605346934028e-79,5.397605346934028e-79,5.397605346934028e-79,0.0,0.0,543.0,0
77254.0,2013-2014,36.0,176.0,70.5,22.8,79.2,3.0,3.0,2.0,3.0,1.0,0.0,512.0,0
77256.0,2013-2014,30.0,188.9,101.9,28.6,110.2,1.0,5.397605346934028e-79,5.397605346934028e-79,5.397605346934028e-79,1.0,0.0,337.0,0
77259.0,2013-2014,24.0,174.5,65.9,21.6,82.6,5.397605346934028e-79,1.0,5.397605346934028e-79,5.397605346934028e-79,0.0,0.0,259.0,1
77269.0,2013-2014,19.0,172.0,119.4,40.4,122.2,5.397605346934028e-79,5.397605346934028e-79,5.397605346934028e-79,5.397605346934028e-79,0.0,0.0,180.04,1
77275.0,2013-2014,60.0,169.0,82.6,28.9,102.6,5.397605346934028e-79,5.397605346934028e-79,5.397605346934028e-79,5.397605346934028e-79,0.0,0.0,259.0,1
77277.0,2013-2014,53.0,182.9,101.7,30.4,110.2,2.0,1.0,5.397605346934028e-79,5.397605346934028e-79,0.0,0.0,210.76,1
77280.0,2013-2014,42.0,173.7,76.2,25.3,97.5,2.0,5.397605346934028e-79,5.397605346934028e-79,5.397605346934028e-79,1.0,1.0,330.0,0
77282.0,2013-2014,20.0,158.3,82.5,32.9,94.8,5.397605346934028e-79,5.397605346934028e-79,5.397605346934028e-79,5.397605346934028e-79,0.0,0.0,365.0,0
77289.0,2013-2014,24.0,173.3,85.3,28.4,91.6,5.397605346934028e-79,5.397605346934028e-79,5.397605346934028e-79,5.397605346934028e-79,0.0,0.0,578.08,0
77300.0,2013-2014,24.0,176.9,99.9,31.9,99.0,5.397605346934028e-79,1.0,5.397605346934028e-79,5.397605346934028e-79,0.0,0.0,335.99,0
77302.0,2013-2014,23.0,170.2,66.5,23.0,90.4,1.0,5.397605346934028e-79,1.0,5.397605346934028e-79,0.0,0.0,396.0,0
77310.0,2013-2014,26.0,176.1,92.3,29.8,91.7,1.0,1.0,5.397605346934028e-79,5.397605346934028e-79,0.0,0.0,373.54,0
77311.0,2013-2014,38.0,167.7,108.0,38.4,125.2,5.397605346934028e-79,5.397605346934028e-79,5.397605346934028e-79,5.397605346934028e-79,1.0,1.0,226.0,1
77319.0,2013-2014,51.0,187.8,108.4,30.7,121.5,5.397605346934028e-79,5.397605346934028e-79,5.397605346934028e-79,5.397605346934028e-79,0.0,0.0,258.0,1
77322.0,2013-2014,24.0,181.5,68.3,20.7,78.2,5.397605346934028e-79,5.397605346934028e-79,5.397605346934028e-79,5.397605346934028e-79,0.0,0.0,324.78,0
77331.0,2013-2014,54.0,185.9,91.2,26.4,96.4,5.397605346934028e-79,5.397605346934028e-79,5.397605346934028e-79,5.397605346934028e-79,0.0,0.0,460.0,0
77332.0,2013-2014,36.0,174.4,136.3,44.8,139.5,1.0,2.0,1.0,1.0,1.0,0.0,312.0,0
77336.0,2013-2014,48.0,179.5,93.9,29.1,97.0,5.397605346934028e-79,1.0,5.397605346934028e-79,5.397605346934028e-79,1.0,0.0,460.0,0
77342.0,2013-2014,37.0,180.6,97.1,29.8,97.9,1.0,5.397605346934028e-79,1.0,1.0,0.0,0.0,359.61,0
77346.0,2013-2014,30.0,181.0,130.7,39.9,133.3,5.397605346934028e-79,5.397605346934028e-79,5.397605346934028e-79,5.397605346934028e-79,0.0,0.0,241.0,1
77360.0,2013-2014,41.0,179.7,108.4,33.6,115.6,5.397605346934028e-79,5.397605346934028e-79,5.397605346934028e-79,5.397605346934028e-79,1.0,0.0,380.0,0
77365.0,2013-2014,23.0,166.4,60.3,21.8,72.6,5.397605346934028e-79,5.397605346934028e-79,5.397605346934028e-79,5.397605346934028e-79,0.0,0.0,906.0,0
77376.0,2013-2014,60.0,176.0,80.7,26.1,95.7,1.0,1.0,5.397605346934028e-79,5.397605346934028e-79,,1.0,516.0,0
77377.0,2013-2014,36.0,177.5,109.9,34.9,111.5,,,,,0.0,0.0,321.0,0
77380.0,2013-2014,46.0,184.7,94.3,27.6,94.3,5.397605346934028e-79,1.0,5.397605346934028e-79,5.397605346934028e-79,0.0,0.0,523.0,0
77381.0,2013-2014,28.0,187.1,86.6,24.7,92.6,1.0,3.0,5.397605346934028e-79,5.397605346934028e-79,1.0,0.0,612.0,0
77385.0,2013-2014,52.0,172.8,78.8,26.4,93.1,5.397605346934028e-79,5.397605346934028e-79,5.397605346934028e-79,5.397605346934028e-79,1.0,0.0,1480.0,0
77387.0,2013-2014,44.0,186.2,96.8,27.9,102.1,,,,,0.0,0.0,315.0,0
77388.0,2013-2014,46.0,169.2,81.4,28.4,91.5,1.0,5.397605346934028e-79,1.0,5.397605346934028e-79,0.0,0.0,206.0,1
77391.0,2013-2014,36.0,171.9,107.6,36.4,118.8,1.0,1.0,5.397605346934028e-79,5.397605346934028e-79,1.0,0.0,298.24,1
77414.0,2013-2014,32.0,169.5,115.4,40.2,120.4,1.0,1.0,1.0,1.0,0.0,0.0,295.44,1
77419.0,2013-2014,24.0,187.2,92.5,26.4,94.2,1.0,5.397605346934028e-79,5.397605346934028e-79,5.397605346934028e-79,1.0,0.0,419.39,0
77440.0,2013-2014,19.0,162.9,73.1,27.5,84.4,5.397605346934028e-79,5.397605346934028e-79,5.397605346934028e-79,5.397605346934028e-79,0.0,0.0,659.0,0
77448.0,2013-2014,26.0,180.4,62.9,19.3,73.8,5.397605346934028e-79,5.397605346934028e-79,5.397605346934028e-79,5.397605346934028e-79,0.0,0.0,471.97,0
77452.0,2013-2014,27.0,170.7,84.9,29.1,98.2,3.0,5.397605346934028e-79,1.0,1.0,0.0,0.0,383.0,0
77458.0,2013-2014,50.0,198.2,119.8,30.5,108.0,5.397605346934028e-79,5.397605346934028e-79,5.397605346934028e-79,5.397605346934028e-79,1.0,0.0,179.19,1
77459.0,2013-2014,29.0,180.5,82.9,25.4,90.6,5.397605346934028e-79,5.397605346934028e-79,5.397605346934028e-79,1.0,0.0,0.0,532.0,0
77460.0,2013-2014,45.0,169.2,88.5,30.9,103.3,2.0,3.0,1.0,1.0,1.0,0.0,480.0,0
77468.0,2013-2014,54.0,163.7,78.6,29.3,92.7,5.397605346934028e-79,5.397605346934028e-79,5.397605346934028e-79,5.397605346934028e-79,0.0,0.0,516.67,0
77475.0,2013-2014,48.0,184.8,100.7,29.5,112.5,5.397605346934028e-79,5.397605346934028e-79,5.397605346934028e-79,5.397605346934028e-79,1.0,0.0,517.93,0
77477.0,2013-2014,59.0,165.1,81.7,30.0,94.1,5.397605346934028e-79,5.397605346934028e-79,5.397605346934028e-79,1.0,0.0,0.0,750.0,0
77483.0,2013-2014,45.0,186.9,89.4,25.6,94.0,1.0,5.397605346934028e-79,5.397605346934028e-79,5.397605346934028e-79,0.0,0.0,620.0,0
77484.0,2013-2014,40.0,176.2,74.8,24.1,86.6,5.397605346934028e-79,5.397605346934028e-79,5.397605346934028e-79,5.397605346934028e-79,0.0,0.0,513.0,0
77492.0,2013-2014,34.0,169.0,93.5,32.7,102.8,5.397605346934028e-79,5.397605346934028e-79,5.397605346934028e-79,5.397605346934028e-79,0.0,0.0,509.0,0
77499.0,2013-2014,31.0,178.4,101.3,31.8,111.2,5.397605346934028e-79,5.397605346934028e-79,1.0,5.397605346934028e-79,0.0,0.0,357.0,0
77503.0,2013-2014,59.0,181.6,92.8,28.1,101.5,5.397605346934028e-79,5.397605346934028e-79,2.0,2.0,0.0,0.0,345.0,0
77507.0,2013-2014,43.0,177.4,88.8,28.2,103.7,,,,,1.0,0.0,284.0,1
77509.0,2013-2014,53.0,187.1,110.2,31.5,107.2,5.397605346934028e-79,5.397605346934028e-79,5.397605346934028e-79,5.397605346934028e-79,1.0,0.0,335.33,0
77513.0,2013-2014,34.0,177.8,78.2,24.7,86.5,5.397605346934028e-79,5.397605346934028e-79,5.397605346934028e-79,5.397605346934028e-79,0.0,0.0,1016.01,0
77521.0,2013-2014,41.0,172.8,83.3,27.9,91.7,1.0,5.397605346934028e-79,5.397605346934028e-79,5.397605346934028e-79,0.0,0.0,257.57,1
77527.0,2013-2014,47.0,167.8,68.8,24.4,83.4,,,,,0.0,0.0,468.23,0
77528.0,2013-2014,40.0,171.1,82.1,28.0,98.6,1.0,1.0,5.397605346934028e-79,1.0,1.0,0.0,291.0,1
77538.0,2013-2014,23.0,165.8,65.3,23.8,84.1,5.397605346934028e-79,5.397605346934028e-79,5.397605346934028e-79,5.397605346934028e-79,0.0,0.0,507.0,0
77540.0,2013-2014,43.0,163.7,69.5,25.9,94.0,5.397605346934028e-79,5.397605346934028e-79,5.397605346934028e-79,5.397605346934028e-79,1.0,0.0,314.0,0
77541.0,2013-2014,60.0,179.66,79.7,24.7,90.3,5.397605346934028e-79,5.397605346934028e-79,5.397605346934028e-79,5.397605346934028e-79,0.0,0.0,745.0,0
77542.0,2013-2014,42.0,172.7,94.4,31.7,113.9,1.0,1.0,5.397605346934028e-79,5.397605346934028e-79,1.0,0.0,452.0,0
77543.0,2013-2014,43.0,185.6,88.3,25.6,99.1,1.0,5.397605346934028e-79,5.397605346934028e-79,5.397605346934028e-79,0.0,0.0,194.16,1
77546.0,2013-2014,20.0,179.8,109.1,33.7,99.7,5.397605346934028e-79,5.397605346934028e-79,5.397605346934028e-79,5.397605346934028e-79,0.0,0.0,302.96,0
77547.0,2013-2014,36.0,175.3,115.0,37.4,120.8,5.397605346934028e-79,5.397605346934028e-79,5.397605346934028e-79,5.397605346934028e-79,1.0,0.0,150.0,1
77550.0,2013-2014,26.0,173.9,131.3,43.4,132.8,5.397605346934028e-79,5.397605346934028e-79,5.397605346934028e-79,5.397605346934028e-79,0.0,0.0,469.0,0
77556.0,2013-2014,24.0,188.3,102.4,28.9,110.7,5.397605346934028e-79,5.397605346934028e-79,5.397605346934028e-79,5.397605346934028e-79,0.0,0.0,222.0,1
77563.0,2013-2014,36.0,173.9,91.0,30.1,105.0,5.397605346934028e-79,1.0,5.397605346934028e-79,1.0,0.0,0.0,230.0,1
77572.0,2013-2014,57.0,183.1,82.2,24.5,101.1,5.397605346934028e-79,5.397605346934028e-79,5.397605346934028e-79,5.397605346934028e-79,0.0,0.0,398.0,0
77575.0,2013-2014,30.0,179.7,89.0,27.6,103.6,1.0,1.0,2.0,5.397605346934028e-79,1.0,0.0,250.0,1
77578.0,2013-2014,45.0,176.3,93.2,30.0,104.5,5.397605346934028e-79,5.397605346934028e-79,5.397605346934028e-79,5.397605346934028e-79,0.0,0.0,234.0,1
77585.0,2013-2014,36.0,179.1,128.6,40.1,119.9,1.0,1.0,1.0,1.0,0.0,0.0,599.89,0
77587.0,2013-2014,20.0,167.7,105.3,37.4,114.8,1.0,5.397605346934028e-79,1.0,5.397605346934028e-79,0.0,0.0,202.0,1
77591.0,2013-2014,23.0,180.6,163.5,50.1,,5.397605346934028e-79,5.397605346934028e-79,5.397605346934028e-79,5.397605346934028e-79,0.0,0.0,498.0,0
77596.0,2013-2014,49.0,169.4,68.2,23.8,89.6,5.397605346934028e-79,5.397605346934028e-79,5.397605346934028e-79,5.397605346934028e-79,0.0,1.0,426.0,0
77597.0,2013-2014,58.0,164.0,71.4,26.5,93.1,1.0,5.397605346934028e-79,2.0,1.0,0.0,0.0,111.0,1
77601.0,2013-2014,42.0,174.7,107.6,35.3,114.4,5.397605346934028e-79,1.0,5.397605346934028e-79,1.0,0.0,1.0,323.0,0
77604.0,2013-2014,25.0,176.8,158.5,50.7,150.9,5.397605346934028e-79,5.397605346934028e-79,5.397605346934028e-79,5.397605346934028e-79,0.0,0.0,195.61,1
77605.0,2013-2014,55.0,179.1,79.1,24.7,87.8,2.0,5.397605346934028e-79,5.397605346934028e-79,1.0,1.0,0.0,472.74,0
77612.0,2013-2014,22.0,176.5,176.5,56.7,148.5,5.397605346934028e-79,5.397605346934028e-79,5.397605346934028e-79,5.397605346934028e-79,0.0,0.0,189.0,1
77613.0,2013-2014,19.0,158.8,64.1,25.4,85.1,1.0,1.0,5.397605346934028e-79,5.397605346934028e-79,0.0,0.0,494.0,0
77617.0,2013-2014,34.0,180.7,88.1,27.0,,1.0,1.0,1.0,1.0,0.0,0.0,746.23,0
77630.0,2013-2014,45.0,169.6,87.7,30.5,110.1,1.0,1.0,5.397605346934028e-79,5.397605346934028e-79,0.0,0.0,222.0,1
77640.0,2013-2014,46.0,173.0,67.0,22.4,86.6,1.0,2.0,1.0,2.0,1.0,0.0,552.0,0
77644.0,2013-2014,60.0,181.7,98.8,29.9,110.1,3.0,3.0,3.0,3.0,0.0,0.0,409.0,0
77656.0,2013-2014,40.0,174.7,76.9,25.2,104.0,5.397605346934028e-79,1.0,1.0,5.397605346934028e-79,0.0,0.0,492.0,0
77666.0,2013-2014,42.0,181.0,118.7,36.2,121.5,1.0,5.397605346934028e-79,5.397605346934028e-79,5.397605346934028e-79,1.0,0.0,334.0,0
77667.0,2013-2014,58.0,192.0,92.7,25.1,99.2,,,,,0.0,0.0,308.0,0
77668.0,2013-2014,47.0,182.8,123.3,36.9,123.7,5.397605346934028e-79,1.0,5.397605346934028e-79,5.397605346934028e-79,0.0,0.0,136.48,1
77670.0,2013-2014,25.0,174.7,65.5,21.5,75.0,5.397605346934028e-79,5.397605346934028e-79,5.397605346934028e-79,1.0,0.0,0.0,607.0,0
77673.0,2013-2014,26.0,171.7,63.9,21.7,76.6,,,,,0.0,0.0,419.0,0
77675.0,2013-2014,33.0,168.9,58.8,20.6,80.7,5.397605346934028e-79,5.397605346934028e-79,5.397605346934028e-79,1.0,0.0,0.0,670.0,0
77678.0,2013-2014,34.0,182.4,75.6,22.7,86.1,1.0,5.397605346934028e-79,1.0,5.397605346934028e-79,0.0,0.0,373.0,0
77679.0,2013-2014,29.0,170.4,156.8,54.0,142.3,5.397605346934028e-79,5.397605346934028e-79,5.397605346934028e-79,5.397605346934028e-79,0.0,0.0,353.0,0
77680.0,2013-2014,22.0,176.7,95.4,30.6,95.4,1.0,5.397605346934028e-79,5.397605346934028e-79,5.397605346934028e-79,0.0,0.0,655.0,0
77682.0,2013-2014,50.0,176.9,95.3,30.5,104.7,5.397605346934028e-79,5.397605346934028e-79,5.397605346934028e-79,5.397605346934028e-79,1.0,1.0,319.7,0
77696.0,2013-2014,37.0,185.3,92.3,26.9,99.5,3.0,2.0,5.397605346934028e-79,2.0,0.0,0.0,580.0,0
77707.0,2013-2014,38.0,169.3,63.4,22.1,82.0,1.0,1.0,5.397605346934028e-79,5.397605346934028e-79,0.0,0.0,101.0,1
77716.0,2013-2014,20.0,188.6,89.1,25.0,86.4,5.397605346934028e-79,5.397605346934028e-79,5.397605346934028e-79,5.397605346934028e-79,0.0,0.0,612.0,0
77717.0,2013-2014,48.0,185.7,131.7,38.2,128.8,5.397605346934028e-79,5.397605346934028e-79,5.397605346934028e-79,5.397605346934028e-79,1.0,1.0,334.0,0
77718.0,2013-2014,21.0,168.6,53.9,19.0,74.5,1.0,3.0,5.397605346934028e-79,1.0,0.0,0.0,683.61,0
77720.0,2013-2014,34.0,179.5,119.8,37.2,128.7,1.0,5.397605346934028e-79,5.397605346934028e-79,5.397605346934028e-79,0.0,1.0,263.0,1
77721.0,2013-2014,46.0,161.5,55.2,21.2,78.0,5.397605346934028e-79,5.397605346934028e-79,5.397605346934028e-79,5.397605346934028e-79,0.0,0.0,389.0,0
77723.0,2013-2014,27.0,184.3,74.2,21.8,80.8,1.0,5.397605346934028e-79,5.397605346934028e-79,5.397605346934028e-79,0.0,0.0,221.0,1
77736.0,2013-2014,58.0,178.9,89.4,27.9,104.7,3.0,5.397605346934028e-79,3.0,3.0,1.0,0.0,570.24,0
77742.0,2013-2014,19.0,173.6,69.2,23.0,75.0,5.397605346934028e-79,5.397605346934028e-79,5.397605346934028e-79,5.397605346934028e-79,0.0,0.0,804.73,0
77745.0,2013-2014,33.0,186.5,89.8,25.8,92.8,1.0,3.0,5.397605346934028e-79,1.0,0.0,0.0,337.0,0
77746.0,2013-2014,36.0,183.6,79.4,23.6,85.0,1.0,5.397605346934028e-79,5.397605346934028e-79,5.397605346934028e-79,0.0,0.0,557.0,0
77747.0,2013-2014,27.0,179.4,64.6,20.1,69.4,5.397605346934028e-79,5.397605346934028e-79,5.397605346934028e-79,5.397605346934028e-79,0.0,0.0,814.0,0
77750.0,2013-2014,59.0,185.3,141.9,41.3,138.7,5.397605346934028e-79,2.0,5.397605346934028e-79,5.397605346934028e-79,1.0,0.0,295.0,1
77756.0,2013-2014,55.0,173.0,119.0,39.8,129.8,1.0,5.397605346934028e-79,5.397605346934028e-79,5.397605346934028e-79,1.0,0.0,258.0,1
77771.0,2013-2014,33.0,182.8,89.8,26.9,92.0,1.0,5.397605346934028e-79,5.397605346934028e-79,1.0,1.0,0.0,363.59,0
77772.0,2013-2014,56.0,187.2,154.5,44.1,146.4,1.0,5.397605346934028e-79,5.397605346934028e-79,5.397605346934028e-79,1.0,1.0,427.84,0
77780.0,2013-2014,50.0,170.6,70.9,24.4,88.8,5.397605346934028e-79,2.0,5.397605346934028e-79,5.397605346934028e-79,0.0,0.0,668.0,0
77781.0,2013-2014,25.0,183.5,108.6,32.3,111.5,5.397605346934028e-79,1.0,5.397605346934028e-79,1.0,0.0,0.0,480.36,0
77791.0,2013-2014,31.0,174.2,69.6,22.9,79.3,5.397605346934028e-79,1.0,5.397605346934028e-79,5.397605346934028e-79,0.0,0.0,436.95,0
77801.0,2013-2014,33.0,165.7,67.5,24.6,82.4,1.0,5.397605346934028e-79,1.0,1.0,0.0,0.0,766.0,0
77803.0,2013-2014,51.0,167.4,60.7,21.7,84.4,5.397605346934028e-79,5.397605346934028e-79,5.397605346934028e-79,5.397605346934028e-79,0.0,0.0,327.0,0
77806.0,2013-2014,23.0,173.2,66.8,22.3,78.2,1.0,3.0,5.397605346934028e-79,5.397605346934028e-79,0.0,0.0,783.0,0
77807.0,2013-2014,30.0,172.1,88.6,29.9,96.8,5.397605346934028e-79,5.397605346934028e-79,5.397605346934028e-79,5.397605346934028e-79,0.0,0.0,700.28,0
77808.0,2013-2014,49.0,183.3,138.7,41.3,,3.0,3.0,5.397605346934028e-79,5.397605346934028e-79,1.0,1.0,172.0,1
77811.0,2013-2014,55.0,173.9,74.5,24.6,92.1,5.397605346934028e-79,5.397605346934028e-79,5.397605346934028e-79,1.0,0.0,0.0,449.0,0
77813.0,2013-2014,27.0,186.4,74.6,21.5,87.3,1.0,2.0,5.397605346934028e-79,1.0,0.0,0.0,347.0,0
77821.0,2013-2014,23.0,159.7,56.8,22.3,74.3,5.397605346934028e-79,5.397605346934028e-79,5.397605346934028e-79,5.397605346934028e-79,0.0,0.0,642.39,0
77836.0,2013-2014,26.0,161.5,56.6,21.7,77.6,5.397605346934028e-79,5.397605346934028e-79,5.397605346934028e-79,5.397605346934028e-79,0.0,0.0,274.0,1
77838.0,2013-2014,33.0,199.4,112.5,28.3,97.1,5.397605346934028e-79,5.397605346934028e-79,5.397605346934028e-79,5.397605346934028e-79,0.0,0.0,508.07,0
77840.0,2013-2014,53.0,170.3,67.1,23.1,86.1,5.397605346934028e-79,5.397605346934028e-79,1.0,5.397605346934028e-79,0.0,0.0,552.0,0
77841.0,2013-2014,56.0,177.4,89.3,28.4,102.0,1.0,1.0,5.397605346934028e-79,5.397605346934028e-79,0.0,0.0,258.0,1
77843.0,2013-2014,42.0,169.1,106.6,37.3,119.6,1.0,5.397605346934028e-79,5.397605346934028e-79,5.397605346934028e-79,0.0,0.0,395.0,0
77844.0,2013-2014,20.0,173.0,78.5,26.2,95.0,1.0,1.0,5.397605346934028e-79,5.397605346934028e-79,0.0,0.0,295.0,1
77845.0,2013-2014,46.0,169.1,106.8,37.3,115.8,1.0,5.397605346934028e-79,5.397605346934028e-79,5.397605346934028e-79,0.0,0.0,142.0,1
77851.0,2013-2014,45.0,182.5,99.1,29.8,106.6,5.397605346934028e-79,5.397605346934028e-79,5.397605346934028e-79,5.397605346934028e-79,0.0,0.0,278.0,1
77855.0,2013-2014,23.0,169.7,68.9,23.9,81.8,5.397605346934028e-79,5.397605346934028e-79,5.397605346934028e-79,5.397605346934028e-79,0.0,0.0,573.0,0
77856.0,2013-2014,33.0,183.3,71.5,21.3,87.0,1.0,5.397605346934028e-79,5.397605346934028e-79,1.0,0.0,0.0,757.83,0
77864.0,2013-2014,40.0,179.8,101.5,31.4,94.6,1.0,5.397605346934028e-79,5.397605346934028e-79,5.397605346934028e-79,0.0,0.0,649.0,0
77865.0,2013-2014,38.0,183.6,70.1,20.8,80.6,5.397605346934028e-79,2.0,1.0,1.0,0.0,0.0,368.0,0
77866.0,2013-2014,60.0,168.9,81.9,28.7,102.7,5.397605346934028e-79,2.0,2.0,5.397605346934028e-79,1.0,0.0,529.0,0
77874.0,2013-2014,52.0,,,,,5.397605346934028e-79,5.397605346934028e-79,3.0,2.0,1.0,1.0,494.0,0
77889.0,2013-2014,38.0,179.0,66.0,20.6,82.8,1.0,1.0,1.0,5.397605346934028e-79,1.0,0.0,474.0,0
77893.0,2013-2014,24.0,166.6,76.0,27.4,90.5,3.0,1.0,5.397605346934028e-79,5.397605346934028e-79,0.0,0.0,393.0,0
77898.0,2013-2014,40.0,171.1,84.4,28.8,107.5,5.397605346934028e-79,5.397605346934028e-79,5.397605346934028e-79,5.397605346934028e-79,1.0,0.0,219.0,1
77900.0,2013-2014,56.0,183.0,96.2,28.7,107.7,1.0,2.0,5.397605346934028e-79,5.397605346934028e-79,1.0,0.0,552.0,0
77910.0,2013-2014,58.0,168.3,84.8,29.9,110.2,5.397605346934028e-79,5.397605346934028e-79,5.397605346934028e-79,1.0,1.0,0.0,324.0,0
77930.0,2013-2014,43.0,184.5,118.1,34.7,123.1,5.397605346934028e-79,1.0,5.397605346934028e-79,5.397605346934028e-79,1.0,1.0,382.0,0
77931.0,2013-2014,36.0,167.6,86.6,30.8,91.7,3.0,3.0,1.0,5.397605346934028e-79,0.0,0.0,532.51,0
77932.0,2013-2014,28.0,173.6,65.5,21.7,78.5,1.0,1.0,5.397605346934028e-79,5.397605346934028e-79,0.0,0.0,350.0,0
77941.0,2013-2014,50.0,183.5,117.1,34.8,116.1,5.397605346934028e-79,5.397605346934028e-79,5.397605346934028e-79,5.397605346934028e-79,0.0,0.0,418.0,0
77943.0,2013-2014,38.0,172.4,90.1,30.3,104.4,5.397605346934028e-79,5.397605346934028e-79,5.397605346934028e-79,1.0,0.0,0.0,344.0,0
77952.0,2013-2014,27.0,167.3,78.3,28.0,91.8,5.397605346934028e-79,5.397605346934028e-79,5.397605346934028e-79,5.397605346934028e-79,0.0,0.0,353.81,0
77959.0,2013-2014,44.0,182.3,129.9,39.1,134.8,5.397605346934028e-79,5.397605346934028e-79,5.397605346934028e-79,5.397605346934028e-79,1.0,0.0,928.0,0
77963.0,2013-2014,32.0,179.2,106.7,33.2,109.6,1.0,5.397605346934028e-79,5.397605346934028e-79,5.397605346934028e-79,0.0,0.0,222.0,1
77965.0,2013-2014,47.0,171.9,118.0,39.9,119.0,1.0,5.397605346934028e-79,5.397605346934028e-79,5.397605346934028e-79,1.0,1.0,426.0,0
77972.0,2013-2014,35.0,180.7,86.7,26.6,96.3,2.0,5.397605346934028e-79,1.0,1.0,0.0,0.0,438.09,0
77973.0,2013-2014,57.0,181.0,114.3,34.9,118.6,5.397605346934028e-79,5.397605346934028e-79,5.397605346934028e-79,5.397605346934028e-79,0.0,0.0,640.0,0
77989.0,2013-2014,53.0,174.3,102.2,33.6,110.2,5.397605346934028e-79,3.0,3.0,5.397605346934028e-79,0.0,0.0,475.0,0
77993.0,2013-2014,21.0,179.6,162.1,50.3,156.6,5.397605346934028e-79,3.0,5.397605346934028e-79,1.0,0.0,0.0,120.3,1
77995.0,2013-2014,20.0,175.0,123.1,40.2,119.0,2.0,5.397605346934028e-79,3.0,3.0,0.0,0.0,288.0,1
77997.0,2013-2014,45.0,177.6,104.0,33.0,115.5,5.397605346934028e-79,5.397605346934028e-79,5.397605346934028e-79,5.397605346934028e-79,1.0,0.0,431.0,0
78004.0,2013-2014,23.0,172.4,103.9,35.0,121.8,1.0,1.0,5.397605346934028e-79,5.397605346934028e-79,1.0,0.0,219.0,1
78012.0,2013-2014,33.0,181.4,100.0,30.4,107.4,1.0,5.397605346934028e-79,5.397605346934028e-79,5.397605346934028e-79,0.0,0.0,253.0,1
78015.0,2013-2014,47.0,167.1,85.0,30.4,99.8,2.0,5.397605346934028e-79,5.397605346934028e-79,5.397605346934028e-79,0.0,0.0,551.0,0
78034.0,2013-2014,31.0,178.0,99.0,31.2,104.9,1.0,1.0,5.397605346934028e-79,5.397605346934028e-79,1.0,0.0,401.0,0
78046.0,2013-2014,19.0,181.2,107.9,32.9,108.2,5.397605346934028e-79,5.397605346934028e-79,5.397605346934028e-79,5.397605346934028e-79,0.0,0.0,374.0,0
78048.0,2013-2014,43.0,159.5,64.3,25.3,76.8,5.397605346934028e-79,5.397605346934028e-79,5.397605346934028e-79,5.397605346934028e-79,0.0,0.0,432.0,0
78051.0,2013-2014,40.0,187.0,84.9,24.3,90.6,5.397605346934028e-79,5.397605346934028e-79,5.397605346934028e-79,1.0,0.0,0.0,289.0,1
78061.0,2013-2014,47.0,174.17,83.6,27.6,93.6,5.397605346934028e-79,5.397605346934028e-79,5.397605346934028e-79,5.397605346934028e-79,0.0,0.0,484.0,0
78068.0,2013-2014,19.0,172.0,63.0,21.3,74.0,5.397605346934028e-79,5.397605346934028e-79,5.397605346934028e-79,3.0,0.0,0.0,638.0,0
78070.0,2013-2014,46.0,170.2,69.2,23.9,82.1,1.0,1.0,5.397605346934028e-79,1.0,0.0,0.0,456.0,0
78074.0,2013-2014,51.0,165.6,99.5,36.3,112.8,5.397605346934028e-79,5.397605346934028e-79,5.397605346934028e-79,5.397605346934028e-79,1.0,0.0,520.0,0
78080.0,2013-2014,58.0,160.8,73.3,28.3,93.4,5.397605346934028e-79,5.397605346934028e-79,5.397605346934028e-79,5.397605346934028e-79,1.0,0.0,364.0,0
78082.0,2013-2014,40.0,172.6,66.4,22.3,83.1,1.0,1.0,5.397605346934028e-79,5.397605346934028e-79,0.0,0.0,641.66,0
78083.0,2013-2014,53.0,168.9,59.1,20.7,79.3,5.397605346934028e-79,5.397605346934028e-79,5.397605346934028e-79,5.397605346934028e-79,0.0,0.0,647.25,0
78085.0,2013-2014,32.0,191.1,110.6,30.3,107.2,5.397605346934028e-79,5.397605346934028e-79,5.397605346934028e-79,5.397605346934028e-79,0.0,0.0,286.0,1
78093.0,2013-2014,29.0,162.3,78.9,30.0,100.0,1.0,5.397605346934028e-79,5.397605346934028e-79,5.397605346934028e-79,0.0,0.0,528.0,0
78096.0,2013-2014,28.0,171.4,135.8,46.2,135.7,,,,,0.0,0.0,204.0,1
78108.0,2013-2014,49.0,180.9,78.3,23.9,90.1,,,,,0.0,0.0,863.0,0
78111.0,2013-2014,32.0,172.3,58.5,19.7,77.8,1.0,1.0,5.397605346934028e-79,5.397605346934028e-79,0.0,0.0,394.0,0
78121.0,2013-2014,22.0,159.8,115.4,45.2,131.0,2.0,5.397605346934028e-79,5.397605346934028e-79,5.397605346934028e-79,0.0,0.0,475.0,0
78124.0,2013-2014,46.0,166.0,97.4,35.3,117.8,1.0,1.0,5.397605346934028e-79,5.397605346934028e-79,0.0,0.0,466.66,0
78139.0,2013-2014,60.0,171.2,66.8,22.8,82.4,5.397605346934028e-79,3.0,5.397605346934028e-79,5.397605346934028e-79,0.0,1.0,802.0,0
78146.0,2013-2014,33.0,169.1,137.8,48.2,138.8,3.0,3.0,3.0,5.397605346934028e-79,0.0,0.0,298.0,1
78188.0,2013-2014,29.0,166.8,119.0,42.8,119.7,,,,,0.0,0.0,276.0,1
78191.0,2013-2014,26.0,187.7,70.3,20.0,77.1,5.397605346934028e-79,5.397605346934028e-79,5.397605346934028e-79,5.397605346934028e-79,0.0,0.0,665.0,0
78193.0,2013-2014,33.0,169.3,92.5,32.3,112.7,5.397605346934028e-79,5.397605346934028e-79,5.397605346934028e-79,5.397605346934028e-79,0.0,0.0,589.2,0
78208.0,2013-2014,52.0,176.0,74.2,24.0,92.3,5.397605346934028e-79,1.0,5.397605346934028e-79,5.397605346934028e-79,0.0,0.0,964.0,0
78211.0,2013-2014,34.0,182.1,109.4,33.0,117.8,5.397605346934028e-79,1.0,5.397605346934028e-79,5.397605346934028e-79,1.0,0.0,1290.0,0
78213.0,2013-2014,38.0,168.9,59.6,20.9,81.5,5.397605346934028e-79,5.397605346934028e-79,5.397605346934028e-79,5.397605346934028e-79,0.0,0.0,281.0,1
78220.0,2013-2014,30.0,174.7,65.7,21.5,74.3,1.0,5.397605346934028e-79,5.397605346934028e-79,5.397605346934028e-79,0.0,0.0,764.0,0
78221.0,2013-2014,30.0,190.2,92.3,25.5,99.3,1.0,5.397605346934028e-79,3.0,1.0,1.0,0.0,167.0,1
78229.0,2013-2014,22.0,175.5,97.4,31.6,97.8,5.397605346934028e-79,5.397605346934028e-79,5.397605346934028e-79,5.397605346934028e-79,0.0,0.0,369.07,0
78236.0,2013-2014,47.0,192.4,90.2,24.4,97.4,5.397605346934028e-79,5.397605346934028e-79,5.397605346934028e-79,5.397605346934028e-79,0.0,0.0,315.0,0
78237.0,2013-2014,39.0,174.8,102.1,33.4,107.6,5.397605346934028e-79,5.397605346934028e-79,5.397605346934028e-79,5.397605346934028e-79,0.0,0.0,381.0,0
78244.0,2013-2014,28.0,163.3,106.8,40.0,116.7,5.397605346934028e-79,5.397605346934028e-79,5.397605346934028e-79,5.397605346934028e-79,0.0,0.0,151.0,1
78251.0,2013-2014,40.0,175.5,99.8,32.4,107.8,1.0,1.0,5.397605346934028e-79,5.397605346934028e-79,1.0,0.0,271.0,1
78267.0,2013-2014,32.0,194.7,98.1,25.9,103.9,1.0,1.0,1.0,1.0,0.0,0.0,512.0,0
78269.0,2013-2014,40.0,191.9,116.3,31.6,107.5,1.0,5.397605346934028e-79,5.397605346934028e-79,1.0,0.0,0.0,229.0,1
78270.0,2013-2014,55.0,170.8,80.2,27.5,,,,,,1.0,0.0,231.0,1
78282.0,2013-2014,32.0,188.6,90.4,25.4,103.7,1.0,5.397605346934028e-79,5.397605346934028e-79,1.0,0.0,0.0,291.0,1
78294.0,2013-2014,30.0,172.5,95.6,32.1,104.3,5.397605346934028e-79,5.397605346934028e-79,5.397605346934028e-79,5.397605346934028e-79,1.0,0.0,197.62,1
78296.0,2013-2014,59.0,174.0,88.6,29.3,110.2,5.397605346934028e-79,5.397605346934028e-79,1.0,3.0,1.0,1.0,762.0,0
78299.0,2013-2014,38.0,173.5,193.6,64.3,,5.397605346934028e-79,1.0,5.397605346934028e-79,5.397605346934028e-79,0.0,0.0,332.0,0
78304.0,2013-2014,60.0,164.2,60.5,22.4,,5.397605346934028e-79,5.397605346934028e-79,5.397605346934028e-79,5.397605346934028e-79,1.0,0.0,194.79,1
78322.0,2013-2014,29.0,164.5,76.1,28.1,101.3,5.397605346934028e-79,2.0,5.397605346934028e-79,5.397605346934028e-79,0.0,0.0,218.0,1
78323.0,2013-2014,55.0,165.1,72.8,26.7,94.7,5.397605346934028e-79,5.397605346934028e-79,5.397605346934028e-79,5.397605346934028e-79,0.0,0.0,459.0,0
78327.0,2013-2014,39.0,173.1,74.9,25.0,83.8,5.397605346934028e-79,5.397605346934028e-79,5.397605346934028e-79,5.397605346934028e-79,0.0,0.0,475.0,0
78329.0,2013-2014,22.0,167.3,63.2,22.6,82.6,1.0,5.397605346934028e-79,5.397605346934028e-79,5.397605346934028e-79,0.0,0.0,756.0,0
78330.0,2013-2014,27.0,184.8,97.9,28.7,108.0,2.0,5.397605346934028e-79,1.0,1.0,0.0,0.0,488.84,0
78346.0,2013-2014,32.0,180.4,108.5,33.3,109.6,5.397605346934028e-79,5.397605346934028e-79,5.397605346934028e-79,5.397605346934028e-79,0.0,0.0,220.0,1
78349.0,2013-2014,33.0,183.6,106.6,31.6,107.3,5.397605346934028e-79,5.397605346934028e-79,5.397605346934028e-79,5.397605346934028e-79,0.0,0.0,399.85,0
78351.0,2013-2014,23.0,173.7,92.0,30.5,106.4,5.397605346934028e-79,5.397605346934028e-79,5.397605346934028e-79,5.397605346934028e-79,0.0,0.0,343.0,0
78352.0,2013-2014,25.0,180.8,77.2,23.6,85.3,,,,,0.0,0.0,562.0,0
78354.0,2013-2014,44.0,169.8,54.7,19.0,73.8,1.0,5.397605346934028e-79,5.397605346934028e-79,5.397605346934028e-79,0.0,0.0,167.0,1
78362.0,2013-2014,52.0,174.3,132.9,43.7,137.9,5.397605346934028e-79,5.397605346934028e-79,5.397605346934028e-79,5.397605346934028e-79,1.0,1.0,231.0,1
78367.0,2013-2014,30.0,166.2,65.9,23.9,85.5,5.397605346934028e-79,1.0,5.397605346934028e-79,5.397605346934028e-79,0.0,0.0,341.0,0
78368.0,2013-2014,52.0,179.9,82.5,25.5,96.0,1.0,1.0,1.0,2.0,0.0,0.0,561.0,0
78369.0,2013-2014,23.0,181.3,67.0,20.4,85.8,1.0,5.397605346934028e-79,5.397605346934028e-79,1.0,0.0,0.0,521.0,0
78375.0,2013-2014,44.0,171.6,121.2,41.2,129.2,5.397605346934028e-79,5.397605346934028e-79,5.397605346934028e-79,5.397605346934028e-79,0.0,0.0,343.91,0
78381.0,2013-2014,21.0,196.7,69.9,18.1,83.8,5.397605346934028e-79,5.397605346934028e-79,5.397605346934028e-79,5.397605346934028e-79,0.0,0.0,564.0,0
78382.0,2013-2014,46.0,179.1,97.0,30.2,102.5,5.397605346934028e-79,5.397605346934028e-79,5.397605346934028e-79,5.397605346934028e-79,0.0,0.0,614.0,0
78386.0,2013-2014,44.0,172.4,68.1,22.9,84.0,5.397605346934028e-79,5.397605346934028e-79,5.397605346934028e-79,5.397605346934028e-79,0.0,1.0,762.0,0
78391.0,2013-2014,55.0,169.4,73.8,25.7,95.7,,,,,0.0,0.0,374.0,0
78393.0,2013-2014,26.0,172.3,98.4,33.1,110.1,5.397605346934028e-79,5.397605346934028e-79,5.397605346934028e-79,5.397605346934028e-79,0.0,0.0,158.43,1
78404.0,2013-2014,44.0,167.1,96.2,34.5,109.0,5.397605346934028e-79,5.397605346934028e-79,5.397605346934028e-79,5.397605346934028e-79,0.0,0.0,350.0,0
78411.0,2013-2014,41.0,159.4,68.3,26.9,87.5,1.0,5.397605346934028e-79,5.397605346934028e-79,5.397605346934028e-79,0.0,0.0,315.0,0
78420.0,2013-2014,44.0,185.8,103.7,30.0,101.9,5.397605346934028e-79,1.0,5.397605346934028e-79,5.397605346934028e-79,1.0,0.0,265.0,1
78422.0,2013-2014,52.0,178.5,85.1,26.7,86.5,1.0,5.397605346934028e-79,5.397605346934028e-79,5.397605346934028e-79,1.0,0.0,296.0,1
78424.0,2013-2014,45.0,181.7,91.5,27.7,104.1,5.397605346934028e-79,5.397605346934028e-79,5.397605346934028e-79,5.397605346934028e-79,0.0,0.0,694.0,0
78434.0,2013-2014,32.0,194.2,124.8,33.1,118.0,5.397605346934028e-79,5.397605346934028e-79,5.397605346934028e-79,5.397605346934028e-79,0.0,0.0,335.0,0
78438.0,2013-2014,33.0,163.3,62.9,23.6,80.6,5.397605346934028e-79,5.397605346934028e-79,5.397605346934028e-79,5.397605346934028e-79,0.0,0.0,367.0,0
78440.0,2013-2014,57.0,187.9,102.4,29.0,117.5,5.397605346934028e-79,5.397605346934028e-79,5.397605346934028e-79,5.397605346934028e-79,1.0,0.0,447.0,0
78441.0,2013-2014,27.0,178.5,89.7,28.2,96.0,5.397605346934028e-79,5.397605346934028e-79,5.397605346934028e-79,5.397605346934028e-79,0.0,0.0,530.85,0
78460.0,2013-2014,32.0,183.3,85.8,25.5,95.8,5.397605346934028e-79,5.397605346934028e-79,5.397605346934028e-79,5.397605346934028e-79,0.0,0.0,785.0,0
78462.0,2013-2014,58.0,178.2,98.5,31.0,106.9,1.0,5.397605346934028e-79,3.0,1.0,0.0,0.0,387.0,0
78474.0,2013-2014,45.0,158.7,70.8,28.1,92.5,5.397605346934028e-79,1.0,1.0,5.397605346934028e-79,1.0,1.0,513.0,0
78478.0,2013-2014,47.0,173.4,91.9,30.6,107.4,5.397605346934028e-79,5.397605346934028e-79,5.397605346934028e-79,5.397605346934028e-79,0.0,0.0,284.0,1
78479.0,2013-2014,28.0,175.4,72.8,23.7,86.2,1.0,5.397605346934028e-79,1.0,1.0,0.0,0.0,621.0,0
78490.0,2013-2014,23.0,175.7,47.4,15.4,66.8,5.397605346934028e-79,5.397605346934028e-79,5.397605346934028e-79,5.397605346934028e-79,0.0,0.0,584.0,0
78499.0,2013-2014,23.0,168.6,55.0,19.3,72.2,1.0,1.0,5.397605346934028e-79,2.0,0.0,0.0,384.97,0
78500.0,2013-2014,36.0,176.8,96.0,30.7,100.2,1.0,1.0,1.0,5.397605346934028e-79,0.0,0.0,314.08,0
78506.0,2013-2014,57.0,177.5,74.5,23.6,92.3,1.0,2.0,1.0,1.0,1.0,0.0,607.99,0
78508.0,2013-2014,51.0,176.3,93.7,30.1,118.4,5.397605346934028e-79,5.397605346934028e-79,5.397605346934028e-79,5.397605346934028e-79,1.0,0.0,456.0,0
78510.0,2013-2014,40.0,191.1,167.8,45.9,147.5,5.397605346934028e-79,5.397605346934028e-79,5.397605346934028e-79,5.397605346934028e-79,1.0,0.0,473.0,0
78512.0,2013-2014,31.0,181.7,72.7,22.0,84.7,5.397605346934028e-79,5.397605346934028e-79,5.397605346934028e-79,5.397605346934028e-79,1.0,0.0,633.71,0
78514.0,2013-2014,45.0,173.2,69.8,23.3,81.1,1.0,2.0,1.0,1.0,1.0,0.0,623.0,0
78518.0,2013-2014,38.0,183.5,119.7,35.5,124.0,5.397605346934028e-79,5.397605346934028e-79,5.397605346934028e-79,5.397605346934028e-79,1.0,0.0,402.0,0
78526.0,2013-2014,30.0,173.7,97.8,32.4,101.5,1.0,5.397605346934028e-79,5.397605346934028e-79,5.397605346934028e-79,0.0,0.0,477.0,0
78528.0,2013-2014,38.0,174.1,78.3,25.8,90.1,1.0,1.0,5.397605346934028e-79,5.397605346934028e-79,0.0,0.0,1250.0,0
78531.0,2013-2014,60.0,183.3,90.6,27.0,101.7,1.0,1.0,5.397605346934028e-79,5.397605346934028e-79,1.0,0.0,457.0,0
78536.0,2013-2014,51.0,,,,,5.397605346934028e-79,5.397605346934028e-79,5.397605346934028e-79,5.397605346934028e-79,0.0,0.0,382.0,0
78549.0,2013-2014,20.0,167.6,59.4,21.1,80.1,2.0,1.0,2.0,2.0,1.0,0.0,301.0,0
78560.0,2013-2014,22.0,188.6,72.5,20.4,75.7,5.397605346934028e-79,2.0,5.397605346934028e-79,5.397605346934028e-79,0.0,0.0,339.0,0
78562.0,2013-2014,48.0,175.5,108.8,35.3,119.4,1.0,1.0,5.397605346934028e-79,5.397605346934028e-79,0.0,0.0,505.0,0
78566.0,2013-2014,43.0,174.3,72.4,23.8,91.7,5.397605346934028e-79,5.397605346934028e-79,5.397605346934028e-79,5.397605346934028e-79,0.0,0.0,341.0,0
78572.0,2013-2014,51.0,185.2,97.2,28.3,113.0,5.397605346934028e-79,1.0,5.397605346934028e-79,5.397605346934028e-79,0.0,0.0,369.0,0
78575.0,2013-2014,22.0,171.3,83.6,28.5,96.0,1.0,5.397605346934028e-79,5.397605346934028e-79,1.0,1.0,0.0,428.0,0
78577.0,2013-2014,22.0,178.9,76.2,23.8,85.5,1.0,1.0,1.0,2.0,0.0,0.0,380.0,0
78583.0,2013-2014,54.0,171.6,90.6,30.8,107.6,5.397605346934028e-79,5.397605346934028e-79,5.397605346934028e-79,5.397605346934028e-79,1.0,1.0,509.77,0
78588.0,2013-2014,49.0,174.3,80.6,26.5,95.5,5.397605346934028e-79,5.397605346934028e-79,5.397605346934028e-79,5.397605346934028e-79,0.0,0.0,323.53,0
78595.0,2013-2014,31.0,173.1,115.8,38.6,114.4,,,,,1.0,0.0,197.0,1
78599.0,2013-2014,36.0,187.6,125.8,35.7,131.4,1.0,5.397605346934028e-79,5.397605346934028e-79,1.0,0.0,0.0,316.0,0
78601.0,2013-2014,46.0,172.8,71.4,23.9,95.6,,,,,0.0,0.0,225.0,1
78603.0,2013-2014,33.0,174.7,92.0,30.1,101.3,3.0,3.0,2.0,2.0,1.0,0.0,721.0,0
78606.0,2013-2014,42.0,176.7,83.2,26.6,95.8,1.0,5.397605346934028e-79,5.397605346934028e-79,5.397605346934028e-79,0.0,0.0,133.0,1
78608.0,2013-2014,59.0,173.1,70.6,23.6,94.9,5.397605346934028e-79,3.0,1.0,5.397605346934028e-79,1.0,0.0,229.0,1
78611.0,2013-2014,21.0,177.3,72.7,23.1,76.5,1.0,5.397605346934028e-79,5.397605346934028e-79,1.0,0.0,0.0,480.0,0
78621.0,2013-2014,50.0,165.7,72.4,26.4,96.4,5.397605346934028e-79,5.397605346934028e-79,5.397605346934028e-79,5.397605346934028e-79,1.0,0.0,226.0,1
78626.0,2013-2014,51.0,168.4,76.9,27.1,108.8,5.397605346934028e-79,5.397605346934028e-79,5.397605346934028e-79,5.397605346934028e-79,0.0,0.0,639.7,0
78633.0,2013-2014,24.0,183.8,62.2,18.4,76.1,1.0,2.0,5.397605346934028e-79,5.397605346934028e-79,0.0,0.0,522.0,0
78638.0,2013-2014,40.0,171.3,93.9,32.0,109.9,3.0,5.397605346934028e-79,1.0,1.0,0.0,0.0,263.74,1
78645.0,2013-2014,37.0,162.9,81.6,30.8,97.0,3.0,3.0,1.0,2.0,0.0,0.0,370.0,0
78649.0,2013-2014,50.0,172.1,90.1,30.4,107.2,1.0,5.397605346934028e-79,5.397605346934028e-79,5.397605346934028e-79,1.0,1.0,254.13,1
78650.0,2013-2014,21.0,180.0,68.8,21.2,76.6,1.0,5.397605346934028e-79,5.397605346934028e-79,5.397605346934028e-79,0.0,0.0,862.0,0
78655.0,2013-2014,28.0,177.8,92.2,29.2,101.0,5.397605346934028e-79,5.397605346934028e-79,5.397605346934028e-79,5.397605346934028e-79,0.0,0.0,352.0,0
78660.0,2013-2014,35.0,150.8,131.7,57.9,135.6,5.397605346934028e-79,5.397605346934028e-79,5.397605346934028e-79,5.397605346934028e-79,1.0,0.0,128.0,1
78662.0,2013-2014,56.0,176.6,87.8,28.2,99.3,1.0,1.0,5.397605346934028e-79,1.0,0.0,0.0,214.0,1
78664.0,2013-2014,37.0,166.2,70.9,25.7,88.5,5.397605346934028e-79,5.397605346934028e-79,5.397605346934028e-79,5.397605346934028e-79,0.0,0.0,330.0,0
78665.0,2013-2014,48.0,174.2,79.3,26.1,92.0,5.397605346934028e-79,5.397605346934028e-79,5.397605346934028e-79,5.397605346934028e-79,0.0,1.0,556.13,0
78672.0,2013-2014,31.0,175.4,120.1,39.0,128.1,5.397605346934028e-79,5.397605346934028e-79,5.397605346934028e-79,5.397605346934028e-79,1.0,1.0,256.0,1
78675.0,2013-2014,19.0,184.6,61.7,18.1,73.0,5.397605346934028e-79,5.397605346934028e-79,5.397605346934028e-79,5.397605346934028e-79,0.0,0.0,212.0,1
78688.0,2013-2014,39.0,146.6,77.9,36.2,104.5,,,,,1.0,0.0,417.27,0
78695.0,2013-2014,23.0,171.7,83.8,28.4,89.5,1.0,1.0,5.397605346934028e-79,5.397605346934028e-79,1.0,0.0,584.15,0
78703.0,2013-2014,59.0,175.6,72.5,23.5,88.0,5.397605346934028e-79,1.0,5.397605346934028e-79,5.397605346934028e-79,1.0,0.0,502.0,0
78704.0,2013-2014,55.0,175.8,99.0,32.0,109.5,,,,,1.0,0.0,210.0,1
78707.0,2013-2014,56.0,174.4,59.5,19.6,73.7,2.0,1.0,5.397605346934028e-79,1.0,1.0,0.0,833.0,0
78708.0,2013-2014,40.0,161.6,59.0,22.6,78.5,,,,,0.0,0.0,626.0,0
78724.0,2013-2014,23.0,178.7,80.0,25.1,89.5,1.0,5.397605346934028e-79,5.397605346934028e-79,5.397605346934028e-79,0.0,0.0,506.0,0
78725.0,2013-2014,35.0,173.4,87.3,29.0,98.6,1.0,1.0,5.397605346934028e-79,5.397605346934028e-79,0.0,0.0,399.0,0
78733.0,2013-2014,27.0,171.1,82.7,28.2,98.1,1.0,1.0,5.397605346934028e-79,5.397605346934028e-79,0.0,0.0,601.82,0
78735.0,2013-2014,44.0,177.6,95.1,30.2,101.0,5.397605346934028e-79,1.0,5.397605346934028e-79,5.397605346934028e-79,0.0,0.0,350.0,0
78736.0,2013-2014,41.0,172.7,151.8,50.9,152.4,2.0,3.0,2.0,1.0,0.0,0.0,439.0,0
78739.0,2013-2014,53.0,173.7,79.2,26.2,89.9,1.0,5.397605346934028e-79,5.397605346934028e-79,5.397605346934028e-79,0.0,0.0,484.0,0
78741.0,2013-2014,37.0,169.8,82.1,28.5,97.5,5.397605346934028e-79,5.397605346934028e-79,5.397605346934028e-79,5.397605346934028e-79,0.0,0.0,316.0,0
78742.0,2013-2014,53.0,170.0,73.7,25.5,95.5,5.397605346934028e-79,5.397605346934028e-79,5.397605346934028e-79,5.397605346934028e-79,0.0,0.0,278.01,1
78762.0,2013-2014,24.0,163.8,89.5,33.4,108.4,5.397605346934028e-79,5.397605346934028e-79,5.397605346934028e-79,5.397605346934028e-79,0.0,0.0,303.0,0
78765.0,2013-2014,33.0,173.2,73.4,24.5,90.0,5.397605346934028e-79,5.397605346934028e-79,5.397605346934028e-79,5.397605346934028e-79,0.0,0.0,344.88,0
78766.0,2013-2014,46.0,179.7,86.6,26.8,97.7,5.397605346934028e-79,5.397605346934028e-79,5.397605346934028e-79,5.397605346934028e-79,0.0,0.0,529.0,0
78767.0,2013-2014,29.0,169.1,68.8,24.1,86.7,1.0,5.397605346934028e-79,5.397605346934028e-79,5.397605346934028e-79,0.0,0.0,412.0,0
78769.0,2013-2014,19.0,176.5,69.7,22.4,80.5,1.0,1.0,5.397605346934028e-79,5.397605346934028e-79,0.0,0.0,601.0,0
78776.0,2013-2014,24.0,174.5,76.1,25.0,86.4,1.0,5.397605346934028e-79,5.397605346934028e-79,5.397605346934028e-79,0.0,0.0,419.0,0
78781.0,2013-2014,29.0,182.9,98.2,29.4,102.7,1.0,1.0,5.397605346934028e-79,1.0,0.0,0.0,581.0,0
78790.0,2013-2014,58.0,163.6,72.3,27.0,96.2,,,,,0.0,0.0,406.0,0
78791.0,2013-2014,43.0,171.0,104.0,35.6,103.8,5.397605346934028e-79,5.397605346934028e-79,5.397605346934028e-79,5.397605346934028e-79,0.0,0.0,128.25,1
78794.0,2013-2014,60.0,163.7,55.5,20.7,80.1,5.397605346934028e-79,5.397605346934028e-79,5.397605346934028e-79,5.397605346934028e-79,1.0,0.0,212.89,1
78797.0,2013-2014,37.0,170.4,78.1,26.9,93.2,5.397605346934028e-79,5.397605346934028e-79,5.397605346934028e-79,5.397605346934028e-79,0.0,0.0,402.0,0
78798.0,2013-2014,19.0,169.5,74.3,25.9,78.3,5.397605346934028e-79,5.397605346934028e-79,5.397605346934028e-79,5.397605346934028e-79,0.0,0.0,596.0,0
78801.0,2013-2014,37.0,187.3,82.2,23.4,91.7,1.0,5.397605346934028e-79,1.0,5.397605346934028e-79,0.0,0.0,622.0,0
78812.0,2013-2014,41.0,180.9,113.1,34.6,129.7,5.397605346934028e-79,5.397605346934028e-79,5.397605346934028e-79,5.397605346934028e-79,1.0,0.0,318.0,0
78828.0,2013-2014,29.0,175.7,91.1,29.5,101.4,1.0,1.0,5.397605346934028e-79,5.397605346934028e-79,0.0,0.0,262.0,1
78829.0,2013-2014,38.0,177.8,107.5,34.0,113.5,1.0,1.0,5.397605346934028e-79,5.397605346934028e-79,0.0,0.0,282.0,1
78832.0,2013-2014,32.0,177.2,85.9,27.4,85.7,5.397605346934028e-79,5.397605346934028e-79,5.397605346934028e-79,5.397605346934028e-79,0.0,0.0,614.0,0
78833.0,2013-2014,27.0,178.9,109.2,34.1,106.1,5.397605346934028e-79,5.397605346934028e-79,5.397605346934028e-79,5.397605346934028e-79,0.0,0.0,399.0,0
78836.0,2013-2014,47.0,170.5,77.3,26.6,90.8,1.0,5.397605346934028e-79,5.397605346934028e-79,5.397605346934028e-79,0.0,0.0,552.72,0
78852.0,2013-2014,40.0,170.0,89.7,31.0,106.9,1.0,1.0,5.397605346934028e-79,5.397605346934028e-79,0.0,0.0,397.0,0
78880.0,2013-2014,33.0,179.7,94.0,29.1,97.8,1.0,5.397605346934028e-79,5.397605346934028e-79,5.397605346934028e-79,0.0,0.0,578.0,0
78883.0,2013-2014,51.0,167.0,57.1,20.5,78.2,1.0,5.397605346934028e-79,5.397605346934028e-79,5.397605346934028e-79,0.0,0.0,596.0,0
78890.0,2013-2014,23.0,186.2,154.2,44.5,126.4,5.397605346934028e-79,1.0,1.0,5.397605346934028e-79,0.0,0.0,273.0,1
78900.0,2013-2014,27.0,170.9,70.3,24.1,89.4,5.397605346934028e-79,5.397605346934028e-79,5.397605346934028e-79,5.397605346934028e-79,0.0,0.0,392.35,0
78907.0,2013-2014,30.0,187.8,148.6,42.1,129.0,5.397605346934028e-79,1.0,5.397605346934028e-79,5.397605346934028e-79,0.0,0.0,469.0,0
78910.0,2013-2014,46.0,177.6,87.9,27.9,109.3,1.0,5.397605346934028e-79,1.0,5.397605346934028e-79,0.0,0.0,332.75,0
78920.0,2013-2014,20.0,182.8,142.7,42.7,129.0,5.397605346934028e-79,1.0,5.397605346934028e-79,5.397605346934028e-79,0.0,0.0,297.0,1
78926.0,2013-2014,44.0,176.2,72.9,23.5,88.2,1.0,5.397605346934028e-79,5.397605346934028e-79,2.0,0.0,0.0,452.0,0
78930.0,2013-2014,50.0,185.0,115.4,33.7,116.5,5.397605346934028e-79,1.0,5.397605346934028e-79,1.0,0.0,0.0,222.0,1
78931.0,2013-2014,28.0,177.5,106.7,33.9,119.0,5.397605346934028e-79,5.397605346934028e-79,5.397605346934028e-79,5.397605346934028e-79,0.0,0.0,575.0,0
78934.0,2013-2014,20.0,178.8,71.4,22.3,79.6,1.0,5.397605346934028e-79,5.397605346934028e-79,5.397605346934028e-79,0.0,0.0,431.0,0
78937.0,2013-2014,55.0,174.8,104.4,34.2,128.2,2.0,3.0,2.0,2.0,1.0,0.0,450.23,0
78946.0,2013-2014,20.0,188.9,110.8,31.1,105.6,5.397605346934028e-79,5.397605346934028e-79,5.397605346934028e-79,5.397605346934028e-79,0.0,0.0,374.0,0
78949.0,2013-2014,43.0,177.4,73.2,23.3,88.5,1.0,5.397605346934028e-79,5.397605346934028e-79,5.397605346934028e-79,0.0,0.0,707.14,0
78957.0,2013-2014,19.0,182.1,103.4,31.2,102.7,1.0,5.397605346934028e-79,5.397605346934028e-79,5.397605346934028e-79,0.0,0.0,532.0,0
78963.0,2013-2014,52.0,171.5,82.6,28.1,98.8,5.397605346934028e-79,5.397605346934028e-79,3.0,5.397605346934028e-79,0.0,1.0,340.0,0
78964.0,2013-2014,35.0,187.0,106.2,30.4,109.3,5.397605346934028e-79,5.397605346934028e-79,5.397605346934028e-79,5.397605346934028e-79,0.0,0.0,501.0,0
78974.0,2013-2014,54.0,174.4,88.6,29.1,109.3,5.397605346934028e-79,5.397605346934028e-79,5.397605346934028e-79,5.397605346934028e-79,1.0,1.0,986.0,0
78975.0,2013-2014,48.0,184.7,84.9,24.9,,5.397605346934028e-79,5.397605346934028e-79,5.397605346934028e-79,5.397605346934028e-79,1.0,0.0,457.0,0
78983.0,2013-2014,52.0,172.0,77.1,26.1,93.1,1.0,1.0,5.397605346934028e-79,5.397605346934028e-79,0.0,0.0,380.0,0
78987.0,2013-2014,30.0,173.2,74.3,24.8,85.0,,,,,0.0,0.0,555.39,0
78999.0,2013-2014,23.0,178.4,72.6,22.8,78.3,5.397605346934028e-79,5.397605346934028e-79,5.397605346934028e-79,5.397605346934028e-79,0.0,0.0,430.0,0
79000.0,2013-2014,36.0,163.5,71.6,26.8,94.7,1.0,1.0,1.0,2.0,0.0,0.0,408.0,0
79001.0,2013-2014,28.0,180.9,105.0,32.1,119.2,2.0,5.397605346934028e-79,5.397605346934028e-79,2.0,0.0,1.0,335.41,0
79005.0,2013-2014,44.0,182.3,92.9,28.0,93.4,5.397605346934028e-79,5.397605346934028e-79,5.397605346934028e-79,5.397605346934028e-79,0.0,0.0,391.36,0
79022.0,2013-2014,44.0,170.0,90.1,31.2,98.4,1.0,1.0,1.0,5.397605346934028e-79,0.0,0.0,480.0,0
79024.0,2013-2014,32.0,179.5,79.9,24.8,86.3,1.0,1.0,5.397605346934028e-79,5.397605346934028e-79,1.0,0.0,393.9,0
79026.0,2013-2014,23.0,179.0,68.3,21.3,78.5,5.397605346934028e-79,5.397605346934028e-79,5.397605346934028e-79,5.397605346934028e-79,0.0,0.0,842.34,0
79029.0,2013-2014,52.0,175.5,79.6,25.8,99.2,5.397605346934028e-79,5.397605346934028e-79,5.397605346934028e-79,5.397605346934028e-79,1.0,0.0,525.0,0
79032.0,2013-2014,33.0,162.3,86.6,32.9,106.2,1.0,1.0,5.397605346934028e-79,1.0,0.0,0.0,335.0,0
79033.0,2013-2014,41.0,168.6,71.0,25.0,87.1,5.397605346934028e-79,5.397605346934028e-79,1.0,1.0,0.0,0.0,425.0,0
79044.0,2013-2014,31.0,173.0,81.1,27.1,93.4,1.0,5.397605346934028e-79,1.0,2.0,0.0,0.0,309.0,0
79064.0,2013-2014,48.0,170.1,81.1,28.0,102.0,1.0,5.397605346934028e-79,5.397605346934028e-79,5.397605346934028e-79,1.0,1.0,178.0,1
79067.0,2013-2014,26.0,171.4,92.0,31.3,109.2,1.0,5.397605346934028e-79,1.0,1.0,0.0,0.0,384.0,0
79069.0,2013-2014,30.0,169.1,89.1,31.2,102.2,5.397605346934028e-79,5.397605346934028e-79,5.397605346934028e-79,5.397605346934028e-79,0.0,0.0,321.88,0
79075.0,2013-2014,27.0,178.0,106.0,33.5,115.8,1.0,3.0,1.0,1.0,0.0,0.0,308.0,0
79096.0,2013-2014,44.0,166.0,57.1,20.7,70.4,5.397605346934028e-79,5.397605346934028e-79,5.397605346934028e-79,5.397605346934028e-79,0.0,0.0,999.14,0
79099.0,2013-2014,34.0,171.3,70.4,24.0,91.5,5.397605346934028e-79,5.397605346934028e-79,5.397605346934028e-79,5.397605346934028e-79,0.0,0.0,584.0,0
79114.0,2013-2014,28.0,188.9,136.2,38.2,131.9,1.0,1.0,5.397605346934028e-79,5.397605346934028e-79,0.0,0.0,254.0,1
79135.0,2013-2014,60.0,161.9,72.3,27.6,99.2,1.0,5.397605346934028e-79,5.397605346934028e-79,5.397605346934028e-79,1.0,1.0,374.0,0
79137.0,2013-2014,25.0,171.0,106.2,36.3,118.6,5.397605346934028e-79,5.397605346934028e-79,5.397605346934028e-79,5.397605346934028e-79,0.0,0.0,219.0,1
79148.0,2013-2014,33.0,170.6,98.4,33.8,106.4,1.0,1.0,1.0,2.0,0.0,0.0,296.0,1
79152.0,2013-2014,53.0,175.9,88.1,28.5,103.9,5.397605346934028e-79,5.397605346934028e-79,5.397605346934028e-79,5.397605346934028e-79,1.0,0.0,426.0,0
79163.0,2013-2014,19.0,176.4,88.7,28.5,,,,,,0.0,0.0,372.22,0
79164.0,2013-2014,33.0,176.1,155.8,50.2,153.5,1.0,5.397605346934028e-79,5.397605346934028e-79,5.397605346934028e-79,1.0,0.0,278.0,1
79166.0,2013-2014,19.0,170.9,76.7,26.3,91.4,5.397605346934028e-79,1.0,5.397605346934028e-79,1.0,0.0,0.0,492.0,0
79173.0,2013-2014,51.0,173.7,86.0,28.5,99.3,2.0,2.0,5.397605346934028e-79,2.0,1.0,0.0,598.0,0
79175.0,2013-2014,21.0,188.2,82.9,23.4,91.8,1.0,2.0,5.397605346934028e-79,1.0,0.0,0.0,753.0,0
79176.0,2013-2014,55.0,182.2,99.8,30.1,105.7,1.0,5.397605346934028e-79,1.0,5.397605346934028e-79,0.0,0.0,570.0,0
79177.0,2013-2014,43.0,170.55,77.8,26.7,94.2,,,,,0.0,1.0,482.0,0
79190.0,2013-2014,41.0,165.5,125.6,45.9,126.4,1.0,5.397605346934028e-79,5.397605346934028e-79,5.397605346934028e-79,0.0,0.0,381.0,0
79193.0,2013-2014,20.0,181.5,93.1,28.3,89.4,1.0,1.0,5.397605346934028e-79,5.397605346934028e-79,0.0,0.0,537.0,0
79198.0,2013-2014,46.0,184.3,94.0,27.7,103.9,3.0,3.0,2.0,1.0,0.0,0.0,494.21,0
79205.0,2013-2014,20.0,177.7,69.4,22.0,73.3,1.0,2.0,1.0,2.0,0.0,0.0,292.44,1
79210.0,2013-2014,25.0,168.8,59.1,20.7,72.1,5.397605346934028e-79,5.397605346934028e-79,5.397605346934028e-79,5.397605346934028e-79,0.0,0.0,520.0,0
79217.0,2013-2014,33.0,182.2,91.7,27.6,96.7,5.397605346934028e-79,5.397605346934028e-79,5.397605346934028e-79,5.397605346934028e-79,0.0,0.0,319.0,0
79219.0,2013-2014,23.0,169.6,93.0,32.3,104.1,1.0,5.397605346934028e-79,1.0,5.397605346934028e-79,1.0,0.0,346.0,0
79220.0,2013-2014,55.0,182.0,105.7,31.9,115.6,,,,,1.0,0.0,501.0,0
79226.0,2013-2014,24.0,171.4,65.0,22.1,77.4,5.397605346934028e-79,5.397605346934028e-79,5.397605346934028e-79,5.397605346934028e-79,0.0,0.0,492.0,0
79228.0,2013-2014,42.0,181.2,62.3,19.0,79.0,5.397605346934028e-79,5.397605346934028e-79,5.397605346934028e-79,5.397605346934028e-79,0.0,0.0,797.0,0
79231.0,2013-2014,52.0,190.3,103.1,28.5,106.3,5.397605346934028e-79,5.397605346934028e-79,5.397605346934028e-79,5.397605346934028e-79,0.0,0.0,545.0,0
79241.0,2013-2014,47.0,173.5,108.4,36.0,118.2,1.0,5.397605346934028e-79,5.397605346934028e-79,5.397605346934028e-79,0.0,1.0,260.0,1
79247.0,2013-2014,51.0,178.5,102.1,32.0,107.0,5.397605346934028e-79,5.397605346934028e-79,5.397605346934028e-79,5.397605346934028e-79,0.0,0.0,387.0,0
79259.0,2013-2014,59.0,167.2,72.4,25.9,89.5,5.397605346934028e-79,5.397605346934028e-79,5.397605346934028e-79,5.397605346934028e-79,0.0,0.0,285.0,1
79263.0,2013-2014,46.0,178.1,126.8,40.0,126.2,,,,,1.0,0.0,259.0,1
79287.0,2013-2014,19.0,165.2,47.9,17.6,69.9,1.0,1.0,5.397605346934028e-79,5.397605346934028e-79,0.0,0.0,417.0,0
79292.0,2013-2014,58.0,170.1,77.0,26.6,101.3,1.0,5.397605346934028e-79,5.397605346934028e-79,5.397605346934028e-79,1.0,0.0,447.0,0
79294.0,2013-2014,39.0,159.2,53.3,21.0,82.0,5.397605346934028e-79,5.397605346934028e-79,5.397605346934028e-79,5.397605346934028e-79,0.0,1.0,579.0,0
79295.0,2013-2014,21.0,170.1,54.8,18.9,69.5,5.397605346934028e-79,5.397605346934028e-79,5.397605346934028e-79,5.397605346934028e-79,0.0,0.0,527.0,0
79300.0,2013-2014,39.0,182.7,127.6,38.2,132.2,2.0,2.0,2.0,2.0,1.0,0.0,452.67,0
79304.0,2013-2014,38.0,179.6,85.4,26.5,97.3,5.397605346934028e-79,5.397605346934028e-79,5.397605346934028e-79,5.397605346934028e-79,0.0,0.0,392.0,0
79305.0,2013-2014,46.0,177.3,91.2,29.0,103.4,1.0,5.397605346934028e-79,5.397605346934028e-79,5.397605346934028e-79,1.0,0.0,406.0,0
79314.0,2013-2014,55.0,181.2,105.2,32.0,112.5,5.397605346934028e-79,5.397605346934028e-79,5.397605346934028e-79,5.397605346934028e-79,0.0,0.0,185.0,1
79315.0,2013-2014,32.0,176.2,78.4,25.3,91.1,1.0,5.397605346934028e-79,5.397605346934028e-79,5.397605346934028e-79,0.0,0.0,678.37,0
79330.0,2013-2014,35.0,178.3,71.9,22.6,88.7,5.397605346934028e-79,5.397605346934028e-79,5.397605346934028e-79,5.397605346934028e-79,0.0,0.0,357.0,0
79331.0,2013-2014,58.0,188.1,117.4,33.2,123.4,1.0,5.397605346934028e-79,1.0,1.0,0.0,0.0,196.0,1
79334.0,2013-2014,45.0,158.4,72.4,28.9,93.0,1.0,1.0,5.397605346934028e-79,1.0,1.0,0.0,429.0,0
79338.0,2013-2014,44.0,165.9,70.0,25.4,84.5,5.397605346934028e-79,5.397605346934028e-79,5.397605346934028e-79,5.397605346934028e-79,1.0,0.0,208.0,1
79342.0,2013-2014,21.0,,,,78.1,5.397605346934028e-79,2.0,5.397605346934028e-79,5.397605346934028e-79,0.0,0.0,594.0,0
79359.0,2013-2014,25.0,181.0,110.0,33.6,113.5,,,,,1.0,1.0,160.09,1
79362.0,2013-2014,59.0,179.9,88.7,27.4,101.3,1.0,3.0,1.0,2.0,0.0,0.0,510.0,0
79365.0,2013-2014,29.0,181.4,109.4,33.2,105.7,5.397605346934028e-79,5.397605346934028e-79,5.397605346934028e-79,5.397605346934028e-79,0.0,0.0,338.0,0
79366.0,2013-2014,42.0,176.8,112.9,36.1,111.9,1.0,5.397605346934028e-79,5.397605346934028e-79,5.397605346934028e-79,0.0,0.0,213.0,1
79369.0,2013-2014,30.0,169.0,67.9,23.8,91.4,5.397605346934028e-79,5.397605346934028e-79,5.397605346934028e-79,5.397605346934028e-79,0.0,0.0,405.0,0
79376.0,2013-2014,50.0,175.6,97.6,31.7,118.7,5.397605346934028e-79,1.0,5.397605346934028e-79,5.397605346934028e-79,1.0,0.0,279.0,1
79385.0,2013-2014,44.0,160.1,62.6,24.4,81.7,1.0,5.397605346934028e-79,5.397605346934028e-79,5.397605346934028e-79,1.0,0.0,418.0,0
79387.0,2013-2014,38.0,166.6,75.7,27.3,89.6,5.397605346934028e-79,5.397605346934028e-79,5.397605346934028e-79,5.397605346934028e-79,0.0,0.0,345.0,0
79389.0,2013-2014,55.0,170.4,94.6,32.6,93.3,5.397605346934028e-79,5.397605346934028e-79,5.397605346934028e-79,5.397605346934028e-79,0.0,0.0,670.99,0
79398.0,2013-2014,29.0,171.1,67.4,23.0,79.0,5.397605346934028e-79,5.397605346934028e-79,5.397605346934028e-79,5.397605346934028e-79,0.0,0.0,693.86,0
79399.0,2013-2014,26.0,178.4,73.4,23.1,84.4,5.397605346934028e-79,5.397605346934028e-79,5.397605346934028e-79,5.397605346934028e-79,0.0,0.0,667.0,0
79421.0,2013-2014,31.0,178.2,101.2,31.9,112.8,2.0,3.0,1.0,1.0,1.0,0.0,410.0,0
79425.0,2013-2014,53.0,170.6,66.9,23.0,88.2,5.397605346934028e-79,5.397605346934028e-79,5.397605346934028e-79,5.397605346934028e-79,1.0,0.0,275.0,1
79431.0,2013-2014,56.0,169.5,83.8,29.2,100.3,5.397605346934028e-79,5.397605346934028e-79,5.397605346934028e-79,5.397605346934028e-79,0.0,0.0,323.0,0
79437.0,2013-2014,60.0,169.1,148.0,51.8,153.8,5.397605346934028e-79,5.397605346934028e-79,5.397605346934028e-79,5.397605346934028e-79,1.0,1.0,153.0,1
79442.0,2013-2014,45.0,176.2,82.3,26.5,96.5,5.397605346934028e-79,5.397605346934028e-79,5.397605346934028e-79,5.397605346934028e-79,0.0,0.0,512.0,0
79443.0,2013-2014,44.0,178.3,129.3,40.7,127.6,5.397605346934028e-79,2.0,5.397605346934028e-79,1.0,1.0,0.0,196.0,1
79446.0,2013-2014,47.0,171.9,90.2,30.5,98.5,5.397605346934028e-79,5.397605346934028e-79,5.397605346934028e-79,5.397605346934028e-79,1.0,0.0,311.67,0
79453.0,2013-2014,54.0,180.8,122.9,37.6,122.8,1.0,1.0,2.0,5.397605346934028e-79,0.0,0.0,331.0,0
79459.0,2013-2014,30.0,178.3,100.8,31.7,110.5,5.397605346934028e-79,5.397605346934028e-79,5.397605346934028e-79,5.397605346934028e-79,0.0,0.0,316.0,0
79462.0,2013-2014,25.0,183.6,159.4,47.3,151.0,,,,,0.0,0.0,398.0,0
79463.0,2013-2014,33.0,162.7,85.7,32.4,103.7,1.0,1.0,5.397605346934028e-79,5.397605346934028e-79,0.0,0.0,281.0,1
79467.0,2013-2014,26.0,174.9,81.1,26.5,98.0,5.397605346934028e-79,5.397605346934028e-79,5.397605346934028e-79,5.397605346934028e-79,0.0,0.0,414.07,0
79468.0,2013-2014,52.0,202.6,127.6,31.1,123.4,5.397605346934028e-79,5.397605346934028e-79,1.0,5.397605346934028e-79,0.0,1.0,308.0,0
79471.0,2013-2014,42.0,178.7,98.1,30.7,113.4,1.0,5.397605346934028e-79,5.397605346934028e-79,5.397605346934028e-79,0.0,0.0,215.0,1
79484.0,2013-2014,54.0,170.4,130.3,44.9,125.9,3.0,1.0,5.397605346934028e-79,5.397605346934028e-79,1.0,1.0,71.0,1
79488.0,2013-2014,42.0,,,,,1.0,5.397605346934028e-79,5.397605346934028e-79,5.397605346934028e-79,0.0,0.0,437.0,0
79490.0,2013-2014,34.0,165.2,81.3,29.8,105.6,2.0,2.0,1.0,5.397605346934028e-79,1.0,0.0,359.0,0
79496.0,2013-2014,54.0,169.7,81.8,28.4,101.8,5.397605346934028e-79,5.397605346934028e-79,5.397605346934028e-79,5.397605346934028e-79,1.0,0.0,430.6,0
79507.0,2013-2014,24.0,186.3,117.8,33.9,110.5,3.0,5.397605346934028e-79,1.0,5.397605346934028e-79,0.0,0.0,403.0,0
79519.0,2013-2014,23.0,178.3,132.9,41.8,125.3,5.397605346934028e-79,1.0,5.397605346934028e-79,1.0,1.0,0.0,271.0,1
79521.0,2013-2014,60.0,167.8,70.4,25.0,97.2,5.397605346934028e-79,1.0,5.397605346934028e-79,5.397605346934028e-79,1.0,0.0,505.3,0
79526.0,2013-2014,27.0,190.4,178.2,49.2,155.9,5.397605346934028e-79,5.397605346934028e-79,5.397605346934028e-79,5.397605346934028e-79,0.0,0.0,461.0,0
79533.0,2013-2014,60.0,179.4,84.1,26.1,92.2,3.0,3.0,2.0,3.0,1.0,0.0,243.0,1
79563.0,2013-2014,49.0,175.4,78.0,25.4,93.8,1.0,5.397605346934028e-79,5.397605346934028e-79,5.397605346934028e-79,0.0,0.0,384.85,0
79564.0,2013-2014,28.0,180.8,68.2,20.9,76.8,5.397605346934028e-79,5.397605346934028e-79,1.0,1.0,0.0,0.0,676.37,0
79569.0,2013-2014,44.0,175.0,83.9,27.4,96.4,5.397605346934028e-79,1.0,1.0,1.0,0.0,0.0,408.0,0
79573.0,2013-2014,29.0,185.7,83.7,24.3,89.6,5.397605346934028e-79,5.397605346934028e-79,5.397605346934028e-79,5.397605346934028e-79,0.0,0.0,449.0,0
79576.0,2013-2014,53.0,178.5,84.7,26.6,93.1,5.397605346934028e-79,5.397605346934028e-79,5.397605346934028e-79,5.397605346934028e-79,1.0,0.0,791.53,0
79585.0,2013-2014,32.0,171.2,76.2,26.0,83.6,1.0,5.397605346934028e-79,5.397605346934028e-79,5.397605346934028e-79,0.0,0.0,266.0,1
79593.0,2013-2014,59.0,177.8,80.7,25.5,97.2,5.397605346934028e-79,5.397605346934028e-79,5.397605346934028e-79,5.397605346934028e-79,0.0,0.0,356.0,0
79606.0,2013-2014,44.0,167.5,89.1,31.8,102.7,,,,,0.0,0.0,280.31,1
79608.0,2013-2014,56.0,175.7,79.2,25.7,83.0,5.397605346934028e-79,5.397605346934028e-79,5.397605346934028e-79,5.397605346934028e-79,0.0,0.0,1120.0,0
79611.0,2013-2014,35.0,181.5,87.7,26.6,97.1,1.0,5.397605346934028e-79,5.397605346934028e-79,5.397605346934028e-79,0.0,0.0,391.75,0
79633.0,2013-2014,25.0,171.6,66.2,22.5,79.8,5.397605346934028e-79,5.397605346934028e-79,5.397605346934028e-79,5.397605346934028e-79,0.0,0.0,325.0,0
79634.0,2013-2014,43.0,164.1,86.8,32.2,110.8,5.397605346934028e-79,5.397605346934028e-79,5.397605346934028e-79,5.397605346934028e-79,0.0,1.0,244.12,1
79638.0,2013-2014,42.0,175.0,89.7,29.3,88.4,,,,,0.0,0.0,709.02,0
79641.0,2013-2014,31.0,,,,,3.0,5.397605346934028e-79,3.0,5.397605346934028e-79,1.0,0.0,132.0,1
79644.0,2013-2014,47.0,187.9,119.2,33.8,128.0,5.397605346934028e-79,5.397605346934028e-79,5.397605346934028e-79,5.397605346934028e-79,0.0,0.0,360.0,0
79646.0,2013-2014,25.0,178.3,85.6,26.9,85.3,5.397605346934028e-79,5.397605346934028e-79,5.397605346934028e-79,5.397605346934028e-79,0.0,0.0,517.0,0
79649.0,2013-2014,20.0,174.5,77.2,25.4,84.3,1.0,1.0,5.397605346934028e-79,5.397605346934028e-79,0.0,0.0,656.0,0
79650.0,2013-2014,58.0,180.7,77.3,23.7,94.0,1.0,5.397605346934028e-79,5.397605346934028e-79,5.397605346934028e-79,0.0,0.0,260.0,1
79651.0,2013-2014,42.0,169.3,90.9,31.7,101.4,,,,,0.0,0.0,487.0,0
79660.0,2013-2014,36.0,181.7,160.9,48.7,149.7,1.0,5.397605346934028e-79,5.397605346934028e-79,5.397605346934028e-79,1.0,0.0,537.0,0
79661.0,2013-2014,52.0,174.4,71.4,23.5,98.0,5.397605346934028e-79,5.397605346934028e-79,5.397605346934028e-79,5.397605346934028e-79,0.0,0.0,556.0,0
79662.0,2013-2014,33.0,178.6,80.9,25.4,94.2,5.397605346934028e-79,1.0,5.397605346934028e-79,1.0,0.0,0.0,438.0,0
79663.0,2013-2014,39.0,166.1,63.1,22.9,86.4,5.397605346934028e-79,5.397605346934028e-79,5.397605346934028e-79,5.397605346934028e-79,0.0,0.0,351.0,0
79664.0,2013-2014,40.0,179.8,84.1,26.0,95.2,3.0,1.0,5.397605346934028e-79,5.397605346934028e-79,0.0,0.0,375.5,0
79667.0,2013-2014,51.0,173.9,91.9,30.4,105.2,5.397605346934028e-79,5.397605346934028e-79,5.397605346934028e-79,5.397605346934028e-79,0.0,0.0,346.0,0
79671.0,2013-2014,31.0,190.6,95.5,26.3,87.4,1.0,5.397605346934028e-79,5.397605346934028e-79,5.397605346934028e-79,0.0,0.0,415.0,0
79678.0,2013-2014,32.0,166.1,74.2,26.9,89.4,1.0,5.397605346934028e-79,5.397605346934028e-79,5.397605346934028e-79,0.0,0.0,367.0,0
79682.0,2013-2014,49.0,177.3,131.4,41.8,129.5,1.0,5.397605346934028e-79,5.397605346934028e-79,5.397605346934028e-79,0.0,0.0,454.0,0
79691.0,2013-2014,31.0,170.9,116.4,39.9,125.9,5.397605346934028e-79,5.397605346934028e-79,5.397605346934028e-79,5.397605346934028e-79,1.0,0.0,392.0,0
79693.0,2013-2014,57.0,181.1,107.2,32.7,125.7,1.0,5.397605346934028e-79,5.397605346934028e-79,5.397605346934028e-79,0.0,1.0,327.0,0
79712.0,2013-2014,55.0,188.9,93.7,26.3,106.8,,,,,1.0,0.0,315.0,0
79715.0,2013-2014,55.0,181.8,66.3,20.1,80.2,5.397605346934028e-79,5.397605346934028e-79,1.0,5.397605346934028e-79,0.0,0.0,475.24,0
79720.0,2013-2014,25.0,177.0,73.3,23.4,84.3,5.397605346934028e-79,1.0,5.397605346934028e-79,5.397605346934028e-79,0.0,0.0,608.42,0
79741.0,2013-2014,22.0,179.6,107.6,33.4,112.3,2.0,5.397605346934028e-79,5.397605346934028e-79,1.0,0.0,0.0,319.0,0
79756.0,2013-2014,46.0,172.2,71.2,24.0,,5.397605346934028e-79,5.397605346934028e-79,5.397605346934028e-79,5.397605346934028e-79,0.0,0.0,432.0,0
79758.0,2013-2014,38.0,178.1,107.8,34.0,107.6,5.397605346934028e-79,5.397605346934028e-79,5.397605346934028e-79,5.397605346934028e-79,0.0,0.0,322.0,0
79762.0,2013-2014,56.0,,,,,,,,,0.0,0.0,346.0,0
79763.0,2013-2014,59.0,166.5,54.9,19.8,77.9,1.0,5.397605346934028e-79,5.397605346934028e-79,5.397605346934028e-79,0.0,0.0,366.0,0
79768.0,2013-2014,57.0,171.7,120.1,40.7,131.1,1.0,5.397605346934028e-79,1.0,5.397605346934028e-79,0.0,1.0,334.47,0
79782.0,2013-2014,30.0,159.5,54.0,21.2,84.0,3.0,3.0,1.0,1.0,0.0,0.0,666.0,0
79788.0,2013-2014,45.0,167.9,79.6,28.2,92.1,5.397605346934028e-79,5.397605346934028e-79,5.397605346934028e-79,5.397605346934028e-79,0.0,0.0,184.0,1
79793.0,2013-2014,52.0,185.5,75.5,21.9,84.9,5.397605346934028e-79,1.0,5.397605346934028e-79,5.397605346934028e-79,0.0,0.0,525.0,0
79794.0,2013-2014,29.0,174.0,99.5,32.9,110.2,1.0,1.0,5.397605346934028e-79,1.0,0.0,0.0,457.0,0
79799.0,2013-2014,33.0,179.3,63.9,19.9,78.9,5.397605346934028e-79,5.397605346934028e-79,5.397605346934028e-79,5.397605346934028e-79,0.0,0.0,328.77,0
79802.0,2013-2014,22.0,174.0,91.9,30.4,102.5,5.397605346934028e-79,5.397605346934028e-79,5.397605346934028e-79,5.397605346934028e-79,0.0,0.0,276.8,1
79809.0,2013-2014,38.0,178.5,74.6,23.4,79.7,5.397605346934028e-79,5.397605346934028e-79,5.397605346934028e-79,5.397605346934028e-79,0.0,0.0,968.0,0
79815.0,2013-2014,49.0,175.2,106.2,34.6,111.4,1.0,1.0,5.397605346934028e-79,5.397605346934028e-79,1.0,0.0,284.0,1
79821.0,2013-2014,55.0,171.1,78.3,26.7,92.1,5.397605346934028e-79,5.397605346934028e-79,5.397605346934028e-79,5.397605346934028e-79,0.0,0.0,496.0,0
79823.0,2013-2014,47.0,177.4,88.0,28.0,95.2,5.397605346934028e-79,5.397605346934028e-79,5.397605346934028e-79,5.397605346934028e-79,0.0,0.0,336.18,0
79824.0,2013-2014,41.0,174.9,90.8,29.7,105.4,,,,,0.0,0.0,163.0,1
79829.0,2013-2014,47.0,174.1,75.2,24.8,101.8,5.397605346934028e-79,1.0,3.0,5.397605346934028e-79,0.0,0.0,255.0,1
79831.0,2013-2014,44.0,176.2,73.7,23.7,80.3,5.397605346934028e-79,5.397605346934028e-79,5.397605346934028e-79,5.397605346934028e-79,0.0,0.0,553.0,0
79832.0,2013-2014,57.0,179.1,64.6,20.1,76.7,1.0,5.397605346934028e-79,1.0,3.0,0.0,0.0,492.22,0
79833.0,2013-2014,54.0,167.6,71.3,25.4,96.7,1.0,1.0,5.397605346934028e-79,5.397605346934028e-79,0.0,1.0,248.0,1
79835.0,2013-2014,37.0,180.0,102.2,31.5,107.3,2.0,3.0,1.0,5.397605346934028e-79,0.0,0.0,336.0,0
79846.0,2013-2014,39.0,177.9,71.7,22.7,84.8,5.397605346934028e-79,5.397605346934028e-79,5.397605346934028e-79,5.397605346934028e-79,1.0,0.0,380.0,0
79848.0,2013-2014,26.0,171.3,76.0,25.9,87.2,5.397605346934028e-79,5.397605346934028e-79,5.397605346934028e-79,5.397605346934028e-79,0.0,0.0,432.0,0
79854.0,2013-2014,45.0,,,,,1.0,1.0,1.0,3.0,0.0,0.0,297.0,1
79863.0,2013-2014,45.0,167.7,76.2,27.1,93.8,5.397605346934028e-79,5.397605346934028e-79,5.397605346934028e-79,5.397605346934028e-79,0.0,0.0,528.0,0
79868.0,2013-2014,30.0,173.3,117.8,39.2,125.3,5.397605346934028e-79,5.397605346934028e-79,5.397605346934028e-79,5.397605346934028e-79,0.0,0.0,295.0,1
79871.0,2013-2014,45.0,166.4,122.1,44.1,130.2,3.0,3.0,5.397605346934028e-79,5.397605346934028e-79,0.0,0.0,80.6,1
79872.0,2013-2014,54.0,180.0,105.8,32.7,110.5,5.397605346934028e-79,5.397605346934028e-79,5.397605346934028e-79,5.397605346934028e-79,0.0,0.0,544.32,0
79890.0,2013-2014,41.0,173.5,98.8,32.8,101.1,1.0,5.397605346934028e-79,5.397605346934028e-79,5.397605346934028e-79,0.0,0.0,413.54,0
79894.0,2013-2014,58.0,177.3,96.3,30.6,104.2,5.397605346934028e-79,5.397605346934028e-79,5.397605346934028e-79,5.397605346934028e-79,1.0,0.0,217.29,1
79895.0,2013-2014,19.0,175.1,126.3,41.2,122.4,5.397605346934028e-79,5.397605346934028e-79,5.397605346934028e-79,5.397605346934028e-79,0.0,0.0,348.0,0
79896.0,2013-2014,22.0,182.4,109.2,32.8,116.3,,,,,0.0,0.0,459.0,0
79898.0,2013-2014,29.0,174.5,91.4,30.0,104.8,1.0,2.0,5.397605346934028e-79,1.0,0.0,0.0,590.0,0
79899.0,2013-2014,37.0,173.1,84.2,28.1,101.2,1.0,1.0,5.397605346934028e-79,5.397605346934028e-79,0.0,0.0,484.0,0
79901.0,2013-2014,23.0,185.1,107.4,31.3,107.2,1.0,5.397605346934028e-79,5.397605346934028e-79,5.397605346934028e-79,0.0,0.0,429.0,0
79908.0,2013-2014,19.0,168.4,63.8,22.5,82.6,1.0,1.0,5.397605346934028e-79,1.0,0.0,0.0,486.0,0
79920.0,2013-2014,59.0,167.1,79.1,28.3,102.1,2.0,1.0,5.397605346934028e-79,5.397605346934028e-79,1.0,0.0,306.0,0
79923.0,2013-2014,50.0,172.1,86.1,29.1,100.6,5.397605346934028e-79,5.397605346934028e-79,5.397605346934028e-79,1.0,1.0,1.0,379.0,0
79924.0,2013-2014,59.0,180.0,103.9,32.1,118.9,5.397605346934028e-79,5.397605346934028e-79,1.0,5.397605346934028e-79,1.0,0.0,203.0,1
79925.0,2013-2014,49.0,164.8,76.1,28.0,91.2,5.397605346934028e-79,5.397605346934028e-79,5.397605346934028e-79,5.397605346934028e-79,0.0,0.0,414.0,0
79932.0,2013-2014,22.0,173.5,75.2,25.0,91.5,1.0,3.0,5.397605346934028e-79,1.0,1.0,0.0,329.0,0
79936.0,2013-2014,55.0,174.4,66.6,21.9,89.7,,,,,1.0,0.0,660.0,0
79938.0,2013-2014,31.0,176.0,91.0,29.4,93.1,1.0,1.0,5.397605346934028e-79,5.397605346934028e-79,1.0,0.0,423.2,0
79942.0,2013-2014,54.0,168.2,98.0,34.6,124.5,1.0,1.0,5.397605346934028e-79,5.397605346934028e-79,1.0,1.0,113.0,1
79952.0,2013-2014,55.0,177.6,74.7,23.7,94.8,3.0,5.397605346934028e-79,5.397605346934028e-79,5.397605346934028e-79,1.0,0.0,844.0,0
79953.0,2013-2014,19.0,181.5,98.8,30.0,93.7,5.397605346934028e-79,5.397605346934028e-79,1.0,5.397605346934028e-79,0.0,0.0,433.0,0
79955.0,2013-2014,37.0,170.9,71.5,24.5,93.4,5.397605346934028e-79,5.397605346934028e-79,5.397605346934028e-79,5.397605346934028e-79,0.0,0.0,327.0,0
79962.0,2013-2014,24.0,165.3,68.6,25.1,84.5,1.0,5.397605346934028e-79,5.397605346934028e-79,5.397605346934028e-79,0.0,0.0,563.09,0
79963.0,2013-2014,25.0,171.8,108.0,36.6,107.8,5.397605346934028e-79,1.0,5.397605346934028e-79,5.397605346934028e-79,0.0,0.0,294.0,1
79980.0,2013-2014,47.0,174.9,116.5,38.1,128.4,2.0,1.0,5.397605346934028e-79,2.0,1.0,0.0,181.05,1
79982.0,2013-2014,45.0,176.8,73.3,23.4,83.5,5.397605346934028e-79,5.397605346934028e-79,5.397605346934028e-79,5.397605346934028e-79,0.0,0.0,744.07,0
79985.0,2013-2014,36.0,186.2,110.5,31.9,108.7,5.397605346934028e-79,5.397605346934028e-79,5.397605346934028e-79,5.397605346934028e-79,1.0,0.0,337.0,0
79992.0,2013-2014,33.0,178.4,82.0,25.8,95.7,5.397605346934028e-79,5.397605346934028e-79,5.397605346934028e-79,5.397605346934028e-79,0.0,0.0,514.55,0
79996.0,2013-2014,22.0,184.9,147.1,43.0,129.7,5.397605346934028e-79,5.397605346934028e-79,5.397605346934028e-79,5.397605346934028e-79,0.0,0.0,164.4,1
80002.0,2013-2014,55.0,167.4,103.6,37.0,113.8,5.397605346934028e-79,1.0,5.397605346934028e-79,5.397605346934028e-79,1.0,0.0,273.0,1
80006.0,2013-2014,47.0,179.4,87.6,27.2,95.8,5.397605346934028e-79,5.397605346934028e-79,5.397605346934028e-79,5.397605346934028e-79,0.0,0.0,432.0,0
80010.0,2013-2014,39.0,174.2,75.8,25.0,87.8,5.397605346934028e-79,1.0,5.397605346934028e-79,5.397605346934028e-79,0.0,0.0,595.95,0
80015.0,2013-2014,48.0,176.3,141.5,45.5,143.8,5.397605346934028e-79,5.397605346934028e-79,5.397605346934028e-79,5.397605346934028e-79,0.0,0.0,300.0,0
80016.0,2013-2014,40.0,165.7,83.4,30.4,104.3,5.397605346934028e-79,5.397605346934028e-79,5.397605346934028e-79,5.397605346934028e-79,0.0,0.0,435.0,0
80017.0,2013-2014,28.0,170.9,54.4,18.6,77.2,1.0,2.0,5.397605346934028e-79,5.397605346934028e-79,0.0,0.0,388.0,0
80019.0,2013-2014,44.0,164.6,69.4,25.6,94.4,5.397605346934028e-79,5.397605346934028e-79,5.397605346934028e-79,5.397605346934028e-79,0.0,0.0,614.0,0
80022.0,2013-2014,21.0,175.9,62.6,20.2,76.0,5.397605346934028e-79,2.0,5.397605346934028e-79,5.397605346934028e-79,0.0,0.0,700.0,0
80031.0,2013-2014,33.0,183.7,89.2,26.4,93.9,5.397605346934028e-79,5.397605346934028e-79,5.397605346934028e-79,5.397605346934028e-79,1.0,0.0,362.0,0
80038.0,2013-2014,38.0,168.5,67.6,23.8,80.2,5.397605346934028e-79,5.397605346934028e-79,5.397605346934028e-79,5.397605346934028e-79,1.0,0.0,647.0,0
80048.0,2013-2014,24.0,179.4,93.9,29.2,101.5,5.397605346934028e-79,5.397605346934028e-79,5.397605346934028e-79,5.397605346934028e-79,1.0,0.0,384.0,0
80062.0,2013-2014,34.0,181.1,104.1,31.7,113.2,1.0,5.397605346934028e-79,5.397605346934028e-79,2.0,0.0,0.0,252.0,1
80064.0,2013-2014,32.0,167.7,86.7,30.8,96.7,1.0,5.397605346934028e-79,5.397605346934028e-79,5.397605346934028e-79,0.0,0.0,326.0,0
80075.0,2013-2014,32.0,170.0,71.6,24.8,93.0,,,,,0.0,0.0,318.0,0
80079.0,2013-2014,26.0,189.6,130.0,36.2,116.8,5.397605346934028e-79,5.397605346934028e-79,5.397605346934028e-79,5.397605346934028e-79,1.0,0.0,160.39,1
80083.0,2013-2014,41.0,170.9,81.2,27.8,97.6,5.397605346934028e-79,5.397605346934028e-79,5.397605346934028e-79,5.397605346934028e-79,0.0,0.0,273.0,1
80088.0,2013-2014,22.0,170.0,81.9,28.3,94.7,2.0,3.0,1.0,5.397605346934028e-79,0.0,0.0,201.11,1
80097.0,2013-2014,48.0,176.1,92.0,29.7,104.4,3.0,3.0,5.397605346934028e-79,3.0,0.0,0.0,229.9,1
80100.0,2013-2014,30.0,183.3,145.8,43.4,138.4,1.0,1.0,1.0,5.397605346934028e-79,0.0,0.0,178.0,1
80101.0,2013-2014,29.0,166.5,89.4,32.2,103.8,5.397605346934028e-79,5.397605346934028e-79,5.397605346934028e-79,5.397605346934028e-79,0.0,0.0,275.42,1
80103.0,2013-2014,53.0,171.8,121.8,41.3,129.8,5.397605346934028e-79,5.397605346934028e-79,5.397605346934028e-79,5.397605346934028e-79,0.0,0.0,417.56,0
80112.0,2013-2014,60.0,183.9,96.9,28.7,95.9,5.397605346934028e-79,5.397605346934028e-79,5.397605346934028e-79,5.397605346934028e-79,1.0,1.0,362.97,0
80127.0,2013-2014,57.0,171.7,103.3,35.0,119.7,5.397605346934028e-79,5.397605346934028e-79,5.397605346934028e-79,5.397605346934028e-79,1.0,0.0,145.0,1
80130.0,2013-2014,51.0,184.3,71.8,21.1,87.0,5.397605346934028e-79,5.397605346934028e-79,5.397605346934028e-79,5.397605346934028e-79,0.0,0.0,447.0,0
80132.0,2013-2014,37.0,169.3,76.9,26.8,93.3,1.0,1.0,5.397605346934028e-79,1.0,0.0,0.0,355.0,0
80137.0,2013-2014,30.0,170.6,51.2,17.6,66.2,,,,,0.0,0.0,672.0,0
80143.0,2013-2014,27.0,185.3,93.9,27.3,98.3,1.0,1.0,2.0,2.0,0.0,0.0,475.0,0
80144.0,2013-2014,50.0,186.9,91.1,26.1,94.6,1.0,1.0,1.0,5.397605346934028e-79,1.0,0.0,554.07,0
80145.0,2013-2014,22.0,168.6,67.7,23.8,82.9,1.0,1.0,5.397605346934028e-79,5.397605346934028e-79,0.0,0.0,899.0,0
80146.0,2013-2014,33.0,181.5,92.8,28.2,110.1,5.397605346934028e-79,5.397605346934028e-79,5.397605346934028e-79,5.397605346934028e-79,0.0,0.0,503.0,0
80155.0,2013-2014,52.0,173.8,67.6,22.4,86.9,5.397605346934028e-79,5.397605346934028e-79,5.397605346934028e-79,5.397605346934028e-79,1.0,0.0,341.0,0
80156.0,2013-2014,45.0,163.9,74.4,27.7,92.4,,,,,0.0,0.0,197.0,1
80158.0,2013-2014,35.0,188.7,132.4,37.2,125.1,3.0,1.0,2.0,1.0,1.0,0.0,397.0,0
80164.0,2013-2014,19.0,174.0,89.6,29.6,84.0,5.397605346934028e-79,5.397605346934028e-79,5.397605346934028e-79,5.397605346934028e-79,0.0,0.0,555.26,0
80168.0,2013-2014,38.0,177.1,85.5,27.3,104.3,5.397605346934028e-79,1.0,5.397605346934028e-79,1.0,0.0,0.0,403.0,0
80178.0,2013-2014,35.0,181.5,86.7,26.3,92.5,5.397605346934028e-79,5.397605346934028e-79,5.397605346934028e-79,5.397605346934028e-79,0.0,0.0,256.0,1
80187.0,2013-2014,60.0,175.0,79.2,25.9,96.0,5.397605346934028e-79,5.397605346934028e-79,5.397605346934028e-79,5.397605346934028e-79,1.0,0.0,346.0,0
80188.0,2013-2014,55.0,180.3,76.3,23.5,86.7,5.397605346934028e-79,5.397605346934028e-79,5.397605346934028e-79,5.397605346934028e-79,0.0,0.0,273.0,1
80197.0,2013-2014,44.0,172.1,76.3,25.8,93.2,5.397605346934028e-79,5.397605346934028e-79,5.397605346934028e-79,5.397605346934028e-79,0.0,0.0,671.0,0
80200.0,2013-2014,57.0,188.0,102.3,28.9,111.9,5.397605346934028e-79,5.397605346934028e-79,5.397605346934028e-79,5.397605346934028e-79,1.0,0.0,670.0,0
80202.0,2013-2014,49.0,169.3,73.9,25.8,90.5,5.397605346934028e-79,5.397605346934028e-79,1.0,5.397605346934028e-79,1.0,0.0,377.0,0
80204.0,2013-2014,59.0,169.6,96.0,33.4,114.5,,,,,0.0,0.0,241.26,1
80210.0,2013-2014,37.0,165.1,80.7,29.6,100.6,1.0,1.0,1.0,5.397605346934028e-79,0.0,0.0,364.0,0
80214.0,2013-2014,46.0,181.2,69.1,21.0,81.0,,,,,0.0,0.0,231.0,1
80215.0,2013-2014,22.0,174.4,67.8,22.3,81.0,5.397605346934028e-79,5.397605346934028e-79,5.397605346934028e-79,5.397605346934028e-79,0.0,0.0,581.0,0
80226.0,2013-2014,30.0,182.4,73.2,22.0,89.8,5.397605346934028e-79,5.397605346934028e-79,5.397605346934028e-79,5.397605346934028e-79,0.0,0.0,325.0,0
80227.0,2013-2014,37.0,178.7,89.0,27.9,97.2,5.397605346934028e-79,5.397605346934028e-79,5.397605346934028e-79,1.0,1.0,0.0,389.0,0
80233.0,2013-2014,21.0,166.3,68.5,24.8,78.6,5.397605346934028e-79,1.0,5.397605346934028e-79,5.397605346934028e-79,0.0,0.0,513.0,0
80237.0,2013-2014,59.0,186.8,93.4,26.8,105.2,5.397605346934028e-79,5.397605346934028e-79,5.397605346934028e-79,5.397605346934028e-79,1.0,0.0,227.63,1
80238.0,2013-2014,22.0,173.3,85.9,28.6,90.8,5.397605346934028e-79,5.397605346934028e-79,5.397605346934028e-79,5.397605346934028e-79,0.0,0.0,413.0,0
80242.0,2013-2014,22.0,174.5,55.4,18.2,,1.0,5.397605346934028e-79,5.397605346934028e-79,5.397605346934028e-79,0.0,0.0,479.0,0
80245.0,2013-2014,20.0,174.2,152.2,50.2,138.3,5.397605346934028e-79,5.397605346934028e-79,5.397605346934028e-79,5.397605346934028e-79,0.0,0.0,416.0,0
80249.0,2013-2014,50.0,168.2,84.8,30.0,111.4,1.0,2.0,5.397605346934028e-79,2.0,1.0,0.0,309.0,0
80258.0,2013-2014,19.0,173.2,63.4,21.1,70.7,5.397605346934028e-79,5.397605346934028e-79,5.397605346934028e-79,5.397605346934028e-79,0.0,0.0,1160.0,0
80259.0,2013-2014,27.0,166.4,70.2,25.4,81.8,5.397605346934028e-79,5.397605346934028e-79,5.397605346934028e-79,5.397605346934028e-79,0.0,0.0,491.0,0
80260.0,2013-2014,40.0,182.1,74.1,22.3,91.8,5.397605346934028e-79,5.397605346934028e-79,5.397605346934028e-79,5.397605346934028e-79,0.0,0.0,356.83,0
80263.0,2013-2014,52.0,182.2,128.8,38.8,139.2,3.0,1.0,3.0,5.397605346934028e-79,1.0,1.0,273.92,1
80269.0,2013-2014,25.0,171.9,71.1,24.1,80.0,1.0,3.0,5.397605346934028e-79,2.0,0.0,0.0,521.0,0
80273.0,2013-2014,44.0,177.8,79.2,25.1,94.5,5.397605346934028e-79,5.397605346934028e-79,5.397605346934028e-79,5.397605346934028e-79,0.0,0.0,458.0,0
80275.0,2013-2014,24.0,173.1,51.4,17.2,67.7,5.397605346934028e-79,3.0,5.397605346934028e-79,5.397605346934028e-79,0.0,0.0,789.0,0
80278.0,2013-2014,47.0,159.1,84.8,33.5,104.2,,,,,1.0,0.0,471.0,0
80279.0,2013-2014,38.0,179.0,78.6,24.5,89.4,5.397605346934028e-79,5.397605346934028e-79,5.397605346934028e-79,5.397605346934028e-79,0.0,0.0,399.38,0
80285.0,2013-2014,50.0,164.4,79.1,29.3,95.2,2.0,2.0,2.0,1.0,1.0,1.0,223.0,1
80286.0,2013-2014,38.0,172.8,98.5,33.0,105.1,5.397605346934028e-79,5.397605346934028e-79,5.397605346934028e-79,5.397605346934028e-79,0.0,0.0,286.0,1
80291.0,2013-2014,31.0,184.8,83.4,24.4,86.3,3.0,3.0,2.0,2.0,0.0,0.0,482.0,0
80301.0,2013-2014,24.0,182.1,67.6,20.4,74.9,3.0,5.397605346934028e-79,1.0,1.0,0.0,0.0,442.0,0
80303.0,2013-2014,33.0,175.9,87.8,28.4,103.7,5.397605346934028e-79,5.397605346934028e-79,5.397605346934028e-79,5.397605346934028e-79,0.0,0.0,396.0,0
80304.0,2013-2014,43.0,177.7,86.4,27.4,102.2,5.397605346934028e-79,5.397605346934028e-79,5.397605346934028e-79,5.397605346934028e-79,1.0,0.0,336.0,0
80308.0,2013-2014,39.0,168.9,72.4,25.4,91.9,5.397605346934028e-79,5.397605346934028e-79,5.397605346934028e-79,5.397605346934028e-79,0.0,0.0,328.0,0
80312.0,2013-2014,40.0,171.9,81.4,27.5,97.7,2.0,1.0,1.0,1.0,0.0,0.0,557.54,0
80323.0,2013-2014,33.0,173.3,77.4,25.8,95.7,5.397605346934028e-79,5.397605346934028e-79,5.397605346934028e-79,5.397605346934028e-79,0.0,0.0,434.93,0
80327.0,2013-2014,27.0,165.5,71.3,26.0,89.7,1.0,2.0,1.0,5.397605346934028e-79,1.0,0.0,513.0,0
80331.0,2013-2014,27.0,187.8,85.7,24.3,83.3,5.397605346934028e-79,5.397605346934028e-79,5.397605346934028e-79,5.397605346934028e-79,0.0,0.0,476.0,0
80332.0,2013-2014,24.0,174.9,69.3,22.7,87.8,1.0,5.397605346934028e-79,5.397605346934028e-79,5.397605346934028e-79,0.0,0.0,348.0,0
80335.0,2013-2014,28.0,180.8,92.7,28.4,98.5,3.0,3.0,1.0,1.0,0.0,1.0,506.0,0
80338.0,2013-2014,23.0,172.9,74.3,24.9,82.0,5.397605346934028e-79,5.397605346934028e-79,5.397605346934028e-79,5.397605346934028e-79,0.0,0.0,666.0,0
80352.0,2013-2014,20.0,174.8,74.7,24.4,84.5,1.0,5.397605346934028e-79,5.397605346934028e-79,5.397605346934028e-79,0.0,0.0,598.0,0
80361.0,2013-2014,19.0,185.0,89.2,26.1,90.1,5.397605346934028e-79,5.397605346934028e-79,5.397605346934028e-79,5.397605346934028e-79,0.0,0.0,380.0,0
80368.0,2013-2014,46.0,168.8,77.5,27.2,89.0,5.397605346934028e-79,5.397605346934028e-79,5.397605346934028e-79,5.397605346934028e-79,1.0,0.0,297.0,1
80372.0,2013-2014,42.0,170.3,77.8,26.8,93.1,5.397605346934028e-79,5.397605346934028e-79,5.397605346934028e-79,5.397605346934028e-79,0.0,0.0,449.0,0
80375.0,2013-2014,47.0,187.6,83.8,23.8,89.7,5.397605346934028e-79,5.397605346934028e-79,5.397605346934028e-79,5.397605346934028e-79,0.0,0.0,348.93,0
80377.0,2013-2014,44.0,172.5,173.7,58.4,162.8,1.0,5.397605346934028e-79,1.0,1.0,1.0,0.0,247.0,1
80380.0,2013-2014,39.0,185.7,102.6,29.8,106.5,5.397605346934028e-79,5.397605346934028e-79,5.397605346934028e-79,5.397605346934028e-79,0.0,0.0,546.34,0
80386.0,2013-2014,33.0,189.9,120.2,33.3,106.3,5.397605346934028e-79,5.397605346934028e-79,5.397605346934028e-79,5.397605346934028e-79,1.0,0.0,260.0,1
80391.0,2013-2014,23.0,172.0,67.8,22.9,82.0,1.0,5.397605346934028e-79,5.397605346934028e-79,5.397605346934028e-79,0.0,0.0,1010.0,0
80394.0,2013-2014,60.0,166.5,77.7,28.0,101.0,5.397605346934028e-79,5.397605346934028e-79,5.397605346934028e-79,5.397605346934028e-79,1.0,0.0,557.0,0
80396.0,2013-2014,31.0,181.2,97.2,29.6,95.7,1.0,5.397605346934028e-79,2.0,2.0,0.0,0.0,477.0,0
80410.0,2013-2014,47.0,177.7,85.3,27.0,106.3,3.0,5.397605346934028e-79,2.0,1.0,0.0,0.0,390.0,0
80411.0,2013-2014,41.0,167.4,70.9,25.3,88.5,,,,,0.0,0.0,560.0,0
80413.0,2013-2014,46.0,170.4,69.0,23.8,89.3,,,,,0.0,0.0,243.0,1
80414.0,2013-2014,24.0,180.0,111.8,34.5,122.8,5.397605346934028e-79,5.397605346934028e-79,5.397605346934028e-79,5.397605346934028e-79,0.0,0.0,119.0,1
80416.0,2013-2014,39.0,182.9,97.6,29.2,103.8,1.0,3.0,2.0,2.0,1.0,0.0,473.0,0
80427.0,2013-2014,52.0,174.7,127.9,41.9,128.8,1.0,5.397605346934028e-79,5.397605346934028e-79,5.397605346934028e-79,1.0,1.0,150.0,1
80428.0,2013-2014,56.0,164.9,85.2,31.3,100.7,3.0,2.0,1.0,3.0,1.0,0.0,389.0,0
80430.0,2013-2014,46.0,180.9,91.1,27.8,103.2,1.0,5.397605346934028e-79,5.397605346934028e-79,5.397605346934028e-79,0.0,0.0,319.45,0
80445.0,2013-2014,22.0,175.5,83.4,27.1,84.6,1.0,5.397605346934028e-79,5.397605346934028e-79,3.0,0.0,0.0,570.0,0
80453.0,2013-2014,38.0,174.3,78.7,25.9,90.9,1.0,1.0,5.397605346934028e-79,5.397605346934028e-79,0.0,0.0,767.04,0
80477.0,2013-2014,49.0,174.2,69.7,23.0,82.0,,,,,0.0,0.0,283.0,1
80493.0,2013-2014,52.0,173.2,102.3,34.1,116.0,5.397605346934028e-79,5.397605346934028e-79,5.397605346934028e-79,5.397605346934028e-79,0.0,1.0,464.45,0
80503.0,2013-2014,44.0,179.9,88.7,27.4,101.0,5.397605346934028e-79,3.0,5.397605346934028e-79,5.397605346934028e-79,1.0,1.0,499.0,0
80505.0,2013-2014,46.0,186.0,89.8,26.0,97.3,1.0,1.0,5.397605346934028e-79,5.397605346934028e-79,0.0,0.0,462.0,0
80506.0,2013-2014,53.0,190.5,102.6,28.3,106.0,1.0,5.397605346934028e-79,5.397605346934028e-79,5.397605346934028e-79,0.0,0.0,582.0,0
80517.0,2013-2014,55.0,170.9,102.1,35.0,113.7,1.0,1.0,5.397605346934028e-79,1.0,0.0,0.0,517.0,0
80521.0,2013-2014,41.0,184.0,69.9,20.6,87.8,5.397605346934028e-79,1.0,2.0,1.0,0.0,0.0,469.0,0
80522.0,2013-2014,55.0,173.1,62.2,20.8,86.0,1.0,3.0,1.0,5.397605346934028e-79,0.0,0.0,330.21,0
80523.0,2013-2014,52.0,175.8,75.2,24.3,87.7,5.397605346934028e-79,5.397605346934028e-79,5.397605346934028e-79,5.397605346934028e-79,0.0,0.0,642.0,0
80530.0,2013-2014,59.0,179.6,75.8,23.5,94.3,2.0,2.0,2.0,3.0,1.0,0.0,241.0,1
80539.0,2013-2014,40.0,176.2,97.4,31.4,104.1,2.0,3.0,5.397605346934028e-79,5.397605346934028e-79,0.0,1.0,250.95,1
80543.0,2013-2014,28.0,163.5,61.9,23.2,79.4,5.397605346934028e-79,5.397605346934028e-79,5.397605346934028e-79,5.397605346934028e-79,0.0,0.0,469.0,0
80545.0,2013-2014,55.0,174.5,97.9,32.2,114.7,5.397605346934028e-79,5.397605346934028e-79,5.397605346934028e-79,5.397605346934028e-79,1.0,0.0,320.0,0
80547.0,2013-2014,55.0,179.7,75.0,23.2,83.3,1.0,5.397605346934028e-79,2.0,1.0,1.0,0.0,444.0,0
80559.0,2013-2014,26.0,185.5,81.4,23.7,88.9,1.0,5.397605346934028e-79,5.397605346934028e-79,5.397605346934028e-79,0.0,0.0,489.0,0
80560.0,2013-2014,25.0,172.6,106.3,35.7,112.9,5.397605346934028e-79,5.397605346934028e-79,5.397605346934028e-79,5.397605346934028e-79,0.0,0.0,372.76,0
80561.0,2013-2014,41.0,173.4,79.0,26.3,92.3,1.0,5.397605346934028e-79,5.397605346934028e-79,5.397605346934028e-79,0.0,0.0,398.0,0
80578.0,2013-2014,44.0,157.8,74.7,30.0,90.3,5.397605346934028e-79,5.397605346934028e-79,5.397605346934028e-79,5.397605346934028e-79,0.0,0.0,322.03,0
80585.0,2013-2014,41.0,171.1,81.9,28.0,101.0,5.397605346934028e-79,5.397605346934028e-79,5.397605346934028e-79,5.397605346934028e-79,0.0,0.0,188.42,1
80587.0,2013-2014,36.0,171.4,77.2,26.3,88.8,1.0,1.0,5.397605346934028e-79,5.397605346934028e-79,0.0,0.0,652.52,0
80592.0,2013-2014,20.0,173.5,92.7,30.8,100.6,5.397605346934028e-79,5.397605346934028e-79,5.397605346934028e-79,5.397605346934028e-79,0.0,0.0,468.0,0
80596.0,2013-2014,32.0,178.6,95.3,29.9,113.2,1.0,1.0,1.0,2.0,0.0,0.0,389.0,0
80604.0,2013-2014,58.0,162.5,50.4,19.1,74.5,3.0,5.397605346934028e-79,3.0,5.397605346934028e-79,1.0,0.0,336.0,0
80618.0,2013-2014,32.0,175.8,78.6,25.4,85.9,1.0,1.0,5.397605346934028e-79,5.397605346934028e-79,0.0,0.0,420.0,0
80619.0,2013-2014,33.0,177.3,110.1,35.0,119.0,1.0,2.0,5.397605346934028e-79,2.0,0.0,0.0,325.0,0
80620.0,2013-2014,22.0,170.6,59.0,20.3,73.4,5.397605346934028e-79,5.397605346934028e-79,5.397605346934028e-79,5.397605346934028e-79,0.0,0.0,253.0,1
80632.0,2013-2014,57.0,176.0,78.2,25.2,97.7,5.397605346934028e-79,1.0,5.397605346934028e-79,5.397605346934028e-79,1.0,1.0,396.38,0
80639.0,2013-2014,32.0,187.4,82.5,23.5,86.8,5.397605346934028e-79,5.397605346934028e-79,5.397605346934028e-79,5.397605346934028e-79,0.0,0.0,321.07,0
80643.0,2013-2014,39.0,172.8,85.0,28.5,94.5,1.0,1.0,1.0,5.397605346934028e-79,1.0,0.0,362.0,0
80646.0,2013-2014,34.0,179.3,94.3,29.3,102.2,5.397605346934028e-79,1.0,5.397605346934028e-79,1.0,0.0,0.0,603.0,0
80647.0,2013-2014,52.0,170.3,69.4,23.9,88.1,1.0,5.397605346934028e-79,5.397605346934028e-79,5.397605346934028e-79,0.0,1.0,358.0,0
80648.0,2013-2014,43.0,192.1,84.7,23.0,89.7,1.0,5.397605346934028e-79,5.397605346934028e-79,5.397605346934028e-79,0.0,0.0,240.0,1
80649.0,2013-2014,19.0,184.0,77.6,22.9,80.0,5.397605346934028e-79,1.0,5.397605346934028e-79,5.397605346934028e-79,0.0,0.0,747.0,0
80652.0,2013-2014,60.0,173.9,68.4,22.6,79.7,2.0,5.397605346934028e-79,2.0,1.0,0.0,1.0,953.57,0
80657.0,2013-2014,51.0,177.3,104.2,33.1,111.1,5.397605346934028e-79,5.397605346934028e-79,5.397605346934028e-79,5.397605346934028e-79,1.0,0.0,187.0,1
80658.0,2013-2014,50.0,178.3,90.1,28.3,105.5,5.397605346934028e-79,5.397605346934028e-79,5.397605346934028e-79,5.397605346934028e-79,0.0,0.0,167.0,1
80660.0,2013-2014,45.0,181.1,82.0,25.0,94.5,1.0,1.0,2.0,5.397605346934028e-79,1.0,0.0,213.0,1
80663.0,2013-2014,41.0,168.9,78.9,27.7,93.7,1.0,5.397605346934028e-79,5.397605346934028e-79,5.397605346934028e-79,0.0,0.0,399.0,0
80669.0,2013-2014,50.0,172.3,95.6,32.2,112.3,5.397605346934028e-79,5.397605346934028e-79,5.397605346934028e-79,5.397605346934028e-79,0.0,0.0,349.0,0
80683.0,2013-2014,58.0,170.0,74.3,25.7,102.0,5.397605346934028e-79,5.397605346934028e-79,1.0,2.0,0.0,1.0,185.0,1
80684.0,2013-2014,48.0,186.5,96.4,27.7,103.4,5.397605346934028e-79,1.0,5.397605346934028e-79,1.0,0.0,0.0,341.0,0
80692.0,2013-2014,37.0,179.0,73.8,23.0,85.6,1.0,5.397605346934028e-79,5.397605346934028e-79,5.397605346934028e-79,0.0,0.0,357.0,0
80693.0,2013-2014,30.0,169.0,62.3,21.8,77.8,5.397605346934028e-79,5.397605346934028e-79,5.397605346934028e-79,5.397605346934028e-79,0.0,0.0,919.0,0
80695.0,2013-2014,56.0,,142.8,,145.2,1.0,1.0,5.397605346934028e-79,1.0,1.0,0.0,144.77,1
80705.0,2013-2014,54.0,169.1,85.3,29.8,101.3,5.397605346934028e-79,5.397605346934028e-79,5.397605346934028e-79,5.397605346934028e-79,0.0,0.0,450.9,0
80706.0,2013-2014,50.0,161.7,65.6,25.1,90.0,5.397605346934028e-79,5.397605346934028e-79,5.397605346934028e-79,5.397605346934028e-79,0.0,0.0,370.0,0
80713.0,2013-2014,38.0,175.5,95.9,31.1,104.2,1.0,5.397605346934028e-79,5.397605346934028e-79,5.397605346934028e-79,0.0,0.0,265.07,1
80714.0,2013-2014,45.0,166.9,64.7,23.2,83.1,5.397605346934028e-79,5.397605346934028e-79,5.397605346934028e-79,5.397605346934028e-79,0.0,0.0,676.73,0
80729.0,2013-2014,31.0,175.8,94.9,30.7,113.2,1.0,1.0,5.397605346934028e-79,1.0,0.0,0.0,454.0,0
80730.0,2013-2014,39.0,,,,,3.0,3.0,2.0,2.0,0.0,0.0,519.0,0
80732.0,2013-2014,52.0,181.4,91.4,27.8,104.1,5.397605346934028e-79,5.397605346934028e-79,1.0,5.397605346934028e-79,0.0,0.0,188.0,1
80733.0,2013-2014,47.0,168.7,62.6,22.0,78.0,2.0,2.0,1.0,1.0,0.0,0.0,709.0,0
80735.0,2013-2014,41.0,179.9,105.2,32.5,110.6,1.0,2.0,3.0,3.0,1.0,0.0,330.0,0
80738.0,2013-2014,40.0,174.7,99.8,32.7,109.3,5.397605346934028e-79,5.397605346934028e-79,5.397605346934028e-79,5.397605346934028e-79,0.0,0.0,304.29,0
80741.0,2013-2014,51.0,177.7,105.3,33.3,113.8,1.0,1.0,1.0,5.397605346934028e-79,0.0,0.0,294.0,1
80745.0,2013-2014,50.0,181.7,75.5,22.9,88.3,5.397605346934028e-79,5.397605346934028e-79,5.397605346934028e-79,5.397605346934028e-79,0.0,0.0,397.0,0
80761.0,2013-2014,23.0,186.6,93.5,26.9,96.6,5.397605346934028e-79,1.0,5.397605346934028e-79,5.397605346934028e-79,0.0,0.0,457.0,0
80765.0,2013-2014,37.0,179.6,96.2,29.8,101.7,1.0,2.0,5.397605346934028e-79,5.397605346934028e-79,0.0,0.0,230.0,1
80771.0,2013-2014,59.0,161.6,82.6,31.6,98.5,5.397605346934028e-79,5.397605346934028e-79,5.397605346934028e-79,5.397605346934028e-79,1.0,1.0,203.0,1
80772.0,2013-2014,36.0,168.7,63.7,22.4,94.6,3.0,3.0,3.0,1.0,0.0,1.0,690.03,0
80778.0,2013-2014,32.0,176.4,75.4,24.2,86.7,1.0,5.397605346934028e-79,5.397605346934028e-79,5.397605346934028e-79,0.0,0.0,542.0,0
80793.0,2013-2014,41.0,178.7,86.0,26.9,98.5,1.0,5.397605346934028e-79,5.397605346934028e-79,5.397605346934028e-79,0.0,0.0,305.85,0
80794.0,2013-2014,58.0,172.4,85.6,28.8,106.1,5.397605346934028e-79,5.397605346934028e-79,5.397605346934028e-79,5.397605346934028e-79,0.0,0.0,362.0,0
80798.0,2013-2014,29.0,169.7,82.6,28.7,96.4,5.397605346934028e-79,5.397605346934028e-79,5.397605346934028e-79,5.397605346934028e-79,0.0,0.0,628.0,0
80810.0,2013-2014,56.0,166.3,76.9,27.8,96.6,1.0,1.0,5.397605346934028e-79,5.397605346934028e-79,1.0,0.0,293.92,1
80812.0,2013-2014,23.0,169.9,73.4,25.4,82.3,5.397605346934028e-79,1.0,5.397605346934028e-79,5.397605346934028e-79,0.0,0.0,521.0,0
80814.0,2013-2014,56.0,171.5,62.7,21.3,88.2,5.397605346934028e-79,5.397605346934028e-79,5.397605346934028e-79,5.397605346934028e-79,0.0,0.0,339.0,0
80821.0,2013-2014,38.0,167.7,73.7,26.2,92.8,3.0,1.0,1.0,1.0,0.0,0.0,558.0,0
80825.0,2013-2014,30.0,175.2,80.2,26.1,101.2,5.397605346934028e-79,5.397605346934028e-79,1.0,1.0,0.0,0.0,283.0,1
80826.0,2013-2014,33.0,172.6,90.7,30.4,104.9,1.0,5.397605346934028e-79,1.0,5.397605346934028e-79,0.0,0.0,243.0,1
80833.0,2013-2014,33.0,171.8,80.2,27.2,93.1,1.0,1.0,5.397605346934028e-79,5.397605346934028e-79,1.0,0.0,231.0,1
80847.0,2013-2014,42.0,175.2,95.4,31.1,105.9,5.397605346934028e-79,5.397605346934028e-79,5.397605346934028e-79,5.397605346934028e-79,0.0,0.0,465.0,0
80862.0,2013-2014,21.0,174.3,71.3,23.5,84.6,1.0,1.0,5.397605346934028e-79,1.0,0.0,0.0,401.0,0
80864.0,2013-2014,54.0,172.1,66.8,22.6,96.6,2.0,2.0,2.0,2.0,0.0,0.0,977.43,0
80880.0,2013-2014,28.0,182.9,181.4,54.2,155.3,3.0,1.0,2.0,1.0,1.0,1.0,127.0,1
80884.0,2013-2014,60.0,182.4,93.2,28.0,97.7,,,,,0.0,0.0,327.0,0
80885.0,2013-2014,32.0,166.8,69.4,24.9,90.8,5.397605346934028e-79,5.397605346934028e-79,5.397605346934028e-79,5.397605346934028e-79,0.0,0.0,802.18,0
80911.0,2013-2014,44.0,172.6,71.3,23.9,86.1,1.0,1.0,5.397605346934028e-79,5.397605346934028e-79,0.0,0.0,480.0,0
80917.0,2013-2014,34.0,173.5,130.3,43.3,126.7,2.0,5.397605346934028e-79,5.397605346934028e-79,2.0,0.0,0.0,182.0,1
80923.0,2013-2014,28.0,187.3,97.0,27.7,100.0,5.397605346934028e-79,5.397605346934028e-79,5.397605346934028e-79,5.397605346934028e-79,0.0,0.0,338.0,0
80936.0,2013-2014,38.0,172.1,104.8,35.4,107.5,,,,,0.0,0.0,315.17,0
80939.0,2013-2014,47.0,175.6,96.8,31.4,107.0,5.397605346934028e-79,5.397605346934028e-79,5.397605346934028e-79,5.397605346934028e-79,0.0,1.0,360.0,0
80946.0,2013-2014,60.0,175.3,96.7,31.5,117.4,1.0,5.397605346934028e-79,5.397605346934028e-79,5.397605346934028e-79,1.0,0.0,304.91,0
80965.0,2013-2014,25.0,182.7,68.9,20.6,75.5,1.0,1.0,5.397605346934028e-79,5.397605346934028e-79,0.0,0.0,421.04,0
80967.0,2013-2014,40.0,155.0,76.6,31.9,100.5,2.0,2.0,5.397605346934028e-79,5.397605346934028e-79,0.0,0.0,227.0,1
80968.0,2013-2014,25.0,170.7,60.8,20.9,71.0,1.0,5.397605346934028e-79,1.0,5.397605346934028e-79,0.0,0.0,938.0,0
80976.0,2013-2014,59.0,177.4,76.2,24.2,92.5,5.397605346934028e-79,5.397605346934028e-79,5.397605346934028e-79,5.397605346934028e-79,0.0,0.0,476.0,0
80979.0,2013-2014,29.0,167.6,84.8,30.2,88.6,5.397605346934028e-79,5.397605346934028e-79,5.397605346934028e-79,5.397605346934028e-79,0.0,0.0,460.73,0
80982.0,2013-2014,31.0,178.2,124.7,39.3,128.6,1.0,5.397605346934028e-79,5.397605346934028e-79,5.397605346934028e-79,1.0,0.0,266.0,1
80985.0,2013-2014,46.0,180.3,99.4,30.6,109.7,5.397605346934028e-79,1.0,5.397605346934028e-79,5.397605346934028e-79,1.0,0.0,252.0,1
80989.0,2013-2014,46.0,172.4,88.2,29.7,112.1,5.397605346934028e-79,5.397605346934028e-79,5.397605346934028e-79,5.397605346934028e-79,1.0,0.0,507.0,0
80990.0,2013-2014,35.0,180.4,94.6,29.1,102.5,2.0,3.0,5.397605346934028e-79,5.397605346934028e-79,0.0,0.0,443.0,0
80997.0,2013-2014,26.0,173.6,71.3,23.7,85.8,2.0,5.397605346934028e-79,5.397605346934028e-79,1.0,0.0,0.0,535.0,0
81000.0,2013-2014,28.0,175.4,72.2,23.5,81.4,5.397605346934028e-79,5.397605346934028e-79,5.397605346934028e-79,1.0,0.0,0.0,431.0,0
81004.0,2013-2014,50.0,171.1,78.9,27.0,92.4,1.0,5.397605346934028e-79,5.397605346934028e-79,5.397605346934028e-79,0.0,0.0,484.76,0
81008.0,2013-2014,48.0,181.5,71.9,21.8,82.2,,,,,0.0,0.0,263.9,1
81010.0,2013-2014,51.0,166.7,72.8,26.2,95.6,2.0,2.0,5.397605346934028e-79,5.397605346934028e-79,0.0,0.0,742.0,0
81012.0,2013-2014,34.0,181.8,68.4,20.7,83.1,1.0,5.397605346934028e-79,5.397605346934028e-79,5.397605346934028e-79,0.0,0.0,506.29,0
81013.0,2013-2014,43.0,167.1,89.0,31.9,103.3,2.0,5.397605346934028e-79,5.397605346934028e-79,5.397605346934028e-79,0.0,0.0,783.0,0
81014.0,2013-2014,27.0,175.2,79.0,25.7,81.4,5.397605346934028e-79,5.397605346934028e-79,5.397605346934028e-79,5.397605346934028e-79,0.0,0.0,483.0,0
81020.0,2013-2014,40.0,165.9,84.9,30.8,105.1,5.397605346934028e-79,5.397605346934028e-79,5.397605346934028e-79,5.397605346934028e-79,0.0,0.0,373.27,0
81029.0,2013-2014,43.0,175.4,81.2,26.4,93.7,,,,,0.0,1.0,434.0,0
81030.0,2013-2014,60.0,176.1,82.6,26.6,98.8,5.397605346934028e-79,5.397605346934028e-79,5.397605346934028e-79,5.397605346934028e-79,0.0,0.0,297.0,1
81034.0,2013-2014,34.0,167.3,89.6,32.0,107.3,5.397605346934028e-79,5.397605346934028e-79,5.397605346934028e-79,5.397605346934028e-79,0.0,0.0,383.0,0
81037.0,2013-2014,60.0,172.9,79.7,26.7,93.2,5.397605346934028e-79,5.397605346934028e-79,5.397605346934028e-79,5.397605346934028e-79,1.0,0.0,466.84,0
81038.0,2013-2014,45.0,158.7,62.7,24.9,86.5,3.0,3.0,1.0,1.0,0.0,0.0,432.0,0
81051.0,2013-2014,41.0,162.4,68.7,26.0,90.8,5.397605346934028e-79,5.397605346934028e-79,5.397605346934028e-79,5.397605346934028e-79,1.0,0.0,434.0,0
81061.0,2013-2014,44.0,176.1,108.6,35.0,121.5,1.0,5.397605346934028e-79,1.0,5.397605346934028e-79,1.0,1.0,182.85,1
81068.0,2013-2014,59.0,168.9,89.0,31.2,100.3,5.397605346934028e-79,1.0,5.397605346934028e-79,5.397605346934028e-79,1.0,0.0,389.0,0
81070.0,2013-2014,31.0,175.2,86.5,28.2,96.4,5.397605346934028e-79,5.397605346934028e-79,5.397605346934028e-79,5.397605346934028e-79,0.0,0.0,367.0,0
81075.0,2013-2014,30.0,182.4,93.3,28.0,91.1,5.397605346934028e-79,5.397605346934028e-79,5.397605346934028e-79,5.397605346934028e-79,0.0,0.0,428.0,0
81083.0,2013-2014,36.0,167.5,79.2,28.2,92.9,5.397605346934028e-79,5.397605346934028e-79,5.397605346934028e-79,5.397605346934028e-79,1.0,0.0,455.0,0
81090.0,2013-2014,32.0,171.2,70.2,24.0,84.6,5.397605346934028e-79,5.397605346934028e-79,5.397605346934028e-79,1.0,0.0,0.0,875.0,0
81092.0,2013-2014,29.0,174.0,103.4,34.2,107.5,1.0,5.397605346934028e-79,5.397605346934028e-79,5.397605346934028e-79,1.0,0.0,421.62,0
81095.0,2013-2014,51.0,160.0,106.8,41.7,131.0,3.0,5.397605346934028e-79,3.0,3.0,0.0,0.0,196.16,1
81115.0,2013-2014,60.0,194.8,104.5,27.5,109.6,5.397605346934028e-79,5.397605346934028e-79,5.397605346934028e-79,5.397605346934028e-79,0.0,0.0,299.0,1
81117.0,2013-2014,19.0,180.5,111.4,34.2,115.5,2.0,3.0,3.0,2.0,0.0,0.0,389.0,0
81131.0,2013-2014,49.0,174.3,90.0,29.6,106.7,5.397605346934028e-79,5.397605346934028e-79,5.397605346934028e-79,5.397605346934028e-79,0.0,0.0,327.0,0
81135.0,2013-2014,20.0,187.5,68.8,19.6,73.9,5.397605346934028e-79,5.397605346934028e-79,5.397605346934028e-79,5.397605346934028e-79,0.0,0.0,223.0,1
81139.0,2013-2014,23.0,172.4,99.6,33.5,109.1,1.0,5.397605346934028e-79,5.397605346934028e-79,1.0,0.0,0.0,337.0,0
81144.0,2013-2014,49.0,177.7,101.9,32.3,107.2,1.0,5.397605346934028e-79,5.397605346934028e-79,5.397605346934028e-79,1.0,0.0,642.0,0
81149.0,2013-2014,34.0,166.9,73.0,26.2,89.4,1.0,5.397605346934028e-79,5.397605346934028e-79,5.397605346934028e-79,0.0,0.0,506.0,0
81151.0,2013-2014,56.0,183.5,83.9,24.9,98.2,1.0,5.397605346934028e-79,5.397605346934028e-79,5.397605346934028e-79,0.0,0.0,547.0,0
81154.0,2013-2014,50.0,161.4,78.6,30.2,101.0,1.0,5.397605346934028e-79,5.397605346934028e-79,5.397605346934028e-79,1.0,1.0,434.0,0
81160.0,2013-2014,23.0,181.2,154.7,47.1,144.5,5.397605346934028e-79,5.397605346934028e-79,5.397605346934028e-79,5.397605346934028e-79,0.0,0.0,351.0,0
81161.0,2013-2014,33.0,173.7,83.0,27.5,94.2,1.0,1.0,1.0,1.0,0.0,0.0,353.84,0
81165.0,2013-2014,51.0,152.8,52.2,22.4,81.0,5.397605346934028e-79,3.0,2.0,5.397605346934028e-79,0.0,0.0,535.0,0
81169.0,2013-2014,34.0,179.2,107.7,33.5,113.2,5.397605346934028e-79,5.397605346934028e-79,5.397605346934028e-79,5.397605346934028e-79,1.0,0.0,696.92,0
81187.0,2013-2014,43.0,172.2,187.8,63.3,,1.0,1.0,1.0,2.0,1.0,0.0,288.0,1
81193.0,2013-2014,20.0,171.3,77.2,26.3,88.7,,,,,0.0,0.0,645.43,0
81201.0,2013-2014,56.0,170.3,75.5,26.0,93.8,5.397605346934028e-79,1.0,5.397605346934028e-79,5.397605346934028e-79,0.0,1.0,295.0,1
81206.0,2013-2014,47.0,183.1,93.5,27.9,108.5,5.397605346934028e-79,5.397605346934028e-79,5.397605346934028e-79,5.397605346934028e-79,1.0,1.0,565.0,0
81207.0,2013-2014,39.0,178.8,74.9,23.4,87.5,1.0,5.397605346934028e-79,5.397605346934028e-79,5.397605346934028e-79,0.0,0.0,842.0,0
81209.0,2013-2014,58.0,156.0,68.4,28.1,93.5,5.397605346934028e-79,5.397605346934028e-79,5.397605346934028e-79,1.0,1.0,0.0,539.0,0
81213.0,2013-2014,50.0,175.4,86.7,28.2,93.9,5.397605346934028e-79,5.397605346934028e-79,1.0,5.397605346934028e-79,0.0,0.0,442.73,0
81214.0,2013-2014,50.0,165.3,64.1,23.5,83.2,,,,,0.0,0.0,381.0,0
81217.0,2013-2014,45.0,176.9,66.6,21.3,83.7,5.397605346934028e-79,5.397605346934028e-79,5.397605346934028e-79,5.397605346934028e-79,1.0,0.0,597.0,0
81218.0,2013-2014,34.0,178.8,87.5,27.4,96.5,5.397605346934028e-79,5.397605346934028e-79,5.397605346934028e-79,5.397605346934028e-79,0.0,0.0,454.9,0
81219.0,2013-2014,37.0,176.4,95.5,30.7,101.5,2.0,1.0,5.397605346934028e-79,5.397605346934028e-79,0.0,0.0,409.0,0
81225.0,2013-2014,37.0,180.4,79.4,24.4,89.8,5.397605346934028e-79,5.397605346934028e-79,5.397605346934028e-79,5.397605346934028e-79,0.0,0.0,699.0,0
81235.0,2013-2014,37.0,174.7,103.0,33.7,108.1,1.0,5.397605346934028e-79,5.397605346934028e-79,5.397605346934028e-79,0.0,0.0,270.0,1
81237.0,2013-2014,39.0,189.3,88.4,24.7,89.5,2.0,5.397605346934028e-79,5.397605346934028e-79,5.397605346934028e-79,0.0,0.0,396.0,0
81241.0,2013-2014,51.0,175.9,73.1,23.6,89.5,2.0,2.0,5.397605346934028e-79,5.397605346934028e-79,0.0,0.0,446.0,0
81250.0,2013-2014,50.0,167.8,85.0,30.2,106.3,1.0,5.397605346934028e-79,1.0,1.0,0.0,0.0,240.0,1
81260.0,2013-2014,44.0,163.0,65.3,24.6,86.2,5.397605346934028e-79,5.397605346934028e-79,5.397605346934028e-79,5.397605346934028e-79,0.0,0.0,260.0,1
81266.0,2013-2014,39.0,170.4,89.9,31.0,107.7,1.0,5.397605346934028e-79,5.397605346934028e-79,5.397605346934028e-79,0.0,0.0,600.0,0
81270.0,2013-2014,43.0,176.4,81.1,26.1,95.5,5.397605346934028e-79,5.397605346934028e-79,5.397605346934028e-79,5.397605346934028e-79,0.0,0.0,138.0,1
81273.0,2013-2014,32.0,183.9,119.4,35.3,109.5,5.397605346934028e-79,5.397605346934028e-79,5.397605346934028e-79,5.397605346934028e-79,0.0,0.0,569.0,0
81290.0,2013-2014,30.0,163.2,72.2,27.1,93.2,,,,,0.0,0.0,364.0,0
81291.0,2013-2014,21.0,186.4,87.1,25.1,91.2,5.397605346934028e-79,5.397605346934028e-79,1.0,5.397605346934028e-79,0.0,0.0,561.0,0
81292.0,2013-2014,47.0,181.9,88.3,26.7,96.6,3.0,1.0,1.0,5.397605346934028e-79,1.0,0.0,401.0,0
81295.0,2013-2014,59.0,183.1,91.7,27.4,94.1,3.0,3.0,3.0,3.0,1.0,0.0,382.0,0
81303.0,2013-2014,20.0,186.8,101.3,29.0,107.0,2.0,2.0,1.0,2.0,0.0,0.0,768.0,0
81306.0,2013-2014,57.0,173.2,102.5,34.2,119.4,1.0,1.0,5.397605346934028e-79,2.0,1.0,0.0,400.67,0
81310.0,2013-2014,19.0,179.5,124.7,38.7,118.5,1.0,1.0,5.397605346934028e-79,5.397605346934028e-79,0.0,0.0,555.0,0
81313.0,2013-2014,20.0,183.3,122.0,36.3,116.5,1.0,1.0,2.0,5.397605346934028e-79,0.0,0.0,336.0,0
81320.0,2013-2014,28.0,178.1,63.8,20.1,80.0,5.397605346934028e-79,5.397605346934028e-79,1.0,2.0,0.0,0.0,583.0,0
81323.0,2013-2014,50.0,176.4,88.4,28.4,96.0,5.397605346934028e-79,5.397605346934028e-79,5.397605346934028e-79,5.397605346934028e-79,0.0,0.0,431.04,0
81339.0,2013-2014,55.0,161.5,82.8,31.7,106.0,2.0,1.0,1.0,2.0,1.0,1.0,236.0,1
81342.0,2013-2014,46.0,166.3,78.2,28.3,92.3,1.0,2.0,1.0,1.0,0.0,0.0,396.0,0
81344.0,2013-2014,59.0,163.8,83.1,31.0,105.6,5.397605346934028e-79,5.397605346934028e-79,5.397605346934028e-79,5.397605346934028e-79,1.0,0.0,273.0,1
81347.0,2013-2014,42.0,191.2,77.5,21.2,85.3,1.0,5.397605346934028e-79,5.397605346934028e-79,5.397605346934028e-79,0.0,0.0,503.0,0
81348.0,2013-2014,21.0,170.7,65.2,22.4,81.7,1.0,5.397605346934028e-79,1.0,1.0,0.0,0.0,420.0,0
81349.0,2013-2014,36.0,163.0,77.3,29.1,93.7,1.0,5.397605346934028e-79,5.397605346934028e-79,5.397605346934028e-79,0.0,0.0,386.4,0
81362.0,2013-2014,21.0,163.2,55.5,20.8,74.8,1.0,5.397605346934028e-79,5.397605346934028e-79,5.397605346934028e-79,0.0,0.0,506.0,0
81366.0,2013-2014,38.0,159.0,71.8,28.4,90.4,5.397605346934028e-79,5.397605346934028e-79,5.397605346934028e-79,5.397605346934028e-79,0.0,0.0,333.0,0
81367.0,2013-2014,48.0,166.8,75.3,27.1,93.8,,,,,0.0,0.0,451.0,0
81373.0,2013-2014,49.0,184.3,98.4,29.0,109.1,5.397605346934028e-79,5.397605346934028e-79,5.397605346934028e-79,5.397605346934028e-79,0.0,0.0,267.0,1
81379.0,2013-2014,48.0,182.0,111.2,33.6,118.1,5.397605346934028e-79,5.397605346934028e-79,5.397605346934028e-79,5.397605346934028e-79,1.0,1.0,531.61,0
81384.0,2013-2014,40.0,174.5,57.1,18.8,79.5,1.0,5.397605346934028e-79,5.397605346934028e-79,1.0,0.0,0.0,655.0,0
81388.0,2013-2014,26.0,,,,,5.397605346934028e-79,5.397605346934028e-79,1.0,5.397605346934028e-79,0.0,0.0,185.0,1
81395.0,2013-2014,23.0,169.3,81.7,28.5,96.4,5.397605346934028e-79,5.397605346934028e-79,5.397605346934028e-79,5.397605346934028e-79,0.0,0.0,337.0,0
81396.0,2013-2014,21.0,165.5,74.5,27.2,89.2,3.0,1.0,5.397605346934028e-79,5.397605346934028e-79,0.0,0.0,540.81,0
81427.0,2013-2014,52.0,176.7,82.2,26.3,97.8,5.397605346934028e-79,5.397605346934028e-79,5.397605346934028e-79,5.397605346934028e-79,0.0,0.0,342.0,0
81441.0,2013-2014,34.0,171.9,74.2,25.1,92.6,5.397605346934028e-79,5.397605346934028e-79,1.0,1.0,0.0,0.0,390.0,0
81451.0,2013-2014,19.0,182.3,73.7,22.2,78.3,1.0,5.397605346934028e-79,5.397605346934028e-79,5.397605346934028e-79,0.0,0.0,671.06,0
81452.0,2013-2014,60.0,169.4,77.9,27.1,99.4,1.0,1.0,5.397605346934028e-79,1.0,0.0,0.0,437.0,0
81472.0,2013-2014,29.0,174.4,99.7,32.8,108.2,1.0,1.0,5.397605346934028e-79,5.397605346934028e-79,0.0,0.0,336.0,0
81482.0,2013-2014,49.0,179.1,90.8,28.3,105.9,5.397605346934028e-79,5.397605346934028e-79,5.397605346934028e-79,5.397605346934028e-79,0.0,0.0,518.0,0
81484.0,2013-2014,32.0,178.5,167.6,52.6,,1.0,5.397605346934028e-79,1.0,5.397605346934028e-79,1.0,0.0,253.0,1
81485.0,2013-2014,51.0,160.7,67.0,25.9,93.3,5.397605346934028e-79,5.397605346934028e-79,5.397605346934028e-79,5.397605346934028e-79,0.0,0.0,483.0,0
81489.0,2013-2014,38.0,180.4,85.3,26.2,96.7,5.397605346934028e-79,5.397605346934028e-79,5.397605346934028e-79,5.397605346934028e-79,0.0,0.0,322.0,0
81491.0,2013-2014,32.0,163.3,86.1,32.3,111.2,1.0,5.397605346934028e-79,5.397605346934028e-79,5.397605346934028e-79,0.0,1.0,411.0,0
81494.0,2013-2014,38.0,171.7,80.7,27.4,92.1,5.397605346934028e-79,5.397605346934028e-79,5.397605346934028e-79,5.397605346934028e-79,0.0,0.0,429.78,0
81509.0,2013-2014,42.0,177.8,63.9,20.2,84.4,1.0,3.0,1.0,5.397605346934028e-79,0.0,0.0,611.0,0
81514.0,2013-2014,23.0,172.1,88.3,29.8,105.7,1.0,5.397605346934028e-79,5.397605346934028e-79,5.397605346934028e-79,0.0,0.0,316.0,0
81519.0,2013-2014,58.0,181.7,85.3,25.8,102.3,5.397605346934028e-79,5.397605346934028e-79,5.397605346934028e-79,5.397605346934028e-79,1.0,0.0,365.49,0
81527.0,2013-2014,35.0,172.5,62.6,21.0,73.7,5.397605346934028e-79,2.0,3.0,5.397605346934028e-79,1.0,0.0,468.0,0
81544.0,2013-2014,37.0,184.9,84.4,24.7,87.5,1.0,5.397605346934028e-79,5.397605346934028e-79,5.397605346934028e-79,0.0,0.0,599.55,0
81550.0,2013-2014,51.0,180.9,89.6,27.4,98.1,5.397605346934028e-79,5.397605346934028e-79,5.397605346934028e-79,5.397605346934028e-79,0.0,0.0,322.0,0
81559.0,2013-2014,31.0,171.0,83.3,28.5,93.2,5.397605346934028e-79,5.397605346934028e-79,5.397605346934028e-79,5.397605346934028e-79,1.0,0.0,367.2,0
81563.0,2013-2014,25.0,172.6,71.6,24.0,84.2,1.0,5.397605346934028e-79,1.0,5.397605346934028e-79,0.0,0.0,686.84,0
81564.0,2013-2014,50.0,167.7,69.5,24.7,87.3,5.397605346934028e-79,5.397605346934028e-79,5.397605346934028e-79,5.397605346934028e-79,0.0,0.0,423.0,0
81566.0,2013-2014,52.0,177.1,72.8,23.2,90.1,5.397605346934028e-79,5.397605346934028e-79,5.397605346934028e-79,5.397605346934028e-79,0.0,0.0,565.0,0
81574.0,2013-2014,34.0,174.9,88.1,28.8,95.7,1.0,3.0,5.397605346934028e-79,5.397605346934028e-79,0.0,0.0,432.0,0
81578.0,2013-2014,60.0,167.0,88.5,31.7,108.5,1.0,5.397605346934028e-79,1.0,5.397605346934028e-79,1.0,0.0,267.0,1
81585.0,2013-2014,36.0,182.5,84.8,25.5,103.9,5.397605346934028e-79,1.0,1.0,5.397605346934028e-79,0.0,0.0,60.6,1
81590.0,2013-2014,28.0,167.5,98.7,35.2,114.4,2.0,3.0,1.0,1.0,0.0,0.0,119.0,1
81594.0,2013-2014,60.0,160.3,69.5,27.0,95.2,5.397605346934028e-79,5.397605346934028e-79,5.397605346934028e-79,5.397605346934028e-79,0.0,0.0,357.35,0
81596.0,2013-2014,35.0,179.3,92.9,28.9,109.9,,,,,0.0,0.0,145.0,1
81598.0,2013-2014,50.0,183.9,94.9,28.1,107.3,5.397605346934028e-79,5.397605346934028e-79,5.397605346934028e-79,5.397605346934028e-79,0.0,0.0,476.0,0
81605.0,2013-2014,43.0,168.9,72.6,25.4,88.6,5.397605346934028e-79,5.397605346934028e-79,5.397605346934028e-79,5.397605346934028e-79,0.0,0.0,388.12,0
81609.0,2013-2014,54.0,168.6,98.1,34.5,119.1,5.397605346934028e-79,5.397605346934028e-79,5.397605346934028e-79,5.397605346934028e-79,1.0,1.0,274.0,1
81610.0,2013-2014,60.0,169.1,71.8,25.1,87.0,1.0,5.397605346934028e-79,1.0,1.0,0.0,1.0,554.74,0
81611.0,2013-2014,31.0,166.7,74.6,26.8,101.5,5.397605346934028e-79,5.397605346934028e-79,5.397605346934028e-79,5.397605346934028e-79,0.0,0.0,284.0,1
81614.0,2013-2014,21.0,176.5,60.3,19.4,75.7,5.397605346934028e-79,5.397605346934028e-79,5.397605346934028e-79,5.397605346934028e-79,1.0,0.0,356.0,0
81617.0,2013-2014,52.0,171.3,74.4,25.4,91.8,3.0,5.397605346934028e-79,3.0,3.0,1.0,1.0,521.0,0
81620.0,2013-2014,26.0,175.6,64.8,21.0,78.9,5.397605346934028e-79,1.0,1.0,5.397605346934028e-79,0.0,0.0,608.0,0
81633.0,2013-2014,51.0,176.3,87.9,28.3,100.4,5.397605346934028e-79,5.397605346934028e-79,5.397605346934028e-79,5.397605346934028e-79,0.0,0.0,486.0,0
81642.0,2013-2014,39.0,172.3,71.4,24.1,90.4,5.397605346934028e-79,3.0,1.0,1.0,0.0,0.0,556.62,0
81677.0,2013-2014,60.0,167.0,102.5,36.8,123.4,5.397605346934028e-79,5.397605346934028e-79,5.397605346934028e-79,5.397605346934028e-79,1.0,0.0,261.0,1
81679.0,2013-2014,36.0,182.2,90.6,27.3,96.8,5.397605346934028e-79,1.0,5.397605346934028e-79,5.397605346934028e-79,0.0,0.0,324.0,0
81698.0,2013-2014,31.0,184.5,99.5,29.2,99.0,5.397605346934028e-79,5.397605346934028e-79,5.397605346934028e-79,5.397605346934028e-79,1.0,0.0,464.0,0
81701.0,2013-2014,52.0,174.3,116.7,38.4,121.0,5.397605346934028e-79,1.0,5.397605346934028e-79,5.397605346934028e-79,1.0,1.0,344.0,0
81704.0,2013-2014,45.0,173.7,81.6,27.0,95.2,1.0,5.397605346934028e-79,5.397605346934028e-79,5.397605346934028e-79,0.0,0.0,285.0,1
81706.0,2013-2014,45.0,175.4,82.5,26.8,93.6,5.397605346934028e-79,5.397605346934028e-79,5.397605346934028e-79,5.397605346934028e-79,0.0,0.0,281.77,1
81707.0,2013-2014,26.0,166.8,71.5,25.7,81.0,1.0,2.0,5.397605346934028e-79,1.0,0.0,0.0,481.57,0
81717.0,2013-2014,35.0,180.0,111.1,34.3,114.8,1.0,5.397605346934028e-79,5.397605346934028e-79,5.397605346934028e-79,0.0,0.0,187.0,1
81719.0,2013-2014,43.0,164.7,67.4,24.8,88.2,5.397605346934028e-79,5.397605346934028e-79,5.397605346934028e-79,5.397605346934028e-79,0.0,1.0,339.0,0
81740.0,2013-2014,21.0,178.8,116.7,36.5,115.5,1.0,5.397605346934028e-79,5.397605346934028e-79,5.397605346934028e-79,1.0,0.0,524.0,0
81741.0,2013-2014,43.0,183.1,88.9,26.5,93.5,1.0,5.397605346934028e-79,5.397605346934028e-79,5.397605346934028e-79,0.0,0.0,448.0,0
81748.0,2013-2014,22.0,165.9,62.9,22.9,74.1,5.397605346934028e-79,5.397605346934028e-79,5.397605346934028e-79,5.397605346934028e-79,0.0,0.0,653.7,0
81752.0,2013-2014,41.0,177.6,81.8,25.9,92.1,5.397605346934028e-79,1.0,5.397605346934028e-79,5.397605346934028e-79,0.0,0.0,255.0,1
81753.0,2013-2014,28.0,190.8,72.6,19.9,79.8,3.0,5.397605346934028e-79,5.397605346934028e-79,5.397605346934028e-79,0.0,0.0,421.0,0
81755.0,2013-2014,56.0,167.8,75.6,26.8,100.6,,,,,0.0,0.0,252.0,1
81770.0,2013-2014,50.0,163.8,84.2,31.4,109.4,5.397605346934028e-79,5.397605346934028e-79,5.397605346934028e-79,5.397605346934028e-79,0.0,0.0,347.0,0
81772.0,2013-2014,49.0,173.0,82.1,27.4,95.3,5.397605346934028e-79,1.0,5.397605346934028e-79,5.397605346934028e-79,1.0,0.0,492.69,0
81773.0,2013-2014,20.0,169.7,70.3,24.4,76.8,5.397605346934028e-79,5.397605346934028e-79,5.397605346934028e-79,5.397605346934028e-79,0.0,0.0,676.0,0
81780.0,2013-2014,22.0,175.5,70.9,23.0,83.7,1.0,5.397605346934028e-79,5.397605346934028e-79,1.0,0.0,0.0,240.0,1
81781.0,2013-2014,50.0,173.4,83.6,27.8,96.7,5.397605346934028e-79,5.397605346934028e-79,5.397605346934028e-79,5.397605346934028e-79,0.0,1.0,583.0,0
81783.0,2013-2014,44.0,176.8,77.3,24.7,89.6,5.397605346934028e-79,5.397605346934028e-79,5.397605346934028e-79,5.397605346934028e-79,0.0,0.0,342.0,0
81787.0,2013-2014,34.0,176.8,87.9,28.1,94.9,5.397605346934028e-79,5.397605346934028e-79,5.397605346934028e-79,5.397605346934028e-79,0.0,0.0,408.7,0
81789.0,2013-2014,39.0,175.6,90.1,29.2,105.5,1.0,5.397605346934028e-79,5.397605346934028e-79,5.397605346934028e-79,0.0,0.0,369.0,0
81795.0,2013-2014,50.0,166.6,87.4,31.5,103.0,5.397605346934028e-79,5.397605346934028e-79,5.397605346934028e-79,5.397605346934028e-79,1.0,0.0,338.0,0
81801.0,2013-2014,53.0,166.8,75.2,27.0,93.7,5.397605346934028e-79,5.397605346934028e-79,5.397605346934028e-79,5.397605346934028e-79,0.0,0.0,345.0,0
81802.0,2013-2014,30.0,172.1,77.7,26.2,90.2,2.0,1.0,1.0,1.0,1.0,0.0,424.0,0
81819.0,2013-2014,34.0,172.5,76.1,25.6,85.3,5.397605346934028e-79,5.397605346934028e-79,5.397605346934028e-79,5.397605346934028e-79,0.0,0.0,908.0,0
81830.0,2013-2014,39.0,171.8,70.5,23.9,86.5,5.397605346934028e-79,5.397605346934028e-79,1.0,5.397605346934028e-79,0.0,0.0,505.0,0
81834.0,2013-2014,33.0,173.1,92.2,30.8,103.9,5.397605346934028e-79,5.397605346934028e-79,5.397605346934028e-79,5.397605346934028e-79,0.0,0.0,320.0,0
81843.0,2013-2014,19.0,184.1,73.0,21.5,77.8,5.397605346934028e-79,5.397605346934028e-79,5.397605346934028e-79,5.397605346934028e-79,0.0,0.0,508.0,0
81844.0,2013-2014,25.0,176.5,83.2,26.7,91.8,2.0,5.397605346934028e-79,2.0,1.0,0.0,0.0,561.0,0
81854.0,2013-2014,38.0,178.1,77.3,24.4,87.0,5.397605346934028e-79,5.397605346934028e-79,5.397605346934028e-79,5.397605346934028e-79,1.0,0.0,530.63,0
81860.0,2013-2014,21.0,180.4,141.0,43.3,142.5,1.0,1.0,1.0,1.0,0.0,0.0,207.0,1
81863.0,2013-2014,56.0,170.7,90.9,31.2,104.8,,,,,1.0,1.0,274.0,1
81865.0,2013-2014,42.0,181.9,117.0,35.4,120.6,5.397605346934028e-79,5.397605346934028e-79,5.397605346934028e-79,5.397605346934028e-79,0.0,0.0,603.0,0
81867.0,2013-2014,57.0,163.7,86.7,32.4,111.3,5.397605346934028e-79,5.397605346934028e-79,5.397605346934028e-79,5.397605346934028e-79,0.0,0.0,329.89,0
81883.0,2013-2014,19.0,180.1,94.3,29.1,94.8,1.0,5.397605346934028e-79,5.397605346934028e-79,5.397605346934028e-79,0.0,0.0,501.0,0
81886.0,2013-2014,47.0,178.1,141.6,44.6,137.8,1.0,5.397605346934028e-79,5.397605346934028e-79,5.397605346934028e-79,1.0,1.0,359.0,0
81893.0,2013-2014,30.0,169.9,76.2,26.4,98.8,5.397605346934028e-79,1.0,5.397605346934028e-79,5.397605346934028e-79,0.0,0.0,424.0,0
81899.0,2013-2014,55.0,170.0,81.9,28.3,98.8,1.0,5.397605346934028e-79,5.397605346934028e-79,1.0,1.0,0.0,331.0,0
81903.0,2013-2014,30.0,176.9,74.5,23.8,84.0,5.397605346934028e-79,5.397605346934028e-79,5.397605346934028e-79,5.397605346934028e-79,0.0,0.0,464.21,0
81910.0,2013-2014,30.0,181.0,91.4,27.9,106.7,5.397605346934028e-79,5.397605346934028e-79,1.0,5.397605346934028e-79,0.0,0.0,377.0,0
81920.0,2013-2014,50.0,179.6,96.0,29.8,107.8,5.397605346934028e-79,5.397605346934028e-79,5.397605346934028e-79,5.397605346934028e-79,0.0,0.0,285.0,1
81923.0,2013-2014,35.0,183.8,94.7,28.0,86.7,5.397605346934028e-79,5.397605346934028e-79,5.397605346934028e-79,5.397605346934028e-79,1.0,0.0,424.0,0
81925.0,2013-2014,23.0,166.9,62.0,22.3,82.2,1.0,1.0,5.397605346934028e-79,1.0,0.0,0.0,493.0,0
81942.0,2013-2014,22.0,178.5,56.8,17.8,71.6,5.397605346934028e-79,1.0,5.397605346934028e-79,5.397605346934028e-79,0.0,0.0,437.0,0
81949.0,2013-2014,47.0,172.3,87.6,29.5,101.1,5.397605346934028e-79,5.397605346934028e-79,5.397605346934028e-79,5.397605346934028e-79,0.0,0.0,852.0,0
81950.0,2013-2014,52.0,188.4,101.0,28.5,100.0,2.0,1.0,5.397605346934028e-79,5.397605346934028e-79,1.0,0.0,349.0,0
81952.0,2013-2014,56.0,184.3,85.7,25.2,96.1,1.0,2.0,5.397605346934028e-79,5.397605346934028e-79,0.0,1.0,244.0,1
81954.0,2013-2014,23.0,182.0,113.8,34.4,115.2,5.397605346934028e-79,5.397605346934028e-79,5.397605346934028e-79,5.397605346934028e-79,0.0,0.0,225.0,1
81955.0,2013-2014,26.0,175.0,77.8,25.4,89.8,5.397605346934028e-79,5.397605346934028e-79,5.397605346934028e-79,5.397605346934028e-79,0.0,0.0,367.58,0
81957.0,2013-2014,49.0,176.6,110.6,35.5,116.6,5.397605346934028e-79,5.397605346934028e-79,5.397605346934028e-79,5.397605346934028e-79,0.0,0.0,310.0,0
81965.0,2013-2014,42.0,185.0,95.1,27.8,102.7,,,,,0.0,0.0,320.0,0
81969.0,2013-2014,58.0,163.1,59.8,22.5,84.4,,,,,0.0,0.0,456.0,0
81971.0,2013-2014,30.0,180.8,100.5,30.7,111.5,5.397605346934028e-79,5.397605346934028e-79,1.0,5.397605346934028e-79,0.0,0.0,187.0,1
81974.0,2013-2014,41.0,180.4,99.1,30.5,106.5,1.0,5.397605346934028e-79,5.397605346934028e-79,5.397605346934028e-79,0.0,0.0,345.0,0
81979.0,2013-2014,53.0,189.0,142.0,39.8,125.6,5.397605346934028e-79,5.397605346934028e-79,5.397605346934028e-79,5.397605346934028e-79,1.0,0.0,198.0,1
81980.0,2013-2014,38.0,181.7,120.1,36.4,125.4,1.0,5.397605346934028e-79,5.397605346934028e-79,5.397605346934028e-79,0.0,0.0,329.0,0
81985.0,2013-2014,21.0,174.5,63.1,20.7,73.5,5.397605346934028e-79,5.397605346934028e-79,5.397605346934028e-79,5.397605346934028e-79,0.0,0.0,395.0,0
81993.0,2013-2014,43.0,176.0,94.6,30.5,99.4,,,,,1.0,0.0,423.0,0
81996.0,2013-2014,48.0,182.1,78.6,23.7,94.5,1.0,5.397605346934028e-79,5.397605346934028e-79,5.397605346934028e-79,0.0,0.0,599.0,0
82001.0,2013-2014,50.0,185.1,94.0,27.4,103.4,5.397605346934028e-79,5.397605346934028e-79,2.0,1.0,0.0,0.0,302.0,0
82006.0,2013-2014,46.0,186.9,93.6,26.8,92.6,1.0,1.0,5.397605346934028e-79,5.397605346934028e-79,0.0,1.0,408.57,0
82011.0,2013-2014,31.0,173.3,82.1,27.3,89.5,5.397605346934028e-79,1.0,5.397605346934028e-79,5.397605346934028e-79,0.0,0.0,285.74,1
82020.0,2013-2014,41.0,181.5,93.8,28.5,104.4,5.397605346934028e-79,5.397605346934028e-79,5.397605346934028e-79,5.397605346934028e-79,0.0,0.0,546.71,0
82058.0,2013-2014,34.0,175.4,98.2,31.9,105.4,,,,,0.0,0.0,291.0,1
82068.0,2013-2014,44.0,171.0,88.0,30.1,102.6,5.397605346934028e-79,3.0,5.397605346934028e-79,5.397605346934028e-79,0.0,0.0,531.0,0
82073.0,2013-2014,19.0,174.0,85.6,28.3,88.8,1.0,5.397605346934028e-79,5.397605346934028e-79,5.397605346934028e-79,0.0,0.0,541.54,0
82075.0,2013-2014,26.0,179.5,95.9,29.8,103.8,5.397605346934028e-79,5.397605346934028e-79,5.397605346934028e-79,5.397605346934028e-79,0.0,0.0,368.0,0
82077.0,2013-2014,40.0,169.6,69.7,24.2,91.1,1.0,1.0,5.397605346934028e-79,5.397605346934028e-79,0.0,0.0,382.0,0
82085.0,2013-2014,54.0,176.7,89.7,28.7,102.2,5.397605346934028e-79,5.397605346934028e-79,5.397605346934028e-79,5.397605346934028e-79,0.0,0.0,445.0,0
82086.0,2013-2014,21.0,186.4,102.3,29.4,90.6,5.397605346934028e-79,5.397605346934028e-79,5.397605346934028e-79,5.397605346934028e-79,0.0,0.0,281.0,1
82087.0,2013-2014,47.0,173.8,93.1,30.8,106.5,1.0,3.0,5.397605346934028e-79,5.397605346934028e-79,0.0,0.0,426.92,0
82089.0,2013-2014,25.0,175.8,68.7,22.2,80.7,5.397605346934028e-79,5.397605346934028e-79,5.397605346934028e-79,5.397605346934028e-79,0.0,0.0,891.13,0
82093.0,2013-2014,36.0,177.6,78.2,24.8,99.9,1.0,3.0,1.0,1.0,0.0,0.0,526.83,0
82099.0,2013-2014,54.0,175.6,87.7,28.4,110.2,5.397605346934028e-79,5.397605346934028e-79,5.397605346934028e-79,5.397605346934028e-79,0.0,1.0,623.0,0
82103.0,2013-2014,51.0,179.4,89.7,27.9,106.1,2.0,2.0,2.0,2.0,0.0,0.0,503.0,0
82107.0,2013-2014,43.0,179.9,102.9,31.8,107.4,5.397605346934028e-79,1.0,5.397605346934028e-79,5.397605346934028e-79,1.0,0.0,331.18,0
82109.0,2013-2014,19.0,187.0,97.7,27.9,96.5,1.0,5.397605346934028e-79,5.397605346934028e-79,5.397605346934028e-79,0.0,0.0,460.4,0
82110.0,2013-2014,27.0,182.1,70.3,21.2,85.5,1.0,1.0,1.0,5.397605346934028e-79,0.0,0.0,406.65,0
82111.0,2013-2014,25.0,182.5,73.3,22.0,84.0,1.0,5.397605346934028e-79,1.0,5.397605346934028e-79,0.0,0.0,331.0,0
82115.0,2013-2014,39.0,172.2,101.1,34.1,114.7,5.397605346934028e-79,5.397605346934028e-79,5.397605346934028e-79,5.397605346934028e-79,0.0,0.0,194.0,1
82117.0,2013-2014,20.0,179.2,93.0,29.0,102.5,2.0,3.0,5.397605346934028e-79,5.397605346934028e-79,0.0,0.0,372.0,0
82126.0,2013-2014,56.0,173.2,70.5,23.5,91.2,5.397605346934028e-79,1.0,5.397605346934028e-79,5.397605346934028e-79,0.0,0.0,403.0,0
82128.0,2013-2014,22.0,176.6,73.2,23.5,79.5,5.397605346934028e-79,1.0,1.0,1.0,0.0,0.0,614.0,0
82140.0,2013-2014,24.0,177.3,64.2,20.4,73.5,5.397605346934028e-79,5.397605346934028e-79,2.0,5.397605346934028e-79,0.0,0.0,318.0,0
82148.0,2013-2014,35.0,165.7,70.0,25.5,85.4,1.0,1.0,5.397605346934028e-79,5.397605346934028e-79,0.0,0.0,217.57,1
82149.0,2013-2014,25.0,177.4,94.2,29.9,96.9,5.397605346934028e-79,5.397605346934028e-79,5.397605346934028e-79,5.397605346934028e-79,0.0,0.0,463.0,0
82151.0,2013-2014,23.0,178.7,101.9,31.9,98.5,5.397605346934028e-79,5.397605346934028e-79,5.397605346934028e-79,5.397605346934028e-79,1.0,0.0,254.0,1
82152.0,2013-2014,53.0,174.6,72.4,23.7,85.0,5.397605346934028e-79,5.397605346934028e-79,5.397605346934028e-79,5.397605346934028e-79,0.0,0.0,570.0,0
82153.0,2013-2014,53.0,168.9,93.0,32.6,105.4,5.397605346934028e-79,5.397605346934028e-79,5.397605346934028e-79,5.397605346934028e-79,0.0,1.0,403.0,0
82157.0,2013-2014,25.0,184.2,129.1,38.0,129.8,1.0,5.397605346934028e-79,5.397605346934028e-79,5.397605346934028e-79,0.0,0.0,201.0,1
82164.0,2013-2014,40.0,172.2,96.0,32.4,100.0,3.0,5.397605346934028e-79,5.397605346934028e-79,1.0,0.0,0.0,481.0,0
82165.0,2013-2014,44.0,193.7,112.7,30.0,112.9,5.397605346934028e-79,5.397605346934028e-79,5.397605346934028e-79,5.397605346934028e-79,0.0,0.0,276.87,1
82172.0,2013-2014,29.0,167.4,68.9,24.6,83.3,3.0,3.0,2.0,3.0,0.0,0.0,377.0,0
82176.0,2013-2014,57.0,179.6,115.6,35.8,111.3,5.397605346934028e-79,5.397605346934028e-79,5.397605346934028e-79,5.397605346934028e-79,1.0,0.0,356.38,0
82188.0,2013-2014,42.0,164.2,89.8,33.3,110.7,5.397605346934028e-79,5.397605346934028e-79,5.397605346934028e-79,5.397605346934028e-79,1.0,0.0,412.0,0
82189.0,2013-2014,30.0,167.9,64.0,22.7,78.5,3.0,1.0,5.397605346934028e-79,5.397605346934028e-79,0.0,0.0,325.38,0
82190.0,2013-2014,45.0,176.9,69.5,22.2,89.4,5.397605346934028e-79,5.397605346934028e-79,1.0,5.397605346934028e-79,0.0,0.0,343.0,0
82195.0,2013-2014,20.0,174.7,69.9,22.9,81.4,5.397605346934028e-79,5.397605346934028e-79,5.397605346934028e-79,5.397605346934028e-79,0.0,0.0,709.0,0
82200.0,2013-2014,31.0,177.1,73.7,23.5,90.0,2.0,2.0,1.0,1.0,0.0,0.0,763.87,0
82213.0,2013-2014,46.0,178.0,76.6,24.2,90.1,5.397605346934028e-79,5.397605346934028e-79,5.397605346934028e-79,5.397605346934028e-79,0.0,0.0,311.0,0
82216.0,2013-2014,52.0,182.5,96.8,29.1,107.9,1.0,1.0,5.397605346934028e-79,5.397605346934028e-79,0.0,0.0,410.0,0
82219.0,2013-2014,49.0,166.1,72.8,26.4,103.0,5.397605346934028e-79,1.0,2.0,1.0,0.0,0.0,330.0,0
82221.0,2013-2014,44.0,180.6,86.2,26.4,,,,,,0.0,0.0,330.0,0
82223.0,2013-2014,27.0,175.6,88.7,28.8,101.0,5.397605346934028e-79,5.397605346934028e-79,5.397605346934028e-79,5.397605346934028e-79,0.0,0.0,367.41,0
82225.0,2013-2014,55.0,175.2,110.2,35.9,131.3,5.397605346934028e-79,5.397605346934028e-79,5.397605346934028e-79,5.397605346934028e-79,0.0,0.0,376.63,0
82230.0,2013-2014,60.0,170.5,80.3,27.6,99.2,1.0,1.0,1.0,1.0,0.0,1.0,506.0,0
82231.0,2013-2014,53.0,178.7,67.9,21.3,83.0,5.397605346934028e-79,5.397605346934028e-79,5.397605346934028e-79,5.397605346934028e-79,0.0,0.0,1180.0,0
82243.0,2013-2014,32.0,181.1,85.7,26.1,86.6,1.0,1.0,5.397605346934028e-79,5.397605346934028e-79,0.0,0.0,497.0,0
82250.0,2013-2014,19.0,171.5,81.5,27.7,93.0,5.397605346934028e-79,1.0,5.397605346934028e-79,5.397605346934028e-79,0.0,0.0,636.0,0
82259.0,2013-2014,20.0,177.4,69.0,21.9,80.8,5.397605346934028e-79,5.397605346934028e-79,5.397605346934028e-79,3.0,0.0,0.0,559.0,0
82261.0,2013-2014,42.0,173.3,101.4,33.8,117.9,,,,,1.0,1.0,296.34,1
82270.0,2013-2014,49.0,172.4,77.2,26.0,87.3,,,,,0.0,0.0,365.0,0
82271.0,2013-2014,23.0,171.8,67.2,22.8,,,,,,0.0,0.0,528.0,0
82278.0,2013-2014,20.0,179.0,66.2,20.7,81.2,1.0,5.397605346934028e-79,5.397605346934028e-79,5.397605346934028e-79,0.0,0.0,574.99,0
82282.0,2013-2014,34.0,176.7,77.6,24.9,86.4,5.397605346934028e-79,5.397605346934028e-79,5.397605346934028e-79,5.397605346934028e-79,0.0,0.0,424.0,0
82283.0,2013-2014,48.0,179.3,109.2,34.0,114.5,5.397605346934028e-79,5.397605346934028e-79,5.397605346934028e-79,5.397605346934028e-79,0.0,0.0,227.0,1
82288.0,2013-2014,55.0,180.8,76.1,23.3,91.8,5.397605346934028e-79,5.397605346934028e-79,5.397605346934028e-79,5.397605346934028e-79,0.0,0.0,538.62,0
82290.0,2013-2014,43.0,168.0,88.5,31.4,109.0,5.397605346934028e-79,5.397605346934028e-79,5.397605346934028e-79,5.397605346934028e-79,0.0,0.0,426.0,0
82298.0,2013-2014,44.0,184.9,104.8,30.7,100.4,,,,,0.0,0.0,423.0,0
82306.0,2013-2014,43.0,180.3,68.7,21.1,84.6,5.397605346934028e-79,5.397605346934028e-79,5.397605346934028e-79,5.397605346934028e-79,0.0,0.0,336.0,0
82308.0,2013-2014,33.0,178.3,78.3,24.6,89.9,5.397605346934028e-79,5.397605346934028e-79,1.0,5.397605346934028e-79,0.0,0.0,485.0,0
82315.0,2013-2014,23.0,173.2,70.0,23.3,87.5,5.397605346934028e-79,5.397605346934028e-79,5.397605346934028e-79,5.397605346934028e-79,0.0,0.0,736.0,0
82318.0,2013-2014,27.0,171.3,59.4,20.2,74.3,1.0,1.0,5.397605346934028e-79,1.0,0.0,0.0,582.91,0
82320.0,2013-2014,28.0,173.8,80.5,26.6,91.1,1.0,5.397605346934028e-79,5.397605346934028e-79,5.397605346934028e-79,0.0,0.0,216.0,1
82321.0,2013-2014,59.0,170.7,66.6,22.9,86.7,5.397605346934028e-79,1.0,5.397605346934028e-79,5.397605346934028e-79,1.0,0.0,503.0,0
82325.0,2013-2014,39.0,170.3,88.5,30.5,102.7,5.397605346934028e-79,5.397605346934028e-79,5.397605346934028e-79,5.397605346934028e-79,0.0,0.0,465.43,0
82329.0,2013-2014,45.0,179.6,81.5,25.3,92.8,5.397605346934028e-79,5.397605346934028e-79,5.397605346934028e-79,5.397605346934028e-79,0.0,0.0,545.33,0
82335.0,2013-2014,52.0,184.0,111.3,32.9,118.3,1.0,5.397605346934028e-79,5.397605346934028e-79,5.397605346934028e-79,1.0,1.0,348.0,0
82336.0,2013-2014,28.0,183.0,78.6,23.5,80.9,1.0,5.397605346934028e-79,5.397605346934028e-79,5.397605346934028e-79,0.0,0.0,523.0,0
82345.0,2013-2014,32.0,191.8,114.1,31.0,107.5,5.397605346934028e-79,5.397605346934028e-79,5.397605346934028e-79,5.397605346934028e-79,1.0,0.0,325.68,0
82353.0,2013-2014,53.0,157.0,67.3,27.3,90.5,5.397605346934028e-79,5.397605346934028e-79,5.397605346934028e-79,5.397605346934028e-79,0.0,0.0,488.5,0
82359.0,2013-2014,48.0,170.5,113.4,39.0,129.7,5.397605346934028e-79,5.397605346934028e-79,5.397605346934028e-79,5.397605346934028e-79,1.0,0.0,116.0,1
82363.0,2013-2014,38.0,169.2,108.7,38.0,122.6,3.0,3.0,2.0,2.0,1.0,0.0,263.0,1
82367.0,2013-2014,35.0,155.8,67.6,27.8,90.5,5.397605346934028e-79,5.397605346934028e-79,5.397605346934028e-79,1.0,0.0,0.0,417.0,0
82370.0,2013-2014,37.0,179.4,166.9,51.9,146.0,2.0,5.397605346934028e-79,5.397605346934028e-79,5.397605346934028e-79,1.0,1.0,399.0,0
82375.0,2013-2014,49.0,179.8,87.6,27.1,101.1,5.397605346934028e-79,5.397605346934028e-79,5.397605346934028e-79,5.397605346934028e-79,0.0,0.0,434.69,0
82376.0,2013-2014,41.0,164.1,76.1,28.3,98.1,,,,,0.0,0.0,361.0,0
82380.0,2013-2014,44.0,184.6,92.2,27.1,109.0,1.0,1.0,5.397605346934028e-79,5.397605346934028e-79,0.0,0.0,230.0,1
82391.0,2013-2014,26.0,167.7,81.1,28.8,98.0,1.0,1.0,5.397605346934028e-79,5.397605346934028e-79,1.0,0.0,364.0,0
82393.0,2013-2014,20.0,160.3,49.5,19.3,67.5,5.397605346934028e-79,1.0,5.397605346934028e-79,5.397605346934028e-79,0.0,0.0,726.0,0
82396.0,2013-2014,19.0,168.6,56.7,19.9,74.9,1.0,5.397605346934028e-79,1.0,5.397605346934028e-79,0.0,0.0,716.0,0
82397.0,2013-2014,33.0,183.2,98.1,29.2,103.3,5.397605346934028e-79,5.397605346934028e-79,5.397605346934028e-79,5.397605346934028e-79,0.0,0.0,425.0,0
82398.0,2013-2014,31.0,167.7,108.1,38.4,117.7,5.397605346934028e-79,5.397605346934028e-79,5.397605346934028e-79,5.397605346934028e-79,0.0,0.0,337.0,0
82407.0,2013-2014,44.0,190.0,118.4,32.8,108.9,5.397605346934028e-79,5.397605346934028e-79,5.397605346934028e-79,5.397605346934028e-79,0.0,0.0,344.0,0
82410.0,2013-2014,35.0,175.4,81.2,26.4,91.5,5.397605346934028e-79,5.397605346934028e-79,5.397605346934028e-79,5.397605346934028e-79,0.0,0.0,442.32,0
82416.0,2013-2014,50.0,180.5,105.2,32.3,107.1,1.0,3.0,5.397605346934028e-79,5.397605346934028e-79,1.0,0.0,544.0,0
82420.0,2013-2014,35.0,168.2,78.2,27.6,87.8,5.397605346934028e-79,2.0,5.397605346934028e-79,2.0,1.0,0.0,539.0,0
82423.0,2013-2014,56.0,189.1,108.1,30.2,116.4,5.397605346934028e-79,5.397605346934028e-79,5.397605346934028e-79,5.397605346934028e-79,0.0,0.0,334.5,0
82426.0,2013-2014,24.0,170.0,69.1,23.9,83.5,5.397605346934028e-79,2.0,2.0,2.0,0.0,0.0,649.0,0
82427.0,2013-2014,48.0,178.5,96.7,30.3,110.4,5.397605346934028e-79,5.397605346934028e-79,5.397605346934028e-79,5.397605346934028e-79,0.0,0.0,378.39,0
82429.0,2013-2014,36.0,167.5,84.6,30.2,99.7,5.397605346934028e-79,5.397605346934028e-79,5.397605346934028e-79,5.397605346934028e-79,0.0,0.0,373.0,0
82432.0,2013-2014,60.0,178.4,86.2,27.1,100.8,5.397605346934028e-79,1.0,1.0,5.397605346934028e-79,1.0,0.0,273.0,1
82448.0,2013-2014,29.0,187.9,103.3,29.3,102.9,5.397605346934028e-79,5.397605346934028e-79,5.397605346934028e-79,5.397605346934028e-79,1.0,0.0,281.0,1
82449.0,2013-2014,42.0,161.6,84.8,32.5,103.0,5.397605346934028e-79,5.397605346934028e-79,5.397605346934028e-79,5.397605346934028e-79,0.0,0.0,442.0,0
82461.0,2013-2014,47.0,187.5,107.9,30.7,116.0,5.397605346934028e-79,5.397605346934028e-79,5.397605346934028e-79,5.397605346934028e-79,0.0,1.0,614.73,0
82462.0,2013-2014,36.0,164.2,80.0,29.7,104.3,5.397605346934028e-79,1.0,5.397605346934028e-79,5.397605346934028e-79,0.0,0.0,177.93,1
82467.0,2013-2014,22.0,186.8,83.3,23.9,84.4,,,,,0.0,0.0,251.0,1
82477.0,2013-2014,34.0,182.8,105.1,31.5,115.2,5.397605346934028e-79,5.397605346934028e-79,5.397605346934028e-79,5.397605346934028e-79,0.0,0.0,306.0,0
82479.0,2013-2014,27.0,169.2,64.7,22.6,81.6,1.0,1.0,5.397605346934028e-79,1.0,0.0,0.0,805.0,0
82483.0,2013-2014,32.0,160.9,67.7,26.2,88.3,5.397605346934028e-79,5.397605346934028e-79,5.397605346934028e-79,5.397605346934028e-79,0.0,0.0,288.58,1
82486.0,2013-2014,40.0,174.1,69.1,22.8,87.9,,,,,1.0,0.0,812.0,0
82487.0,2013-2014,21.0,163.3,55.6,20.8,78.8,1.0,5.397605346934028e-79,5.397605346934028e-79,5.397605346934028e-79,0.0,0.0,495.0,0
82500.0,2013-2014,38.0,188.5,126.2,35.5,122.4,3.0,5.397605346934028e-79,1.0,5.397605346934028e-79,0.0,0.0,246.0,1
82513.0,2013-2014,47.0,173.8,63.1,20.9,78.2,,,,,0.0,0.0,266.0,1
82517.0,2013-2014,59.0,171.5,127.7,43.4,127.8,,,,,1.0,1.0,323.0,0
82559.0,2013-2014,51.0,182.0,133.4,40.3,129.4,5.397605346934028e-79,5.397605346934028e-79,5.397605346934028e-79,5.397605346934028e-79,0.0,0.0,168.0,1
82560.0,2013-2014,48.0,186.3,103.9,29.9,117.5,,,,,0.0,1.0,241.0,1
82561.0,2013-2014,30.0,174.7,60.5,19.8,78.4,5.397605346934028e-79,5.397605346934028e-79,5.397605346934028e-79,5.397605346934028e-79,0.0,0.0,420.0,0
82567.0,2013-2014,25.0,181.7,73.7,22.3,86.5,1.0,5.397605346934028e-79,5.397605346934028e-79,5.397605346934028e-79,0.0,0.0,592.0,0
82569.0,2013-2014,46.0,178.9,91.7,28.7,104.2,5.397605346934028e-79,5.397605346934028e-79,5.397605346934028e-79,5.397605346934028e-79,0.0,0.0,260.0,1
82587.0,2013-2014,37.0,168.7,93.8,33.0,108.3,5.397605346934028e-79,5.397605346934028e-79,5.397605346934028e-79,5.397605346934028e-79,0.0,0.0,281.0,1
82591.0,2013-2014,29.0,168.6,98.7,34.7,108.0,5.397605346934028e-79,5.397605346934028e-79,5.397605346934028e-79,5.397605346934028e-79,0.0,0.0,634.12,0
82597.0,2013-2014,56.0,159.8,63.1,24.7,86.0,5.397605346934028e-79,5.397605346934028e-79,5.397605346934028e-79,5.397605346934028e-79,0.0,0.0,226.0,1
82604.0,2013-2014,49.0,177.5,67.9,21.6,87.7,,,,,0.0,0.0,639.0,0
82611.0,2013-2014,33.0,176.4,88.7,28.5,96.0,5.397605346934028e-79,5.397605346934028e-79,5.397605346934028e-79,5.397605346934028e-79,1.0,0.0,393.0,0
82613.0,2013-2014,19.0,164.0,72.0,26.8,85.0,1.0,5.397605346934028e-79,5.397605346934028e-79,5.397605346934028e-79,0.0,0.0,384.0,0
82615.0,2013-2014,57.0,173.9,103.2,34.1,116.6,1.0,1.0,5.397605346934028e-79,5.397605346934028e-79,0.0,1.0,495.0,0
82618.0,2013-2014,45.0,167.1,92.4,33.1,109.0,5.397605346934028e-79,5.397605346934028e-79,5.397605346934028e-79,5.397605346934028e-79,0.0,0.0,337.0,0
82621.0,2013-2014,41.0,169.2,74.3,26.0,101.0,,,,,1.0,0.0,212.0,1
82629.0,2013-2014,41.0,180.7,115.4,35.3,125.3,5.397605346934028e-79,1.0,5.397605346934028e-79,5.397605346934028e-79,1.0,1.0,391.0,0
82634.0,2013-2014,23.0,181.4,133.2,40.5,116.3,5.397605346934028e-79,5.397605346934028e-79,5.397605346934028e-79,5.397605346934028e-79,1.0,0.0,324.48,0
82644.0,2013-2014,25.0,184.3,91.2,26.8,96.5,2.0,3.0,1.0,1.0,0.0,0.0,625.0,0
82646.0,2013-2014,56.0,159.5,82.3,32.4,108.8,5.397605346934028e-79,5.397605346934028e-79,5.397605346934028e-79,5.397605346934028e-79,1.0,0.0,755.0,0
82664.0,2013-2014,48.0,180.9,79.9,24.4,90.0,5.397605346934028e-79,5.397605346934028e-79,5.397605346934028e-79,5.397605346934028e-79,0.0,0.0,264.0,1
82666.0,2013-2014,47.0,173.2,74.9,25.0,87.3,1.0,1.0,5.397605346934028e-79,5.397605346934028e-79,0.0,0.0,273.71,1
82668.0,2013-2014,32.0,173.0,79.2,26.5,93.4,3.0,3.0,3.0,2.0,1.0,0.0,612.0,0
82680.0,2013-2014,41.0,170.0,71.2,24.6,90.1,1.0,5.397605346934028e-79,5.397605346934028e-79,1.0,0.0,0.0,858.0,0
82682.0,2013-2014,37.0,190.5,110.0,30.3,108.3,,,,,0.0,0.0,547.21,0
82685.0,2013-2014,47.0,178.4,105.5,33.1,114.5,1.0,5.397605346934028e-79,5.397605346934028e-79,5.397605346934028e-79,1.0,0.0,279.0,1
82691.0,2013-2014,29.0,169.9,83.8,29.0,101.4,5.397605346934028e-79,5.397605346934028e-79,5.397605346934028e-79,5.397605346934028e-79,0.0,0.0,544.0,0
82692.0,2013-2014,39.0,181.0,65.2,19.9,81.2,5.397605346934028e-79,5.397605346934028e-79,5.397605346934028e-79,5.397605346934028e-79,0.0,0.0,554.0,0
82695.0,2013-2014,20.0,183.4,95.0,28.2,96.2,,,,,0.0,0.0,575.0,0
82703.0,2013-2014,50.0,174.7,83.0,27.2,97.5,,,,,0.0,1.0,385.0,0
82704.0,2013-2014,41.0,174.3,112.9,37.2,125.7,1.0,1.0,5.397605346934028e-79,5.397605346934028e-79,0.0,0.0,227.96,1
82718.0,2013-2014,34.0,181.8,60.0,18.2,70.2,5.397605346934028e-79,1.0,1.0,5.397605346934028e-79,0.0,0.0,764.0,0
82720.0,2013-2014,58.0,174.8,73.1,23.9,95.4,5.397605346934028e-79,5.397605346934028e-79,5.397605346934028e-79,5.397605346934028e-79,0.0,0.0,266.0,1
82721.0,2013-2014,49.0,178.3,74.4,23.4,87.8,1.0,1.0,5.397605346934028e-79,1.0,0.0,0.0,347.17,0
82736.0,2013-2014,26.0,185.0,65.4,19.1,80.0,1.0,5.397605346934028e-79,5.397605346934028e-79,5.397605346934028e-79,0.0,0.0,544.0,0
82745.0,2013-2014,38.0,173.3,87.0,29.0,100.9,5.397605346934028e-79,5.397605346934028e-79,1.0,5.397605346934028e-79,1.0,0.0,351.0,0
82746.0,2013-2014,33.0,196.5,114.2,29.6,114.1,,,,,0.0,0.0,263.11,1
82756.0,2013-2014,55.0,168.7,68.2,24.0,87.8,,,,,0.0,0.0,452.0,0
82758.0,2013-2014,52.0,168.4,95.1,33.5,119.0,1.0,2.0,5.397605346934028e-79,5.397605346934028e-79,0.0,0.0,371.0,0
82759.0,2013-2014,24.0,180.9,90.6,27.7,103.2,1.0,5.397605346934028e-79,5.397605346934028e-79,5.397605346934028e-79,1.0,0.0,383.0,0
82771.0,2013-2014,41.0,179.9,119.2,36.8,124.7,1.0,5.397605346934028e-79,5.397605346934028e-79,5.397605346934028e-79,0.0,0.0,621.0,0
82775.0,2013-2014,57.0,160.9,70.3,27.2,97.2,5.397605346934028e-79,5.397605346934028e-79,5.397605346934028e-79,5.397605346934028e-79,0.0,0.0,525.0,0
82776.0,2013-2014,37.0,182.6,78.6,23.6,94.3,5.397605346934028e-79,5.397605346934028e-79,5.397605346934028e-79,5.397605346934028e-79,0.0,0.0,676.0,0
82778.0,2013-2014,57.0,178.0,122.7,38.7,124.2,3.0,3.0,3.0,3.0,1.0,0.0,413.0,0
82782.0,2013-2014,53.0,177.3,81.0,25.8,91.0,5.397605346934028e-79,5.397605346934028e-79,5.397605346934028e-79,5.397605346934028e-79,0.0,0.0,602.79,0
82788.0,2013-2014,43.0,178.9,68.6,21.4,84.4,5.397605346934028e-79,5.397605346934028e-79,5.397605346934028e-79,5.397605346934028e-79,0.0,0.0,480.25,0
82814.0,2013-2014,44.0,195.4,195.4,51.2,149.9,5.397605346934028e-79,5.397605346934028e-79,5.397605346934028e-79,3.0,0.0,1.0,103.0,1
82822.0,2013-2014,56.0,183.1,110.1,32.8,114.9,5.397605346934028e-79,5.397605346934028e-79,5.397605346934028e-79,1.0,1.0,1.0,353.0,0
82836.0,2013-2014,20.0,,,,,,,,,1.0,0.0,632.0,0
82840.0,2013-2014,59.0,177.0,99.4,31.7,110.5,5.397605346934028e-79,5.397605346934028e-79,5.397605346934028e-79,5.397605346934028e-79,0.0,0.0,346.0,0
82841.0,2013-2014,45.0,163.7,68.0,25.4,82.2,5.397605346934028e-79,5.397605346934028e-79,5.397605346934028e-79,5.397605346934028e-79,1.0,0.0,254.0,1
82844.0,2013-2014,58.0,185.1,83.6,24.4,93.0,5.397605346934028e-79,5.397605346934028e-79,5.397605346934028e-79,5.397605346934028e-79,0.0,0.0,373.0,0
82850.0,2013-2014,30.0,180.8,92.7,28.4,99.5,3.0,3.0,5.397605346934028e-79,1.0,0.0,0.0,362.0,0
82856.0,2013-2014,44.0,172.3,92.6,31.2,111.5,1.0,2.0,3.0,3.0,0.0,0.0,766.79,0
82860.0,2013-2014,48.0,168.8,73.1,25.7,95.5,5.397605346934028e-79,5.397605346934028e-79,5.397605346934028e-79,5.397605346934028e-79,1.0,0.0,522.0,0
82864.0,2013-2014,31.0,175.3,62.0,20.2,78.6,1.0,5.397605346934028e-79,1.0,5.397605346934028e-79,0.0,0.0,690.0,0
82894.0,2013-2014,49.0,165.2,69.8,25.6,91.6,5.397605346934028e-79,5.397605346934028e-79,5.397605346934028e-79,5.397605346934028e-79,0.0,0.0,429.0,0
82909.0,2013-2014,55.0,179.4,147.4,45.8,147.0,3.0,2.0,5.397605346934028e-79,1.0,1.0,1.0,250.0,1
82913.0,2013-2014,28.0,192.5,69.5,18.8,76.7,2.0,5.397605346934028e-79,5.397605346934028e-79,2.0,0.0,0.0,947.0,0
82917.0,2013-2014,42.0,167.3,85.8,30.7,100.0,5.397605346934028e-79,5.397605346934028e-79,5.397605346934028e-79,5.397605346934028e-79,0.0,0.0,323.0,0
82925.0,2013-2014,38.0,177.6,88.3,28.0,102.7,5.397605346934028e-79,1.0,5.397605346934028e-79,5.397605346934028e-79,1.0,0.0,367.0,0
82933.0,2013-2014,29.0,182.5,116.5,35.0,122.3,5.397605346934028e-79,1.0,5.397605346934028e-79,5.397605346934028e-79,1.0,0.0,341.0,0
82939.0,2013-2014,23.0,177.8,110.9,35.1,102.9,1.0,2.0,1.0,5.397605346934028e-79,1.0,0.0,443.8,0
82943.0,2013-2014,45.0,166.3,62.9,22.7,80.5,5.397605346934028e-79,5.397605346934028e-79,5.397605346934028e-79,5.397605346934028e-79,0.0,0.0,413.0,0
82959.0,2013-2014,55.0,180.9,71.2,21.8,84.7,3.0,3.0,1.0,3.0,1.0,0.0,493.55,0
82969.0,2013-2014,54.0,176.2,129.4,41.7,134.0,3.0,3.0,3.0,3.0,1.0,0.0,313.0,0
82970.0,2013-2014,60.0,159.7,81.6,32.0,107.3,3.0,3.0,3.0,3.0,0.0,0.0,614.0,0
82974.0,2013-2014,54.0,151.8,58.8,25.5,90.3,5.397605346934028e-79,5.397605346934028e-79,5.397605346934028e-79,5.397605346934028e-79,0.0,0.0,487.0,0
82976.0,2013-2014,22.0,186.7,76.2,21.9,82.3,2.0,2.0,1.0,1.0,0.0,0.0,751.89,0
82987.0,2013-2014,60.0,165.9,100.2,36.4,118.8,1.0,3.0,5.397605346934028e-79,5.397605346934028e-79,1.0,0.0,309.0,0
82999.0,2013-2014,35.0,174.9,87.5,28.6,102.9,5.397605346934028e-79,5.397605346934028e-79,1.0,1.0,0.0,0.0,459.0,0
83002.0,2013-2014,50.0,163.5,76.1,28.5,95.7,5.397605346934028e-79,5.397605346934028e-79,5.397605346934028e-79,5.397605346934028e-79,1.0,0.0,402.69,0
83004.0,2013-2014,34.0,187.5,82.3,23.4,88.4,1.0,5.397605346934028e-79,5.397605346934028e-79,1.0,0.0,0.0,280.0,1
83009.0,2013-2014,24.0,174.1,72.8,24.0,85.0,1.0,1.0,1.0,1.0,0.0,0.0,508.0,0
83014.0,2013-2014,29.0,163.5,98.2,36.7,116.9,1.0,1.0,5.397605346934028e-79,5.397605346934028e-79,0.0,0.0,172.0,1
83031.0,2013-2014,49.0,156.9,74.3,30.2,99.2,1.0,5.397605346934028e-79,1.0,5.397605346934028e-79,0.0,0.0,317.28,0
83039.0,2013-2014,19.0,166.9,45.2,16.2,70.0,3.0,3.0,3.0,1.0,0.0,0.0,495.0,0
83045.0,2013-2014,51.0,182.6,76.3,22.9,91.3,5.397605346934028e-79,3.0,5.397605346934028e-79,3.0,0.0,0.0,486.0,0
83047.0,2013-2014,31.0,173.9,63.1,20.9,77.1,5.397605346934028e-79,5.397605346934028e-79,5.397605346934028e-79,5.397605346934028e-79,0.0,0.0,446.0,0
83048.0,2013-2014,48.0,178.5,102.4,32.1,114.7,1.0,5.397605346934028e-79,1.0,5.397605346934028e-79,1.0,0.0,525.0,0
83058.0,2013-2014,27.0,183.6,75.5,22.4,83.2,5.397605346934028e-79,5.397605346934028e-79,5.397605346934028e-79,5.397605346934028e-79,0.0,0.0,892.0,0
83059.0,2013-2014,19.0,156.9,55.7,22.6,75.6,,,,,0.0,0.0,457.0,0
83064.0,2013-2014,41.0,171.0,103.0,35.2,112.6,5.397605346934028e-79,5.397605346934028e-79,5.397605346934028e-79,5.397605346934028e-79,1.0,1.0,329.0,0
83078.0,2013-2014,32.0,181.1,99.5,30.3,104.7,1.0,5.397605346934028e-79,5.397605346934028e-79,5.397605346934028e-79,0.0,0.0,353.0,0
83081.0,2013-2014,41.0,183.5,141.9,42.1,139.3,1.0,5.397605346934028e-79,5.397605346934028e-79,5.397605346934028e-79,1.0,1.0,641.97,0
83082.0,2013-2014,27.0,176.0,92.7,29.9,99.4,5.397605346934028e-79,5.397605346934028e-79,5.397605346934028e-79,5.397605346934028e-79,0.0,0.0,288.46,1
83084.0,2013-2014,50.0,167.3,75.9,27.1,92.9,5.397605346934028e-79,5.397605346934028e-79,5.397605346934028e-79,5.397605346934028e-79,0.0,0.0,309.67,0
83087.0,2013-2014,39.0,183.5,117.8,35.0,111.9,2.0,3.0,5.397605346934028e-79,5.397605346934028e-79,0.0,0.0,362.0,0
83092.0,2013-2014,57.0,158.1,67.0,26.8,88.0,5.397605346934028e-79,5.397605346934028e-79,5.397605346934028e-79,5.397605346934028e-79,0.0,0.0,305.0,0
83094.0,2013-2014,43.0,191.6,90.2,24.6,98.9,,,,,0.0,1.0,245.0,1
83097.0,2013-2014,51.0,184.4,75.1,22.1,87.8,5.397605346934028e-79,5.397605346934028e-79,5.397605346934028e-79,5.397605346934028e-79,0.0,0.0,485.0,0
83099.0,2013-2014,32.0,169.2,59.0,20.6,81.4,5.397605346934028e-79,5.397605346934028e-79,5.397605346934028e-79,5.397605346934028e-79,0.0,0.0,313.58,0
83104.0,2013-2014,59.0,174.1,68.7,22.7,87.9,5.397605346934028e-79,5.397605346934028e-79,5.397605346934028e-79,5.397605346934028e-79,0.0,0.0,564.0,0
83106.0,2013-2014,44.0,174.0,79.8,26.4,91.4,,,,,0.0,0.0,481.96,0
83110.0,2013-2014,34.0,160.1,82.5,32.2,95.8,5.397605346934028e-79,5.397605346934028e-79,5.397605346934028e-79,5.397605346934028e-79,0.0,0.0,463.42,0
83125.0,2013-2014,45.0,165.8,73.1,26.6,96.5,5.397605346934028e-79,2.0,5.397605346934028e-79,5.397605346934028e-79,0.0,0.0,287.78,1
83127.0,2013-2014,38.0,165.5,88.0,32.1,106.8,,,,,0.0,0.0,347.14,0
83128.0,2013-2014,35.0,184.4,103.3,30.4,110.0,1.0,1.0,5.397605346934028e-79,5.397605346934028e-79,0.0,0.0,314.39,0
83130.0,2013-2014,38.0,168.4,88.0,31.0,112.3,5.397605346934028e-79,2.0,5.397605346934028e-79,5.397605346934028e-79,1.0,1.0,247.0,1
83136.0,2013-2014,31.0,173.4,76.4,25.4,97.5,1.0,1.0,1.0,5.397605346934028e-79,0.0,0.0,416.3,0
83138.0,2013-2014,54.0,182.6,102.3,30.7,110.0,5.397605346934028e-79,5.397605346934028e-79,5.397605346934028e-79,5.397605346934028e-79,1.0,1.0,515.0,0
83148.0,2013-2014,54.0,167.2,64.0,22.9,86.2,1.0,5.397605346934028e-79,5.397605346934028e-79,3.0,1.0,0.0,274.0,1
83152.0,2013-2014,27.0,169.8,76.2,26.4,84.7,5.397605346934028e-79,2.0,5.397605346934028e-79,5.397605346934028e-79,0.0,0.0,791.0,0
83153.0,2013-2014,20.0,168.7,52.8,18.6,68.0,1.0,1.0,5.397605346934028e-79,1.0,0.0,0.0,632.0,0
83154.0,2013-2014,26.0,168.6,69.4,24.4,,5.397605346934028e-79,5.397605346934028e-79,5.397605346934028e-79,5.397605346934028e-79,0.0,0.0,496.77,0
83157.0,2013-2014,31.0,161.1,76.7,29.6,99.0,5.397605346934028e-79,5.397605346934028e-79,5.397605346934028e-79,1.0,0.0,0.0,415.0,0
83158.0,2013-2014,38.0,187.2,81.5,23.3,83.4,1.0,5.397605346934028e-79,1.0,5.397605346934028e-79,0.0,0.0,397.0,0
83172.0,2013-2014,23.0,179.8,92.9,28.7,104.8,5.397605346934028e-79,5.397605346934028e-79,5.397605346934028e-79,1.0,0.0,0.0,336.0,0
83180.0,2013-2014,30.0,178.3,88.0,27.7,99.1,5.397605346934028e-79,5.397605346934028e-79,1.0,1.0,0.0,0.0,364.0,0
83192.0,2013-2014,57.0,173.3,97.6,32.5,117.1,1.0,5.397605346934028e-79,1.0,1.0,0.0,0.0,284.0,1
83206.0,2013-2014,36.0,173.1,85.8,28.6,101.1,5.397605346934028e-79,5.397605346934028e-79,5.397605346934028e-79,5.397605346934028e-79,0.0,0.0,368.0,0
83207.0,2013-2014,60.0,168.9,110.6,38.8,127.1,3.0,3.0,1.0,2.0,1.0,1.0,286.54,1
83212.0,2013-2014,45.0,164.3,80.0,29.6,99.2,5.397605346934028e-79,5.397605346934028e-79,5.397605346934028e-79,5.397605346934028e-79,0.0,0.0,503.97,0
83218.0,2013-2014,52.0,176.1,78.7,25.4,98.6,2.0,5.397605346934028e-79,5.397605346934028e-79,5.397605346934028e-79,0.0,0.0,495.4,0
83220.0,2013-2014,23.0,180.2,103.4,31.8,107.0,1.0,5.397605346934028e-79,5.397605346934028e-79,5.397605346934028e-79,0.0,0.0,387.0,0
83233.0,2013-2014,51.0,181.1,64.1,19.5,76.5,5.397605346934028e-79,5.397605346934028e-79,5.397605346934028e-79,5.397605346934028e-79,1.0,0.0,1130.0,0
83241.0,2013-2014,51.0,181.6,107.8,32.7,115.5,5.397605346934028e-79,1.0,5.397605346934028e-79,1.0,0.0,0.0,298.0,1
83263.0,2013-2014,41.0,166.9,61.6,22.1,91.7,5.397605346934028e-79,5.397605346934028e-79,5.397605346934028e-79,1.0,0.0,0.0,140.0,1
83268.0,2013-2014,25.0,178.3,86.9,27.3,92.4,,,,,0.0,0.0,524.0,0
83271.0,2013-2014,21.0,175.5,76.6,24.9,89.2,3.0,1.0,5.397605346934028e-79,2.0,0.0,0.0,275.0,1
83276.0,2013-2014,35.0,182.2,80.2,24.2,85.2,1.0,3.0,1.0,2.0,0.0,0.0,901.0,0
83277.0,2013-2014,51.0,181.8,74.9,22.7,91.6,1.0,1.0,1.0,5.397605346934028e-79,1.0,0.0,406.0,0
83280.0,2013-2014,39.0,180.0,120.1,37.1,118.5,5.397605346934028e-79,5.397605346934028e-79,5.397605346934028e-79,5.397605346934028e-79,1.0,0.0,158.0,1
83285.0,2013-2014,29.0,174.0,74.1,24.5,92.1,3.0,1.0,1.0,1.0,0.0,0.0,354.79,0
83291.0,2013-2014,38.0,173.8,90.8,30.1,100.8,5.397605346934028e-79,5.397605346934028e-79,5.397605346934028e-79,5.397605346934028e-79,0.0,0.0,312.0,0
83314.0,2013-2014,54.0,179.5,127.9,39.7,120.5,5.397605346934028e-79,5.397605346934028e-79,5.397605346934028e-79,1.0,1.0,0.0,371.0,0
83333.0,2013-2014,47.0,180.0,82.6,25.5,93.8,5.397605346934028e-79,5.397605346934028e-79,5.397605346934028e-79,5.397605346934028e-79,0.0,0.0,426.0,0
83334.0,2013-2014,27.0,176.4,79.8,25.6,91.8,5.397605346934028e-79,5.397605346934028e-79,1.0,1.0,0.0,0.0,400.21,0
83345.0,2013-2014,54.0,184.2,115.4,34.0,120.8,2.0,2.0,3.0,3.0,0.0,1.0,386.0,0
83352.0,2013-2014,20.0,184.4,95.6,28.1,93.9,1.0,5.397605346934028e-79,5.397605346934028e-79,5.397605346934028e-79,0.0,0.0,543.0,0
83358.0,2013-2014,37.0,175.0,113.1,36.9,119.8,5.397605346934028e-79,5.397605346934028e-79,5.397605346934028e-79,5.397605346934028e-79,0.0,0.0,801.14,0
83360.0,2013-2014,25.0,169.9,63.1,21.9,76.8,2.0,2.0,5.397605346934028e-79,5.397605346934028e-79,0.0,0.0,465.0,0
83363.0,2013-2014,28.0,180.3,89.5,27.5,98.7,5.397605346934028e-79,5.397605346934028e-79,5.397605346934028e-79,5.397605346934028e-79,0.0,0.0,695.69,0
83364.0,2013-2014,46.0,172.8,100.6,33.7,119.0,5.397605346934028e-79,5.397605346934028e-79,5.397605346934028e-79,5.397605346934028e-79,0.0,0.0,390.0,0
83381.0,2013-2014,59.0,180.9,119.8,36.6,129.6,5.397605346934028e-79,5.397605346934028e-79,5.397605346934028e-79,5.397605346934028e-79,1.0,1.0,770.0,0
83382.0,2013-2014,44.0,174.2,82.1,27.1,96.0,5.397605346934028e-79,5.397605346934028e-79,5.397605346934028e-79,5.397605346934028e-79,0.0,0.0,547.0,0
83388.0,2013-2014,50.0,177.9,89.2,28.2,97.4,1.0,5.397605346934028e-79,5.397605346934028e-79,5.397605346934028e-79,0.0,0.0,497.0,0
83389.0,2013-2014,30.0,175.8,110.3,35.7,113.4,1.0,5.397605346934028e-79,5.397605346934028e-79,2.0,0.0,0.0,528.0,0
83392.0,2013-2014,35.0,182.1,102.6,30.9,103.8,5.397605346934028e-79,5.397605346934028e-79,5.397605346934028e-79,5.397605346934028e-79,0.0,0.0,110.31,1
83396.0,2013-2014,21.0,170.9,48.8,16.7,65.8,3.0,3.0,5.397605346934028e-79,1.0,0.0,0.0,559.94,0
83399.0,2013-2014,23.0,179.5,62.4,19.4,75.4,1.0,5.397605346934028e-79,1.0,5.397605346934028e-79,0.0,0.0,579.0,0
83408.0,2013-2014,36.0,184.1,76.4,22.5,86.4,5.397605346934028e-79,5.397605346934028e-79,5.397605346934028e-79,5.397605346934028e-79,0.0,0.0,284.0,1
83414.0,2013-2014,47.0,167.2,103.0,36.8,121.4,5.397605346934028e-79,5.397605346934028e-79,5.397605346934028e-79,5.397605346934028e-79,0.0,0.0,545.92,0
83417.0,2013-2014,33.0,170.9,80.1,27.4,102.0,1.0,2.0,5.397605346934028e-79,1.0,0.0,0.0,224.0,1
83438.0,2013-2014,57.0,166.8,78.7,28.3,88.5,5.397605346934028e-79,5.397605346934028e-79,5.397605346934028e-79,5.397605346934028e-79,1.0,0.0,463.0,0
83439.0,2013-2014,30.0,176.2,76.5,24.6,92.6,2.0,2.0,5.397605346934028e-79,5.397605346934028e-79,0.0,0.0,588.0,0
83447.0,2013-2014,32.0,169.8,110.2,38.2,122.8,5.397605346934028e-79,5.397605346934028e-79,5.397605346934028e-79,5.397605346934028e-79,0.0,0.0,482.0,0
83452.0,2013-2014,48.0,169.5,89.9,31.3,113.5,,,,,0.0,0.0,316.61,0
83465.0,2013-2014,24.0,173.6,75.6,25.1,86.0,1.0,5.397605346934028e-79,5.397605346934028e-79,5.397605346934028e-79,0.0,0.0,676.0,0
83467.0,2013-2014,20.0,178.2,79.3,25.0,85.2,5.397605346934028e-79,5.397605346934028e-79,5.397605346934028e-79,5.397605346934028e-79,0.0,0.0,562.0,0
83476.0,2013-2014,22.0,168.2,65.0,23.0,83.6,5.397605346934028e-79,1.0,5.397605346934028e-79,5.397605346934028e-79,0.0,0.0,653.0,0
83477.0,2013-2014,20.0,185.2,86.7,25.3,88.0,5.397605346934028e-79,5.397605346934028e-79,5.397605346934028e-79,5.397605346934028e-79,1.0,0.0,440.51,0
83478.0,2013-2014,33.0,180.6,87.0,26.7,96.5,1.0,5.397605346934028e-79,5.397605346934028e-79,5.397605346934028e-79,0.0,0.0,421.0,0
83487.0,2013-2014,33.0,183.3,90.7,27.0,104.0,5.397605346934028e-79,5.397605346934028e-79,5.397605346934028e-79,5.397605346934028e-79,0.0,0.0,245.0,1
83492.0,2013-2014,22.0,182.5,81.1,24.3,93.5,1.0,1.0,5.397605346934028e-79,1.0,0.0,0.0,336.0,0
83503.0,2013-2014,24.0,168.5,94.4,33.2,,,,,,0.0,0.0,202.0,1
83506.0,2013-2014,46.0,168.6,98.4,34.6,105.9,,,,,1.0,0.0,349.0,0
83507.0,2013-2014,50.0,177.4,86.4,27.5,103.6,2.0,3.0,3.0,5.397605346934028e-79,0.0,1.0,284.5,1
83510.0,2013-2014,54.0,181.3,107.7,32.8,113.9,5.397605346934028e-79,5.397605346934028e-79,5.397605346934028e-79,5.397605346934028e-79,0.0,0.0,121.0,1
83519.0,2013-2014,19.0,176.4,127.3,40.9,132.3,5.397605346934028e-79,5.397605346934028e-79,5.397605346934028e-79,5.397605346934028e-79,0.0,0.0,365.0,0
83525.0,2013-2014,33.0,174.8,109.2,35.7,129.0,3.0,3.0,1.0,5.397605346934028e-79,0.0,0.0,266.0,1
83526.0,2013-2014,58.0,157.3,93.5,37.8,117.0,1.0,5.397605346934028e-79,5.397605346934028e-79,5.397605346934028e-79,0.0,0.0,348.0,0
83540.0,2013-2014,30.0,166.0,74.0,26.9,97.8,5.397605346934028e-79,5.397605346934028e-79,1.0,5.397605346934028e-79,0.0,0.0,458.85,0
83541.0,2013-2014,44.0,163.1,72.1,27.1,91.5,5.397605346934028e-79,5.397605346934028e-79,5.397605346934028e-79,5.397605346934028e-79,0.0,0.0,418.0,0
83546.0,2013-2014,59.0,185.5,90.7,26.4,104.1,5.397605346934028e-79,5.397605346934028e-79,5.397605346934028e-79,5.397605346934028e-79,0.0,0.0,466.0,0
83552.0,2013-2014,60.0,174.1,84.5,27.9,98.2,2.0,1.0,2.0,1.0,1.0,1.0,166.3,1
83554.0,2013-2014,49.0,169.0,89.3,31.3,103.7,5.397605346934028e-79,5.397605346934028e-79,5.397605346934028e-79,5.397605346934028e-79,0.0,0.0,289.63,1
83565.0,2013-2014,34.0,184.6,119.0,34.9,117.8,3.0,3.0,2.0,2.0,1.0,0.0,377.0,0
83569.0,2013-2014,53.0,166.5,76.6,27.6,93.3,5.397605346934028e-79,5.397605346934028e-79,5.397605346934028e-79,5.397605346934028e-79,0.0,0.0,310.91,0
83574.0,2013-2014,19.0,167.1,50.6,18.1,72.1,1.0,2.0,5.397605346934028e-79,2.0,0.0,0.0,437.04,0
83575.0,2013-2014,20.0,178.7,72.1,22.6,79.4,1.0,5.397605346934028e-79,5.397605346934028e-79,5.397605346934028e-79,1.0,0.0,579.0,0
83580.0,2013-2014,28.0,186.9,104.2,29.8,99.9,5.397605346934028e-79,1.0,5.397605346934028e-79,5.397605346934028e-79,0.0,0.0,627.0,0
83583.0,2013-2014,20.0,176.5,116.5,37.4,129.9,5.397605346934028e-79,5.397605346934028e-79,5.397605346934028e-79,5.397605346934028e-79,0.0,0.0,178.99,1
83585.0,2013-2014,43.0,175.5,114.8,37.3,127.2,5.397605346934028e-79,5.397605346934028e-79,5.397605346934028e-79,5.397605346934028e-79,1.0,0.0,364.09,0
83586.0,2013-2014,50.0,179.6,70.6,21.9,90.4,5.397605346934028e-79,5.397605346934028e-79,5.397605346934028e-79,5.397605346934028e-79,0.0,0.0,575.0,0
83589.0,2013-2014,59.0,179.0,85.3,26.6,101.2,1.0,1.0,5.397605346934028e-79,5.397605346934028e-79,1.0,0.0,846.0,0
83592.0,2013-2014,58.0,178.2,92.1,29.0,112.4,1.0,2.0,1.0,1.0,1.0,0.0,329.0,0
83604.0,2013-2014,60.0,167.3,68.5,24.5,87.6,5.397605346934028e-79,5.397605346934028e-79,5.397605346934028e-79,5.397605346934028e-79,0.0,0.0,369.0,0
83613.0,2013-2014,23.0,187.8,84.1,23.8,85.3,1.0,1.0,5.397605346934028e-79,5.397605346934028e-79,0.0,0.0,462.0,0
83618.0,2013-2014,40.0,181.7,97.1,29.4,108.6,1.0,5.397605346934028e-79,5.397605346934028e-79,5.397605346934028e-79,0.0,0.0,381.0,0
83619.0,2013-2014,31.0,179.1,85.6,26.7,92.0,5.397605346934028e-79,5.397605346934028e-79,5.397605346934028e-79,5.397605346934028e-79,0.0,0.0,395.0,0
83627.0,2013-2014,49.0,169.4,81.9,28.5,103.3,5.397605346934028e-79,5.397605346934028e-79,5.397605346934028e-79,1.0,0.0,0.0,560.0,0
83632.0,2013-2014,47.0,164.9,79.0,29.1,97.0,2.0,5.397605346934028e-79,5.397605346934028e-79,5.397605346934028e-79,0.0,0.0,573.0,0
83633.0,2013-2014,45.0,180.4,96.7,29.7,104.2,1.0,5.397605346934028e-79,5.397605346934028e-79,1.0,1.0,0.0,268.0,1
83634.0,2013-2014,51.0,164.9,74.8,27.5,93.9,5.397605346934028e-79,5.397605346934028e-79,2.0,2.0,0.0,0.0,442.0,0
83636.0,2013-2014,25.0,176.3,82.9,26.7,84.9,1.0,1.0,5.397605346934028e-79,5.397605346934028e-79,0.0,0.0,688.0,0
83637.0,2013-2014,40.0,193.3,179.4,48.0,146.5,5.397605346934028e-79,5.397605346934028e-79,5.397605346934028e-79,5.397605346934028e-79,1.0,0.0,359.0,0
83642.0,2013-2014,33.0,172.4,81.4,27.4,103.2,5.397605346934028e-79,5.397605346934028e-79,5.397605346934028e-79,5.397605346934028e-79,0.0,0.0,418.0,0
83646.0,2013-2014,56.0,173.8,65.4,21.7,82.2,,,,,0.0,0.0,879.0,0
83655.0,2013-2014,41.0,186.0,166.3,48.1,153.0,5.397605346934028e-79,1.0,5.397605346934028e-79,5.397605346934028e-79,0.0,1.0,142.0,1
83659.0,2013-2014,19.0,159.6,69.5,27.3,82.0,5.397605346934028e-79,5.397605346934028e-79,5.397605346934028e-79,5.397605346934028e-79,0.0,0.0,399.0,0
83664.0,2013-2014,37.0,178.9,63.1,19.7,75.8,5.397605346934028e-79,2.0,5.397605346934028e-79,2.0,0.0,0.0,589.0,0
83669.0,2013-2014,41.0,185.0,76.8,22.4,89.3,1.0,1.0,5.397605346934028e-79,5.397605346934028e-79,0.0,0.0,803.16,0
83672.0,2013-2014,36.0,175.5,110.1,35.7,107.1,2.0,1.0,1.0,1.0,0.0,0.0,421.89,0
83674.0,2013-2014,40.0,169.1,93.7,32.8,100.4,5.397605346934028e-79,5.397605346934028e-79,5.397605346934028e-79,5.397605346934028e-79,0.0,0.0,465.0,0
83703.0,2013-2014,22.0,169.5,101.1,35.2,,5.397605346934028e-79,5.397605346934028e-79,5.397605346934028e-79,5.397605346934028e-79,0.0,0.0,191.0,1
83709.0,2013-2014,24.0,171.9,71.7,24.3,85.4,5.397605346934028e-79,5.397605346934028e-79,5.397605346934028e-79,5.397605346934028e-79,0.0,0.0,453.23,0
83713.0,2013-2014,34.0,162.4,62.5,23.7,,,,,,0.0,0.0,511.0,0
83715.0,2013-2014,58.0,170.4,76.3,26.3,97.5,3.0,5.397605346934028e-79,1.0,3.0,0.0,0.0,375.0,0
83720.0,2013-2014,36.0,192.8,89.0,23.9,80.6,5.397605346934028e-79,5.397605346934028e-79,5.397605346934028e-79,5.397605346934028e-79,0.0,0.0,945.27,0
83721.0,2013-2014,52.0,176.2,79.5,25.6,92.7,5.397605346934028e-79,5.397605346934028e-79,5.397605346934028e-79,5.397605346934028e-79,0.0,0.0,356.13,0
83727.0,2013-2014,26.0,171.3,71.8,24.5,87.1,5.397605346934028e-79,5.397605346934028e-79,5.397605346934028e-79,5.397605346934028e-79,0.0,0.0,570.0,0
83733.0,2015-2016,53.0,171.4,90.4,30.8,107.9,5.397605346934028e-79,5.397605346934028e-79,5.397605346934028e-79,1.0,0.0,0.0,505.0,0
83741.0,2015-2016,22.0,165.4,76.6,28.0,86.6,1.0,5.397605346934028e-79,5.397605346934028e-79,5.397605346934028e-79,0.0,0.0,543.0,0
83744.0,2015-2016,56.0,179.4,108.3,33.6,116.0,5.397605346934028e-79,5.397605346934028e-79,5.397605346934028e-79,5.397605346934028e-79,1.0,1.0,685.0,0
83747.0,2015-2016,46.0,176.7,86.2,27.6,104.3,5.397605346934028e-79,2.0,5.397605346934028e-79,5.397605346934028e-79,1.0,0.0,336.0,0
83750.0,2015-2016,45.0,177.8,76.2,24.1,90.1,5.397605346934028e-79,5.397605346934028e-79,5.397605346934028e-79,5.397605346934028e-79,0.0,0.0,964.0,0
83769.0,2015-2016,49.0,170.7,72.8,25.0,96.6,5.397605346934028e-79,5.397605346934028e-79,5.397605346934028e-79,5.397605346934028e-79,0.0,0.0,441.0,0
83777.0,2015-2016,56.0,166.1,69.0,25.0,93.5,2.0,2.0,1.0,1.0,1.0,1.0,310.0,0
83784.0,2015-2016,22.0,170.7,73.7,25.3,86.2,1.0,1.0,5.397605346934028e-79,5.397605346934028e-79,0.0,0.0,468.0,0
83790.0,2015-2016,56.0,187.4,85.6,24.4,100.5,1.0,3.0,1.0,2.0,0.0,0.0,550.0,0
83803.0,2015-2016,27.0,166.3,79.1,28.6,93.7,,,,,0.0,0.0,368.0,0
83813.0,2015-2016,24.0,182.2,89.2,26.9,89.2,5.397605346934028e-79,5.397605346934028e-79,5.397605346934028e-79,5.397605346934028e-79,0.0,0.0,763.0,0
83816.0,2015-2016,27.0,178.4,59.3,18.6,79.1,1.0,1.0,1.0,1.0,0.0,0.0,738.0,0
83817.0,2015-2016,42.0,183.7,86.1,25.5,96.8,5.397605346934028e-79,1.0,5.397605346934028e-79,5.397605346934028e-79,0.0,0.0,273.0,1
83829.0,2015-2016,50.0,170.6,65.8,22.6,90.0,1.0,1.0,5.397605346934028e-79,5.397605346934028e-79,0.0,0.0,300.0,0
83844.0,2015-2016,27.0,172.8,68.9,23.1,85.2,1.0,1.0,5.397605346934028e-79,1.0,0.0,0.0,1070.0,0
83856.0,2015-2016,30.0,181.5,89.1,27.0,99.1,1.0,1.0,1.0,1.0,0.0,0.0,264.0,1
83860.0,2015-2016,41.0,189.4,146.1,40.7,134.6,1.0,5.397605346934028e-79,5.397605346934028e-79,5.397605346934028e-79,0.0,0.0,356.0,0
83863.0,2015-2016,35.0,175.6,95.8,31.1,104.6,5.397605346934028e-79,5.397605346934028e-79,5.397605346934028e-79,3.0,0.0,0.0,520.0,0
83870.0,2015-2016,48.0,169.8,82.4,28.6,94.2,1.0,5.397605346934028e-79,5.397605346934028e-79,5.397605346934028e-79,0.0,0.0,235.0,1
83874.0,2015-2016,54.0,173.9,91.2,30.2,97.1,,,,,0.0,0.0,339.0,0
83889.0,2015-2016,26.0,178.7,77.7,24.3,94.2,3.0,3.0,3.0,3.0,0.0,0.0,289.0,1
83894.0,2015-2016,60.0,173.1,58.9,19.7,79.9,5.397605346934028e-79,1.0,3.0,5.397605346934028e-79,0.0,0.0,266.0,1
83898.0,2015-2016,55.0,185.4,86.0,25.0,97.0,1.0,3.0,1.0,1.0,0.0,0.0,230.0,1
83899.0,2015-2016,27.0,177.0,75.3,24.0,83.2,1.0,5.397605346934028e-79,5.397605346934028e-79,5.397605346934028e-79,0.0,0.0,542.0,0
83902.0,2015-2016,49.0,188.5,90.7,25.5,96.7,1.0,5.397605346934028e-79,5.397605346934028e-79,5.397605346934028e-79,0.0,0.0,424.0,0
83908.0,2015-2016,51.0,169.1,70.5,24.7,88.0,5.397605346934028e-79,5.397605346934028e-79,5.397605346934028e-79,5.397605346934028e-79,0.0,0.0,347.0,0
83910.0,2015-2016,37.0,178.9,73.2,22.9,81.1,5.397605346934028e-79,5.397605346934028e-79,5.397605346934028e-79,5.397605346934028e-79,0.0,0.0,560.0,0
83913.0,2015-2016,43.0,171.6,72.5,24.6,95.0,5.397605346934028e-79,5.397605346934028e-79,5.397605346934028e-79,5.397605346934028e-79,1.0,1.0,325.0,0
83919.0,2015-2016,19.0,172.9,64.7,21.6,76.1,3.0,3.0,2.0,2.0,0.0,0.0,495.0,0
83931.0,2015-2016,37.0,174.0,78.7,26.0,89.0,2.0,3.0,3.0,1.0,0.0,0.0,506.0,0
83946.0,2015-2016,43.0,181.9,116.7,35.3,115.8,5.397605346934028e-79,5.397605346934028e-79,5.397605346934028e-79,5.397605346934028e-79,1.0,0.0,350.0,0
83950.0,2015-2016,55.0,172.7,71.4,23.9,89.2,1.0,1.0,5.397605346934028e-79,5.397605346934028e-79,0.0,0.0,528.0,0
83951.0,2015-2016,24.0,164.1,56.5,21.0,70.3,1.0,2.0,5.397605346934028e-79,5.397605346934028e-79,0.0,0.0,645.0,0
83954.0,2015-2016,53.0,174.1,78.4,25.9,94.6,1.0,5.397605346934028e-79,5.397605346934028e-79,5.397605346934028e-79,1.0,0.0,881.0,0
83955.0,2015-2016,47.0,176.0,93.1,30.1,103.3,5.397605346934028e-79,5.397605346934028e-79,5.397605346934028e-79,1.0,0.0,0.0,391.0,0
83965.0,2015-2016,49.0,179.4,129.3,40.2,134.9,1.0,2.0,5.397605346934028e-79,1.0,1.0,1.0,376.0,0
83966.0,2015-2016,27.0,180.0,120.1,37.1,114.6,1.0,5.397605346934028e-79,1.0,1.0,0.0,0.0,413.0,0
83967.0,2015-2016,40.0,169.0,60.9,21.3,77.0,5.397605346934028e-79,1.0,5.397605346934028e-79,5.397605346934028e-79,0.0,0.0,880.0,0
83982.0,2015-2016,25.0,176.2,71.4,23.0,78.8,5.397605346934028e-79,5.397605346934028e-79,5.397605346934028e-79,5.397605346934028e-79,0.0,0.0,585.0,0
83985.0,2015-2016,55.0,176.5,57.5,18.5,69.5,,,,,0.0,0.0,479.0,0
83986.0,2015-2016,40.0,180.9,98.1,30.0,108.0,1.0,2.0,5.397605346934028e-79,5.397605346934028e-79,0.0,0.0,303.0,0
83988.0,2015-2016,21.0,178.4,105.1,33.0,111.2,1.0,5.397605346934028e-79,5.397605346934028e-79,5.397605346934028e-79,0.0,0.0,438.0,0
83995.0,2015-2016,43.0,182.4,143.6,43.2,136.6,1.0,5.397605346934028e-79,5.397605346934028e-79,5.397605346934028e-79,0.0,0.0,344.0,0
84002.0,2015-2016,48.0,175.1,98.1,32.0,110.6,5.397605346934028e-79,2.0,5.397605346934028e-79,5.397605346934028e-79,1.0,1.0,397.0,0
84011.0,2015-2016,32.0,178.2,119.6,37.7,129.3,2.0,2.0,2.0,2.0,0.0,0.0,263.0,1
84012.0,2015-2016,24.0,177.6,69.2,21.9,83.6,,,,,1.0,0.0,680.0,0
84014.0,2015-2016,53.0,167.5,70.4,25.1,87.3,1.0,5.397605346934028e-79,5.397605346934028e-79,5.397605346934028e-79,0.0,0.0,626.0,0
84018.0,2015-2016,27.0,192.9,110.1,29.6,105.4,1.0,1.0,5.397605346934028e-79,5.397605346934028e-79,0.0,0.0,679.0,0
84019.0,2015-2016,54.0,169.7,82.2,28.5,93.6,5.397605346934028e-79,5.397605346934028e-79,5.397605346934028e-79,5.397605346934028e-79,1.0,0.0,244.0,1
84026.0,2015-2016,44.0,174.6,136.2,44.7,142.0,1.0,1.0,5.397605346934028e-79,1.0,0.0,1.0,162.0,1
84030.0,2015-2016,46.0,159.3,63.8,25.1,91.6,5.397605346934028e-79,5.397605346934028e-79,5.397605346934028e-79,5.397605346934028e-79,0.0,0.0,420.0,0
84032.0,2015-2016,51.0,171.1,78.4,26.8,98.5,5.397605346934028e-79,5.397605346934028e-79,5.397605346934028e-79,5.397605346934028e-79,0.0,0.0,467.0,0
84036.0,2015-2016,36.0,186.5,100.2,28.8,110.5,5.397605346934028e-79,1.0,1.0,5.397605346934028e-79,1.0,0.0,346.0,0
84039.0,2015-2016,36.0,161.2,73.4,28.2,95.9,5.397605346934028e-79,5.397605346934028e-79,5.397605346934028e-79,5.397605346934028e-79,0.0,0.0,400.0,0
84068.0,2015-2016,59.0,172.6,80.6,27.1,96.5,5.397605346934028e-79,5.397605346934028e-79,5.397605346934028e-79,5.397605346934028e-79,0.0,0.0,427.0,0
84070.0,2015-2016,40.0,176.2,91.2,29.4,105.3,1.0,5.397605346934028e-79,5.397605346934028e-79,5.397605346934028e-79,0.0,0.0,436.0,0
84086.0,2015-2016,45.0,174.5,84.9,27.9,96.1,5.397605346934028e-79,5.397605346934028e-79,5.397605346934028e-79,5.397605346934028e-79,0.0,0.0,496.0,0
84087.0,2015-2016,36.0,164.0,60.7,22.6,76.5,5.397605346934028e-79,5.397605346934028e-79,5.397605346934028e-79,5.397605346934028e-79,0.0,0.0,587.0,0
84089.0,2015-2016,53.0,183.3,78.2,23.3,95.8,5.397605346934028e-79,5.397605346934028e-79,1.0,1.0,1.0,0.0,885.0,0
84098.0,2015-2016,26.0,177.4,67.3,21.4,73.8,5.397605346934028e-79,5.397605346934028e-79,5.397605346934028e-79,5.397605346934028e-79,0.0,0.0,361.0,0
84105.0,2015-2016,28.0,189.4,89.0,24.8,96.2,1.0,5.397605346934028e-79,5.397605346934028e-79,5.397605346934028e-79,0.0,0.0,517.0,0
84106.0,2015-2016,57.0,166.8,68.5,24.6,85.9,,,,,0.0,0.0,424.0,0
84110.0,2015-2016,28.0,165.8,74.3,27.0,94.4,1.0,5.397605346934028e-79,5.397605346934028e-79,5.397605346934028e-79,0.0,0.0,420.0,0
84111.0,2015-2016,58.0,173.2,108.2,36.1,118.5,5.397605346934028e-79,5.397605346934028e-79,5.397605346934028e-79,5.397605346934028e-79,1.0,0.0,523.0,0
84112.0,2015-2016,46.0,171.4,69.1,23.5,86.3,2.0,5.397605346934028e-79,5.397605346934028e-79,5.397605346934028e-79,0.0,0.0,314.0,0
84122.0,2015-2016,54.0,165.2,107.6,39.4,127.1,5.397605346934028e-79,5.397605346934028e-79,5.397605346934028e-79,5.397605346934028e-79,1.0,1.0,198.0,1
84142.0,2015-2016,24.0,176.7,102.3,32.8,113.3,5.397605346934028e-79,5.397605346934028e-79,5.397605346934028e-79,5.397605346934028e-79,0.0,0.0,337.0,0
84157.0,2015-2016,45.0,166.3,105.1,38.0,118.9,5.397605346934028e-79,5.397605346934028e-79,5.397605346934028e-79,5.397605346934028e-79,1.0,0.0,421.0,0
84165.0,2015-2016,57.0,156.3,76.0,31.1,100.8,5.397605346934028e-79,5.397605346934028e-79,5.397605346934028e-79,5.397605346934028e-79,1.0,0.0,685.0,0
84167.0,2015-2016,46.0,171.6,79.3,26.9,102.6,2.0,5.397605346934028e-79,5.397605346934028e-79,5.397605346934028e-79,1.0,0.0,265.0,1
84169.0,2015-2016,43.0,182.4,140.9,42.4,135.7,1.0,1.0,5.397605346934028e-79,5.397605346934028e-79,1.0,0.0,325.0,0
84170.0,2015-2016,46.0,161.0,69.4,26.8,96.0,5.397605346934028e-79,5.397605346934028e-79,5.397605346934028e-79,5.397605346934028e-79,1.0,1.0,382.0,0
84172.0,2015-2016,20.0,173.4,77.1,25.6,82.2,1.0,5.397605346934028e-79,5.397605346934028e-79,1.0,0.0,0.0,590.0,0
84173.0,2015-2016,52.0,174.9,150.0,49.0,150.1,5.397605346934028e-79,5.397605346934028e-79,5.397605346934028e-79,5.397605346934028e-79,1.0,1.0,220.0,1
84181.0,2015-2016,35.0,169.2,86.9,30.4,97.4,3.0,3.0,3.0,3.0,0.0,0.0,430.0,0
84195.0,2015-2016,45.0,180.1,102.5,31.6,113.3,1.0,5.397605346934028e-79,1.0,1.0,0.0,0.0,362.0,0
84196.0,2015-2016,32.0,166.3,64.9,23.5,83.3,1.0,5.397605346934028e-79,5.397605346934028e-79,5.397605346934028e-79,0.0,0.0,704.0,0
84197.0,2015-2016,59.0,176.6,110.5,35.4,123.2,5.397605346934028e-79,5.397605346934028e-79,5.397605346934028e-79,5.397605346934028e-79,0.0,0.0,447.0,0
84203.0,2015-2016,21.0,,118.1,,114.0,5.397605346934028e-79,5.397605346934028e-79,5.397605346934028e-79,5.397605346934028e-79,1.0,0.0,750.0,0
84205.0,2015-2016,51.0,174.9,80.2,26.2,92.8,5.397605346934028e-79,5.397605346934028e-79,5.397605346934028e-79,5.397605346934028e-79,0.0,0.0,390.0,0
84218.0,2015-2016,56.0,167.6,66.3,23.6,93.5,5.397605346934028e-79,2.0,1.0,5.397605346934028e-79,1.0,0.0,357.0,0
84219.0,2015-2016,31.0,184.0,165.6,48.9,151.0,1.0,1.0,5.397605346934028e-79,5.397605346934028e-79,1.0,0.0,196.0,1
84220.0,2015-2016,36.0,172.0,82.1,27.8,101.4,5.397605346934028e-79,5.397605346934028e-79,5.397605346934028e-79,5.397605346934028e-79,0.0,0.0,411.0,0
84222.0,2015-2016,44.0,163.5,115.0,43.0,126.3,2.0,3.0,5.397605346934028e-79,5.397605346934028e-79,1.0,0.0,151.0,1
84241.0,2015-2016,50.0,170.7,137.1,47.1,146.3,3.0,3.0,3.0,1.0,1.0,1.0,122.0,1
84251.0,2015-2016,20.0,178.2,70.6,22.2,75.2,5.397605346934028e-79,3.0,3.0,2.0,0.0,0.0,1170.0,0
84260.0,2015-2016,60.0,161.5,64.2,24.6,92.7,5.397605346934028e-79,5.397605346934028e-79,5.397605346934028e-79,5.397605346934028e-79,0.0,0.0,403.0,0
84269.0,2015-2016,26.0,175.0,67.7,22.1,78.3,1.0,5.397605346934028e-79,1.0,1.0,0.0,0.0,494.0,0
84287.0,2015-2016,34.0,174.5,78.1,25.6,89.8,5.397605346934028e-79,5.397605346934028e-79,5.397605346934028e-79,5.397605346934028e-79,0.0,0.0,756.0,0
84290.0,2015-2016,30.0,173.7,95.7,31.7,104.3,5.397605346934028e-79,5.397605346934028e-79,5.397605346934028e-79,5.397605346934028e-79,0.0,0.0,412.0,0
84293.0,2015-2016,41.0,177.8,71.4,22.6,87.8,5.397605346934028e-79,1.0,5.397605346934028e-79,5.397605346934028e-79,0.0,0.0,581.0,0
84294.0,2015-2016,23.0,177.7,70.7,22.4,86.2,1.0,1.0,5.397605346934028e-79,5.397605346934028e-79,0.0,0.0,166.0,1
84299.0,2015-2016,51.0,188.1,124.0,35.0,116.8,5.397605346934028e-79,5.397605346934028e-79,5.397605346934028e-79,5.397605346934028e-79,0.0,0.0,580.0,0
84315.0,2015-2016,60.0,171.3,98.0,33.4,113.1,5.397605346934028e-79,5.397605346934028e-79,5.397605346934028e-79,5.397605346934028e-79,0.0,0.0,652.0,0
84322.0,2015-2016,40.0,178.8,92.2,28.8,96.0,1.0,1.0,5.397605346934028e-79,5.397605346934028e-79,0.0,0.0,309.0,0
84324.0,2015-2016,59.0,175.9,84.5,27.3,,,,,,0.0,0.0,429.0,0
84329.0,2015-2016,38.0,166.3,82.4,29.8,96.5,5.397605346934028e-79,5.397605346934028e-79,5.397605346934028e-79,5.397605346934028e-79,0.0,0.0,575.0,0
84353.0,2015-2016,54.0,164.4,77.6,28.7,96.4,5.397605346934028e-79,1.0,5.397605346934028e-79,5.397605346934028e-79,1.0,1.0,366.0,0
84357.0,2015-2016,25.0,181.0,63.2,19.3,76.2,5.397605346934028e-79,5.397605346934028e-79,5.397605346934028e-79,5.397605346934028e-79,0.0,0.0,706.0,0
84360.0,2015-2016,55.0,171.2,96.3,32.9,108.8,5.397605346934028e-79,5.397605346934028e-79,5.397605346934028e-79,5.397605346934028e-79,1.0,1.0,198.0,1
84368.0,2015-2016,42.0,176.6,90.8,29.1,103.5,5.397605346934028e-79,5.397605346934028e-79,5.397605346934028e-79,5.397605346934028e-79,0.0,0.0,393.0,0
84375.0,2015-2016,60.0,168.6,75.9,26.7,96.8,3.0,1.0,3.0,3.0,1.0,1.0,778.0,0
84376.0,2015-2016,55.0,169.8,95.1,33.0,104.2,5.397605346934028e-79,5.397605346934028e-79,5.397605346934028e-79,5.397605346934028e-79,0.0,0.0,828.0,0
84379.0,2015-2016,35.0,153.4,93.2,39.6,121.8,5.397605346934028e-79,5.397605346934028e-79,5.397605346934028e-79,5.397605346934028e-79,0.0,0.0,407.0,0
84380.0,2015-2016,35.0,188.6,148.1,41.6,131.2,5.397605346934028e-79,5.397605346934028e-79,1.0,5.397605346934028e-79,1.0,0.0,207.0,1
84384.0,2015-2016,34.0,172.0,80.7,27.3,96.2,5.397605346934028e-79,5.397605346934028e-79,5.397605346934028e-79,5.397605346934028e-79,0.0,0.0,572.0,0
84390.0,2015-2016,33.0,174.5,66.5,21.8,85.8,1.0,5.397605346934028e-79,5.397605346934028e-79,5.397605346934028e-79,0.0,0.0,319.0,0
84393.0,2015-2016,35.0,162.6,66.7,25.2,89.7,5.397605346934028e-79,5.397605346934028e-79,5.397605346934028e-79,5.397605346934028e-79,0.0,0.0,428.0,0
84398.0,2015-2016,38.0,179.0,87.3,27.2,102.7,5.397605346934028e-79,1.0,1.0,5.397605346934028e-79,0.0,0.0,303.0,0
84404.0,2015-2016,31.0,186.5,137.3,39.5,124.2,1.0,1.0,5.397605346934028e-79,5.397605346934028e-79,0.0,0.0,330.0,0
84405.0,2015-2016,33.0,182.6,77.7,23.3,90.8,1.0,5.397605346934028e-79,5.397605346934028e-79,5.397605346934028e-79,0.0,0.0,352.0,0
84411.0,2015-2016,23.0,178.3,70.8,22.3,83.9,1.0,5.397605346934028e-79,5.397605346934028e-79,1.0,0.0,0.0,256.0,1
84413.0,2015-2016,41.0,178.9,80.8,25.2,100.4,,,,,0.0,0.0,434.0,0
84420.0,2015-2016,27.0,177.1,105.7,33.7,107.7,1.0,1.0,5.397605346934028e-79,5.397605346934028e-79,1.0,0.0,330.0,0
84423.0,2015-2016,59.0,175.2,82.6,26.9,109.5,5.397605346934028e-79,5.397605346934028e-79,5.397605346934028e-79,1.0,1.0,0.0,285.0,1
84426.0,2015-2016,51.0,167.8,81.0,28.8,99.0,5.397605346934028e-79,5.397605346934028e-79,5.397605346934028e-79,5.397605346934028e-79,0.0,0.0,230.0,1
84431.0,2015-2016,46.0,163.3,67.3,25.2,83.5,5.397605346934028e-79,5.397605346934028e-79,5.397605346934028e-79,5.397605346934028e-79,0.0,1.0,406.0,0
84434.0,2015-2016,31.0,191.8,93.3,25.4,92.6,,,,,0.0,0.0,559.0,0
84453.0,2015-2016,26.0,166.8,68.1,24.5,86.4,1.0,2.0,1.0,5.397605346934028e-79,0.0,0.0,556.0,0
84463.0,2015-2016,59.0,178.0,91.3,28.8,106.0,1.0,3.0,1.0,5.397605346934028e-79,1.0,0.0,331.0,0
84467.0,2015-2016,28.0,166.9,76.9,27.6,91.6,1.0,1.0,5.397605346934028e-79,5.397605346934028e-79,0.0,0.0,309.0,0
84470.0,2015-2016,23.0,174.1,76.8,25.3,87.2,5.397605346934028e-79,5.397605346934028e-79,5.397605346934028e-79,5.397605346934028e-79,0.0,0.0,312.0,0
84475.0,2015-2016,25.0,174.7,83.6,27.4,100.8,5.397605346934028e-79,1.0,5.397605346934028e-79,5.397605346934028e-79,0.0,0.0,404.0,0
84488.0,2015-2016,54.0,171.6,74.7,25.4,95.1,5.397605346934028e-79,5.397605346934028e-79,5.397605346934028e-79,5.397605346934028e-79,0.0,0.0,515.0,0
84492.0,2015-2016,37.0,184.4,102.2,30.1,102.3,2.0,1.0,1.0,1.0,0.0,0.0,399.0,0
84496.0,2015-2016,51.0,172.5,97.4,32.7,109.8,2.0,1.0,5.397605346934028e-79,5.397605346934028e-79,0.0,0.0,301.0,0
84499.0,2015-2016,56.0,165.5,54.6,19.9,77.8,5.397605346934028e-79,5.397605346934028e-79,5.397605346934028e-79,5.397605346934028e-79,0.0,0.0,757.0,0
84502.0,2015-2016,56.0,179.7,79.9,24.7,,,,,,0.0,0.0,361.0,0
84503.0,2015-2016,55.0,190.4,123.7,34.1,119.8,3.0,1.0,2.0,5.397605346934028e-79,0.0,0.0,321.0,0
84514.0,2015-2016,41.0,177.5,107.3,34.1,109.0,5.397605346934028e-79,5.397605346934028e-79,5.397605346934028e-79,5.397605346934028e-79,0.0,0.0,399.0,0
84536.0,2015-2016,31.0,170.7,74.8,25.7,88.9,5.397605346934028e-79,5.397605346934028e-79,5.397605346934028e-79,5.397605346934028e-79,0.0,0.0,403.0,0
84537.0,2015-2016,34.0,172.7,73.2,24.5,95.4,5.397605346934028e-79,5.397605346934028e-79,5.397605346934028e-79,5.397605346934028e-79,0.0,0.0,179.0,1
84543.0,2015-2016,56.0,157.2,81.7,33.1,108.6,,,,,0.0,0.0,341.0,0
84545.0,2015-2016,47.0,175.3,92.2,30.0,107.0,5.397605346934028e-79,5.397605346934028e-79,5.397605346934028e-79,5.397605346934028e-79,0.0,0.0,704.0,0
84550.0,2015-2016,29.0,198.4,121.2,30.8,114.3,5.397605346934028e-79,5.397605346934028e-79,5.397605346934028e-79,5.397605346934028e-79,1.0,0.0,760.0,0
84558.0,2015-2016,27.0,177.9,71.5,22.6,79.1,,,,,0.0,0.0,542.0,0
84586.0,2015-2016,23.0,167.4,69.6,24.8,90.5,5.397605346934028e-79,5.397605346934028e-79,5.397605346934028e-79,5.397605346934028e-79,0.0,0.0,567.0,0
84588.0,2015-2016,35.0,174.5,95.5,31.4,100.9,5.397605346934028e-79,5.397605346934028e-79,1.0,5.397605346934028e-79,0.0,0.0,375.0,0
84592.0,2015-2016,58.0,177.1,67.5,21.5,79.5,5.397605346934028e-79,5.397605346934028e-79,5.397605346934028e-79,5.397605346934028e-79,0.0,0.0,370.0,0
84593.0,2015-2016,40.0,180.2,78.3,24.1,89.3,1.0,2.0,5.397605346934028e-79,1.0,0.0,0.0,468.0,0
84596.0,2015-2016,26.0,168.4,80.4,28.4,98.7,1.0,5.397605346934028e-79,1.0,5.397605346934028e-79,0.0,0.0,462.0,0
84600.0,2015-2016,30.0,181.4,89.4,27.2,93.1,5.397605346934028e-79,5.397605346934028e-79,5.397605346934028e-79,5.397605346934028e-79,0.0,0.0,423.0,0
84610.0,2015-2016,54.0,178.9,96.1,30.0,104.4,,,,,0.0,0.0,242.0,1
84612.0,2015-2016,48.0,182.6,104.0,31.2,107.1,1.0,5.397605346934028e-79,5.397605346934028e-79,1.0,1.0,0.0,357.0,0
84615.0,2015-2016,54.0,173.1,81.7,27.3,98.0,1.0,5.397605346934028e-79,2.0,1.0,1.0,0.0,384.0,0
84623.0,2015-2016,53.0,170.0,75.5,26.1,96.3,1.0,5.397605346934028e-79,5.397605346934028e-79,5.397605346934028e-79,1.0,0.0,305.0,0
84626.0,2015-2016,43.0,170.8,108.5,37.2,117.8,5.397605346934028e-79,5.397605346934028e-79,5.397605346934028e-79,5.397605346934028e-79,1.0,0.0,565.0,0
84631.0,2015-2016,57.0,169.4,103.0,35.9,117.6,1.0,5.397605346934028e-79,5.397605346934028e-79,1.0,0.0,1.0,240.0,1
84652.0,2015-2016,59.0,185.0,95.8,28.0,107.8,5.397605346934028e-79,5.397605346934028e-79,5.397605346934028e-79,5.397605346934028e-79,1.0,0.0,447.0,0
84657.0,2015-2016,35.0,167.2,64.3,23.0,81.6,5.397605346934028e-79,5.397605346934028e-79,5.397605346934028e-79,5.397605346934028e-79,0.0,0.0,928.0,0
84660.0,2015-2016,40.0,176.1,89.9,29.0,95.0,5.397605346934028e-79,1.0,5.397605346934028e-79,5.397605346934028e-79,0.0,0.0,482.0,0
84661.0,2015-2016,41.0,178.8,88.3,27.6,99.8,1.0,5.397605346934028e-79,5.397605346934028e-79,5.397605346934028e-79,0.0,0.0,509.0,0
84673.0,2015-2016,29.0,182.9,71.5,21.4,84.4,5.397605346934028e-79,5.397605346934028e-79,5.397605346934028e-79,5.397605346934028e-79,0.0,0.0,494.0,0
84675.0,2015-2016,33.0,175.9,72.4,23.4,88.1,5.397605346934028e-79,5.397605346934028e-79,5.397605346934028e-79,5.397605346934028e-79,0.0,0.0,380.0,0
84680.0,2015-2016,60.0,155.7,79.5,32.8,100.0,5.397605346934028e-79,5.397605346934028e-79,5.397605346934028e-79,2.0,1.0,0.0,358.0,0
84686.0,2015-2016,23.0,185.0,71.2,20.8,80.8,3.0,2.0,1.0,2.0,0.0,0.0,673.0,0
84694.0,2015-2016,58.0,175.7,87.7,28.4,101.5,1.0,1.0,5.397605346934028e-79,5.397605346934028e-79,0.0,0.0,505.0,0
84702.0,2015-2016,47.0,183.5,75.7,22.5,88.8,5.397605346934028e-79,5.397605346934028e-79,5.397605346934028e-79,5.397605346934028e-79,0.0,0.0,591.0,0
84712.0,2015-2016,34.0,163.3,69.0,25.9,83.2,5.397605346934028e-79,5.397605346934028e-79,5.397605346934028e-79,5.397605346934028e-79,0.0,0.0,448.0,0
84717.0,2015-2016,50.0,166.7,63.5,22.9,80.3,1.0,1.0,5.397605346934028e-79,5.397605346934028e-79,0.0,0.0,954.0,0
84723.0,2015-2016,47.0,181.3,115.1,35.0,119.7,1.0,5.397605346934028e-79,5.397605346934028e-79,5.397605346934028e-79,0.0,0.0,219.0,1
84726.0,2015-2016,33.0,177.1,55.6,17.7,70.5,5.397605346934028e-79,5.397605346934028e-79,5.397605346934028e-79,5.397605346934028e-79,0.0,0.0,517.0,0
84735.0,2015-2016,59.0,180.4,78.8,24.2,109.0,1.0,2.0,5.397605346934028e-79,1.0,1.0,0.0,449.0,0
84738.0,2015-2016,45.0,177.0,81.3,26.0,94.5,1.0,5.397605346934028e-79,5.397605346934028e-79,5.397605346934028e-79,0.0,0.0,575.0,0
84748.0,2015-2016,22.0,168.5,92.3,32.5,99.2,2.0,2.0,1.0,5.397605346934028e-79,0.0,0.0,483.0,0
84751.0,2015-2016,54.0,185.7,111.5,32.3,129.3,5.397605346934028e-79,5.397605346934028e-79,1.0,5.397605346934028e-79,0.0,0.0,331.0,0
84753.0,2015-2016,33.0,178.0,98.4,31.1,103.5,2.0,1.0,1.0,1.0,0.0,0.0,727.0,0
84756.0,2015-2016,36.0,177.9,92.1,29.1,99.0,5.397605346934028e-79,5.397605346934028e-79,5.397605346934028e-79,5.397605346934028e-79,1.0,0.0,431.0,0
84757.0,2015-2016,56.0,181.3,125.0,38.0,125.4,1.0,5.397605346934028e-79,5.397605346934028e-79,5.397605346934028e-79,0.0,0.0,185.0,1
84764.0,2015-2016,41.0,181.3,89.4,27.2,97.8,5.397605346934028e-79,5.397605346934028e-79,5.397605346934028e-79,5.397605346934028e-79,0.0,0.0,612.0,0
84767.0,2015-2016,20.0,174.7,153.9,50.4,148.6,1.0,5.397605346934028e-79,5.397605346934028e-79,5.397605346934028e-79,0.0,0.0,332.0,0
84770.0,2015-2016,52.0,168.0,82.8,29.3,98.2,5.397605346934028e-79,5.397605346934028e-79,5.397605346934028e-79,5.397605346934028e-79,0.0,0.0,341.0,0
84771.0,2015-2016,31.0,164.7,69.1,25.5,88.0,5.397605346934028e-79,5.397605346934028e-79,5.397605346934028e-79,5.397605346934028e-79,0.0,0.0,443.0,0
84775.0,2015-2016,28.0,170.1,71.3,24.6,83.5,1.0,1.0,1.0,5.397605346934028e-79,0.0,0.0,690.0,0
84776.0,2015-2016,47.0,176.7,73.2,23.4,80.6,5.397605346934028e-79,5.397605346934028e-79,1.0,5.397605346934028e-79,0.0,1.0,441.0,0
84777.0,2015-2016,43.0,178.0,119.5,37.7,117.5,2.0,2.0,1.0,5.397605346934028e-79,0.0,0.0,373.0,0
84784.0,2015-2016,42.0,163.1,63.6,23.9,86.7,1.0,5.397605346934028e-79,5.397605346934028e-79,5.397605346934028e-79,0.0,0.0,369.0,0
84790.0,2015-2016,41.0,163.6,61.3,22.9,77.1,5.397605346934028e-79,5.397605346934028e-79,5.397605346934028e-79,5.397605346934028e-79,0.0,0.0,648.0,0
84791.0,2015-2016,20.0,174.5,67.1,22.0,75.3,3.0,1.0,1.0,1.0,0.0,0.0,539.0,0
84793.0,2015-2016,28.0,186.3,89.0,25.6,93.0,1.0,5.397605346934028e-79,5.397605346934028e-79,5.397605346934028e-79,0.0,0.0,456.0,0
84800.0,2015-2016,19.0,176.6,71.1,22.8,81.7,5.397605346934028e-79,1.0,5.397605346934028e-79,5.397605346934028e-79,0.0,0.0,622.0,0
84803.0,2015-2016,44.0,177.2,68.2,21.7,89.1,5.397605346934028e-79,5.397605346934028e-79,5.397605346934028e-79,5.397605346934028e-79,1.0,0.0,390.0,0
84808.0,2015-2016,45.0,174.2,67.4,22.2,85.5,5.397605346934028e-79,2.0,5.397605346934028e-79,5.397605346934028e-79,0.0,0.0,818.0,0
84813.0,2015-2016,31.0,186.9,100.3,28.7,108.0,,,,,0.0,0.0,274.0,1
84820.0,2015-2016,44.0,176.0,106.2,34.3,113.0,3.0,5.397605346934028e-79,5.397605346934028e-79,5.397605346934028e-79,0.0,0.0,304.0,0
84829.0,2015-2016,24.0,178.3,97.5,30.7,100.5,5.397605346934028e-79,5.397605346934028e-79,5.397605346934028e-79,5.397605346934028e-79,0.0,0.0,446.0,0
84830.0,2015-2016,25.0,175.5,69.8,22.7,86.1,1.0,5.397605346934028e-79,5.397605346934028e-79,5.397605346934028e-79,0.0,0.0,505.0,0
84831.0,2015-2016,54.0,168.0,85.0,30.1,98.7,3.0,3.0,5.397605346934028e-79,5.397605346934028e-79,0.0,0.0,380.0,0
84832.0,2015-2016,58.0,191.3,84.2,23.0,93.6,1.0,5.397605346934028e-79,5.397605346934028e-79,5.397605346934028e-79,0.0,1.0,522.0,0
84835.0,2015-2016,39.0,165.1,74.8,27.4,87.5,1.0,5.397605346934028e-79,5.397605346934028e-79,5.397605346934028e-79,0.0,0.0,391.0,0
84838.0,2015-2016,23.0,178.1,61.6,19.4,81.7,5.397605346934028e-79,5.397605346934028e-79,5.397605346934028e-79,5.397605346934028e-79,0.0,0.0,264.0,1
84842.0,2015-2016,50.0,159.1,78.5,31.0,101.2,2.0,5.397605346934028e-79,5.397605346934028e-79,3.0,0.0,0.0,358.0,0
84843.0,2015-2016,24.0,167.4,72.6,25.9,85.0,5.397605346934028e-79,5.397605346934028e-79,5.397605346934028e-79,5.397605346934028e-79,0.0,0.0,475.0,0
84846.0,2015-2016,24.0,177.9,79.3,25.1,84.6,5.397605346934028e-79,3.0,1.0,5.397605346934028e-79,0.0,0.0,476.0,0
84849.0,2015-2016,36.0,173.8,61.3,20.3,73.8,1.0,5.397605346934028e-79,5.397605346934028e-79,5.397605346934028e-79,0.0,0.0,686.0,0
84865.0,2015-2016,26.0,177.6,127.4,40.4,134.0,1.0,2.0,2.0,2.0,0.0,0.0,231.0,1
84866.0,2015-2016,33.0,169.5,77.5,27.0,93.3,5.397605346934028e-79,5.397605346934028e-79,5.397605346934028e-79,5.397605346934028e-79,0.0,0.0,490.0,0
84868.0,2015-2016,40.0,190.9,77.7,21.3,88.3,5.397605346934028e-79,3.0,5.397605346934028e-79,5.397605346934028e-79,0.0,0.0,790.0,0
84870.0,2015-2016,33.0,170.4,90.5,31.2,104.4,5.397605346934028e-79,5.397605346934028e-79,5.397605346934028e-79,5.397605346934028e-79,1.0,0.0,576.0,0
84872.0,2015-2016,32.0,167.3,78.2,27.9,97.0,1.0,5.397605346934028e-79,5.397605346934028e-79,1.0,0.0,0.0,513.0,0
84878.0,2015-2016,46.0,170.1,84.9,29.3,101.1,5.397605346934028e-79,5.397605346934028e-79,5.397605346934028e-79,5.397605346934028e-79,0.0,0.0,460.0,0
84896.0,2015-2016,22.0,170.4,67.4,23.2,80.7,1.0,1.0,5.397605346934028e-79,5.397605346934028e-79,0.0,0.0,626.0,0
84900.0,2015-2016,45.0,182.0,67.7,20.4,80.1,5.397605346934028e-79,5.397605346934028e-79,5.397605346934028e-79,5.397605346934028e-79,0.0,0.0,498.0,0
84906.0,2015-2016,53.0,171.2,76.1,26.0,96.0,1.0,5.397605346934028e-79,1.0,3.0,0.0,0.0,339.0,0
84912.0,2015-2016,57.0,159.3,75.7,29.8,99.4,1.0,1.0,1.0,5.397605346934028e-79,1.0,0.0,263.0,1
84916.0,2015-2016,38.0,179.3,66.4,20.7,72.6,5.397605346934028e-79,5.397605346934028e-79,5.397605346934028e-79,5.397605346934028e-79,0.0,0.0,855.0,0
84917.0,2015-2016,32.0,179.0,103.7,32.4,112.2,1.0,1.0,5.397605346934028e-79,5.397605346934028e-79,0.0,0.0,491.0,0
84920.0,2015-2016,35.0,180.4,85.8,26.4,95.1,2.0,5.397605346934028e-79,5.397605346934028e-79,5.397605346934028e-79,0.0,0.0,527.0,0
84921.0,2015-2016,54.0,171.6,62.5,21.2,75.1,5.397605346934028e-79,5.397605346934028e-79,5.397605346934028e-79,5.397605346934028e-79,0.0,0.0,556.0,0
84926.0,2015-2016,40.0,174.1,114.4,37.7,123.5,1.0,1.0,5.397605346934028e-79,5.397605346934028e-79,0.0,0.0,151.0,1
84930.0,2015-2016,49.0,175.9,68.6,22.2,78.0,5.397605346934028e-79,5.397605346934028e-79,5.397605346934028e-79,5.397605346934028e-79,0.0,0.0,702.0,0
84931.0,2015-2016,30.0,164.7,96.8,35.7,106.1,1.0,5.397605346934028e-79,5.397605346934028e-79,1.0,0.0,0.0,537.0,0
84932.0,2015-2016,60.0,174.3,103.2,34.0,106.3,5.397605346934028e-79,5.397605346934028e-79,5.397605346934028e-79,5.397605346934028e-79,0.0,0.0,597.0,0
84933.0,2015-2016,30.0,181.4,74.7,22.7,83.5,2.0,5.397605346934028e-79,5.397605346934028e-79,5.397605346934028e-79,0.0,0.0,625.0,0
84934.0,2015-2016,57.0,159.0,110.6,43.7,131.0,1.0,5.397605346934028e-79,1.0,5.397605346934028e-79,0.0,1.0,105.0,1
84935.0,2015-2016,26.0,182.3,97.6,29.4,89.9,1.0,1.0,5.397605346934028e-79,5.397605346934028e-79,0.0,0.0,721.0,0
84940.0,2015-2016,52.0,182.2,81.3,24.5,92.5,5.397605346934028e-79,5.397605346934028e-79,5.397605346934028e-79,5.397605346934028e-79,0.0,0.0,317.0,0
84947.0,2015-2016,24.0,167.0,77.9,27.9,95.5,5.397605346934028e-79,1.0,5.397605346934028e-79,5.397605346934028e-79,0.0,0.0,533.0,0
84950.0,2015-2016,48.0,169.2,83.3,29.1,100.7,5.397605346934028e-79,5.397605346934028e-79,5.397605346934028e-79,5.397605346934028e-79,0.0,0.0,436.0,0
84966.0,2015-2016,48.0,183.6,129.6,38.4,132.8,5.397605346934028e-79,5.397605346934028e-79,5.397605346934028e-79,5.397605346934028e-79,0.0,0.0,398.0,0
84969.0,2015-2016,60.0,193.3,150.9,40.4,135.8,,,,,1.0,1.0,422.0,0
84970.0,2015-2016,51.0,173.9,103.8,34.3,120.2,5.397605346934028e-79,5.397605346934028e-79,5.397605346934028e-79,3.0,1.0,1.0,471.0,0
84976.0,2015-2016,31.0,186.6,106.1,30.5,112.7,5.397605346934028e-79,5.397605346934028e-79,5.397605346934028e-79,5.397605346934028e-79,0.0,0.0,356.0,0
84980.0,2015-2016,54.0,169.1,96.1,33.6,117.7,5.397605346934028e-79,5.397605346934028e-79,5.397605346934028e-79,5.397605346934028e-79,1.0,0.0,309.0,0
84982.0,2015-2016,26.0,163.9,120.8,45.0,127.3,5.397605346934028e-79,5.397605346934028e-79,5.397605346934028e-79,5.397605346934028e-79,0.0,0.0,375.0,0
84988.0,2015-2016,52.0,172.9,95.1,31.8,110.0,5.397605346934028e-79,5.397605346934028e-79,5.397605346934028e-79,5.397605346934028e-79,0.0,0.0,425.0,0
85007.0,2015-2016,47.0,182.3,89.0,26.8,100.3,3.0,3.0,2.0,1.0,0.0,0.0,454.0,0
85014.0,2015-2016,42.0,179.5,139.8,43.4,144.6,5.397605346934028e-79,5.397605346934028e-79,5.397605346934028e-79,5.397605346934028e-79,1.0,0.0,106.0,1
85024.0,2015-2016,49.0,186.8,74.6,21.4,81.5,1.0,5.397605346934028e-79,5.397605346934028e-79,5.397605346934028e-79,1.0,0.0,477.0,0
85037.0,2015-2016,60.0,164.4,99.4,36.8,122.6,1.0,5.397605346934028e-79,5.397605346934028e-79,5.397605346934028e-79,1.0,0.0,287.0,1
85042.0,2015-2016,23.0,180.9,82.2,25.1,94.2,5.397605346934028e-79,5.397605346934028e-79,5.397605346934028e-79,5.397605346934028e-79,1.0,0.0,543.0,0
85043.0,2015-2016,26.0,183.5,100.3,29.8,103.2,5.397605346934028e-79,5.397605346934028e-79,5.397605346934028e-79,5.397605346934028e-79,1.0,1.0,477.0,0
85048.0,2015-2016,34.0,161.8,81.1,31.0,103.2,5.397605346934028e-79,5.397605346934028e-79,5.397605346934028e-79,5.397605346934028e-79,0.0,0.0,141.0,1
85049.0,2015-2016,52.0,176.1,119.4,38.5,118.5,1.0,1.0,5.397605346934028e-79,5.397605346934028e-79,0.0,0.0,298.0,1
85052.0,2015-2016,34.0,171.5,101.2,34.4,99.0,3.0,1.0,2.0,2.0,1.0,0.0,426.0,0
85053.0,2015-2016,58.0,159.6,63.2,24.8,91.1,5.397605346934028e-79,5.397605346934028e-79,5.397605346934028e-79,5.397605346934028e-79,0.0,0.0,315.0,0
85060.0,2015-2016,55.0,169.6,112.2,39.0,131.4,5.397605346934028e-79,1.0,5.397605346934028e-79,5.397605346934028e-79,1.0,0.0,497.0,0
85062.0,2015-2016,57.0,163.1,62.5,23.5,88.3,5.397605346934028e-79,5.397605346934028e-79,5.397605346934028e-79,5.397605346934028e-79,1.0,0.0,234.0,1
85066.0,2015-2016,49.0,181.3,110.0,33.5,115.3,1.0,5.397605346934028e-79,5.397605346934028e-79,5.397605346934028e-79,1.0,1.0,267.0,1
85087.0,2015-2016,21.0,167.4,55.5,19.8,82.6,,,,,0.0,1.0,731.0,0
85092.0,2015-2016,26.0,174.0,60.4,19.9,77.5,5.397605346934028e-79,5.397605346934028e-79,5.397605346934028e-79,5.397605346934028e-79,0.0,0.0,769.0,0
85103.0,2015-2016,51.0,166.7,126.8,45.6,133.0,1.0,5.397605346934028e-79,5.397605346934028e-79,5.397605346934028e-79,1.0,0.0,436.0,0
85107.0,2015-2016,24.0,167.3,70.3,25.1,93.1,1.0,1.0,1.0,1.0,0.0,0.0,411.0,0
85110.0,2015-2016,41.0,190.2,89.3,24.7,91.7,5.397605346934028e-79,5.397605346934028e-79,5.397605346934028e-79,5.397605346934028e-79,0.0,0.0,351.0,0
85113.0,2015-2016,21.0,174.2,82.7,27.3,86.7,5.397605346934028e-79,1.0,5.397605346934028e-79,5.397605346934028e-79,0.0,0.0,486.0,0
85117.0,2015-2016,37.0,178.2,107.2,33.8,108.1,3.0,1.0,1.0,1.0,1.0,0.0,435.0,0
85127.0,2015-2016,35.0,178.4,73.3,23.0,87.0,5.397605346934028e-79,5.397605346934028e-79,5.397605346934028e-79,5.397605346934028e-79,0.0,0.0,472.0,0
85145.0,2015-2016,35.0,169.4,98.4,34.3,111.3,2.0,5.397605346934028e-79,5.397605346934028e-79,5.397605346934028e-79,1.0,0.0,432.0,0
85148.0,2015-2016,45.0,177.8,131.2,41.5,130.8,3.0,5.397605346934028e-79,5.397605346934028e-79,5.397605346934028e-79,0.0,0.0,168.0,1
85157.0,2015-2016,53.0,163.6,78.0,29.1,106.2,1.0,5.397605346934028e-79,1.0,5.397605346934028e-79,0.0,0.0,179.0,1
85163.0,2015-2016,29.0,177.7,95.3,30.2,98.9,5.397605346934028e-79,5.397605346934028e-79,1.0,5.397605346934028e-79,0.0,0.0,641.0,0
85164.0,2015-2016,39.0,178.2,146.0,46.0,146.0,5.397605346934028e-79,5.397605346934028e-79,5.397605346934028e-79,5.397605346934028e-79,1.0,1.0,291.0,1
85169.0,2015-2016,54.0,171.9,81.8,27.7,97.7,1.0,1.0,5.397605346934028e-79,5.397605346934028e-79,0.0,0.0,243.0,1
85176.0,2015-2016,19.0,172.4,61.5,20.7,75.5,3.0,1.0,5.397605346934028e-79,1.0,0.0,0.0,602.0,0
85181.0,2015-2016,48.0,163.6,73.2,27.3,94.1,5.397605346934028e-79,5.397605346934028e-79,5.397605346934028e-79,5.397605346934028e-79,0.0,0.0,476.0,0
85183.0,2015-2016,33.0,179.0,114.7,35.8,111.8,3.0,5.397605346934028e-79,5.397605346934028e-79,5.397605346934028e-79,0.0,0.0,362.0,0
85197.0,2015-2016,60.0,167.7,62.9,22.4,82.6,1.0,1.0,1.0,5.397605346934028e-79,0.0,0.0,350.0,0
85198.0,2015-2016,55.0,158.3,106.7,42.6,128.5,5.397605346934028e-79,5.397605346934028e-79,5.397605346934028e-79,5.397605346934028e-79,0.0,0.0,348.0,0
85202.0,2015-2016,34.0,167.9,81.3,28.8,102.2,5.397605346934028e-79,5.397605346934028e-79,5.397605346934028e-79,5.397605346934028e-79,0.0,0.0,214.0,1
85205.0,2015-2016,25.0,171.2,62.2,21.2,78.0,5.397605346934028e-79,1.0,5.397605346934028e-79,5.397605346934028e-79,0.0,0.0,687.0,0
85211.0,2015-2016,42.0,166.9,60.0,21.5,85.7,5.397605346934028e-79,2.0,5.397605346934028e-79,5.397605346934028e-79,1.0,0.0,323.0,0
85213.0,2015-2016,52.0,169.2,105.4,36.8,119.0,1.0,5.397605346934028e-79,5.397605346934028e-79,5.397605346934028e-79,1.0,1.0,138.0,1
85214.0,2015-2016,26.0,174.1,69.2,22.8,75.4,5.397605346934028e-79,5.397605346934028e-79,5.397605346934028e-79,5.397605346934028e-79,0.0,0.0,693.0,0
85217.0,2015-2016,31.0,171.9,90.5,30.6,100.2,5.397605346934028e-79,1.0,5.397605346934028e-79,2.0,0.0,0.0,522.0,0
85220.0,2015-2016,47.0,183.6,87.5,26.0,94.8,5.397605346934028e-79,5.397605346934028e-79,5.397605346934028e-79,5.397605346934028e-79,0.0,0.0,429.0,0
85228.0,2015-2016,19.0,169.8,94.2,32.7,101.1,5.397605346934028e-79,5.397605346934028e-79,5.397605346934028e-79,5.397605346934028e-79,0.0,0.0,451.0,0
85234.0,2015-2016,32.0,177.4,101.3,32.2,110.8,5.397605346934028e-79,5.397605346934028e-79,5.397605346934028e-79,5.397605346934028e-79,1.0,0.0,386.0,0
85246.0,2015-2016,23.0,172.7,87.3,29.3,98.7,5.397605346934028e-79,5.397605346934028e-79,5.397605346934028e-79,5.397605346934028e-79,0.0,0.0,194.0,1
85253.0,2015-2016,57.0,167.0,67.5,24.2,90.0,1.0,5.397605346934028e-79,5.397605346934028e-79,1.0,0.0,0.0,316.0,0
85257.0,2015-2016,59.0,176.4,114.4,36.8,121.2,2.0,3.0,2.0,3.0,1.0,0.0,976.0,0
85259.0,2015-2016,38.0,169.7,72.1,25.0,91.0,3.0,3.0,3.0,3.0,1.0,0.0,599.0,0
85263.0,2015-2016,46.0,177.2,97.3,31.0,110.3,5.397605346934028e-79,1.0,5.397605346934028e-79,2.0,0.0,0.0,210.0,1
85270.0,2015-2016,52.0,183.9,75.0,22.2,90.7,5.397605346934028e-79,5.397605346934028e-79,5.397605346934028e-79,5.397605346934028e-79,0.0,0.0,492.0,0
85279.0,2015-2016,50.0,184.2,104.7,30.9,110.9,3.0,3.0,3.0,2.0,1.0,0.0,373.0,0
85281.0,2015-2016,35.0,175.8,101.0,32.7,111.5,3.0,2.0,1.0,1.0,0.0,0.0,256.0,1
85291.0,2015-2016,48.0,173.6,100.1,33.2,110.7,5.397605346934028e-79,5.397605346934028e-79,5.397605346934028e-79,5.397605346934028e-79,1.0,0.0,235.0,1
85305.0,2015-2016,30.0,169.2,68.8,24.0,88.0,,,,,0.0,0.0,282.0,1
85312.0,2015-2016,20.0,184.9,112.7,33.0,98.1,,,,,0.0,0.0,528.0,0
85315.0,2015-2016,32.0,181.8,92.9,28.1,95.6,5.397605346934028e-79,5.397605346934028e-79,5.397605346934028e-79,5.397605346934028e-79,0.0,0.0,620.0,0
85316.0,2015-2016,45.0,163.1,83.2,31.3,103.8,5.397605346934028e-79,5.397605346934028e-79,1.0,5.397605346934028e-79,0.0,1.0,304.0,0
85324.0,2015-2016,48.0,168.4,66.6,23.5,84.2,1.0,2.0,2.0,2.0,1.0,0.0,439.0,0
85334.0,2015-2016,49.0,167.6,62.8,22.4,80.4,1.0,5.397605346934028e-79,1.0,5.397605346934028e-79,0.0,0.0,326.0,0
85338.0,2015-2016,43.0,177.6,92.2,29.2,102.7,1.0,1.0,5.397605346934028e-79,5.397605346934028e-79,0.0,0.0,261.0,1
85339.0,2015-2016,45.0,180.6,87.3,26.8,99.3,5.397605346934028e-79,5.397605346934028e-79,5.397605346934028e-79,5.397605346934028e-79,0.0,0.0,245.0,1
85348.0,2015-2016,59.0,178.0,91.9,29.0,107.7,1.0,5.397605346934028e-79,5.397605346934028e-79,5.397605346934028e-79,1.0,0.0,465.0,0
85355.0,2015-2016,22.0,178.7,81.4,25.5,90.3,5.397605346934028e-79,5.397605346934028e-79,5.397605346934028e-79,5.397605346934028e-79,0.0,0.0,436.0,0
85356.0,2015-2016,43.0,176.0,91.5,29.5,92.9,5.397605346934028e-79,5.397605346934028e-79,5.397605346934028e-79,5.397605346934028e-79,1.0,0.0,163.0,1
85360.0,2015-2016,58.0,163.9,69.0,25.7,86.5,5.397605346934028e-79,5.397605346934028e-79,5.397605346934028e-79,5.397605346934028e-79,0.0,0.0,502.0,0
85366.0,2015-2016,32.0,177.9,115.7,36.6,115.7,1.0,5.397605346934028e-79,5.397605346934028e-79,5.397605346934028e-79,0.0,0.0,369.0,0
85369.0,2015-2016,31.0,168.9,96.0,33.7,105.4,2.0,2.0,5.397605346934028e-79,5.397605346934028e-79,0.0,0.0,545.0,0
85374.0,2015-2016,43.0,170.2,132.1,45.6,131.9,1.0,5.397605346934028e-79,1.0,1.0,1.0,1.0,576.0,0
85381.0,2015-2016,22.0,159.6,56.0,22.0,79.5,1.0,5.397605346934028e-79,1.0,5.397605346934028e-79,0.0,0.0,524.0,0
85386.0,2015-2016,25.0,171.9,85.0,28.8,,,,,,0.0,0.0,411.0,0
85394.0,2015-2016,34.0,171.0,103.0,35.2,112.0,1.0,5.397605346934028e-79,5.397605346934028e-79,5.397605346934028e-79,0.0,1.0,346.0,0
85400.0,2015-2016,27.0,176.7,75.3,24.1,87.0,5.397605346934028e-79,5.397605346934028e-79,5.397605346934028e-79,1.0,0.0,0.0,451.0,0
85409.0,2015-2016,31.0,158.9,99.9,39.6,120.7,1.0,1.0,5.397605346934028e-79,5.397605346934028e-79,0.0,0.0,320.0,0
85419.0,2015-2016,32.0,172.7,83.6,28.0,96.7,5.397605346934028e-79,5.397605346934028e-79,5.397605346934028e-79,5.397605346934028e-79,0.0,0.0,658.0,0
85427.0,2015-2016,28.0,162.5,62.1,23.5,85.0,5.397605346934028e-79,1.0,1.0,1.0,0.0,0.0,580.0,0
85435.0,2015-2016,26.0,170.9,65.4,22.4,81.1,1.0,1.0,5.397605346934028e-79,5.397605346934028e-79,0.0,0.0,388.0,0
85481.0,2015-2016,51.0,178.1,88.7,28.0,103.0,1.0,5.397605346934028e-79,5.397605346934028e-79,1.0,1.0,0.0,662.0,0
85484.0,2015-2016,29.0,164.6,75.0,27.7,97.1,5.397605346934028e-79,5.397605346934028e-79,5.397605346934028e-79,5.397605346934028e-79,0.0,0.0,227.0,1
85485.0,2015-2016,56.0,160.1,80.3,31.3,104.7,5.397605346934028e-79,5.397605346934028e-79,5.397605346934028e-79,5.397605346934028e-79,0.0,0.0,713.0,0
85487.0,2015-2016,34.0,188.5,123.7,34.8,123.5,1.0,5.397605346934028e-79,5.397605346934028e-79,2.0,0.0,0.0,288.0,1
85488.0,2015-2016,23.0,165.7,68.0,24.8,84.0,,,,,0.0,0.0,484.0,0
85489.0,2015-2016,22.0,175.9,82.8,26.8,87.2,2.0,5.397605346934028e-79,5.397605346934028e-79,5.397605346934028e-79,0.0,0.0,422.0,0
85496.0,2015-2016,43.0,168.3,87.3,30.8,93.5,1.0,5.397605346934028e-79,5.397605346934028e-79,5.397605346934028e-79,0.0,0.0,308.0,0
85511.0,2015-2016,25.0,185.0,156.0,45.6,146.2,1.0,2.0,5.397605346934028e-79,5.397605346934028e-79,0.0,0.0,224.0,1
85523.0,2015-2016,45.0,173.6,90.8,30.1,110.7,5.397605346934028e-79,5.397605346934028e-79,5.397605346934028e-79,5.397605346934028e-79,0.0,0.0,205.0,1
85531.0,2015-2016,37.0,193.2,169.8,45.5,150.4,5.397605346934028e-79,2.0,5.397605346934028e-79,5.397605346934028e-79,0.0,0.0,296.0,1
85535.0,2015-2016,35.0,171.9,70.5,23.9,82.2,5.397605346934028e-79,5.397605346934028e-79,5.397605346934028e-79,5.397605346934028e-79,0.0,0.0,896.0,0
85542.0,2015-2016,20.0,175.5,93.4,30.3,108.7,5.397605346934028e-79,5.397605346934028e-79,2.0,5.397605346934028e-79,1.0,0.0,219.0,1
85548.0,2015-2016,38.0,172.5,112.1,37.7,122.5,5.397605346934028e-79,5.397605346934028e-79,5.397605346934028e-79,5.397605346934028e-79,1.0,0.0,311.0,0
85557.0,2015-2016,38.0,172.0,88.0,29.7,107.6,,,,,0.0,0.0,305.0,0
85563.0,2015-2016,21.0,170.7,70.0,24.0,83.0,5.397605346934028e-79,3.0,5.397605346934028e-79,5.397605346934028e-79,0.0,0.0,523.0,0
85573.0,2015-2016,33.0,181.1,116.3,35.5,119.5,1.0,1.0,5.397605346934028e-79,5.397605346934028e-79,0.0,0.0,369.0,0
85577.0,2015-2016,50.0,171.2,82.2,28.0,91.1,5.397605346934028e-79,5.397605346934028e-79,5.397605346934028e-79,5.397605346934028e-79,0.0,0.0,529.0,0
85584.0,2015-2016,47.0,179.1,114.2,35.6,122.6,1.0,5.397605346934028e-79,5.397605346934028e-79,5.397605346934028e-79,0.0,0.0,564.0,0
85588.0,2015-2016,25.0,160.7,50.0,19.4,70.3,1.0,1.0,5.397605346934028e-79,5.397605346934028e-79,0.0,0.0,525.0,0
85589.0,2015-2016,29.0,178.5,110.4,34.6,117.5,5.397605346934028e-79,5.397605346934028e-79,5.397605346934028e-79,5.397605346934028e-79,0.0,0.0,398.0,0
85603.0,2015-2016,33.0,167.0,67.3,24.1,85.2,5.397605346934028e-79,5.397605346934028e-79,5.397605346934028e-79,5.397605346934028e-79,0.0,0.0,578.0,0
85604.0,2015-2016,30.0,183.8,105.1,31.1,103.7,5.397605346934028e-79,5.397605346934028e-79,5.397605346934028e-79,5.397605346934028e-79,0.0,0.0,356.0,0
85630.0,2015-2016,42.0,186.6,121.6,34.9,120.5,1.0,1.0,1.0,5.397605346934028e-79,1.0,0.0,389.0,0
85634.0,2015-2016,46.0,171.6,94.5,32.1,104.7,1.0,5.397605346934028e-79,1.0,5.397605346934028e-79,0.0,0.0,334.0,0
85635.0,2015-2016,57.0,174.9,83.4,27.3,99.0,5.397605346934028e-79,1.0,5.397605346934028e-79,5.397605346934028e-79,0.0,0.0,367.0,0
85636.0,2015-2016,52.0,163.7,62.4,23.3,89.0,1.0,1.0,,1.0,0.0,1.0,327.0,0
85642.0,2015-2016,31.0,172.8,72.2,24.2,86.6,,,,,0.0,0.0,1270.0,0
85651.0,2015-2016,33.0,174.9,88.0,28.8,92.4,5.397605346934028e-79,5.397605346934028e-79,5.397605346934028e-79,5.397605346934028e-79,0.0,0.0,419.0,0
85660.0,2015-2016,54.0,172.0,62.3,21.1,95.7,1.0,5.397605346934028e-79,5.397605346934028e-79,3.0,0.0,0.0,700.0,0
85667.0,2015-2016,38.0,179.6,107.8,33.4,114.1,5.397605346934028e-79,5.397605346934028e-79,5.397605346934028e-79,5.397605346934028e-79,1.0,1.0,167.0,1
85670.0,2015-2016,45.0,183.9,128.4,38.0,127.9,5.397605346934028e-79,5.397605346934028e-79,5.397605346934028e-79,5.397605346934028e-79,1.0,1.0,165.0,1
85675.0,2015-2016,22.0,183.4,87.9,26.1,90.5,1.0,1.0,5.397605346934028e-79,5.397605346934028e-79,0.0,0.0,588.0,0
85678.0,2015-2016,30.0,186.1,175.7,50.7,154.9,5.397605346934028e-79,5.397605346934028e-79,5.397605346934028e-79,5.397605346934028e-79,1.0,1.0,316.0,0
85682.0,2015-2016,32.0,166.8,101.8,36.6,116.4,2.0,3.0,5.397605346934028e-79,1.0,0.0,0.0,246.0,1
85704.0,2015-2016,46.0,170.4,94.4,32.5,106.4,1.0,5.397605346934028e-79,1.0,5.397605346934028e-79,0.0,0.0,206.0,1
85710.0,2015-2016,33.0,177.3,103.3,32.9,,,,,,1.0,0.0,944.0,0
85726.0,2015-2016,60.0,180.5,148.8,45.7,148.4,1.0,1.0,1.0,1.0,1.0,1.0,202.0,1
85727.0,2015-2016,30.0,164.3,84.8,31.4,103.6,1.0,5.397605346934028e-79,5.397605346934028e-79,5.397605346934028e-79,0.0,0.0,369.0,0
85731.0,2015-2016,44.0,157.3,93.7,37.9,110.2,5.397605346934028e-79,5.397605346934028e-79,5.397605346934028e-79,5.397605346934028e-79,1.0,0.0,172.0,1
85735.0,2015-2016,60.0,168.5,83.8,29.5,111.5,5.397605346934028e-79,1.0,5.397605346934028e-79,5.397605346934028e-79,0.0,0.0,290.0,1
85753.0,2015-2016,42.0,169.7,76.9,26.7,89.3,5.397605346934028e-79,5.397605346934028e-79,5.397605346934028e-79,5.397605346934028e-79,0.0,0.0,272.0,1
85757.0,2015-2016,27.0,171.3,67.5,23.0,75.9,5.397605346934028e-79,5.397605346934028e-79,5.397605346934028e-79,5.397605346934028e-79,0.0,0.0,435.0,0
85760.0,2015-2016,58.0,172.9,89.3,29.9,100.6,2.0,3.0,5.397605346934028e-79,5.397605346934028e-79,0.0,1.0,469.0,0
85772.0,2015-2016,53.0,185.3,99.2,28.9,110.5,1.0,5.397605346934028e-79,5.397605346934028e-79,5.397605346934028e-79,0.0,0.0,327.0,0
85775.0,2015-2016,43.0,188.3,102.8,29.0,111.8,5.397605346934028e-79,1.0,5.397605346934028e-79,5.397605346934028e-79,0.0,0.0,193.0,1
85776.0,2015-2016,19.0,169.2,78.3,27.4,90.8,5.397605346934028e-79,5.397605346934028e-79,5.397605346934028e-79,1.0,0.0,0.0,392.0,0
85790.0,2015-2016,60.0,189.0,66.0,18.5,77.5,5.397605346934028e-79,5.397605346934028e-79,5.397605346934028e-79,5.397605346934028e-79,0.0,0.0,528.0,0
85791.0,2015-2016,28.0,167.9,85.1,30.2,98.3,1.0,5.397605346934028e-79,5.397605346934028e-79,5.397605346934028e-79,0.0,0.0,444.0,0
85796.0,2015-2016,38.0,186.5,119.2,34.3,123.4,3.0,5.397605346934028e-79,2.0,2.0,1.0,1.0,245.0,1
85797.0,2015-2016,29.0,176.0,75.5,24.4,87.5,1.0,5.397605346934028e-79,5.397605346934028e-79,5.397605346934028e-79,1.0,0.0,487.0,0
85799.0,2015-2016,36.0,175.0,85.2,27.8,102.6,5.397605346934028e-79,5.397605346934028e-79,5.397605346934028e-79,5.397605346934028e-79,1.0,1.0,493.0,0
85801.0,2015-2016,59.0,179.3,101.8,31.7,112.9,1.0,5.397605346934028e-79,5.397605346934028e-79,5.397605346934028e-79,1.0,0.0,504.0,0
85804.0,2015-2016,52.0,170.8,69.4,23.8,89.2,5.397605346934028e-79,5.397605346934028e-79,5.397605346934028e-79,5.397605346934028e-79,0.0,0.0,710.0,0
85807.0,2015-2016,60.0,166.8,73.2,26.3,93.9,1.0,3.0,2.0,1.0,1.0,0.0,347.0,0
85810.0,2015-2016,36.0,164.1,70.2,26.1,92.3,5.397605346934028e-79,5.397605346934028e-79,5.397605346934028e-79,5.397605346934028e-79,0.0,0.0,286.0,1
85811.0,2015-2016,57.0,188.0,129.8,36.7,118.4,5.397605346934028e-79,5.397605346934028e-79,5.397605346934028e-79,5.397605346934028e-79,0.0,1.0,477.0,0
85814.0,2015-2016,41.0,177.6,82.9,26.3,84.1,1.0,3.0,5.397605346934028e-79,5.397605346934028e-79,0.0,0.0,405.0,0
85815.0,2015-2016,52.0,166.4,68.2,24.6,83.9,5.397605346934028e-79,5.397605346934028e-79,5.397605346934028e-79,5.397605346934028e-79,0.0,0.0,307.0,0
85825.0,2015-2016,42.0,171.9,102.7,34.8,111.6,5.397605346934028e-79,1.0,5.397605346934028e-79,5.397605346934028e-79,1.0,0.0,528.0,0
85833.0,2015-2016,59.0,153.1,58.1,24.8,90.0,5.397605346934028e-79,5.397605346934028e-79,5.397605346934028e-79,5.397605346934028e-79,0.0,0.0,373.0,0
85836.0,2015-2016,56.0,171.1,64.8,22.1,79.8,2.0,5.397605346934028e-79,5.397605346934028e-79,5.397605346934028e-79,0.0,0.0,979.0,0
85856.0,2015-2016,47.0,176.6,100.8,32.3,112.4,5.397605346934028e-79,5.397605346934028e-79,5.397605346934028e-79,5.397605346934028e-79,0.0,0.0,424.0,0
85864.0,2015-2016,23.0,175.7,75.3,24.4,84.0,5.397605346934028e-79,5.397605346934028e-79,5.397605346934028e-79,5.397605346934028e-79,0.0,0.0,356.0,0
85866.0,2015-2016,48.0,170.0,104.8,36.3,118.4,5.397605346934028e-79,5.397605346934028e-79,5.397605346934028e-79,5.397605346934028e-79,1.0,1.0,294.0,1
85872.0,2015-2016,60.0,170.6,138.8,47.7,147.8,5.397605346934028e-79,5.397605346934028e-79,5.397605346934028e-79,5.397605346934028e-79,1.0,1.0,378.0,0
85876.0,2015-2016,48.0,183.0,80.8,24.1,92.4,2.0,1.0,5.397605346934028e-79,1.0,0.0,0.0,227.0,1
85896.0,2015-2016,60.0,183.2,74.7,22.3,88.6,1.0,1.0,5.397605346934028e-79,5.397605346934028e-79,0.0,0.0,782.0,0
85898.0,2015-2016,47.0,173.5,109.1,36.2,115.0,2.0,5.397605346934028e-79,5.397605346934028e-79,1.0,1.0,0.0,401.0,0
85901.0,2015-2016,19.0,187.7,94.0,26.7,99.6,5.397605346934028e-79,5.397605346934028e-79,5.397605346934028e-79,5.397605346934028e-79,0.0,0.0,341.0,0
85902.0,2015-2016,56.0,161.7,86.9,33.2,106.7,1.0,5.397605346934028e-79,5.397605346934028e-79,5.397605346934028e-79,1.0,1.0,295.0,1
85905.0,2015-2016,35.0,177.1,75.7,24.1,95.0,5.397605346934028e-79,2.0,5.397605346934028e-79,5.397605346934028e-79,1.0,0.0,587.0,0
85922.0,2015-2016,47.0,171.6,67.7,23.0,86.7,5.397605346934028e-79,5.397605346934028e-79,5.397605346934028e-79,5.397605346934028e-79,0.0,1.0,287.0,1
85939.0,2015-2016,20.0,179.0,63.8,19.9,77.3,5.397605346934028e-79,5.397605346934028e-79,5.397605346934028e-79,1.0,0.0,0.0,1100.0,0
85943.0,2015-2016,33.0,174.2,58.6,19.3,73.1,1.0,5.397605346934028e-79,5.397605346934028e-79,5.397605346934028e-79,0.0,0.0,645.0,0
85944.0,2015-2016,25.0,184.4,73.0,21.5,76.9,5.397605346934028e-79,1.0,5.397605346934028e-79,5.397605346934028e-79,0.0,0.0,896.0,0
85946.0,2015-2016,49.0,183.7,111.1,32.9,114.8,5.397605346934028e-79,1.0,5.397605346934028e-79,5.397605346934028e-79,0.0,0.0,249.0,1
85947.0,2015-2016,22.0,173.5,53.8,17.9,70.0,3.0,3.0,5.397605346934028e-79,5.397605346934028e-79,0.0,0.0,770.0,0
85951.0,2015-2016,25.0,174.1,61.4,20.3,82.5,1.0,1.0,1.0,5.397605346934028e-79,0.0,0.0,391.0,0
85955.0,2015-2016,23.0,187.3,73.2,20.9,79.8,1.0,5.397605346934028e-79,5.397605346934028e-79,5.397605346934028e-79,0.0,0.0,513.0,0
85963.0,2015-2016,46.0,159.0,77.9,30.8,97.5,1.0,1.0,1.0,5.397605346934028e-79,0.0,0.0,444.0,0
85967.0,2015-2016,32.0,179.6,73.9,22.9,88.4,5.397605346934028e-79,5.397605346934028e-79,5.397605346934028e-79,5.397605346934028e-79,0.0,0.0,602.0,0
85974.0,2015-2016,59.0,158.2,76.2,30.4,99.9,5.397605346934028e-79,5.397605346934028e-79,5.397605346934028e-79,5.397605346934028e-79,0.0,0.0,288.0,1
85976.0,2015-2016,37.0,174.8,68.4,22.4,91.7,,,,,1.0,0.0,565.0,0
85977.0,2015-2016,35.0,178.8,124.9,39.1,121.5,5.397605346934028e-79,5.397605346934028e-79,5.397605346934028e-79,5.397605346934028e-79,1.0,0.0,86.9,1
85981.0,2015-2016,29.0,156.4,67.5,27.6,88.3,5.397605346934028e-79,5.397605346934028e-79,5.397605346934028e-79,5.397605346934028e-79,0.0,0.0,534.0,0
85991.0,2015-2016,19.0,168.0,57.1,20.2,68.4,2.0,5.397605346934028e-79,1.0,1.0,0.0,0.0,787.0,0
85992.0,2015-2016,31.0,178.7,129.3,40.5,124.6,1.0,5.397605346934028e-79,5.397605346934028e-79,5.397605346934028e-79,0.0,0.0,270.0,1
85995.0,2015-2016,42.0,176.4,78.6,25.3,94.7,1.0,5.397605346934028e-79,5.397605346934028e-79,5.397605346934028e-79,0.0,0.0,511.0,0
86000.0,2015-2016,37.0,176.9,94.7,30.3,99.6,5.397605346934028e-79,1.0,5.397605346934028e-79,5.397605346934028e-79,0.0,0.0,268.0,1
86010.0,2015-2016,55.0,176.7,89.1,28.5,99.7,5.397605346934028e-79,5.397605346934028e-79,5.397605346934028e-79,5.397605346934028e-79,0.0,0.0,247.0,1
86014.0,2015-2016,39.0,167.8,80.7,28.7,103.0,2.0,2.0,1.0,1.0,0.0,0.0,448.0,0
86019.0,2015-2016,26.0,170.8,78.3,26.8,84.4,2.0,2.0,5.397605346934028e-79,5.397605346934028e-79,0.0,0.0,748.0,0
86021.0,2015-2016,42.0,166.6,79.5,28.6,101.7,3.0,5.397605346934028e-79,1.0,1.0,0.0,0.0,941.0,0
86034.0,2015-2016,48.0,177.9,101.9,32.2,107.2,5.397605346934028e-79,5.397605346934028e-79,5.397605346934028e-79,5.397605346934028e-79,1.0,0.0,530.0,0
86040.0,2015-2016,35.0,169.0,84.3,29.5,104.0,3.0,3.0,2.0,3.0,1.0,0.0,385.0,0
86041.0,2015-2016,35.0,159.9,76.3,29.8,94.0,1.0,1.0,1.0,1.0,0.0,0.0,313.0,0
86052.0,2015-2016,59.0,171.8,74.6,25.3,92.3,2.0,5.397605346934028e-79,1.0,1.0,1.0,0.0,269.0,1
86054.0,2015-2016,40.0,173.6,101.1,33.5,116.9,2.0,5.397605346934028e-79,2.0,3.0,0.0,0.0,611.0,0
86057.0,2015-2016,46.0,181.5,84.2,25.6,99.0,1.0,5.397605346934028e-79,5.397605346934028e-79,5.397605346934028e-79,0.0,0.0,376.0,0
86061.0,2015-2016,37.0,185.8,128.8,37.3,128.9,3.0,1.0,5.397605346934028e-79,1.0,1.0,0.0,245.0,1
86067.0,2015-2016,51.0,165.7,76.7,27.9,94.5,5.397605346934028e-79,5.397605346934028e-79,1.0,5.397605346934028e-79,1.0,0.0,168.0,1
86068.0,2015-2016,20.0,162.5,93.8,35.5,110.4,5.397605346934028e-79,5.397605346934028e-79,5.397605346934028e-79,2.0,0.0,0.0,155.0,1
86086.0,2015-2016,19.0,182.0,67.3,20.3,78.2,5.397605346934028e-79,5.397605346934028e-79,5.397605346934028e-79,5.397605346934028e-79,0.0,0.0,737.0,0
86092.0,2015-2016,36.0,162.6,71.0,26.9,91.8,5.397605346934028e-79,5.397605346934028e-79,5.397605346934028e-79,5.397605346934028e-79,0.0,0.0,120.0,1
86094.0,2015-2016,28.0,168.0,81.3,28.8,93.7,5.397605346934028e-79,1.0,5.397605346934028e-79,5.397605346934028e-79,0.0,0.0,300.0,0
86096.0,2015-2016,49.0,177.9,83.3,26.3,89.0,5.397605346934028e-79,5.397605346934028e-79,5.397605346934028e-79,5.397605346934028e-79,0.0,0.0,537.0,0
86098.0,2015-2016,56.0,187.7,84.4,24.0,104.4,5.397605346934028e-79,5.397605346934028e-79,5.397605346934028e-79,5.397605346934028e-79,0.0,0.0,481.0,0
86100.0,2015-2016,33.0,172.8,86.9,29.1,95.6,5.397605346934028e-79,5.397605346934028e-79,5.397605346934028e-79,5.397605346934028e-79,0.0,0.0,498.0,0
86103.0,2015-2016,46.0,,,,,5.397605346934028e-79,5.397605346934028e-79,5.397605346934028e-79,5.397605346934028e-79,0.0,0.0,236.0,1
86104.0,2015-2016,53.0,159.3,83.7,33.0,108.1,5.397605346934028e-79,5.397605346934028e-79,5.397605346934028e-79,5.397605346934028e-79,0.0,1.0,189.0,1
86121.0,2015-2016,23.0,178.3,79.3,24.9,79.3,2.0,5.397605346934028e-79,5.397605346934028e-79,5.397605346934028e-79,0.0,0.0,547.0,0
86125.0,2015-2016,36.0,168.5,102.1,36.0,,,,,,0.0,0.0,232.0,1
86126.0,2015-2016,26.0,180.3,77.4,23.8,81.4,1.0,5.397605346934028e-79,5.397605346934028e-79,5.397605346934028e-79,0.0,0.0,657.0,0
86137.0,2015-2016,47.0,166.7,84.4,30.4,101.4,3.0,2.0,5.397605346934028e-79,5.397605346934028e-79,1.0,0.0,439.0,0
86144.0,2015-2016,25.0,178.4,94.8,29.8,89.6,1.0,5.397605346934028e-79,5.397605346934028e-79,5.397605346934028e-79,0.0,0.0,635.0,0
86146.0,2015-2016,40.0,168.0,74.7,26.5,93.5,5.397605346934028e-79,5.397605346934028e-79,5.397605346934028e-79,5.397605346934028e-79,0.0,0.0,273.0,1
86152.0,2015-2016,25.0,160.6,53.9,20.9,72.2,2.0,3.0,2.0,1.0,0.0,0.0,491.0,0
86173.0,2015-2016,31.0,182.3,65.4,19.7,78.8,1.0,5.397605346934028e-79,5.397605346934028e-79,5.397605346934028e-79,0.0,0.0,417.0,0
86175.0,2015-2016,33.0,160.1,78.7,30.7,106.3,1.0,5.397605346934028e-79,5.397605346934028e-79,5.397605346934028e-79,0.0,0.0,407.0,0
86176.0,2015-2016,33.0,165.0,99.3,36.5,114.4,5.397605346934028e-79,5.397605346934028e-79,5.397605346934028e-79,5.397605346934028e-79,0.0,0.0,287.0,1
86182.0,2015-2016,54.0,178.9,83.4,26.1,94.8,5.397605346934028e-79,1.0,5.397605346934028e-79,5.397605346934028e-79,0.0,0.0,509.0,0
86183.0,2015-2016,46.0,176.5,96.9,31.1,111.3,5.397605346934028e-79,5.397605346934028e-79,5.397605346934028e-79,5.397605346934028e-79,1.0,0.0,496.0,0
86185.0,2015-2016,53.0,173.4,79.9,26.6,97.3,1.0,5.397605346934028e-79,5.397605346934028e-79,5.397605346934028e-79,1.0,0.0,339.0,0
86203.0,2015-2016,48.0,175.6,80.0,25.9,95.9,1.0,1.0,5.397605346934028e-79,1.0,0.0,0.0,353.0,0
86205.0,2015-2016,25.0,182.0,100.4,30.3,102.0,5.397605346934028e-79,5.397605346934028e-79,5.397605346934028e-79,5.397605346934028e-79,0.0,1.0,541.0,0
86208.0,2015-2016,53.0,180.4,85.4,26.2,97.1,5.397605346934028e-79,5.397605346934028e-79,5.397605346934028e-79,5.397605346934028e-79,0.0,0.0,419.0,0
86209.0,2015-2016,31.0,173.1,105.4,35.2,105.2,5.397605346934028e-79,5.397605346934028e-79,5.397605346934028e-79,5.397605346934028e-79,1.0,0.0,165.0,1
86213.0,2015-2016,39.0,171.7,83.6,28.4,105.0,5.397605346934028e-79,5.397605346934028e-79,5.397605346934028e-79,5.397605346934028e-79,1.0,0.0,356.0,0
86220.0,2015-2016,38.0,176.8,90.2,28.9,91.6,5.397605346934028e-79,5.397605346934028e-79,5.397605346934028e-79,5.397605346934028e-79,0.0,0.0,749.0,0
86231.0,2015-2016,50.0,172.8,63.2,21.2,77.3,5.397605346934028e-79,5.397605346934028e-79,5.397605346934028e-79,5.397605346934028e-79,0.0,0.0,651.0,0
86236.0,2015-2016,34.0,177.3,131.1,41.7,123.8,5.397605346934028e-79,1.0,2.0,5.397605346934028e-79,0.0,0.0,543.0,0
86246.0,2015-2016,33.0,172.9,56.5,18.9,76.7,5.397605346934028e-79,5.397605346934028e-79,5.397605346934028e-79,5.397605346934028e-79,0.0,0.0,322.0,0
86261.0,2015-2016,24.0,166.9,103.7,37.2,113.4,5.397605346934028e-79,1.0,5.397605346934028e-79,5.397605346934028e-79,0.0,0.0,337.0,0
86278.0,2015-2016,22.0,150.8,56.1,24.7,84.5,5.397605346934028e-79,5.397605346934028e-79,5.397605346934028e-79,5.397605346934028e-79,0.0,0.0,292.0,1
86281.0,2015-2016,26.0,168.5,78.4,27.6,93.0,5.397605346934028e-79,5.397605346934028e-79,5.397605346934028e-79,5.397605346934028e-79,0.0,0.0,372.0,0
86284.0,2015-2016,46.0,159.1,73.9,29.2,98.7,3.0,3.0,1.0,5.397605346934028e-79,0.0,0.0,329.0,0
86296.0,2015-2016,40.0,180.5,84.0,25.8,97.1,1.0,5.397605346934028e-79,5.397605346934028e-79,5.397605346934028e-79,0.0,0.0,482.0,0
86299.0,2015-2016,41.0,160.7,52.9,20.5,76.1,2.0,1.0,1.0,5.397605346934028e-79,0.0,0.0,825.0,0
86301.0,2015-2016,26.0,187.4,84.7,24.1,84.8,2.0,5.397605346934028e-79,1.0,5.397605346934028e-79,0.0,0.0,1130.0,0
86312.0,2015-2016,58.0,179.0,109.4,34.1,115.8,5.397605346934028e-79,5.397605346934028e-79,5.397605346934028e-79,5.397605346934028e-79,1.0,0.0,320.0,0
86325.0,2015-2016,60.0,171.3,79.0,26.9,106.2,1.0,5.397605346934028e-79,5.397605346934028e-79,1.0,1.0,0.0,260.0,1
86333.0,2015-2016,23.0,176.4,80.5,25.9,92.5,5.397605346934028e-79,5.397605346934028e-79,2.0,1.0,0.0,0.0,319.0,0
86335.0,2015-2016,60.0,169.5,76.4,26.6,97.5,1.0,3.0,2.0,2.0,0.0,0.0,554.0,0
86338.0,2015-2016,55.0,161.2,81.2,31.2,106.0,1.0,1.0,5.397605346934028e-79,5.397605346934028e-79,0.0,1.0,468.0,0
86342.0,2015-2016,31.0,161.5,72.6,27.8,102.7,5.397605346934028e-79,1.0,5.397605346934028e-79,5.397605346934028e-79,0.0,0.0,92.0,1
86343.0,2015-2016,54.0,174.1,66.4,21.9,86.0,,,,,0.0,0.0,862.0,0
86347.0,2015-2016,54.0,168.7,79.3,27.9,96.5,3.0,3.0,3.0,3.0,0.0,0.0,490.0,0
86348.0,2015-2016,35.0,166.5,74.7,26.9,89.0,5.397605346934028e-79,5.397605346934028e-79,5.397605346934028e-79,5.397605346934028e-79,0.0,0.0,386.0,0
86351.0,2015-2016,53.0,174.3,88.7,29.2,103.3,2.0,3.0,1.0,1.0,0.0,0.0,369.0,0
86354.0,2015-2016,37.0,164.2,147.5,54.7,140.7,2.0,5.397605346934028e-79,1.0,5.397605346934028e-79,1.0,0.0,537.0,0
86359.0,2015-2016,37.0,163.5,63.7,23.8,92.4,,,,,0.0,0.0,748.0,0
86360.0,2015-2016,50.0,179.3,132.3,41.2,127.7,5.397605346934028e-79,1.0,5.397605346934028e-79,5.397605346934028e-79,0.0,0.0,1180.0,0
86362.0,2015-2016,58.0,189.9,130.5,36.2,131.0,3.0,3.0,3.0,3.0,1.0,1.0,75.7,1
86367.0,2015-2016,48.0,172.2,96.6,32.6,111.8,1.0,5.397605346934028e-79,5.397605346934028e-79,5.397605346934028e-79,0.0,1.0,254.0,1
86368.0,2015-2016,52.0,182.7,121.3,36.3,125.2,1.0,2.0,5.397605346934028e-79,2.0,1.0,0.0,248.0,1
86379.0,2015-2016,42.0,178.7,81.6,25.6,92.6,5.397605346934028e-79,2.0,5.397605346934028e-79,2.0,0.0,0.0,386.0,0
86393.0,2015-2016,45.0,156.6,50.0,20.4,73.3,,,,,1.0,0.0,342.0,0
86394.0,2015-2016,38.0,179.3,96.6,30.0,104.3,1.0,1.0,5.397605346934028e-79,5.397605346934028e-79,0.0,0.0,114.0,1
86396.0,2015-2016,27.0,172.6,104.6,35.1,111.5,5.397605346934028e-79,5.397605346934028e-79,5.397605346934028e-79,5.397605346934028e-79,0.0,0.0,353.0,0
86401.0,2015-2016,53.0,175.0,61.3,20.0,83.2,2.0,1.0,5.397605346934028e-79,5.397605346934028e-79,0.0,0.0,910.0,0
86402.0,2015-2016,19.0,175.8,62.8,20.3,76.2,1.0,1.0,5.397605346934028e-79,1.0,0.0,0.0,397.0,0
86417.0,2015-2016,40.0,171.9,70.6,23.9,83.9,1.0,5.397605346934028e-79,5.397605346934028e-79,5.397605346934028e-79,0.0,0.0,2000.0,0
86418.0,2015-2016,57.0,169.6,103.9,36.1,119.7,5.397605346934028e-79,5.397605346934028e-79,5.397605346934028e-79,5.397605346934028e-79,1.0,0.0,218.0,1
86424.0,2015-2016,23.0,162.0,87.8,33.5,101.3,5.397605346934028e-79,5.397605346934028e-79,5.397605346934028e-79,1.0,0.0,0.0,282.0,1
86428.0,2015-2016,39.0,175.0,105.8,34.5,110.8,5.397605346934028e-79,5.397605346934028e-79,5.397605346934028e-79,5.397605346934028e-79,0.0,0.0,181.0,1
86443.0,2015-2016,59.0,195.1,107.8,28.3,100.4,1.0,1.0,5.397605346934028e-79,5.397605346934028e-79,1.0,0.0,543.0,0
86444.0,2015-2016,44.0,180.0,142.8,44.1,141.0,5.397605346934028e-79,5.397605346934028e-79,5.397605346934028e-79,5.397605346934028e-79,1.0,0.0,220.0,1
86445.0,2015-2016,51.0,172.0,82.0,27.7,95.9,5.397605346934028e-79,5.397605346934028e-79,5.397605346934028e-79,5.397605346934028e-79,1.0,0.0,250.0,1
86452.0,2015-2016,45.0,171.8,92.3,31.3,101.2,,,,,0.0,0.0,393.0,0
86483.0,2015-2016,22.0,171.6,71.7,24.3,81.6,1.0,1.0,1.0,5.397605346934028e-79,0.0,0.0,578.0,0
86487.0,2015-2016,43.0,201.0,120.6,29.9,107.3,5.397605346934028e-79,5.397605346934028e-79,5.397605346934028e-79,5.397605346934028e-79,0.0,0.0,365.0,0
86499.0,2015-2016,19.0,171.9,70.3,23.8,79.5,5.397605346934028e-79,5.397605346934028e-79,5.397605346934028e-79,5.397605346934028e-79,0.0,0.0,341.0,0
86500.0,2015-2016,60.0,,,,,5.397605346934028e-79,1.0,5.397605346934028e-79,5.397605346934028e-79,1.0,0.0,298.0,1
86506.0,2015-2016,24.0,,,,,,,,,0.0,0.0,673.0,0
86512.0,2015-2016,59.0,176.3,56.7,18.2,72.5,3.0,2.0,5.397605346934028e-79,5.397605346934028e-79,0.0,0.0,553.0,0
86514.0,2015-2016,44.0,171.3,95.7,32.6,101.9,5.397605346934028e-79,5.397605346934028e-79,5.397605346934028e-79,5.397605346934028e-79,0.0,0.0,342.0,0
86517.0,2015-2016,25.0,157.3,94.8,38.3,105.8,1.0,5.397605346934028e-79,1.0,5.397605346934028e-79,0.0,0.0,291.0,1
86518.0,2015-2016,26.0,173.8,77.8,25.8,78.5,1.0,1.0,5.397605346934028e-79,1.0,0.0,0.0,442.0,0
86521.0,2015-2016,50.0,166.9,65.3,23.4,88.8,5.397605346934028e-79,5.397605346934028e-79,5.397605346934028e-79,5.397605346934028e-79,0.0,0.0,449.0,0
86526.0,2015-2016,32.0,177.7,67.9,21.5,75.9,5.397605346934028e-79,5.397605346934028e-79,5.397605346934028e-79,5.397605346934028e-79,0.0,0.0,459.0,0
86540.0,2015-2016,43.0,157.0,78.9,32.0,101.9,3.0,2.0,1.0,5.397605346934028e-79,0.0,0.0,426.0,0
86551.0,2015-2016,25.0,180.8,64.8,19.8,75.5,1.0,2.0,1.0,3.0,0.0,0.0,700.0,0
86553.0,2015-2016,35.0,183.9,198.9,58.8,161.3,5.397605346934028e-79,5.397605346934028e-79,5.397605346934028e-79,5.397605346934028e-79,1.0,0.0,500.0,0
86555.0,2015-2016,33.0,172.5,85.8,28.8,95.6,2.0,3.0,2.0,1.0,0.0,0.0,422.0,0
86558.0,2015-2016,60.0,169.2,92.4,32.3,107.6,1.0,5.397605346934028e-79,5.397605346934028e-79,2.0,0.0,0.0,482.0,0
86563.0,2015-2016,58.0,180.1,90.5,27.9,104.9,5.397605346934028e-79,5.397605346934028e-79,5.397605346934028e-79,5.397605346934028e-79,1.0,0.0,381.0,0
86569.0,2015-2016,23.0,171.3,105.2,35.9,114.7,5.397605346934028e-79,5.397605346934028e-79,5.397605346934028e-79,5.397605346934028e-79,0.0,0.0,354.0,0
86574.0,2015-2016,30.0,173.2,126.7,42.2,130.9,3.0,2.0,1.0,2.0,0.0,0.0,376.0,0
86575.0,2015-2016,27.0,178.3,95.1,29.9,98.0,5.397605346934028e-79,5.397605346934028e-79,5.397605346934028e-79,5.397605346934028e-79,0.0,0.0,174.0,1
86579.0,2015-2016,47.0,179.0,86.9,27.1,97.2,5.397605346934028e-79,5.397605346934028e-79,5.397605346934028e-79,5.397605346934028e-79,1.0,0.0,247.0,1
86580.0,2015-2016,59.0,187.2,109.7,31.3,116.0,5.397605346934028e-79,3.0,2.0,1.0,1.0,0.0,992.0,0
86591.0,2015-2016,53.0,171.1,69.3,23.7,91.9,3.0,3.0,1.0,2.0,0.0,0.0,722.0,0
86592.0,2015-2016,28.0,169.3,99.9,34.9,104.8,2.0,1.0,2.0,2.0,0.0,0.0,411.0,0
86598.0,2015-2016,25.0,175.4,72.7,23.6,83.0,1.0,5.397605346934028e-79,5.397605346934028e-79,5.397605346934028e-79,0.0,0.0,1150.0,0
86599.0,2015-2016,27.0,192.1,78.6,21.3,82.5,5.397605346934028e-79,5.397605346934028e-79,5.397605346934028e-79,5.397605346934028e-79,0.0,0.0,647.0,0
86601.0,2015-2016,23.0,178.9,90.9,28.4,97.3,2.0,1.0,5.397605346934028e-79,5.397605346934028e-79,0.0,0.0,403.0,0
86609.0,2015-2016,33.0,173.1,83.9,28.0,94.4,2.0,5.397605346934028e-79,5.397605346934028e-79,5.397605346934028e-79,1.0,0.0,489.0,0
86614.0,2015-2016,55.0,179.2,125.4,39.1,127.0,3.0,1.0,1.0,1.0,0.0,0.0,215.0,1
86617.0,2015-2016,39.0,162.3,68.3,25.9,94.2,5.397605346934028e-79,5.397605346934028e-79,5.397605346934028e-79,5.397605346934028e-79,0.0,0.0,575.0,0
86620.0,2015-2016,58.0,172.0,106.6,36.0,121.8,1.0,5.397605346934028e-79,5.397605346934028e-79,5.397605346934028e-79,1.0,0.0,172.0,1
86621.0,2015-2016,48.0,182.5,161.4,48.5,162.7,2.0,1.0,5.397605346934028e-79,1.0,1.0,0.0,319.0,0
86624.0,2015-2016,51.0,181.7,92.5,28.0,96.6,1.0,5.397605346934028e-79,5.397605346934028e-79,5.397605346934028e-79,0.0,0.0,562.0,0
86638.0,2015-2016,39.0,160.8,77.2,29.9,94.0,5.397605346934028e-79,5.397605346934028e-79,1.0,5.397605346934028e-79,0.0,0.0,623.0,0
86640.0,2015-2016,59.0,177.1,76.8,24.5,98.0,1.0,3.0,1.0,1.0,1.0,0.0,676.0,0
86652.0,2015-2016,59.0,165.3,79.0,28.9,107.6,5.397605346934028e-79,1.0,5.397605346934028e-79,5.397605346934028e-79,0.0,0.0,548.0,0
86655.0,2015-2016,54.0,179.6,71.0,22.0,91.6,1.0,5.397605346934028e-79,2.0,2.0,1.0,0.0,425.0,0
86658.0,2015-2016,26.0,178.8,151.5,47.4,145.2,,,,,0.0,0.0,279.0,1
86663.0,2015-2016,40.0,168.4,85.7,30.2,107.2,5.397605346934028e-79,5.397605346934028e-79,5.397605346934028e-79,5.397605346934028e-79,0.0,0.0,235.0,1
86668.0,2015-2016,37.0,171.0,69.7,23.8,87.8,1.0,1.0,1.0,1.0,0.0,0.0,352.0,0
86671.0,2015-2016,25.0,191.8,140.0,38.1,130.3,1.0,1.0,5.397605346934028e-79,5.397605346934028e-79,0.0,0.0,204.0,1
86676.0,2015-2016,43.0,166.1,71.1,25.8,93.6,5.397605346934028e-79,1.0,5.397605346934028e-79,5.397605346934028e-79,0.0,0.0,792.0,0
86677.0,2015-2016,24.0,169.9,166.3,57.6,160.5,5.397605346934028e-79,5.397605346934028e-79,5.397605346934028e-79,5.397605346934028e-79,0.0,0.0,434.0,0
86679.0,2015-2016,23.0,179.1,97.3,30.3,94.6,5.397605346934028e-79,5.397605346934028e-79,5.397605346934028e-79,5.397605346934028e-79,0.0,0.0,574.0,0
86701.0,2015-2016,49.0,168.1,65.0,23.0,82.3,5.397605346934028e-79,5.397605346934028e-79,5.397605346934028e-79,5.397605346934028e-79,0.0,0.0,322.0,0
86710.0,2015-2016,33.0,174.2,58.1,19.1,,5.397605346934028e-79,5.397605346934028e-79,5.397605346934028e-79,5.397605346934028e-79,0.0,0.0,447.0,0
86715.0,2015-2016,50.0,172.4,86.4,29.1,101.7,3.0,3.0,3.0,2.0,1.0,0.0,593.0,0
86718.0,2015-2016,44.0,174.1,71.0,23.4,80.0,3.0,3.0,2.0,1.0,0.0,0.0,473.0,0
86727.0,2015-2016,41.0,173.2,94.3,31.4,104.5,1.0,1.0,2.0,1.0,0.0,0.0,491.0,0
86731.0,2015-2016,29.0,163.4,66.8,25.0,87.9,2.0,1.0,1.0,1.0,0.0,0.0,251.0,1
86733.0,2015-2016,35.0,172.9,73.4,24.6,84.0,5.397605346934028e-79,5.397605346934028e-79,5.397605346934028e-79,5.397605346934028e-79,0.0,0.0,394.0,0
86737.0,2015-2016,50.0,176.9,53.7,17.2,74.4,5.397605346934028e-79,5.397605346934028e-79,5.397605346934028e-79,5.397605346934028e-79,1.0,0.0,682.0,0
86740.0,2015-2016,57.0,176.5,83.4,26.8,103.2,5.397605346934028e-79,5.397605346934028e-79,5.397605346934028e-79,5.397605346934028e-79,1.0,1.0,636.0,0
86744.0,2015-2016,25.0,172.8,65.9,22.1,79.5,5.397605346934028e-79,2.0,3.0,5.397605346934028e-79,0.0,0.0,254.0,1
86747.0,2015-2016,47.0,180.3,149.8,46.1,141.4,2.0,5.397605346934028e-79,5.397605346934028e-79,5.397605346934028e-79,1.0,0.0,161.0,1
86755.0,2015-2016,28.0,173.4,68.2,22.7,78.7,,,,,0.0,0.0,673.0,0
86764.0,2015-2016,19.0,171.1,65.9,22.5,85.2,1.0,1.0,1.0,5.397605346934028e-79,0.0,0.0,585.0,0
86767.0,2015-2016,19.0,180.9,75.0,22.9,81.2,1.0,2.0,3.0,2.0,0.0,0.0,431.0,0
86774.0,2015-2016,43.0,165.3,96.4,35.3,108.7,5.397605346934028e-79,3.0,1.0,5.397605346934028e-79,0.0,0.0,620.0,0
86777.0,2015-2016,52.0,180.5,91.7,28.1,100.6,1.0,5.397605346934028e-79,5.397605346934028e-79,2.0,0.0,0.0,499.0,0
86790.0,2015-2016,29.0,186.4,117.3,33.8,109.0,1.0,5.397605346934028e-79,5.397605346934028e-79,5.397605346934028e-79,0.0,0.0,324.0,0
86792.0,2015-2016,45.0,178.1,92.7,29.2,103.2,,,,,0.0,0.0,312.0,0
86798.0,2015-2016,19.0,173.6,54.9,18.2,69.8,1.0,5.397605346934028e-79,5.397605346934028e-79,1.0,0.0,0.0,1110.0,0
86801.0,2015-2016,30.0,175.7,95.0,30.8,96.5,1.0,1.0,5.397605346934028e-79,5.397605346934028e-79,1.0,0.0,204.0,1
86809.0,2015-2016,59.0,178.8,75.1,23.5,96.2,5.397605346934028e-79,5.397605346934028e-79,5.397605346934028e-79,5.397605346934028e-79,0.0,1.0,1220.0,0
86815.0,2015-2016,33.0,176.7,80.0,25.6,88.0,5.397605346934028e-79,5.397605346934028e-79,5.397605346934028e-79,5.397605346934028e-79,0.0,0.0,484.0,0
86816.0,2015-2016,19.0,172.4,71.4,24.0,84.5,1.0,1.0,1.0,1.0,0.0,0.0,315.0,0
86817.0,2015-2016,60.0,172.7,90.8,30.4,112.2,1.0,5.397605346934028e-79,5.397605346934028e-79,5.397605346934028e-79,1.0,0.0,598.0,0
86820.0,2015-2016,52.0,173.5,70.6,23.5,92.5,5.397605346934028e-79,5.397605346934028e-79,5.397605346934028e-79,5.397605346934028e-79,0.0,0.0,601.0,0
86829.0,2015-2016,37.0,171.9,66.4,22.5,77.6,5.397605346934028e-79,5.397605346934028e-79,5.397605346934028e-79,5.397605346934028e-79,1.0,0.0,415.0,0
86837.0,2015-2016,57.0,165.0,78.2,28.7,101.6,1.0,5.397605346934028e-79,5.397605346934028e-79,5.397605346934028e-79,0.0,0.0,528.0,0
86842.0,2015-2016,32.0,164.0,83.4,31.0,107.4,1.0,5.397605346934028e-79,5.397605346934028e-79,5.397605346934028e-79,0.0,1.0,374.0,0
86844.0,2015-2016,39.0,160.7,74.5,28.8,95.4,1.0,5.397605346934028e-79,5.397605346934028e-79,5.397605346934028e-79,0.0,0.0,459.0,0
86848.0,2015-2016,58.0,173.5,147.6,49.0,148.4,2.0,5.397605346934028e-79,2.0,2.0,1.0,0.0,222.0,1
86856.0,2015-2016,54.0,168.7,69.2,24.3,86.6,5.397605346934028e-79,5.397605346934028e-79,5.397605346934028e-79,5.397605346934028e-79,0.0,0.0,361.0,0
86864.0,2015-2016,48.0,158.0,53.1,21.3,80.6,5.397605346934028e-79,5.397605346934028e-79,5.397605346934028e-79,5.397605346934028e-79,0.0,0.0,438.0,0
86870.0,2015-2016,25.0,184.8,91.1,26.7,101.1,5.397605346934028e-79,5.397605346934028e-79,5.397605346934028e-79,5.397605346934028e-79,0.0,0.0,367.0,0
86877.0,2015-2016,40.0,180.0,94.4,29.1,107.2,1.0,5.397605346934028e-79,5.397605346934028e-79,5.397605346934028e-79,0.0,0.0,288.0,1
86881.0,2015-2016,51.0,178.9,89.2,27.9,96.8,5.397605346934028e-79,5.397605346934028e-79,5.397605346934028e-79,5.397605346934028e-79,0.0,0.0,622.0,0
86883.0,2015-2016,51.0,184.6,106.0,31.1,,,,,,0.0,0.0,456.0,0
86885.0,2015-2016,26.0,178.7,78.4,24.6,78.4,1.0,5.397605346934028e-79,5.397605346934028e-79,5.397605346934028e-79,1.0,0.0,815.0,0
86886.0,2015-2016,52.0,157.0,68.1,27.6,97.3,5.397605346934028e-79,5.397605346934028e-79,5.397605346934028e-79,5.397605346934028e-79,0.0,0.0,420.0,0
86887.0,2015-2016,58.0,168.9,86.2,30.2,104.1,5.397605346934028e-79,5.397605346934028e-79,5.397605346934028e-79,5.397605346934028e-79,1.0,0.0,183.0,1
86888.0,2015-2016,24.0,169.2,104.0,36.3,110.9,1.0,1.0,5.397605346934028e-79,5.397605346934028e-79,0.0,0.0,329.0,0
86894.0,2015-2016,45.0,171.8,92.7,31.4,109.2,1.0,1.0,1.0,5.397605346934028e-79,0.0,0.0,272.0,1
86897.0,2015-2016,40.0,182.3,75.9,22.8,75.9,5.397605346934028e-79,5.397605346934028e-79,5.397605346934028e-79,5.397605346934028e-79,0.0,0.0,789.0,0
86899.0,2015-2016,22.0,178.6,65.5,20.5,77.2,1.0,5.397605346934028e-79,5.397605346934028e-79,1.0,0.0,0.0,534.0,0
86909.0,2015-2016,48.0,159.5,80.4,31.6,104.9,5.397605346934028e-79,5.397605346934028e-79,5.397605346934028e-79,5.397605346934028e-79,0.0,0.0,699.0,0
86910.0,2015-2016,38.0,168.2,111.6,39.4,123.3,5.397605346934028e-79,5.397605346934028e-79,5.397605346934028e-79,5.397605346934028e-79,0.0,0.0,169.0,1
86911.0,2015-2016,25.0,180.7,83.6,25.6,91.1,1.0,5.397605346934028e-79,5.397605346934028e-79,5.397605346934028e-79,0.0,0.0,430.0,0
86920.0,2015-2016,27.0,179.9,96.7,29.9,96.6,,,,,0.0,0.0,840.0,0
86928.0,2015-2016,52.0,174.7,92.6,30.3,117.0,1.0,5.397605346934028e-79,5.397605346934028e-79,5.397605346934028e-79,1.0,0.0,551.0,0
86929.0,2015-2016,52.0,166.4,89.3,32.3,109.5,1.0,1.0,5.397605346934028e-79,5.397605346934028e-79,1.0,0.0,383.0,0
86932.0,2015-2016,59.0,168.4,101.6,35.8,120.0,1.0,1.0,5.397605346934028e-79,5.397605346934028e-79,1.0,1.0,306.0,0
86934.0,2015-2016,29.0,180.9,90.4,27.6,99.3,1.0,5.397605346934028e-79,5.397605346934028e-79,5.397605346934028e-79,0.0,0.0,840.0,0
86939.0,2015-2016,35.0,169.5,70.0,24.4,88.6,1.0,5.397605346934028e-79,5.397605346934028e-79,5.397605346934028e-79,0.0,0.0,484.0,0
86942.0,2015-2016,50.0,175.7,84.8,27.5,93.5,5.397605346934028e-79,3.0,2.0,,0.0,0.0,584.0,0
86947.0,2015-2016,30.0,158.8,53.5,21.2,72.3,1.0,5.397605346934028e-79,5.397605346934028e-79,5.397605346934028e-79,0.0,0.0,538.0,0
86969.0,2015-2016,41.0,178.0,90.7,28.6,106.4,5.397605346934028e-79,5.397605346934028e-79,5.397605346934028e-79,5.397605346934028e-79,0.0,0.0,292.0,1
86970.0,2015-2016,20.0,167.0,103.9,37.3,110.8,1.0,1.0,5.397605346934028e-79,5.397605346934028e-79,0.0,0.0,355.0,0
86971.0,2015-2016,24.0,177.6,100.3,31.8,104.3,5.397605346934028e-79,5.397605346934028e-79,5.397605346934028e-79,5.397605346934028e-79,0.0,0.0,315.0,0
86974.0,2015-2016,47.0,182.3,94.9,28.6,103.6,5.397605346934028e-79,5.397605346934028e-79,5.397605346934028e-79,5.397605346934028e-79,0.0,0.0,688.0,0
86980.0,2015-2016,54.0,161.4,60.2,23.1,87.5,1.0,1.0,5.397605346934028e-79,5.397605346934028e-79,0.0,0.0,372.0,0
86983.0,2015-2016,34.0,177.8,137.8,43.6,138.2,1.0,1.0,5.397605346934028e-79,1.0,0.0,0.0,132.0,1
86985.0,2015-2016,34.0,184.7,75.2,22.0,85.3,1.0,5.397605346934028e-79,5.397605346934028e-79,5.397605346934028e-79,0.0,0.0,721.0,0
86986.0,2015-2016,26.0,180.4,105.0,32.3,116.4,5.397605346934028e-79,5.397605346934028e-79,5.397605346934028e-79,5.397605346934028e-79,0.0,0.0,235.0,1
86988.0,2015-2016,19.0,179.0,68.3,21.3,72.0,,,,,0.0,0.0,577.0,0
86992.0,2015-2016,23.0,181.3,60.8,18.5,73.2,5.397605346934028e-79,5.397605346934028e-79,5.397605346934028e-79,5.397605346934028e-79,0.0,0.0,433.0,0
87003.0,2015-2016,53.0,174.6,95.6,31.4,110.5,5.397605346934028e-79,5.397605346934028e-79,5.397605346934028e-79,5.397605346934028e-79,0.0,0.0,423.0,0
87004.0,2015-2016,37.0,181.7,95.8,29.0,101.1,5.397605346934028e-79,5.397605346934028e-79,5.397605346934028e-79,5.397605346934028e-79,0.0,0.0,197.0,1
87021.0,2015-2016,58.0,170.6,119.6,41.1,125.4,3.0,3.0,3.0,3.0,1.0,1.0,260.0,1
87035.0,2015-2016,29.0,165.2,109.0,39.9,,,,,,0.0,0.0,305.0,0
87036.0,2015-2016,22.0,169.5,81.1,28.2,87.7,1.0,5.397605346934028e-79,1.0,5.397605346934028e-79,0.0,0.0,598.0,0
87051.0,2015-2016,36.0,,,,,1.0,5.397605346934028e-79,5.397605346934028e-79,5.397605346934028e-79,0.0,0.0,273.0,1
87069.0,2015-2016,49.0,163.6,107.4,40.1,121.4,5.397605346934028e-79,5.397605346934028e-79,5.397605346934028e-79,5.397605346934028e-79,0.0,0.0,255.0,1
87072.0,2015-2016,52.0,170.2,74.6,25.8,85.2,5.397605346934028e-79,5.397605346934028e-79,5.397605346934028e-79,5.397605346934028e-79,0.0,0.0,362.0,0
87073.0,2015-2016,27.0,171.6,86.4,29.3,99.4,,,,,0.0,0.0,339.0,0
87074.0,2015-2016,22.0,183.4,130.3,38.7,129.0,5.397605346934028e-79,5.397605346934028e-79,5.397605346934028e-79,5.397605346934028e-79,0.0,0.0,421.0,0
87107.0,2015-2016,24.0,159.3,54.6,21.5,73.1,1.0,5.397605346934028e-79,5.397605346934028e-79,5.397605346934028e-79,0.0,0.0,514.0,0
87114.0,2015-2016,60.0,174.2,86.8,28.6,98.2,5.397605346934028e-79,3.0,5.397605346934028e-79,5.397605346934028e-79,1.0,1.0,587.0,0
87118.0,2015-2016,54.0,162.7,76.5,28.9,101.6,5.397605346934028e-79,5.397605346934028e-79,5.397605346934028e-79,5.397605346934028e-79,0.0,0.0,407.0,0
87132.0,2015-2016,39.0,176.9,88.0,28.1,101.1,,,,,1.0,1.0,415.0,0
87135.0,2015-2016,57.0,178.9,142.4,44.5,144.2,2.0,2.0,1.0,1.0,1.0,1.0,419.0,0
87137.0,2015-2016,26.0,179.1,79.6,24.8,,1.0,1.0,5.397605346934028e-79,5.397605346934028e-79,0.0,0.0,787.0,0
87138.0,2015-2016,45.0,185.3,100.6,29.3,103.8,1.0,1.0,5.397605346934028e-79,5.397605346934028e-79,1.0,0.0,394.0,0
87140.0,2015-2016,36.0,161.3,81.5,31.3,99.0,5.397605346934028e-79,5.397605346934028e-79,5.397605346934028e-79,5.397605346934028e-79,0.0,0.0,424.0,0
87141.0,2015-2016,37.0,176.9,94.7,30.3,,1.0,5.397605346934028e-79,5.397605346934028e-79,5.397605346934028e-79,0.0,0.0,318.0,0
87149.0,2015-2016,19.0,170.2,77.0,26.6,90.5,5.397605346934028e-79,5.397605346934028e-79,5.397605346934028e-79,5.397605346934028e-79,0.0,0.0,370.0,0
87168.0,2015-2016,49.0,164.5,72.9,26.9,94.0,5.397605346934028e-79,5.397605346934028e-79,5.397605346934028e-79,5.397605346934028e-79,0.0,0.0,387.0,0
87170.0,2015-2016,50.0,156.8,57.9,23.5,85.8,5.397605346934028e-79,5.397605346934028e-79,5.397605346934028e-79,1.0,0.0,1.0,318.0,0
87172.0,2015-2016,42.0,170.7,76.8,26.4,93.1,5.397605346934028e-79,5.397605346934028e-79,5.397605346934028e-79,5.397605346934028e-79,0.0,0.0,313.0,0
87176.0,2015-2016,27.0,191.9,128.2,34.8,123.2,1.0,3.0,1.0,5.397605346934028e-79,0.0,0.0,326.0,0
87177.0,2015-2016,57.0,168.0,78.6,27.8,102.5,5.397605346934028e-79,5.397605346934028e-79,5.397605346934028e-79,5.397605346934028e-79,0.0,0.0,345.0,0
87178.0,2015-2016,54.0,179.7,106.5,33.0,111.2,,,,,0.0,0.0,515.0,0
87187.0,2015-2016,45.0,163.7,72.0,26.9,88.1,5.397605346934028e-79,5.397605346934028e-79,5.397605346934028e-79,5.397605346934028e-79,0.0,0.0,229.0,1
87190.0,2015-2016,38.0,174.5,114.5,37.6,120.3,2.0,2.0,1.0,1.0,0.0,0.0,566.0,0
87197.0,2015-2016,33.0,171.0,102.7,35.1,108.8,1.0,1.0,5.397605346934028e-79,5.397605346934028e-79,1.0,0.0,451.0,0
87199.0,2015-2016,55.0,161.2,85.5,32.9,110.1,2.0,2.0,5.397605346934028e-79,5.397605346934028e-79,1.0,0.0,461.0,0
87201.0,2015-2016,32.0,176.4,76.6,24.6,84.0,1.0,1.0,5.397605346934028e-79,5.397605346934028e-79,0.0,0.0,381.0,0
87202.0,2015-2016,39.0,174.0,134.4,44.4,136.6,5.397605346934028e-79,2.0,5.397605346934028e-79,5.397605346934028e-79,1.0,0.0,230.0,1
87208.0,2015-2016,35.0,171.9,86.2,29.2,99.0,5.397605346934028e-79,5.397605346934028e-79,5.397605346934028e-79,5.397605346934028e-79,0.0,0.0,330.0,0
87211.0,2015-2016,41.0,173.5,91.7,30.5,104.1,1.0,1.0,5.397605346934028e-79,5.397605346934028e-79,1.0,0.0,522.0,0
87214.0,2015-2016,38.0,172.8,80.4,26.9,94.0,,,,,0.0,0.0,531.0,0
87225.0,2015-2016,35.0,181.8,95.6,28.9,112.0,5.397605346934028e-79,5.397605346934028e-79,1.0,5.397605346934028e-79,0.0,0.0,358.0,0
87230.0,2015-2016,27.0,179.1,72.5,22.6,87.9,1.0,1.0,5.397605346934028e-79,5.397605346934028e-79,0.0,0.0,395.0,0
87231.0,2015-2016,57.0,185.0,99.9,29.2,112.0,5.397605346934028e-79,5.397605346934028e-79,5.397605346934028e-79,5.397605346934028e-79,0.0,1.0,415.0,0
87233.0,2015-2016,35.0,189.3,132.5,37.0,121.0,5.397605346934028e-79,1.0,5.397605346934028e-79,5.397605346934028e-79,1.0,0.0,298.0,1
87235.0,2015-2016,43.0,169.8,63.9,22.2,74.8,1.0,5.397605346934028e-79,5.397605346934028e-79,5.397605346934028e-79,1.0,1.0,532.0,0
87242.0,2015-2016,26.0,159.5,61.0,24.0,82.5,5.397605346934028e-79,5.397605346934028e-79,5.397605346934028e-79,5.397605346934028e-79,0.0,0.0,477.0,0
87245.0,2015-2016,29.0,176.3,118.5,38.1,119.5,1.0,5.397605346934028e-79,5.397605346934028e-79,2.0,0.0,0.0,422.0,0
87246.0,2015-2016,58.0,148.8,56.1,25.3,89.8,5.397605346934028e-79,5.397605346934028e-79,5.397605346934028e-79,5.397605346934028e-79,0.0,1.0,275.0,1
87248.0,2015-2016,55.0,175.3,110.5,36.0,117.7,2.0,2.0,5.397605346934028e-79,1.0,1.0,0.0,297.0,1
87262.0,2015-2016,29.0,169.4,80.9,28.2,93.0,5.397605346934028e-79,5.397605346934028e-79,5.397605346934028e-79,5.397605346934028e-79,0.0,0.0,364.0,0
87263.0,2015-2016,53.0,180.3,99.5,30.6,109.9,,,,,1.0,0.0,330.0,0
87264.0,2015-2016,38.0,187.4,75.8,21.6,85.2,2.0,3.0,3.0,2.0,0.0,0.0,957.0,0
87265.0,2015-2016,42.0,162.7,66.2,25.0,88.8,1.0,3.0,5.397605346934028e-79,5.397605346934028e-79,0.0,0.0,488.0,0
87278.0,2015-2016,46.0,177.5,92.5,29.4,101.4,1.0,1.0,5.397605346934028e-79,5.397605346934028e-79,0.0,1.0,437.0,0
87288.0,2015-2016,53.0,166.9,92.7,33.3,109.1,1.0,5.397605346934028e-79,5.397605346934028e-79,5.397605346934028e-79,1.0,0.0,233.0,1
87291.0,2015-2016,39.0,165.2,72.4,26.5,92.0,1.0,5.397605346934028e-79,5.397605346934028e-79,5.397605346934028e-79,0.0,0.0,607.0,0
87292.0,2015-2016,41.0,175.0,76.6,25.0,96.6,5.397605346934028e-79,5.397605346934028e-79,5.397605346934028e-79,5.397605346934028e-79,0.0,0.0,523.0,0
87298.0,2015-2016,28.0,182.7,135.5,40.6,124.4,1.0,1.0,5.397605346934028e-79,5.397605346934028e-79,0.0,0.0,286.0,1
87310.0,2015-2016,29.0,176.9,101.6,32.5,106.9,1.0,5.397605346934028e-79,5.397605346934028e-79,5.397605346934028e-79,1.0,0.0,223.0,1
87312.0,2015-2016,29.0,176.2,87.3,28.1,92.3,1.0,1.0,5.397605346934028e-79,5.397605346934028e-79,1.0,0.0,440.0,0
87320.0,2015-2016,43.0,179.3,106.8,33.2,117.6,1.0,5.397605346934028e-79,5.397605346934028e-79,1.0,0.0,0.0,219.0,1
87324.0,2015-2016,21.0,175.2,80.7,26.3,89.3,1.0,5.397605346934028e-79,5.397605346934028e-79,5.397605346934028e-79,0.0,0.0,567.0,0
87333.0,2015-2016,40.0,172.6,98.4,33.0,108.1,1.0,1.0,5.397605346934028e-79,5.397605346934028e-79,1.0,0.0,468.0,0
87334.0,2015-2016,36.0,162.7,70.2,26.5,87.7,5.397605346934028e-79,5.397605346934028e-79,5.397605346934028e-79,5.397605346934028e-79,0.0,0.0,283.0,1
87341.0,2015-2016,24.0,189.4,73.2,20.4,78.4,1.0,2.0,1.0,1.0,0.0,0.0,692.0,0
87344.0,2015-2016,22.0,173.8,73.3,24.3,88.0,1.0,5.397605346934028e-79,5.397605346934028e-79,5.397605346934028e-79,0.0,0.0,524.0,0
87347.0,2015-2016,57.0,156.1,77.7,31.9,107.8,,,,,0.0,0.0,199.0,1
87349.0,2015-2016,25.0,173.3,70.6,23.5,79.6,1.0,5.397605346934028e-79,5.397605346934028e-79,5.397605346934028e-79,1.0,0.0,292.0,1
87351.0,2015-2016,38.0,168.3,89.1,31.5,107.5,3.0,3.0,3.0,3.0,0.0,1.0,333.0,0
87354.0,2015-2016,36.0,178.5,129.0,40.5,119.1,1.0,2.0,5.397605346934028e-79,5.397605346934028e-79,1.0,0.0,399.0,0
87362.0,2015-2016,25.0,173.0,67.8,22.7,81.2,5.397605346934028e-79,1.0,5.397605346934028e-79,5.397605346934028e-79,0.0,0.0,518.0,0
87365.0,2015-2016,30.0,178.5,139.8,43.9,123.3,5.397605346934028e-79,5.397605346934028e-79,5.397605346934028e-79,5.397605346934028e-79,0.0,0.0,391.0,0
87373.0,2015-2016,29.0,181.4,96.9,29.4,102.5,1.0,5.397605346934028e-79,1.0,5.397605346934028e-79,0.0,0.0,311.0,0
87375.0,2015-2016,40.0,177.1,89.1,28.4,101.5,1.0,2.0,1.0,1.0,0.0,0.0,495.0,0
87377.0,2015-2016,54.0,181.5,82.3,25.0,97.4,5.397605346934028e-79,5.397605346934028e-79,5.397605346934028e-79,5.397605346934028e-79,0.0,0.0,334.0,0
87379.0,2015-2016,29.0,167.5,104.9,37.4,111.7,,,,,1.0,0.0,348.0,0
87383.0,2015-2016,36.0,162.1,60.1,22.9,81.2,5.397605346934028e-79,1.0,5.397605346934028e-79,5.397605346934028e-79,0.0,0.0,1050.0,0
87393.0,2015-2016,26.0,163.3,56.3,21.1,80.1,5.397605346934028e-79,1.0,5.397605346934028e-79,5.397605346934028e-79,0.0,0.0,695.0,0
87398.0,2015-2016,40.0,172.0,85.3,28.8,96.5,5.397605346934028e-79,5.397605346934028e-79,5.397605346934028e-79,5.397605346934028e-79,0.0,0.0,194.0,1
87406.0,2015-2016,22.0,172.7,71.2,23.9,84.2,1.0,1.0,5.397605346934028e-79,5.397605346934028e-79,0.0,0.0,700.0,0
87412.0,2015-2016,33.0,172.3,78.1,26.3,89.3,,,,,0.0,0.0,550.0,0
87413.0,2015-2016,41.0,184.0,115.2,34.0,113.7,5.397605346934028e-79,1.0,1.0,5.397605346934028e-79,1.0,0.0,346.0,0
87415.0,2015-2016,59.0,181.1,127.2,38.8,130.2,3.0,3.0,5.397605346934028e-79,5.397605346934028e-79,1.0,,453.0,0
87417.0,2015-2016,60.0,161.0,94.3,36.4,113.5,5.397605346934028e-79,5.397605346934028e-79,5.397605346934028e-79,5.397605346934028e-79,0.0,1.0,367.0,0
87422.0,2015-2016,20.0,176.8,84.9,27.2,95.0,2.0,1.0,5.397605346934028e-79,5.397605346934028e-79,0.0,0.0,749.0,0
87426.0,2015-2016,48.0,172.9,81.8,27.4,97.0,1.0,5.397605346934028e-79,1.0,1.0,0.0,0.0,416.0,0
87430.0,2015-2016,38.0,181.5,95.3,28.9,106.5,1.0,5.397605346934028e-79,1.0,5.397605346934028e-79,0.0,0.0,404.0,0
87437.0,2015-2016,43.0,173.7,81.5,27.0,96.5,5.397605346934028e-79,5.397605346934028e-79,5.397605346934028e-79,5.397605346934028e-79,0.0,0.0,335.0,0
87448.0,2015-2016,49.0,166.9,79.2,28.4,97.3,5.397605346934028e-79,5.397605346934028e-79,5.397605346934028e-79,5.397605346934028e-79,1.0,1.0,529.0,0
87455.0,2015-2016,19.0,160.7,52.5,20.3,72.2,1.0,5.397605346934028e-79,2.0,5.397605346934028e-79,0.0,0.0,320.0,0
87463.0,2015-2016,22.0,167.5,59.2,21.1,83.0,5.397605346934028e-79,5.397605346934028e-79,5.397605346934028e-79,5.397605346934028e-79,0.0,0.0,287.0,1
87472.0,2015-2016,22.0,180.2,107.8,33.2,111.1,5.397605346934028e-79,5.397605346934028e-79,5.397605346934028e-79,5.397605346934028e-79,1.0,0.0,359.0,0
87477.0,2015-2016,59.0,177.0,88.3,28.2,105.8,5.397605346934028e-79,2.0,5.397605346934028e-79,5.397605346934028e-79,1.0,0.0,298.0,1
87481.0,2015-2016,42.0,177.3,93.6,29.8,101.0,5.397605346934028e-79,5.397605346934028e-79,1.0,1.0,0.0,1.0,460.0,0
87486.0,2015-2016,46.0,152.8,61.9,26.5,89.0,3.0,3.0,1.0,3.0,0.0,0.0,660.0,0
87488.0,2015-2016,44.0,175.2,88.0,28.7,100.3,5.397605346934028e-79,5.397605346934028e-79,5.397605346934028e-79,5.397605346934028e-79,0.0,0.0,187.0,1
87490.0,2015-2016,58.0,172.2,73.9,24.9,88.4,1.0,5.397605346934028e-79,1.0,1.0,0.0,0.0,456.0,0
87494.0,2015-2016,59.0,159.1,67.1,26.5,99.3,5.397605346934028e-79,5.397605346934028e-79,5.397605346934028e-79,5.397605346934028e-79,1.0,1.0,199.0,1
87496.0,2015-2016,58.0,194.3,122.9,32.6,124.1,5.397605346934028e-79,5.397605346934028e-79,1.0,5.397605346934028e-79,1.0,0.0,265.0,1
87500.0,2015-2016,19.0,174.9,92.9,30.4,100.1,1.0,5.397605346934028e-79,5.397605346934028e-79,5.397605346934028e-79,0.0,0.0,271.0,1
87505.0,2015-2016,52.0,170.7,77.8,26.7,95.2,5.397605346934028e-79,5.397605346934028e-79,5.397605346934028e-79,5.397605346934028e-79,1.0,0.0,313.0,0
87506.0,2015-2016,48.0,181.4,91.1,27.7,98.7,5.397605346934028e-79,5.397605346934028e-79,5.397605346934028e-79,5.397605346934028e-79,1.0,0.0,506.0,0
87521.0,2015-2016,20.0,166.7,63.1,22.7,73.9,5.397605346934028e-79,5.397605346934028e-79,5.397605346934028e-79,5.397605346934028e-79,0.0,0.0,523.0,0
87524.0,2015-2016,33.0,184.5,123.1,36.2,119.0,1.0,5.397605346934028e-79,5.397605346934028e-79,5.397605346934028e-79,0.0,0.0,509.0,0
87529.0,2015-2016,21.0,165.0,64.5,23.7,80.4,1.0,1.0,5.397605346934028e-79,1.0,0.0,0.0,514.0,0
87548.0,2015-2016,27.0,175.1,86.5,28.2,95.7,5.397605346934028e-79,5.397605346934028e-79,5.397605346934028e-79,5.397605346934028e-79,0.0,0.0,232.0,1
87551.0,2015-2016,38.0,177.5,84.3,26.8,102.1,5.397605346934028e-79,5.397605346934028e-79,5.397605346934028e-79,5.397605346934028e-79,0.0,0.0,436.0,0
87564.0,2015-2016,34.0,171.2,68.7,23.4,78.5,1.0,3.0,1.0,1.0,0.0,0.0,561.0,0
87573.0,2015-2016,55.0,189.2,87.6,24.5,100.6,5.397605346934028e-79,5.397605346934028e-79,5.397605346934028e-79,5.397605346934028e-79,1.0,0.0,465.0,0
87586.0,2015-2016,43.0,165.2,83.4,30.6,104.3,2.0,5.397605346934028e-79,5.397605346934028e-79,5.397605346934028e-79,1.0,0.0,514.0,0
87587.0,2015-2016,54.0,161.1,61.5,23.7,84.0,1.0,1.0,5.397605346934028e-79,5.397605346934028e-79,0.0,0.0,434.0,0
87591.0,2015-2016,47.0,169.8,84.0,29.1,102.0,5.397605346934028e-79,1.0,1.0,1.0,0.0,0.0,285.0,1
87592.0,2015-2016,38.0,187.1,74.0,21.1,85.2,5.397605346934028e-79,5.397605346934028e-79,5.397605346934028e-79,5.397605346934028e-79,0.0,0.0,596.0,0
87599.0,2015-2016,27.0,171.3,60.3,20.5,77.9,,,,,0.0,0.0,486.0,0
87603.0,2015-2016,33.0,172.9,109.6,36.7,118.3,1.0,1.0,1.0,1.0,0.0,0.0,295.0,1
87608.0,2015-2016,53.0,182.3,93.7,28.2,104.4,5.397605346934028e-79,1.0,5.397605346934028e-79,5.397605346934028e-79,0.0,0.0,522.0,0
87623.0,2015-2016,43.0,175.9,82.8,26.8,95.5,1.0,1.0,5.397605346934028e-79,5.397605346934028e-79,0.0,0.0,690.0,0
87630.0,2015-2016,54.0,168.0,102.4,36.3,120.0,3.0,1.0,5.397605346934028e-79,3.0,1.0,1.0,212.0,1
87637.0,2015-2016,55.0,164.7,62.1,22.9,87.7,,,,,0.0,0.0,516.0,0
87649.0,2015-2016,44.0,174.9,80.5,26.3,105.0,,,,,1.0,0.0,202.0,1
87655.0,2015-2016,57.0,180.4,106.0,32.6,109.6,,,,,1.0,0.0,344.0,0
87657.0,2015-2016,22.0,176.8,77.7,24.9,83.0,,,,,0.0,0.0,771.0,0
87663.0,2015-2016,50.0,182.0,101.9,30.8,104.8,5.397605346934028e-79,5.397605346934028e-79,5.397605346934028e-79,5.397605346934028e-79,0.0,0.0,302.0,0
87672.0,2015-2016,37.0,175.2,77.6,25.3,89.3,1.0,1.0,5.397605346934028e-79,1.0,0.0,0.0,429.0,0
87684.0,2015-2016,44.0,178.2,128.8,40.6,132.9,1.0,1.0,5.397605346934028e-79,5.397605346934028e-79,0.0,0.0,293.0,1
87690.0,2015-2016,55.0,168.4,81.4,28.7,105.7,2.0,5.397605346934028e-79,5.397605346934028e-79,5.397605346934028e-79,1.0,0.0,243.0,1
87693.0,2015-2016,52.0,179.7,79.0,24.5,91.2,,,,,0.0,0.0,659.0,0
87717.0,2015-2016,59.0,170.7,64.6,22.2,88.6,5.397605346934028e-79,5.397605346934028e-79,5.397605346934028e-79,5.397605346934028e-79,1.0,0.0,426.0,0
87757.0,2015-2016,49.0,167.9,81.8,29.0,109.7,1.0,1.0,5.397605346934028e-79,1.0,0.0,0.0,170.0,1
87758.0,2015-2016,53.0,184.0,91.5,27.0,97.2,5.397605346934028e-79,5.397605346934028e-79,5.397605346934028e-79,5.397605346934028e-79,1.0,0.0,588.0,0
87762.0,2015-2016,51.0,182.6,99.5,29.8,110.0,5.397605346934028e-79,5.397605346934028e-79,5.397605346934028e-79,3.0,1.0,0.0,308.0,0
87773.0,2015-2016,53.0,177.5,88.9,28.2,107.0,5.397605346934028e-79,5.397605346934028e-79,5.397605346934028e-79,5.397605346934028e-79,1.0,0.0,477.0,0
87774.0,2015-2016,24.0,177.0,92.7,29.6,108.7,5.397605346934028e-79,5.397605346934028e-79,1.0,5.397605346934028e-79,0.0,0.0,453.0,0
87791.0,2015-2016,53.0,175.0,100.9,32.9,112.0,1.0,1.0,5.397605346934028e-79,1.0,0.0,0.0,368.0,0
87798.0,2015-2016,36.0,166.2,85.5,31.0,98.4,1.0,5.397605346934028e-79,5.397605346934028e-79,5.397605346934028e-79,1.0,0.0,461.0,0
87801.0,2015-2016,42.0,180.0,85.5,26.4,95.3,1.0,1.0,5.397605346934028e-79,5.397605346934028e-79,0.0,0.0,281.0,1
87805.0,2015-2016,48.0,189.9,83.0,23.0,89.5,5.397605346934028e-79,5.397605346934028e-79,5.397605346934028e-79,5.397605346934028e-79,0.0,0.0,642.0,0
87816.0,2015-2016,48.0,169.9,79.3,27.5,96.8,2.0,5.397605346934028e-79,5.397605346934028e-79,5.397605346934028e-79,0.0,0.0,302.0,0
87819.0,2015-2016,37.0,172.9,85.9,28.7,101.1,1.0,1.0,2.0,5.397605346934028e-79,0.0,0.0,444.0,0
87827.0,2015-2016,27.0,177.0,97.1,31.0,108.8,1.0,1.0,5.397605346934028e-79,5.397605346934028e-79,0.0,0.0,291.0,1
87829.0,2015-2016,23.0,169.4,80.8,28.2,,5.397605346934028e-79,5.397605346934028e-79,5.397605346934028e-79,5.397605346934028e-79,0.0,0.0,490.0,0
87830.0,2015-2016,44.0,174.1,80.8,26.7,97.9,5.397605346934028e-79,5.397605346934028e-79,5.397605346934028e-79,5.397605346934028e-79,0.0,0.0,669.0,0
87833.0,2015-2016,47.0,155.4,66.1,27.4,,,,,,0.0,0.0,285.0,1
87844.0,2015-2016,49.0,162.9,73.8,27.8,95.7,5.397605346934028e-79,5.397605346934028e-79,5.397605346934028e-79,5.397605346934028e-79,0.0,0.0,244.0,1
87849.0,2015-2016,24.0,182.3,123.4,37.1,120.6,3.0,5.397605346934028e-79,5.397605346934028e-79,5.397605346934028e-79,0.0,0.0,263.0,1
87853.0,2015-2016,36.0,164.9,97.2,35.7,109.2,5.397605346934028e-79,5.397605346934028e-79,5.397605346934028e-79,5.397605346934028e-79,,0.0,666.0,0
87856.0,2015-2016,23.0,182.9,72.7,21.7,81.8,1.0,1.0,1.0,1.0,0.0,0.0,592.0,0
87857.0,2015-2016,46.0,176.9,98.0,31.3,103.4,1.0,5.397605346934028e-79,5.397605346934028e-79,5.397605346934028e-79,0.0,0.0,475.0,0
87871.0,2015-2016,52.0,166.6,77.3,27.9,101.4,1.0,5.397605346934028e-79,1.0,1.0,1.0,0.0,377.0,0
87872.0,2015-2016,47.0,182.8,,,,,,,,1.0,0.0,546.0,0
87875.0,2015-2016,27.0,172.2,115.6,39.0,122.2,1.0,5.397605346934028e-79,5.397605346934028e-79,5.397605346934028e-79,0.0,0.0,285.0,1
87885.0,2015-2016,25.0,183.4,116.0,34.5,117.0,2.0,2.0,1.0,5.397605346934028e-79,1.0,0.0,519.0,0
87886.0,2015-2016,28.0,176.6,82.9,26.6,84.0,1.0,1.0,1.0,2.0,0.0,0.0,475.0,0
87890.0,2015-2016,54.0,159.6,67.6,26.5,93.6,,,,,0.0,0.0,342.0,0
87897.0,2015-2016,50.0,181.7,141.1,42.7,135.1,1.0,5.397605346934028e-79,1.0,1.0,0.0,0.0,438.0,0
87903.0,2015-2016,54.0,183.1,192.3,57.4,,2.0,3.0,1.0,5.397605346934028e-79,1.0,1.0,269.0,1
87909.0,2015-2016,49.0,174.9,104.9,34.3,99.8,5.397605346934028e-79,5.397605346934028e-79,5.397605346934028e-79,5.397605346934028e-79,1.0,0.0,353.0,0
87916.0,2015-2016,35.0,175.3,84.1,27.4,107.0,2.0,5.397605346934028e-79,1.0,1.0,0.0,0.0,181.0,1
87921.0,2015-2016,59.0,187.8,98.2,27.8,108.9,5.397605346934028e-79,5.397605346934028e-79,5.397605346934028e-79,5.397605346934028e-79,1.0,0.0,352.0,0
87930.0,2015-2016,27.0,176.8,71.5,22.9,83.3,1.0,5.397605346934028e-79,1.0,1.0,0.0,0.0,332.0,0
87934.0,2015-2016,25.0,174.4,122.8,40.4,125.5,1.0,5.397605346934028e-79,5.397605346934028e-79,5.397605346934028e-79,0.0,1.0,212.0,1
87943.0,2015-2016,30.0,186.2,73.1,21.1,78.8,5.397605346934028e-79,5.397605346934028e-79,5.397605346934028e-79,5.397605346934028e-79,0.0,0.0,767.0,0
87944.0,2015-2016,55.0,167.7,82.6,29.4,102.8,1.0,5.397605346934028e-79,5.397605346934028e-79,5.397605346934028e-79,0.0,0.0,429.0,0
87945.0,2015-2016,36.0,178.6,156.4,49.0,147.5,1.0,1.0,5.397605346934028e-79,5.397605346934028e-79,0.0,0.0,169.0,1
87946.0,2015-2016,48.0,165.1,72.0,26.4,,,,,,0.0,1.0,637.0,0
87947.0,2015-2016,34.0,189.4,103.9,29.0,105.9,5.397605346934028e-79,1.0,1.0,5.397605346934028e-79,0.0,0.0,500.0,0
87948.0,2015-2016,21.0,178.8,82.2,25.7,92.6,5.397605346934028e-79,5.397605346934028e-79,5.397605346934028e-79,5.397605346934028e-79,0.0,0.0,501.0,0
87954.0,2015-2016,33.0,175.4,89.1,29.0,97.6,2.0,5.397605346934028e-79,5.397605346934028e-79,2.0,0.0,0.0,298.0,1
87956.0,2015-2016,57.0,169.0,63.5,22.2,85.9,5.397605346934028e-79,5.397605346934028e-79,5.397605346934028e-79,5.397605346934028e-79,1.0,0.0,317.0,0
87959.0,2015-2016,49.0,178.9,63.7,19.9,82.0,1.0,1.0,5.397605346934028e-79,5.397605346934028e-79,0.0,0.0,520.0,0
87964.0,2015-2016,21.0,165.8,77.0,28.0,88.0,,,,,0.0,0.0,520.0,0
87966.0,2015-2016,27.0,187.4,98.5,28.0,101.4,5.397605346934028e-79,5.397605346934028e-79,5.397605346934028e-79,5.397605346934028e-79,0.0,0.0,475.0,0
87971.0,2015-2016,34.0,169.2,139.6,48.8,139.6,5.397605346934028e-79,5.397605346934028e-79,5.397605346934028e-79,5.397605346934028e-79,0.0,0.0,221.0,1
87988.0,2015-2016,38.0,178.5,92.4,29.0,101.0,5.397605346934028e-79,5.397605346934028e-79,1.0,5.397605346934028e-79,0.0,0.0,477.0,0
87997.0,2015-2016,25.0,176.7,63.8,20.4,72.4,,,,,1.0,0.0,678.0,0
88018.0,2015-2016,48.0,181.1,90.4,27.6,96.5,1.0,5.397605346934028e-79,5.397605346934028e-79,5.397605346934028e-79,0.0,0.0,352.0,0
88021.0,2015-2016,60.0,165.7,92.1,33.5,115.8,5.397605346934028e-79,5.397605346934028e-79,5.397605346934028e-79,5.397605346934028e-79,0.0,0.0,349.0,0
88030.0,2015-2016,27.0,164.1,78.3,29.1,99.2,1.0,1.0,5.397605346934028e-79,5.397605346934028e-79,0.0,0.0,319.0,0
88031.0,2015-2016,32.0,169.3,105.9,36.9,114.5,1.0,3.0,3.0,3.0,1.0,0.0,272.0,1
88040.0,2015-2016,41.0,202.7,122.6,29.8,108.1,5.397605346934028e-79,5.397605346934028e-79,5.397605346934028e-79,5.397605346934028e-79,0.0,0.0,374.0,0
88045.0,2015-2016,32.0,175.9,93.2,30.1,107.1,,,,,0.0,0.0,306.0,0
88051.0,2015-2016,35.0,174.7,92.4,30.3,111.2,5.397605346934028e-79,5.397605346934028e-79,5.397605346934028e-79,1.0,1.0,0.0,296.0,1
88064.0,2015-2016,35.0,181.3,125.1,38.1,123.0,5.397605346934028e-79,5.397605346934028e-79,1.0,5.397605346934028e-79,1.0,0.0,549.0,0
88070.0,2015-2016,19.0,177.0,79.8,25.5,77.6,5.397605346934028e-79,5.397605346934028e-79,5.397605346934028e-79,5.397605346934028e-79,0.0,0.0,385.0,0
88075.0,2015-2016,41.0,178.8,84.8,26.5,95.2,5.397605346934028e-79,2.0,5.397605346934028e-79,5.397605346934028e-79,0.0,0.0,418.0,0
88079.0,2015-2016,19.0,184.5,112.0,32.9,109.3,5.397605346934028e-79,5.397605346934028e-79,5.397605346934028e-79,5.397605346934028e-79,0.0,0.0,580.0,0
88086.0,2015-2016,31.0,169.7,72.5,25.2,88.9,5.397605346934028e-79,3.0,5.397605346934028e-79,5.397605346934028e-79,0.0,0.0,436.0,0
88092.0,2015-2016,40.0,169.9,89.4,31.0,105.7,5.397605346934028e-79,5.397605346934028e-79,5.397605346934028e-79,3.0,0.0,0.0,194.0,1
88100.0,2015-2016,52.0,161.7,74.1,28.3,99.6,2.0,2.0,5.397605346934028e-79,1.0,0.0,0.0,716.0,0
88106.0,2015-2016,20.0,185.8,121.2,35.1,112.0,5.397605346934028e-79,5.397605346934028e-79,5.397605346934028e-79,5.397605346934028e-79,0.0,0.0,393.0,0
88112.0,2015-2016,35.0,178.5,76.9,24.1,86.6,3.0,3.0,5.397605346934028e-79,5.397605346934028e-79,0.0,0.0,231.0,1
88114.0,2015-2016,57.0,180.5,152.3,46.7,141.4,5.397605346934028e-79,5.397605346934028e-79,5.397605346934028e-79,5.397605346934028e-79,1.0,0.0,593.0,0
88126.0,2015-2016,45.0,176.3,85.9,27.6,100.2,5.397605346934028e-79,3.0,5.397605346934028e-79,5.397605346934028e-79,0.0,0.0,417.0,0
88131.0,2015-2016,39.0,174.0,90.8,30.0,106.5,1.0,1.0,5.397605346934028e-79,5.397605346934028e-79,1.0,0.0,423.0,0
88132.0,2015-2016,42.0,168.1,125.3,44.3,136.1,1.0,3.0,5.397605346934028e-79,5.397605346934028e-79,0.0,1.0,233.0,1
88133.0,2015-2016,34.0,171.3,81.2,27.7,98.5,5.397605346934028e-79,5.397605346934028e-79,1.0,5.397605346934028e-79,1.0,0.0,486.0,0
88146.0,2015-2016,45.0,174.3,81.5,26.8,96.1,5.397605346934028e-79,5.397605346934028e-79,5.397605346934028e-79,5.397605346934028e-79,1.0,0.0,398.0,0
88154.0,2015-2016,25.0,176.7,68.1,21.8,81.2,1.0,5.397605346934028e-79,5.397605346934028e-79,5.397605346934028e-79,0.0,0.0,462.0,0
88156.0,2015-2016,28.0,178.5,54.5,17.1,67.7,5.397605346934028e-79,5.397605346934028e-79,5.397605346934028e-79,5.397605346934028e-79,0.0,0.0,428.0,0
88157.0,2015-2016,29.0,179.5,84.5,26.2,91.6,5.397605346934028e-79,5.397605346934028e-79,5.397605346934028e-79,5.397605346934028e-79,0.0,0.0,471.0,0
88158.0,2015-2016,51.0,175.5,93.9,30.5,104.7,5.397605346934028e-79,5.397605346934028e-79,5.397605346934028e-79,5.397605346934028e-79,0.0,0.0,230.0,1
88169.0,2015-2016,29.0,170.8,80.3,27.5,98.3,2.0,2.0,2.0,5.397605346934028e-79,0.0,1.0,213.0,1
88178.0,2015-2016,29.0,165.7,76.6,27.9,93.3,1.0,1.0,5.397605346934028e-79,1.0,0.0,0.0,354.0,0
88181.0,2015-2016,39.0,168.6,118.7,41.8,123.3,1.0,5.397605346934028e-79,5.397605346934028e-79,5.397605346934028e-79,0.0,0.0,375.0,0
88186.0,2015-2016,31.0,173.8,96.1,31.8,114.1,3.0,2.0,3.0,3.0,,0.0,373.0,0
88188.0,2015-2016,51.0,177.1,90.3,28.8,101.5,2.0,1.0,1.0,5.397605346934028e-79,0.0,0.0,447.0,0
88192.0,2015-2016,20.0,169.0,91.8,32.1,99.5,1.0,5.397605346934028e-79,5.397605346934028e-79,5.397605346934028e-79,0.0,0.0,210.0,1
88200.0,2015-2016,28.0,176.2,132.2,42.6,129.8,5.397605346934028e-79,5.397605346934028e-79,5.397605346934028e-79,5.397605346934028e-79,0.0,0.0,309.0,0
88210.0,2015-2016,36.0,169.2,97.3,34.0,105.3,1.0,1.0,5.397605346934028e-79,1.0,0.0,0.0,423.0,0
88217.0,2015-2016,51.0,163.8,73.3,27.3,96.2,1.0,5.397605346934028e-79,5.397605346934028e-79,5.397605346934028e-79,0.0,0.0,301.0,0
88218.0,2015-2016,54.0,170.1,99.0,34.2,114.3,1.0,1.0,5.397605346934028e-79,5.397605346934028e-79,1.0,1.0,246.0,1
88222.0,2015-2016,44.0,179.1,78.1,24.3,97.7,1.0,5.397605346934028e-79,5.397605346934028e-79,5.397605346934028e-79,1.0,0.0,581.0,0
88224.0,2015-2016,48.0,172.1,99.1,33.5,104.4,1.0,5.397605346934028e-79,5.397605346934028e-79,5.397605346934028e-79,0.0,0.0,220.0,1
88227.0,2015-2016,20.0,168.4,62.0,21.9,76.3,5.397605346934028e-79,5.397605346934028e-79,5.397605346934028e-79,5.397605346934028e-79,0.0,0.0,708.0,0
88228.0,2015-2016,25.0,171.8,52.1,17.7,67.5,5.397605346934028e-79,5.397605346934028e-79,1.0,5.397605346934028e-79,0.0,0.0,760.0,0
88233.0,2015-2016,51.0,165.6,50.2,18.3,71.3,5.397605346934028e-79,5.397605346934028e-79,5.397605346934028e-79,1.0,0.0,0.0,1150.0,0
88238.0,2015-2016,48.0,187.4,130.2,37.1,121.8,1.0,5.397605346934028e-79,5.397605346934028e-79,5.397605346934028e-79,0.0,0.0,375.0,0
88255.0,2015-2016,59.0,158.3,68.4,27.3,94.7,5.397605346934028e-79,5.397605346934028e-79,5.397605346934028e-79,5.397605346934028e-79,0.0,1.0,372.0,0
88267.0,2015-2016,26.0,175.5,88.6,28.8,99.2,1.0,1.0,5.397605346934028e-79,5.397605346934028e-79,0.0,0.0,442.0,0
88282.0,2015-2016,26.0,180.5,57.9,17.8,67.2,,,,,0.0,0.0,496.0,0
88287.0,2015-2016,60.0,174.5,68.5,22.5,82.7,5.397605346934028e-79,5.397605346934028e-79,5.397605346934028e-79,5.397605346934028e-79,1.0,0.0,476.0,0
88294.0,2015-2016,36.0,,,,,5.397605346934028e-79,5.397605346934028e-79,5.397605346934028e-79,5.397605346934028e-79,0.0,0.0,407.0,0
88301.0,2015-2016,38.0,178.1,80.5,25.4,95.0,5.397605346934028e-79,5.397605346934028e-79,5.397605346934028e-79,2.0,0.0,0.0,342.0,0
88306.0,2015-2016,41.0,165.4,80.2,29.3,101.0,2.0,5.397605346934028e-79,2.0,5.397605346934028e-79,0.0,0.0,544.0,0
88309.0,2015-2016,36.0,174.6,111.8,36.7,116.2,1.0,5.397605346934028e-79,5.397605346934028e-79,5.397605346934028e-79,0.0,0.0,221.0,1
88310.0,2015-2016,23.0,169.6,103.2,35.9,115.2,1.0,5.397605346934028e-79,1.0,1.0,0.0,0.0,358.0,0
88317.0,2015-2016,29.0,173.6,78.1,25.9,90.2,1.0,3.0,5.397605346934028e-79,5.397605346934028e-79,1.0,0.0,481.0,0
88322.0,2015-2016,60.0,162.4,58.7,22.3,87.7,5.397605346934028e-79,5.397605346934028e-79,5.397605346934028e-79,5.397605346934028e-79,1.0,0.0,204.0,1
88327.0,2015-2016,51.0,162.4,72.9,27.6,92.8,5.397605346934028e-79,5.397605346934028e-79,5.397605346934028e-79,5.397605346934028e-79,0.0,0.0,428.0,0
88337.0,2015-2016,49.0,163.9,78.8,29.3,102.3,,,,,1.0,1.0,354.0,0
88342.0,2015-2016,45.0,169.7,80.0,27.8,99.3,,,,,0.0,0.0,517.0,0
88343.0,2015-2016,35.0,172.8,87.3,29.2,101.2,1.0,5.397605346934028e-79,5.397605346934028e-79,5.397605346934028e-79,0.0,0.0,107.0,1
88350.0,2015-2016,45.0,174.1,100.2,33.1,112.6,5.397605346934028e-79,5.397605346934028e-79,5.397605346934028e-79,2.0,1.0,1.0,494.0,0
88353.0,2015-2016,34.0,175.5,80.0,26.0,95.2,5.397605346934028e-79,5.397605346934028e-79,5.397605346934028e-79,5.397605346934028e-79,0.0,0.0,781.0,0
88365.0,2015-2016,36.0,178.2,106.2,33.4,117.4,1.0,5.397605346934028e-79,1.0,3.0,0.0,0.0,197.0,1
88370.0,2015-2016,34.0,173.7,80.7,26.7,88.9,5.397605346934028e-79,5.397605346934028e-79,1.0,1.0,0.0,0.0,374.0,0
88388.0,2015-2016,55.0,164.2,75.4,28.0,102.0,3.0,3.0,3.0,3.0,0.0,0.0,386.0,0
88410.0,2015-2016,19.0,183.3,71.0,21.1,77.3,2.0,2.0,1.0,1.0,0.0,0.0,455.0,0
88417.0,2015-2016,59.0,172.1,65.7,22.2,82.5,5.397605346934028e-79,5.397605346934028e-79,5.397605346934028e-79,5.397605346934028e-79,0.0,0.0,455.0,0
88425.0,2015-2016,45.0,184.2,103.2,30.4,110.4,5.397605346934028e-79,1.0,5.397605346934028e-79,5.397605346934028e-79,0.0,0.0,351.0,0
88427.0,2015-2016,30.0,168.1,79.2,28.0,102.3,1.0,1.0,5.397605346934028e-79,5.397605346934028e-79,0.0,0.0,233.0,1
88428.0,2015-2016,47.0,176.6,70.2,22.5,80.9,1.0,5.397605346934028e-79,5.397605346934028e-79,5.397605346934028e-79,0.0,0.0,333.0,0
88429.0,2015-2016,51.0,167.0,82.2,29.5,97.5,1.0,1.0,5.397605346934028e-79,5.397605346934028e-79,1.0,0.0,542.0,0
88432.0,2015-2016,33.0,169.0,75.9,26.6,92.7,5.397605346934028e-79,5.397605346934028e-79,5.397605346934028e-79,5.397605346934028e-79,0.0,0.0,422.0,0
88450.0,2015-2016,49.0,174.3,77.7,25.6,94.2,1.0,5.397605346934028e-79,1.0,1.0,1.0,1.0,278.0,1
88455.0,2015-2016,58.0,178.4,80.0,25.1,97.2,2.0,5.397605346934028e-79,5.397605346934028e-79,5.397605346934028e-79,0.0,1.0,308.0,0
88459.0,2015-2016,38.0,159.2,76.3,30.1,92.2,5.397605346934028e-79,5.397605346934028e-79,5.397605346934028e-79,5.397605346934028e-79,0.0,0.0,798.0,0
88461.0,2015-2016,27.0,175.4,90.2,29.3,101.4,1.0,5.397605346934028e-79,5.397605346934028e-79,5.397605346934028e-79,0.0,0.0,440.0,0
88464.0,2015-2016,38.0,182.9,123.2,36.8,105.7,5.397605346934028e-79,5.397605346934028e-79,5.397605346934028e-79,5.397605346934028e-79,0.0,0.0,47.1,1
88469.0,2015-2016,33.0,173.8,121.9,40.4,122.1,1.0,2.0,5.397605346934028e-79,1.0,0.0,0.0,308.0,0
88477.0,2015-2016,47.0,158.4,56.2,22.4,82.0,5.397605346934028e-79,5.397605346934028e-79,5.397605346934028e-79,5.397605346934028e-79,0.0,0.0,976.0,0
88501.0,2015-2016,31.0,178.4,94.9,29.8,108.6,1.0,1.0,5.397605346934028e-79,5.397605346934028e-79,0.0,0.0,327.0,0
88509.0,2015-2016,32.0,168.1,101.5,35.9,112.8,5.397605346934028e-79,5.397605346934028e-79,5.397605346934028e-79,5.397605346934028e-79,0.0,0.0,238.0,1
88515.0,2015-2016,54.0,179.9,94.0,29.0,102.7,1.0,1.0,5.397605346934028e-79,5.397605346934028e-79,1.0,0.0,215.0,1
88524.0,2015-2016,24.0,183.4,54.5,16.2,70.7,5.397605346934028e-79,5.397605346934028e-79,5.397605346934028e-79,5.397605346934028e-79,0.0,0.0,757.0,0
88537.0,2015-2016,45.0,173.4,79.6,26.5,91.7,5.397605346934028e-79,5.397605346934028e-79,5.397605346934028e-79,5.397605346934028e-79,0.0,0.0,418.0,0
88543.0,2015-2016,22.0,172.8,74.2,24.8,78.2,5.397605346934028e-79,1.0,5.397605346934028e-79,5.397605346934028e-79,0.0,0.0,880.0,0
88545.0,2015-2016,46.0,181.7,80.1,24.3,91.2,5.397605346934028e-79,5.397605346934028e-79,5.397605346934028e-79,5.397605346934028e-79,0.0,0.0,388.0,0
88547.0,2015-2016,26.0,180.4,61.8,19.0,73.5,5.397605346934028e-79,5.397605346934028e-79,5.397605346934028e-79,1.0,0.0,0.0,642.0,0
88549.0,2015-2016,46.0,171.2,92.5,31.6,102.3,1.0,5.397605346934028e-79,5.397605346934028e-79,5.397605346934028e-79,0.0,0.0,323.0,0
88561.0,2015-2016,45.0,174.2,161.2,53.1,159.8,3.0,3.0,5.397605346934028e-79,5.397605346934028e-79,0.0,0.0,126.0,1
88574.0,2015-2016,29.0,168.4,89.2,31.5,108.4,1.0,1.0,5.397605346934028e-79,5.397605346934028e-79,0.0,0.0,365.0,0
88575.0,2015-2016,48.0,182.8,101.3,30.3,103.2,1.0,5.397605346934028e-79,5.397605346934028e-79,5.397605346934028e-79,0.0,0.0,300.0,0
88576.0,2015-2016,33.0,179.9,103.6,32.0,108.0,5.397605346934028e-79,5.397605346934028e-79,5.397605346934028e-79,5.397605346934028e-79,1.0,1.0,274.0,1
88582.0,2015-2016,19.0,181.8,68.1,20.6,75.5,5.397605346934028e-79,5.397605346934028e-79,5.397605346934028e-79,2.0,0.0,0.0,756.0,0
88584.0,2015-2016,57.0,166.2,71.1,25.7,89.6,1.0,1.0,1.0,1.0,1.0,0.0,699.0,0
88585.0,2015-2016,48.0,162.6,73.4,27.8,90.5,5.397605346934028e-79,5.397605346934028e-79,5.397605346934028e-79,5.397605346934028e-79,1.0,1.0,296.0,1
88590.0,2015-2016,45.0,165.6,63.6,23.2,86.4,,,,,1.0,0.0,1090.0,0
88592.0,2015-2016,41.0,176.6,154.2,49.4,138.5,2.0,3.0,5.397605346934028e-79,1.0,1.0,0.0,214.0,1
88600.0,2015-2016,59.0,168.3,77.6,27.4,101.4,5.397605346934028e-79,5.397605346934028e-79,5.397605346934028e-79,5.397605346934028e-79,0.0,0.0,389.0,0
88602.0,2015-2016,23.0,166.9,88.6,31.8,96.8,,,,,0.0,0.0,349.0,0
88604.0,2015-2016,38.0,176.9,104.4,33.4,106.4,5.397605346934028e-79,5.397605346934028e-79,5.397605346934028e-79,5.397605346934028e-79,0.0,0.0,449.0,0
88618.0,2015-2016,27.0,167.4,79.2,28.3,89.3,5.397605346934028e-79,5.397605346934028e-79,5.397605346934028e-79,5.397605346934028e-79,0.0,0.0,602.0,0
88630.0,2015-2016,32.0,171.1,61.6,21.0,73.2,2.0,1.0,5.397605346934028e-79,5.397605346934028e-79,0.0,0.0,886.0,0
88633.0,2015-2016,30.0,176.8,86.8,27.8,,,,,,0.0,0.0,335.0,0
88634.0,2015-2016,59.0,174.4,95.5,31.4,110.5,1.0,3.0,1.0,3.0,0.0,0.0,394.0,0
88637.0,2015-2016,49.0,173.6,102.8,34.1,118.2,1.0,1.0,1.0,1.0,0.0,0.0,275.0,1
88638.0,2015-2016,46.0,185.0,111.9,32.7,108.3,5.397605346934028e-79,5.397605346934028e-79,1.0,3.0,0.0,0.0,302.0,0
88640.0,2015-2016,58.0,182.5,115.0,34.5,120.2,3.0,2.0,1.0,1.0,0.0,0.0,116.0,1
88643.0,2015-2016,33.0,180.7,76.3,23.4,85.5,5.397605346934028e-79,1.0,5.397605346934028e-79,5.397605346934028e-79,0.0,0.0,485.0,0
88655.0,2015-2016,41.0,171.9,118.9,40.2,,,,,,1.0,0.0,322.0,0
88658.0,2015-2016,48.0,195.6,103.5,27.1,106.4,1.0,1.0,5.397605346934028e-79,5.397605346934028e-79,0.0,0.0,224.0,1
88661.0,2015-2016,40.0,188.5,105.2,29.6,107.6,5.397605346934028e-79,5.397605346934028e-79,5.397605346934028e-79,5.397605346934028e-79,0.0,0.0,306.0,0
88664.0,2015-2016,51.0,156.8,46.6,19.0,74.0,3.0,3.0,3.0,5.397605346934028e-79,0.0,1.0,421.0,0
88691.0,2015-2016,26.0,168.6,76.3,26.8,89.4,5.397605346934028e-79,5.397605346934028e-79,1.0,5.397605346934028e-79,0.0,0.0,396.0,0
88695.0,2015-2016,35.0,158.6,80.6,32.0,103.8,1.0,3.0,1.0,5.397605346934028e-79,0.0,0.0,437.0,0
88714.0,2015-2016,60.0,177.7,101.5,32.1,104.7,,,,,0.0,1.0,402.0,0
88725.0,2015-2016,31.0,162.0,78.6,29.9,102.7,1.0,1.0,1.0,1.0,0.0,0.0,298.0,1
88731.0,2015-2016,50.0,172.9,58.6,19.6,76.3,5.397605346934028e-79,5.397605346934028e-79,5.397605346934028e-79,5.397605346934028e-79,0.0,0.0,483.0,0
88732.0,2015-2016,22.0,165.1,54.9,20.1,76.1,1.0,1.0,5.397605346934028e-79,5.397605346934028e-79,0.0,1.0,426.0,0
88741.0,2015-2016,55.0,161.3,63.3,24.3,87.9,,,,,1.0,0.0,467.0,0
88742.0,2015-2016,24.0,175.1,51.9,16.9,68.8,1.0,5.397605346934028e-79,5.397605346934028e-79,3.0,0.0,0.0,517.0,0
88755.0,2015-2016,37.0,170.0,99.8,34.5,113.5,5.397605346934028e-79,1.0,5.397605346934028e-79,5.397605346934028e-79,0.0,0.0,203.0,1
88763.0,2015-2016,27.0,181.3,109.8,33.4,101.6,,,,,0.0,0.0,363.0,0
88769.0,2015-2016,59.0,152.3,63.5,27.4,83.7,,,,,0.0,0.0,421.0,0
88770.0,2015-2016,53.0,185.3,110.6,32.2,114.1,1.0,1.0,1.0,1.0,1.0,0.0,320.0,0
88775.0,2015-2016,45.0,161.1,57.3,22.1,85.5,1.0,1.0,1.0,1.0,0.0,0.0,687.0,0
88781.0,2015-2016,41.0,169.5,106.9,37.2,125.0,2.0,2.0,1.0,2.0,1.0,1.0,171.0,1
88792.0,2015-2016,19.0,170.4,80.4,27.7,101.0,1.0,1.0,5.397605346934028e-79,5.397605346934028e-79,0.0,0.0,338.0,0
88793.0,2015-2016,21.0,176.0,57.3,18.5,,,,,,0.0,0.0,768.0,0
88804.0,2015-2016,55.0,175.0,81.9,26.7,98.2,3.0,3.0,3.0,3.0,0.0,0.0,473.0,0
88805.0,2015-2016,30.0,173.6,80.9,26.8,88.5,5.397605346934028e-79,5.397605346934028e-79,5.397605346934028e-79,5.397605346934028e-79,0.0,0.0,384.0,0
88814.0,2015-2016,30.0,175.2,74.6,24.3,93.5,1.0,5.397605346934028e-79,5.397605346934028e-79,5.397605346934028e-79,1.0,0.0,469.0,0
88841.0,2015-2016,38.0,157.2,74.8,30.3,97.9,5.397605346934028e-79,5.397605346934028e-79,5.397605346934028e-79,5.397605346934028e-79,1.0,0.0,199.0,1
88846.0,2015-2016,32.0,173.3,90.1,30.0,99.3,,,,,0.0,0.0,505.0,0
88859.0,2015-2016,50.0,170.5,96.6,33.2,120.4,5.397605346934028e-79,5.397605346934028e-79,5.397605346934028e-79,5.397605346934028e-79,1.0,1.0,684.0,0
88861.0,2015-2016,19.0,175.2,89.7,29.2,104.9,1.0,5.397605346934028e-79,5.397605346934028e-79,1.0,0.0,0.0,389.0,0
88864.0,2015-2016,53.0,178.6,115.1,36.1,127.2,,,,,0.0,0.0,254.0,1
88877.0,2015-2016,53.0,173.3,86.3,28.7,98.2,5.397605346934028e-79,1.0,5.397605346934028e-79,1.0,1.0,0.0,346.0,0
88878.0,2015-2016,20.0,175.3,63.0,20.5,73.5,5.397605346934028e-79,1.0,5.397605346934028e-79,5.397605346934028e-79,0.0,0.0,568.0,0
88884.0,2015-2016,24.0,184.8,100.3,29.4,101.4,1.0,1.0,5.397605346934028e-79,5.397605346934028e-79,0.0,0.0,368.0,0
88885.0,2015-2016,54.0,174.0,110.9,36.6,113.6,5.397605346934028e-79,5.397605346934028e-79,5.397605346934028e-79,5.397605346934028e-79,1.0,0.0,292.0,1
88887.0,2015-2016,40.0,174.9,78.2,25.6,94.5,3.0,3.0,1.0,1.0,0.0,0.0,535.0,0
88893.0,2015-2016,19.0,172.1,82.3,27.8,85.1,1.0,5.397605346934028e-79,5.397605346934028e-79,5.397605346934028e-79,0.0,0.0,523.0,0
88894.0,2015-2016,21.0,182.9,78.0,23.3,81.4,5.397605346934028e-79,5.397605346934028e-79,5.397605346934028e-79,5.397605346934028e-79,0.0,0.0,868.0,0
88896.0,2015-2016,23.0,170.2,56.2,19.4,72.4,1.0,1.0,2.0,5.397605346934028e-79,0.0,0.0,688.0,0
88897.0,2015-2016,31.0,180.7,99.0,30.3,105.7,2.0,2.0,5.397605346934028e-79,5.397605346934028e-79,0.0,0.0,486.0,0
88898.0,2015-2016,30.0,169.1,142.5,49.8,139.3,1.0,2.0,5.397605346934028e-79,5.397605346934028e-79,0.0,0.0,297.0,1
88901.0,2015-2016,33.0,176.8,67.6,21.6,81.5,1.0,1.0,5.397605346934028e-79,5.397605346934028e-79,0.0,0.0,379.0,0
88906.0,2015-2016,29.0,185.1,95.8,28.0,91.2,1.0,5.397605346934028e-79,5.397605346934028e-79,5.397605346934028e-79,0.0,0.0,193.0,1
88911.0,2015-2016,34.0,171.9,76.7,26.0,91.9,5.397605346934028e-79,5.397605346934028e-79,5.397605346934028e-79,5.397605346934028e-79,0.0,0.0,391.0,0
88912.0,2015-2016,27.0,173.6,80.2,26.6,82.6,5.397605346934028e-79,5.397605346934028e-79,5.397605346934028e-79,5.397605346934028e-79,0.0,0.0,420.0,0
88914.0,2015-2016,25.0,184.2,89.5,26.4,87.8,1.0,1.0,5.397605346934028e-79,5.397605346934028e-79,0.0,0.0,444.0,0
88915.0,2015-2016,37.0,173.3,94.1,31.3,108.8,5.397605346934028e-79,5.397605346934028e-79,5.397605346934028e-79,5.397605346934028e-79,0.0,0.0,419.0,0
88924.0,2015-2016,34.0,173.6,71.1,23.6,82.4,1.0,5.397605346934028e-79,5.397605346934028e-79,1.0,0.0,0.0,590.0,0
88927.0,2015-2016,50.0,162.3,65.1,24.7,87.7,5.397605346934028e-79,3.0,5.397605346934028e-79,5.397605346934028e-79,1.0,0.0,403.0,0
88930.0,2015-2016,24.0,177.2,86.5,27.5,100.7,5.397605346934028e-79,5.397605346934028e-79,5.397605346934028e-79,5.397605346934028e-79,0.0,0.0,360.0,0
88940.0,2015-2016,31.0,184.2,119.2,35.1,123.4,1.0,1.0,1.0,1.0,0.0,0.0,355.0,0
88942.0,2015-2016,57.0,178.9,110.2,34.4,117.8,1.0,5.397605346934028e-79,5.397605346934028e-79,5.397605346934028e-79,1.0,1.0,481.0,0
88943.0,2015-2016,43.0,174.7,95.2,31.2,108.7,5.397605346934028e-79,5.397605346934028e-79,5.397605346934028e-79,5.397605346934028e-79,0.0,0.0,415.0,0
88945.0,2015-2016,30.0,172.1,82.0,27.7,87.9,3.0,3.0,5.397605346934028e-79,5.397605346934028e-79,0.0,0.0,350.0,0
88952.0,2015-2016,60.0,183.0,80.2,23.9,96.0,5.397605346934028e-79,5.397605346934028e-79,5.397605346934028e-79,5.397605346934028e-79,0.0,0.0,417.0,0
88960.0,2015-2016,53.0,185.6,77.9,22.6,88.5,,,,,1.0,1.0,495.0,0
88961.0,2015-2016,54.0,165.9,73.0,26.5,97.8,5.397605346934028e-79,5.397605346934028e-79,5.397605346934028e-79,5.397605346934028e-79,1.0,0.0,288.0,1
88965.0,2015-2016,22.0,174.0,51.9,17.1,70.5,5.397605346934028e-79,5.397605346934028e-79,5.397605346934028e-79,5.397605346934028e-79,0.0,0.0,550.0,0
88968.0,2015-2016,36.0,177.0,95.7,30.5,102.1,1.0,5.397605346934028e-79,5.397605346934028e-79,5.397605346934028e-79,0.0,0.0,332.0,0
88974.0,2015-2016,22.0,173.5,77.5,25.7,91.5,1.0,5.397605346934028e-79,5.397605346934028e-79,1.0,0.0,0.0,556.0,0
88981.0,2015-2016,35.0,167.8,81.9,29.1,94.5,,,,,1.0,1.0,653.0,0
88983.0,2015-2016,29.0,170.6,69.2,23.8,90.5,1.0,5.397605346934028e-79,5.397605346934028e-79,5.397605346934028e-79,0.0,0.0,445.0,0
88985.0,2015-2016,44.0,182.3,88.8,26.7,96.9,,,,,0.0,0.0,539.0,0
88996.0,2015-2016,33.0,177.3,71.1,22.6,90.2,1.0,5.397605346934028e-79,5.397605346934028e-79,5.397605346934028e-79,1.0,0.0,491.0,0
89003.0,2015-2016,52.0,175.8,97.2,31.5,111.4,1.0,5.397605346934028e-79,5.397605346934028e-79,5.397605346934028e-79,1.0,1.0,309.0,0
89005.0,2015-2016,43.0,169.4,70.1,24.4,90.0,5.397605346934028e-79,5.397605346934028e-79,5.397605346934028e-79,5.397605346934028e-79,0.0,1.0,289.0,1
89006.0,2015-2016,50.0,157.0,54.5,22.1,81.3,1.0,5.397605346934028e-79,5.397605346934028e-79,5.397605346934028e-79,1.0,0.0,378.0,0
89019.0,2015-2016,36.0,177.5,69.9,22.2,83.8,5.397605346934028e-79,1.0,5.397605346934028e-79,5.397605346934028e-79,1.0,0.0,679.0,0
89042.0,2015-2016,20.0,178.6,84.4,26.5,92.3,1.0,5.397605346934028e-79,5.397605346934028e-79,1.0,0.0,0.0,833.0,0
89043.0,2015-2016,49.0,178.9,109.7,34.3,114.7,3.0,5.397605346934028e-79,5.397605346934028e-79,5.397605346934028e-79,0.0,0.0,221.0,1
89044.0,2015-2016,30.0,183.3,111.0,33.0,112.4,5.397605346934028e-79,5.397605346934028e-79,5.397605346934028e-79,5.397605346934028e-79,0.0,0.0,295.0,1
89045.0,2015-2016,19.0,186.0,72.1,20.8,73.9,1.0,5.397605346934028e-79,5.397605346934028e-79,5.397605346934028e-79,0.0,0.0,905.0,0
89047.0,2015-2016,37.0,170.1,104.6,36.2,104.4,,,,,0.0,0.0,174.0,1
89054.0,2015-2016,49.0,179.6,173.4,53.8,,3.0,3.0,5.397605346934028e-79,3.0,1.0,1.0,155.0,1
89063.0,2015-2016,24.0,169.1,85.8,30.0,100.3,2.0,5.397605346934028e-79,5.397605346934028e-79,5.397605346934028e-79,1.0,0.0,390.0,0
89067.0,2015-2016,34.0,175.3,90.5,29.4,100.2,5.397605346934028e-79,5.397605346934028e-79,5.397605346934028e-79,5.397605346934028e-79,0.0,0.0,448.0,0
89077.0,2015-2016,53.0,167.7,73.6,26.2,92.6,5.397605346934028e-79,5.397605346934028e-79,5.397605346934028e-79,5.397605346934028e-79,0.0,0.0,357.0,0
89081.0,2015-2016,43.0,172.2,74.1,25.0,85.8,3.0,5.397605346934028e-79,2.0,2.0,0.0,0.0,838.0,0
89087.0,2015-2016,41.0,173.6,87.3,29.0,107.4,5.397605346934028e-79,5.397605346934028e-79,5.397605346934028e-79,5.397605346934028e-79,1.0,0.0,179.0,1
89095.0,2015-2016,54.0,173.4,88.3,29.4,,,,,,1.0,0.0,400.0,0
89099.0,2015-2016,59.0,172.8,74.8,25.1,99.4,1.0,5.397605346934028e-79,5.397605346934028e-79,5.397605346934028e-79,0.0,0.0,366.0,0
89102.0,2015-2016,60.0,,,,,1.0,5.397605346934028e-79,5.397605346934028e-79,5.397605346934028e-79,1.0,0.0,229.0,1
89108.0,2015-2016,28.0,179.3,99.1,30.8,111.0,1.0,1.0,5.397605346934028e-79,5.397605346934028e-79,0.0,0.0,290.0,1
89116.0,2015-2016,22.0,170.3,71.7,24.7,77.1,5.397605346934028e-79,2.0,5.397605346934028e-79,5.397605346934028e-79,0.0,0.0,955.0,0
89119.0,2015-2016,26.0,167.1,62.8,22.5,76.8,5.397605346934028e-79,5.397605346934028e-79,5.397605346934028e-79,5.397605346934028e-79,0.0,0.0,645.0,0
89123.0,2015-2016,29.0,175.8,83.5,27.0,102.3,5.397605346934028e-79,5.397605346934028e-79,5.397605346934028e-79,5.397605346934028e-79,0.0,0.0,550.0,0
89124.0,2015-2016,39.0,185.3,74.8,21.8,89.2,5.397605346934028e-79,5.397605346934028e-79,5.397605346934028e-79,5.397605346934028e-79,1.0,0.0,268.0,1
89126.0,2015-2016,28.0,174.0,54.7,18.1,75.2,5.397605346934028e-79,5.397605346934028e-79,5.397605346934028e-79,5.397605346934028e-79,0.0,0.0,1000.0,0
89130.0,2015-2016,50.0,173.7,95.8,31.8,109.3,5.397605346934028e-79,5.397605346934028e-79,5.397605346934028e-79,5.397605346934028e-79,0.0,0.0,330.0,0
89131.0,2015-2016,51.0,180.1,114.3,35.2,124.0,5.397605346934028e-79,5.397605346934028e-79,5.397605346934028e-79,5.397605346934028e-79,1.0,1.0,269.0,1
89134.0,2015-2016,37.0,187.5,103.6,29.5,106.3,5.397605346934028e-79,5.397605346934028e-79,5.397605346934028e-79,5.397605346934028e-79,1.0,0.0,336.0,0
89137.0,2015-2016,60.0,184.0,103.8,30.7,111.1,5.397605346934028e-79,5.397605346934028e-79,5.397605346934028e-79,5.397605346934028e-79,0.0,0.0,393.0,0
89141.0,2015-2016,45.0,175.1,85.4,27.9,101.6,1.0,2.0,5.397605346934028e-79,5.397605346934028e-79,0.0,0.0,503.0,0
89158.0,2015-2016,55.0,178.0,70.4,22.2,87.4,1.0,5.397605346934028e-79,5.397605346934028e-79,5.397605346934028e-79,1.0,1.0,785.0,0
89162.0,2015-2016,51.0,161.1,91.4,35.2,105.2,5.397605346934028e-79,5.397605346934028e-79,5.397605346934028e-79,5.397605346934028e-79,0.0,0.0,454.0,0
89166.0,2015-2016,47.0,180.2,85.1,26.2,92.8,1.0,5.397605346934028e-79,5.397605346934028e-79,5.397605346934028e-79,1.0,0.0,364.0,0
89169.0,2015-2016,44.0,172.9,98.1,32.8,103.7,5.397605346934028e-79,5.397605346934028e-79,5.397605346934028e-79,5.397605346934028e-79,1.0,0.0,274.0,1
89172.0,2015-2016,32.0,176.1,108.8,35.1,114.7,5.397605346934028e-79,5.397605346934028e-79,5.397605346934028e-79,5.397605346934028e-79,0.0,0.0,315.0,0
89178.0,2015-2016,21.0,181.6,76.2,23.1,80.9,2.0,2.0,1.0,5.397605346934028e-79,0.0,0.0,886.0,0
89180.0,2015-2016,32.0,171.5,64.1,21.8,,,,,,0.0,0.0,741.0,0
89181.0,2015-2016,58.0,170.4,63.4,21.8,89.4,1.0,1.0,5.397605346934028e-79,5.397605346934028e-79,1.0,0.0,349.0,0
89185.0,2015-2016,24.0,170.3,83.6,28.8,102.3,5.397605346934028e-79,5.397605346934028e-79,5.397605346934028e-79,5.397605346934028e-79,0.0,0.0,380.0,0
89190.0,2015-2016,47.0,181.0,91.5,27.9,96.5,1.0,1.0,5.397605346934028e-79,5.397605346934028e-79,1.0,1.0,325.0,0
89192.0,2015-2016,44.0,179.1,115.5,36.0,122.9,5.397605346934028e-79,5.397605346934028e-79,3.0,5.397605346934028e-79,0.0,0.0,307.0,0
89194.0,2015-2016,49.0,179.6,118.3,36.7,128.0,5.397605346934028e-79,5.397605346934028e-79,5.397605346934028e-79,5.397605346934028e-79,1.0,0.0,181.0,1
89201.0,2015-2016,50.0,170.4,72.3,24.9,95.0,1.0,1.0,1.0,1.0,1.0,0.0,347.0,0
89204.0,2015-2016,45.0,152.9,67.2,28.7,93.4,1.0,5.397605346934028e-79,5.397605346934028e-79,5.397605346934028e-79,0.0,0.0,401.0,0
89208.0,2015-2016,57.0,174.9,66.7,21.8,84.2,2.0,2.0,1.0,2.0,1.0,0.0,583.0,0
89214.0,2015-2016,51.0,158.6,62.5,24.8,87.9,,,,,0.0,0.0,434.0,0
89234.0,2015-2016,22.0,174.5,94.6,31.1,96.2,5.397605346934028e-79,5.397605346934028e-79,5.397605346934028e-79,5.397605346934028e-79,0.0,0.0,385.0,0
89239.0,2015-2016,24.0,184.5,111.8,32.8,107.0,,,,,0.0,0.0,427.0,0
89244.0,2015-2016,49.0,174.5,90.3,29.7,106.2,1.0,1.0,1.0,5.397605346934028e-79,0.0,0.0,382.0,0
89256.0,2015-2016,35.0,171.8,131.1,44.4,132.4,1.0,2.0,1.0,1.0,1.0,0.0,246.0,1
89259.0,2015-2016,38.0,188.4,125.6,35.4,115.3,5.397605346934028e-79,5.397605346934028e-79,1.0,5.397605346934028e-79,0.0,0.0,259.0,1
89264.0,2015-2016,26.0,185.0,79.0,23.1,82.1,5.397605346934028e-79,5.397605346934028e-79,5.397605346934028e-79,5.397605346934028e-79,0.0,0.0,409.0,0
89266.0,2015-2016,39.0,184.2,100.9,29.7,108.2,3.0,3.0,5.397605346934028e-79,2.0,1.0,0.0,278.0,1
89267.0,2015-2016,25.0,181.8,140.9,42.6,137.1,1.0,5.397605346934028e-79,5.397605346934028e-79,5.397605346934028e-79,0.0,0.0,173.0,1
89268.0,2015-2016,34.0,169.1,87.4,30.6,94.4,5.397605346934028e-79,5.397605346934028e-79,5.397605346934028e-79,5.397605346934028e-79,0.0,0.0,802.0,0
89271.0,2015-2016,57.0,181.8,140.4,42.5,132.6,5.397605346934028e-79,5.397605346934028e-79,5.397605346934028e-79,5.397605346934028e-79,1.0,0.0,206.0,1
89280.0,2015-2016,57.0,167.1,67.4,24.1,90.4,5.397605346934028e-79,5.397605346934028e-79,5.397605346934028e-79,5.397605346934028e-79,0.0,0.0,604.0,0
89290.0,2015-2016,36.0,177.2,181.5,57.8,,1.0,1.0,5.397605346934028e-79,1.0,0.0,0.0,153.0,1
89292.0,2015-2016,32.0,,,,,2.0,3.0,3.0,1.0,1.0,1.0,232.0,1
89297.0,2015-2016,19.0,171.6,100.9,34.3,107.2,5.397605346934028e-79,5.397605346934028e-79,5.397605346934028e-79,5.397605346934028e-79,0.0,0.0,379.0,0
89308.0,2015-2016,60.0,166.7,77.5,27.9,95.8,5.397605346934028e-79,5.397605346934028e-79,5.397605346934028e-79,5.397605346934028e-79,1.0,0.0,437.0,0
89311.0,2015-2016,19.0,176.3,71.4,23.0,79.4,1.0,1.0,5.397605346934028e-79,1.0,0.0,0.0,402.0,0
89313.0,2015-2016,51.0,178.7,114.2,35.8,123.2,3.0,5.397605346934028e-79,5.397605346934028e-79,5.397605346934028e-79,0.0,0.0,165.0,1
89317.0,2015-2016,24.0,192.9,65.2,17.5,74.3,1.0,1.0,1.0,5.397605346934028e-79,0.0,0.0,809.0,0
89319.0,2015-2016,60.0,178.3,71.6,22.5,91.2,5.397605346934028e-79,5.397605346934028e-79,5.397605346934028e-79,5.397605346934028e-79,0.0,0.0,666.0,0
89325.0,2015-2016,44.0,175.6,155.9,50.6,148.8,1.0,1.0,1.0,5.397605346934028e-79,1.0,1.0,101.0,1
89326.0,2015-2016,54.0,169.7,66.0,22.9,,5.397605346934028e-79,5.397605346934028e-79,5.397605346934028e-79,5.397605346934028e-79,0.0,1.0,443.0,0
89331.0,2015-2016,35.0,165.1,73.3,26.9,92.6,5.397605346934028e-79,5.397605346934028e-79,5.397605346934028e-79,5.397605346934028e-79,1.0,0.0,547.0,0
89335.0,2015-2016,37.0,175.9,91.4,29.5,98.2,2.0,2.0,5.397605346934028e-79,5.397605346934028e-79,0.0,0.0,364.0,0
89346.0,2015-2016,48.0,174.0,86.3,28.5,98.4,1.0,1.0,5.397605346934028e-79,1.0,0.0,0.0,242.0,1
89347.0,2015-2016,19.0,176.2,64.7,20.8,74.8,1.0,1.0,5.397605346934028e-79,5.397605346934028e-79,0.0,0.0,584.0,0
89350.0,2015-2016,57.0,169.0,75.0,26.3,92.5,1.0,2.0,5.397605346934028e-79,1.0,0.0,0.0,713.0,0
89353.0,2015-2016,36.0,162.0,61.7,23.5,81.4,5.397605346934028e-79,1.0,5.397605346934028e-79,5.397605346934028e-79,0.0,0.0,388.0,0
89354.0,2015-2016,39.0,169.6,77.5,26.9,88.0,,,,,0.0,0.0,315.0,0
89357.0,2015-2016,39.0,170.5,99.3,34.2,108.4,5.397605346934028e-79,5.397605346934028e-79,5.397605346934028e-79,5.397605346934028e-79,0.0,0.0,576.0,0
89358.0,2015-2016,42.0,183.4,84.4,25.1,97.8,5.397605346934028e-79,5.397605346934028e-79,5.397605346934028e-79,5.397605346934028e-79,0.0,0.0,326.0,0
89367.0,2015-2016,58.0,164.7,79.9,29.5,105.1,1.0,3.0,1.0,1.0,0.0,0.0,450.0,0
89382.0,2015-2016,55.0,177.6,85.5,27.1,99.4,1.0,5.397605346934028e-79,5.397605346934028e-79,5.397605346934028e-79,1.0,1.0,171.0,1
89383.0,2015-2016,50.0,167.9,87.5,31.0,106.0,1.0,1.0,1.0,5.397605346934028e-79,1.0,0.0,372.0,0
89384.0,2015-2016,22.0,175.0,102.9,33.6,111.0,5.397605346934028e-79,5.397605346934028e-79,5.397605346934028e-79,5.397605346934028e-79,0.0,0.0,311.0,0
89397.0,2015-2016,52.0,163.3,73.3,27.5,96.5,1.0,1.0,5.397605346934028e-79,5.397605346934028e-79,0.0,0.0,437.0,0
89408.0,2015-2016,50.0,172.6,95.6,32.1,112.7,1.0,5.397605346934028e-79,5.397605346934028e-79,2.0,0.0,1.0,350.0,0
89414.0,2015-2016,20.0,185.3,81.2,23.6,78.5,5.397605346934028e-79,5.397605346934028e-79,5.397605346934028e-79,2.0,1.0,0.0,1460.0,0
89419.0,2015-2016,58.0,187.7,122.3,34.7,133.0,,,,,1.0,1.0,576.0,0
89425.0,2015-2016,36.0,172.6,97.0,32.6,107.0,1.0,1.0,5.397605346934028e-79,1.0,0.0,0.0,352.0,0
89426.0,2015-2016,29.0,182.7,131.1,39.3,129.5,5.397605346934028e-79,5.397605346934028e-79,5.397605346934028e-79,5.397605346934028e-79,0.0,0.0,249.0,1
89436.0,2015-2016,33.0,173.4,76.5,25.4,92.5,1.0,5.397605346934028e-79,5.397605346934028e-79,5.397605346934028e-79,0.0,0.0,281.0,1
89442.0,2015-2016,51.0,177.9,71.2,22.5,86.1,5.397605346934028e-79,5.397605346934028e-79,5.397605346934028e-79,5.397605346934028e-79,0.0,0.0,599.0,0
89445.0,2015-2016,32.0,183.0,81.8,24.4,89.7,5.397605346934028e-79,5.397605346934028e-79,5.397605346934028e-79,5.397605346934028e-79,0.0,0.0,403.0,0
89459.0,2015-2016,54.0,164.5,58.1,21.5,81.8,2.0,2.0,1.0,1.0,1.0,0.0,599.0,0
89462.0,2015-2016,29.0,157.1,62.5,25.3,86.8,5.397605346934028e-79,1.0,5.397605346934028e-79,3.0,0.0,0.0,792.0,0
89477.0,2015-2016,31.0,185.7,96.5,28.0,103.8,5.397605346934028e-79,3.0,5.397605346934028e-79,1.0,1.0,0.0,325.0,0
89485.0,2015-2016,35.0,182.3,94.4,28.4,96.7,5.397605346934028e-79,1.0,1.0,5.397605346934028e-79,0.0,0.0,220.0,1
89491.0,2015-2016,49.0,180.5,128.2,39.3,116.0,5.397605346934028e-79,5.397605346934028e-79,5.397605346934028e-79,5.397605346934028e-79,0.0,0.0,355.0,0
89497.0,2015-2016,20.0,168.0,61.6,21.8,74.8,1.0,1.0,1.0,1.0,0.0,0.0,604.0,0
89513.0,2015-2016,49.0,163.6,61.7,23.1,81.0,5.397605346934028e-79,5.397605346934028e-79,5.397605346934028e-79,5.397605346934028e-79,0.0,0.0,414.0,0
89517.0,2015-2016,27.0,180.5,90.4,27.7,92.4,5.397605346934028e-79,5.397605346934028e-79,5.397605346934028e-79,5.397605346934028e-79,0.0,0.0,375.0,0
89520.0,2015-2016,45.0,183.6,98.0,29.1,102.0,,,,,0.0,0.0,394.0,0
89522.0,2015-2016,45.0,172.0,81.4,27.5,93.4,,,,,0.0,0.0,553.0,0
89524.0,2015-2016,54.0,167.1,104.6,37.5,122.5,5.397605346934028e-79,5.397605346934028e-79,5.397605346934028e-79,5.397605346934028e-79,1.0,0.0,245.0,1
89533.0,2015-2016,38.0,178.2,108.7,34.2,114.6,5.397605346934028e-79,5.397605346934028e-79,5.397605346934028e-79,5.397605346934028e-79,0.0,0.0,186.0,1
89534.0,2015-2016,20.0,154.1,88.4,37.2,,,,,,0.0,0.0,511.0,0
89537.0,2015-2016,50.0,175.7,95.4,30.9,,,,,,0.0,1.0,226.0,1
89540.0,2015-2016,48.0,182.6,75.9,22.8,94.8,,,,,0.0,1.0,420.0,0
89541.0,2015-2016,44.0,166.8,98.1,35.3,116.7,1.0,5.397605346934028e-79,5.397605346934028e-79,5.397605346934028e-79,1.0,0.0,512.0,0
89549.0,2015-2016,49.0,152.8,72.7,31.1,105.5,5.397605346934028e-79,5.397605346934028e-79,5.397605346934028e-79,5.397605346934028e-79,0.0,0.0,436.0,0
89550.0,2015-2016,55.0,172.7,73.9,24.8,93.7,5.397605346934028e-79,5.397605346934028e-79,5.397605346934028e-79,5.397605346934028e-79,0.0,0.0,562.0,0
89553.0,2015-2016,55.0,172.3,86.6,29.2,106.5,5.397605346934028e-79,5.397605346934028e-79,5.397605346934028e-79,5.397605346934028e-79,0.0,0.0,278.0,1
89557.0,2015-2016,51.0,171.0,78.6,26.9,101.2,1.0,5.397605346934028e-79,5.397605346934028e-79,1.0,1.0,1.0,534.0,0
89568.0,2015-2016,51.0,181.8,108.6,32.9,114.5,5.397605346934028e-79,5.397605346934028e-79,5.397605346934028e-79,5.397605346934028e-79,0.0,0.0,440.0,0
89570.0,2015-2016,56.0,180.4,101.4,31.2,110.7,1.0,3.0,5.397605346934028e-79,1.0,0.0,1.0,427.0,0
89573.0,2015-2016,20.0,177.9,90.2,28.5,99.8,1.0,1.0,1.0,5.397605346934028e-79,0.0,0.0,217.0,1
89577.0,2015-2016,38.0,170.4,69.8,24.0,81.2,5.397605346934028e-79,5.397605346934028e-79,5.397605346934028e-79,5.397605346934028e-79,0.0,0.0,370.0,0
89578.0,2015-2016,34.0,187.0,102.8,29.4,104.5,5.397605346934028e-79,5.397605346934028e-79,1.0,5.397605346934028e-79,1.0,0.0,205.0,1
89579.0,2015-2016,39.0,179.6,62.0,19.2,84.7,5.397605346934028e-79,1.0,1.0,1.0,0.0,0.0,650.0,0
89582.0,2015-2016,53.0,178.5,107.6,33.8,114.8,5.397605346934028e-79,5.397605346934028e-79,5.397605346934028e-79,5.397605346934028e-79,1.0,0.0,276.0,1
89583.0,2015-2016,38.0,177.7,78.1,24.7,85.1,5.397605346934028e-79,5.397605346934028e-79,5.397605346934028e-79,1.0,0.0,0.0,699.0,0
89586.0,2015-2016,22.0,188.6,117.7,33.1,110.6,5.397605346934028e-79,5.397605346934028e-79,5.397605346934028e-79,5.397605346934028e-79,0.0,0.0,627.0,0
89591.0,2015-2016,39.0,181.0,87.9,26.8,96.0,5.397605346934028e-79,5.397605346934028e-79,5.397605346934028e-79,5.397605346934028e-79,0.0,0.0,383.0,0
89594.0,2015-2016,21.0,181.7,79.6,24.1,92.4,1.0,5.397605346934028e-79,3.0,2.0,0.0,0.0,407.0,0
89598.0,2015-2016,38.0,166.5,85.9,31.0,98.3,5.397605346934028e-79,5.397605346934028e-79,5.397605346934028e-79,,0.0,0.0,522.0,0
89600.0,2015-2016,22.0,161.7,75.1,28.7,91.7,1.0,5.397605346934028e-79,5.397605346934028e-79,5.397605346934028e-79,0.0,0.0,688.0,0
89602.0,2015-2016,47.0,178.9,78.2,24.4,89.8,5.397605346934028e-79,5.397605346934028e-79,5.397605346934028e-79,5.397605346934028e-79,0.0,0.0,491.0,0
89604.0,2015-2016,20.0,167.1,70.2,25.1,88.7,5.397605346934028e-79,5.397605346934028e-79,5.397605346934028e-79,5.397605346934028e-79,0.0,0.0,259.0,1
89612.0,2015-2016,32.0,190.3,137.9,38.1,136.2,1.0,2.0,1.0,1.0,1.0,0.0,224.0,1
89614.0,2015-2016,25.0,173.5,79.2,26.3,91.8,5.397605346934028e-79,5.397605346934028e-79,5.397605346934028e-79,5.397605346934028e-79,0.0,0.0,846.0,0
89618.0,2015-2016,28.0,185.6,112.8,32.7,111.5,1.0,5.397605346934028e-79,5.397605346934028e-79,3.0,0.0,0.0,363.0,0
89619.0,2015-2016,31.0,177.9,90.0,28.4,97.0,1.0,5.397605346934028e-79,5.397605346934028e-79,5.397605346934028e-79,0.0,0.0,592.0,0
89629.0,2015-2016,54.0,168.6,107.6,37.9,119.3,5.397605346934028e-79,5.397605346934028e-79,5.397605346934028e-79,5.397605346934028e-79,0.0,0.0,264.0,1
89643.0,2015-2016,29.0,180.7,113.1,34.6,120.0,,,,,0.0,1.0,163.0,1
89648.0,2015-2016,55.0,168.0,75.6,26.8,96.7,5.397605346934028e-79,1.0,5.397605346934028e-79,5.397605346934028e-79,0.0,0.0,758.0,0
89649.0,2015-2016,60.0,187.7,146.6,41.6,147.3,5.397605346934028e-79,5.397605346934028e-79,5.397605346934028e-79,5.397605346934028e-79,1.0,0.0,238.0,1
89656.0,2015-2016,39.0,167.2,64.3,23.0,85.8,5.397605346934028e-79,5.397605346934028e-79,5.397605346934028e-79,5.397605346934028e-79,0.0,0.0,644.0,0
89657.0,2015-2016,59.0,171.2,79.5,27.1,95.0,5.397605346934028e-79,5.397605346934028e-79,5.397605346934028e-79,5.397605346934028e-79,0.0,0.0,486.0,0
89662.0,2015-2016,59.0,178.5,66.2,20.8,87.0,5.397605346934028e-79,5.397605346934028e-79,5.397605346934028e-79,5.397605346934028e-79,0.0,0.0,458.0,0
89669.0,2015-2016,52.0,165.0,81.9,30.1,108.1,5.397605346934028e-79,1.0,5.397605346934028e-79,5.397605346934028e-79,0.0,0.0,296.0,1
89670.0,2015-2016,38.0,175.9,72.0,23.3,88.1,5.397605346934028e-79,5.397605346934028e-79,5.397605346934028e-79,5.397605346934028e-79,0.0,0.0,599.0,0
89672.0,2015-2016,20.0,183.0,75.9,22.7,76.4,5.397605346934028e-79,5.397605346934028e-79,5.397605346934028e-79,5.397605346934028e-79,0.0,0.0,632.0,0
89673.0,2015-2016,39.0,175.7,79.9,25.9,90.1,,,,,0.0,0.0,574.0,0
89674.0,2015-2016,31.0,169.3,97.6,34.1,110.4,1.0,1.0,5.397605346934028e-79,5.397605346934028e-79,1.0,0.0,425.0,0
89677.0,2015-2016,60.0,169.8,77.0,26.7,95.7,5.397605346934028e-79,5.397605346934028e-79,5.397605346934028e-79,5.397605346934028e-79,1.0,0.0,326.0,0
89700.0,2015-2016,25.0,175.4,95.8,31.1,96.4,1.0,5.397605346934028e-79,5.397605346934028e-79,5.397605346934028e-79,0.0,0.0,273.0,1
89706.0,2015-2016,35.0,170.0,99.3,34.4,106.5,1.0,1.0,5.397605346934028e-79,1.0,0.0,0.0,375.0,0
89709.0,2015-2016,26.0,186.7,98.0,28.1,100.8,1.0,2.0,1.0,5.397605346934028e-79,0.0,1.0,455.0,0
89719.0,2015-2016,34.0,177.6,79.1,25.1,92.2,1.0,5.397605346934028e-79,5.397605346934028e-79,5.397605346934028e-79,0.0,0.0,207.0,1
89720.0,2015-2016,31.0,166.8,68.8,24.7,95.0,5.397605346934028e-79,5.397605346934028e-79,5.397605346934028e-79,5.397605346934028e-79,0.0,0.0,284.0,1
89728.0,2015-2016,43.0,156.6,72.8,29.7,96.3,2.0,5.397605346934028e-79,1.0,5.397605346934028e-79,0.0,0.0,264.0,1
89729.0,2015-2016,50.0,174.4,102.5,33.7,114.5,1.0,5.397605346934028e-79,5.397605346934028e-79,5.397605346934028e-79,0.0,0.0,341.0,0
89731.0,2015-2016,34.0,189.7,126.5,35.2,120.2,5.397605346934028e-79,5.397605346934028e-79,5.397605346934028e-79,5.397605346934028e-79,1.0,0.0,219.0,1
89733.0,2015-2016,24.0,176.2,74.3,23.9,83.5,5.397605346934028e-79,5.397605346934028e-79,5.397605346934028e-79,5.397605346934028e-79,0.0,0.0,615.0,0
89735.0,2015-2016,41.0,180.4,75.1,23.1,84.9,5.397605346934028e-79,5.397605346934028e-79,5.397605346934028e-79,5.397605346934028e-79,0.0,0.0,767.0,0
89742.0,2015-2016,45.0,192.1,96.2,26.1,95.7,1.0,1.0,1.0,5.397605346934028e-79,1.0,1.0,464.0,0
89751.0,2015-2016,54.0,181.8,111.1,33.6,119.1,1.0,5.397605346934028e-79,5.397605346934028e-79,5.397605346934028e-79,0.0,0.0,500.0,0
89768.0,2015-2016,36.0,180.2,143.9,44.3,144.9,5.397605346934028e-79,5.397605346934028e-79,5.397605346934028e-79,5.397605346934028e-79,0.0,0.0,355.0,0
89779.0,2015-2016,21.0,181.6,117.9,35.8,118.8,5.397605346934028e-79,5.397605346934028e-79,2.0,5.397605346934028e-79,0.0,0.0,274.0,1
89784.0,2015-2016,19.0,167.2,71.4,25.5,82.5,1.0,3.0,5.397605346934028e-79,5.397605346934028e-79,0.0,0.0,221.0,1
89788.0,2015-2016,28.0,182.5,139.8,42.0,134.9,5.397605346934028e-79,5.397605346934028e-79,5.397605346934028e-79,5.397605346934028e-79,0.0,0.0,16.3,1
89790.0,2015-2016,59.0,173.9,72.9,24.1,98.2,5.397605346934028e-79,2.0,5.397605346934028e-79,5.397605346934028e-79,1.0,0.0,287.0,1
89791.0,2015-2016,23.0,165.8,66.6,24.2,84.2,5.397605346934028e-79,2.0,1.0,1.0,0.0,0.0,388.0,0
89793.0,2015-2016,52.0,174.1,103.3,34.1,113.0,3.0,5.397605346934028e-79,2.0,1.0,1.0,0.0,363.0,0
89799.0,2015-2016,33.0,185.2,112.4,32.8,108.4,1.0,5.397605346934028e-79,5.397605346934028e-79,1.0,0.0,0.0,287.0,1
89806.0,2015-2016,36.0,170.9,65.8,22.5,84.7,2.0,5.397605346934028e-79,5.397605346934028e-79,2.0,0.0,0.0,198.0,1
89814.0,2015-2016,33.0,181.7,124.1,37.6,128.5,5.397605346934028e-79,5.397605346934028e-79,5.397605346934028e-79,5.397605346934028e-79,0.0,0.0,202.0,1
89841.0,2015-2016,57.0,169.3,104.3,36.4,114.1,5.397605346934028e-79,5.397605346934028e-79,5.397605346934028e-79,5.397605346934028e-79,0.0,0.0,466.0,0
89842.0,2015-2016,28.0,171.4,72.1,24.5,78.8,5.397605346934028e-79,5.397605346934028e-79,5.397605346934028e-79,5.397605346934028e-79,0.0,0.0,349.0,0
89846.0,2015-2016,32.0,182.4,82.5,24.8,96.8,5.397605346934028e-79,5.397605346934028e-79,1.0,3.0,0.0,0.0,541.0,0
89851.0,2015-2016,44.0,171.5,128.6,43.7,135.5,5.397605346934028e-79,5.397605346934028e-79,5.397605346934028e-79,5.397605346934028e-79,0.0,1.0,240.0,1
89855.0,2015-2016,59.0,168.3,99.4,35.1,119.7,1.0,5.397605346934028e-79,5.397605346934028e-79,5.397605346934028e-79,1.0,1.0,455.0,0
89861.0,2015-2016,58.0,177.8,99.1,31.3,108.9,,,,,0.0,0.0,518.0,0
89864.0,2015-2016,20.0,174.1,63.5,20.9,88.2,5.397605346934028e-79,2.0,5.397605346934028e-79,5.397605346934028e-79,0.0,0.0,580.0,0
89878.0,2015-2016,47.0,176.2,71.3,23.0,86.4,5.397605346934028e-79,5.397605346934028e-79,5.397605346934028e-79,1.0,0.0,0.0,469.0,0
89891.0,2015-2016,48.0,183.9,87.7,25.9,103.0,1.0,1.0,2.0,5.397605346934028e-79,0.0,0.0,649.0,0
89898.0,2015-2016,26.0,178.1,78.1,24.6,89.3,1.0,5.397605346934028e-79,5.397605346934028e-79,5.397605346934028e-79,0.0,0.0,690.0,0
89918.0,2015-2016,42.0,182.6,94.6,28.4,95.8,5.397605346934028e-79,5.397605346934028e-79,5.397605346934028e-79,5.397605346934028e-79,0.0,0.0,549.0,0
89921.0,2015-2016,37.0,181.0,123.3,37.6,129.3,1.0,5.397605346934028e-79,5.397605346934028e-79,5.397605346934028e-79,0.0,0.0,242.0,1
89933.0,2015-2016,31.0,188.3,87.3,24.6,89.3,5.397605346934028e-79,5.397605346934028e-79,5.397605346934028e-79,5.397605346934028e-79,0.0,0.0,588.0,0
89939.0,2015-2016,27.0,166.5,61.9,22.3,85.8,5.397605346934028e-79,5.397605346934028e-79,5.397605346934028e-79,5.397605346934028e-79,0.0,0.0,380.0,0
89945.0,2015-2016,42.0,181.6,90.8,27.5,103.2,5.397605346934028e-79,5.397605346934028e-79,5.397605346934028e-79,5.397605346934028e-79,0.0,0.0,336.0,0
89946.0,2015-2016,28.0,183.5,70.9,21.1,80.2,3.0,3.0,1.0,1.0,0.0,0.0,268.0,1
89955.0,2015-2016,21.0,171.9,82.4,27.9,89.6,5.397605346934028e-79,5.397605346934028e-79,1.0,5.397605346934028e-79,0.0,0.0,324.0,0
89962.0,2015-2016,20.0,167.2,54.7,19.6,70.6,1.0,1.0,1.0,3.0,0.0,0.0,830.0,0
89963.0,2015-2016,25.0,168.4,104.0,36.7,120.4,1.0,1.0,5.397605346934028e-79,5.397605346934028e-79,0.0,0.0,345.0,0
89967.0,2015-2016,51.0,183.1,108.8,32.5,112.4,,,,,0.0,0.0,244.0,1
89975.0,2015-2016,26.0,175.5,105.8,34.4,110.5,5.397605346934028e-79,5.397605346934028e-79,5.397605346934028e-79,5.397605346934028e-79,0.0,0.0,718.0,0
89976.0,2015-2016,19.0,170.9,70.5,24.1,78.5,5.397605346934028e-79,1.0,2.0,1.0,1.0,0.0,496.0,0
89991.0,2015-2016,26.0,161.4,47.1,18.1,66.4,1.0,1.0,5.397605346934028e-79,5.397605346934028e-79,0.0,0.0,990.0,0
89998.0,2015-2016,29.0,186.1,106.2,30.7,117.4,1.0,5.397605346934028e-79,5.397605346934028e-79,1.0,0.0,0.0,256.0,1
90004.0,2015-2016,42.0,163.0,66.0,24.8,91.0,1.0,5.397605346934028e-79,2.0,5.397605346934028e-79,0.0,0.0,810.0,0
90006.0,2015-2016,25.0,170.6,68.5,23.5,89.5,1.0,1.0,2.0,1.0,0.0,0.0,469.0,0
90009.0,2015-2016,42.0,165.2,87.8,32.2,97.0,5.397605346934028e-79,5.397605346934028e-79,5.397605346934028e-79,5.397605346934028e-79,0.0,0.0,268.0,1
90013.0,2015-2016,20.0,181.4,66.3,20.1,75.3,1.0,5.397605346934028e-79,1.0,1.0,0.0,0.0,423.0,0
90016.0,2015-2016,35.0,188.0,122.2,34.6,129.1,,,,,0.0,0.0,202.0,1
90017.0,2015-2016,43.0,173.7,69.9,23.2,89.4,5.397605346934028e-79,5.397605346934028e-79,5.397605346934028e-79,5.397605346934028e-79,0.0,0.0,278.0,1
90027.0,2015-2016,51.0,179.8,127.6,39.5,132.9,2.0,1.0,5.397605346934028e-79,5.397605346934028e-79,0.0,0.0,329.0,0
90029.0,2015-2016,52.0,193.5,93.4,24.9,,,,,,0.0,0.0,305.0,0
90045.0,2015-2016,33.0,178.7,77.5,24.3,88.5,5.397605346934028e-79,5.397605346934028e-79,5.397605346934028e-79,5.397605346934028e-79,0.0,0.0,502.0,0
90049.0,2015-2016,46.0,175.1,89.4,29.2,104.3,5.397605346934028e-79,5.397605346934028e-79,5.397605346934028e-79,5.397605346934028e-79,0.0,0.0,501.0,0
90059.0,2015-2016,23.0,175.9,73.8,23.9,81.6,5.397605346934028e-79,5.397605346934028e-79,5.397605346934028e-79,5.397605346934028e-79,0.0,0.0,888.0,0
90071.0,2015-2016,36.0,169.6,80.7,28.1,99.3,5.397605346934028e-79,5.397605346934028e-79,5.397605346934028e-79,5.397605346934028e-79,0.0,0.0,389.0,0
90077.0,2015-2016,54.0,171.3,69.3,23.6,84.7,2.0,3.0,2.0,2.0,1.0,1.0,577.0,0
90088.0,2015-2016,60.0,171.1,98.3,33.6,111.2,3.0,1.0,5.397605346934028e-79,5.397605346934028e-79,1.0,0.0,325.0,0
90089.0,2015-2016,31.0,179.3,68.3,21.2,84.5,5.397605346934028e-79,5.397605346934028e-79,5.397605346934028e-79,5.397605346934028e-79,0.0,0.0,209.0,1
90090.0,2015-2016,34.0,160.4,73.9,28.7,107.9,5.397605346934028e-79,5.397605346934028e-79,5.397605346934028e-79,5.397605346934028e-79,0.0,0.0,470.0,0
90095.0,2015-2016,22.0,161.9,48.5,18.5,72.6,5.397605346934028e-79,5.397605346934028e-79,5.397605346934028e-79,5.397605346934028e-79,0.0,0.0,423.0,0
90096.0,2015-2016,51.0,175.0,88.2,28.8,106.0,2.0,5.397605346934028e-79,5.397605346934028e-79,5.397605346934028e-79,0.0,0.0,202.0,1
90098.0,2015-2016,50.0,175.2,85.7,27.9,102.4,5.397605346934028e-79,5.397605346934028e-79,5.397605346934028e-79,5.397605346934028e-79,0.0,0.0,497.0,0
90099.0,2015-2016,22.0,164.5,135.0,49.9,145.5,1.0,5.397605346934028e-79,1.0,5.397605346934028e-79,0.0,0.0,411.0,0
90100.0,2015-2016,47.0,166.7,69.0,24.8,94.0,,,,,0.0,0.0,492.0,0
90102.0,2015-2016,49.0,179.9,81.5,25.2,90.5,1.0,5.397605346934028e-79,5.397605346934028e-79,5.397605346934028e-79,1.0,1.0,306.0,0
90110.0,2015-2016,58.0,172.6,79.6,26.7,103.7,5.397605346934028e-79,5.397605346934028e-79,5.397605346934028e-79,5.397605346934028e-79,1.0,1.0,466.0,0
90120.0,2015-2016,20.0,172.5,106.1,35.7,117.7,2.0,3.0,1.0,3.0,0.0,0.0,256.0,1
90122.0,2015-2016,33.0,177.4,101.3,32.2,108.4,1.0,5.397605346934028e-79,5.397605346934028e-79,5.397605346934028e-79,0.0,0.0,407.0,0
90124.0,2015-2016,29.0,175.3,88.6,28.8,93.5,2.0,5.397605346934028e-79,5.397605346934028e-79,5.397605346934028e-79,1.0,0.0,518.0,0
90131.0,2015-2016,53.0,166.2,61.5,22.3,83.1,1.0,3.0,3.0,5.397605346934028e-79,0.0,0.0,876.0,0
90136.0,2015-2016,51.0,175.2,92.3,30.1,105.4,5.397605346934028e-79,5.397605346934028e-79,5.397605346934028e-79,5.397605346934028e-79,0.0,0.0,385.0,0
90142.0,2015-2016,46.0,173.6,101.4,33.6,114.0,1.0,5.397605346934028e-79,5.397605346934028e-79,5.397605346934028e-79,0.0,0.0,401.0,0
90143.0,2015-2016,24.0,172.0,99.5,33.6,109.6,2.0,5.397605346934028e-79,5.397605346934028e-79,5.397605346934028e-79,0.0,0.0,356.0,0
90148.0,2015-2016,60.0,171.6,76.9,26.1,100.5,5.397605346934028e-79,5.397605346934028e-79,5.397605346934028e-79,5.397605346934028e-79,0.0,0.0,326.0,0
90163.0,2015-2016,58.0,175.3,94.6,30.8,103.2,5.397605346934028e-79,5.397605346934028e-79,1.0,5.397605346934028e-79,1.0,0.0,443.0,0
90174.0,2015-2016,41.0,182.1,111.5,33.6,117.8,5.397605346934028e-79,1.0,5.397605346934028e-79,5.397605346934028e-79,1.0,0.0,354.0,0
90182.0,2015-2016,20.0,171.3,155.6,53.0,145.4,1.0,1.0,1.0,5.397605346934028e-79,0.0,0.0,200.0,1
90199.0,2015-2016,33.0,169.6,96.4,33.5,109.1,5.397605346934028e-79,5.397605346934028e-79,5.397605346934028e-79,5.397605346934028e-79,0.0,0.0,221.0,1
90200.0,2015-2016,58.0,174.6,83.1,27.3,107.7,5.397605346934028e-79,5.397605346934028e-79,5.397605346934028e-79,5.397605346934028e-79,1.0,1.0,759.0,0
90204.0,2015-2016,44.0,170.0,83.2,28.8,99.4,1.0,1.0,5.397605346934028e-79,5.397605346934028e-79,0.0,0.0,410.0,0
90209.0,2015-2016,39.0,178.3,87.1,27.4,99.6,5.397605346934028e-79,5.397605346934028e-79,5.397605346934028e-79,5.397605346934028e-79,0.0,0.0,270.0,1
90225.0,2015-2016,26.0,176.2,69.8,22.5,72.6,5.397605346934028e-79,5.397605346934028e-79,5.397605346934028e-79,5.397605346934028e-79,0.0,0.0,692.0,0
90230.0,2015-2016,48.0,169.5,83.2,29.0,97.4,2.0,5.397605346934028e-79,2.0,2.0,1.0,0.0,493.0,0
90235.0,2015-2016,51.0,148.8,63.2,28.5,93.0,5.397605346934028e-79,5.397605346934028e-79,5.397605346934028e-79,5.397605346934028e-79,0.0,0.0,376.0,0
90240.0,2015-2016,53.0,140.1,46.4,23.6,85.7,5.397605346934028e-79,5.397605346934028e-79,5.397605346934028e-79,5.397605346934028e-79,0.0,1.0,303.0,0
90254.0,2015-2016,59.0,165.9,59.9,21.8,75.4,1.0,1.0,1.0,5.397605346934028e-79,0.0,0.0,494.0,0
90256.0,2015-2016,51.0,175.8,89.3,28.9,109.1,2.0,2.0,1.0,1.0,1.0,1.0,352.0,0
90261.0,2015-2016,24.0,176.5,82.8,26.6,,,,,,0.0,0.0,847.0,0
90271.0,2015-2016,19.0,180.6,80.1,24.6,83.8,1.0,5.397605346934028e-79,5.397605346934028e-79,1.0,0.0,0.0,550.0,0
90272.0,2015-2016,45.0,171.6,95.3,32.4,100.8,1.0,1.0,1.0,5.397605346934028e-79,1.0,0.0,331.0,0
90276.0,2015-2016,19.0,169.9,70.7,24.5,80.2,1.0,5.397605346934028e-79,5.397605346934028e-79,5.397605346934028e-79,0.0,0.0,552.0,0
90292.0,2015-2016,24.0,164.8,79.0,29.1,97.8,5.397605346934028e-79,1.0,5.397605346934028e-79,5.397605346934028e-79,0.0,0.0,349.0,0
90299.0,2015-2016,54.0,168.8,70.8,24.8,94.2,1.0,1.0,5.397605346934028e-79,1.0,0.0,0.0,394.0,0
90303.0,2015-2016,56.0,169.4,145.1,50.6,148.2,1.0,5.397605346934028e-79,5.397605346934028e-79,1.0,1.0,1.0,152.0,1
90322.0,2015-2016,26.0,179.3,76.4,23.8,82.3,5.397605346934028e-79,1.0,5.397605346934028e-79,5.397605346934028e-79,0.0,0.0,389.0,0
90324.0,2015-2016,25.0,173.0,67.6,22.6,82.7,5.397605346934028e-79,5.397605346934028e-79,5.397605346934028e-79,5.397605346934028e-79,0.0,0.0,654.0,0
90330.0,2015-2016,54.0,177.1,131.7,42.0,137.5,5.397605346934028e-79,5.397605346934028e-79,5.397605346934028e-79,5.397605346934028e-79,0.0,0.0,263.0,1
90353.0,2015-2016,50.0,180.1,113.4,35.0,125.1,1.0,3.0,2.0,3.0,0.0,0.0,225.0,1
90357.0,2015-2016,56.0,160.3,52.0,20.2,79.7,5.397605346934028e-79,5.397605346934028e-79,5.397605346934028e-79,5.397605346934028e-79,1.0,0.0,247.0,1
90370.0,2015-2016,51.0,166.7,71.9,25.9,89.6,3.0,2.0,5.397605346934028e-79,5.397605346934028e-79,0.0,0.0,406.0,0
90378.0,2015-2016,19.0,167.6,102.2,36.4,112.6,5.397605346934028e-79,5.397605346934028e-79,5.397605346934028e-79,2.0,0.0,1.0,252.0,1
90380.0,2015-2016,22.0,173.5,67.2,22.3,77.0,5.397605346934028e-79,5.397605346934028e-79,5.397605346934028e-79,5.397605346934028e-79,0.0,0.0,1300.0,0
90391.0,2015-2016,42.0,169.9,90.9,31.5,95.1,5.397605346934028e-79,1.0,5.397605346934028e-79,5.397605346934028e-79,1.0,0.0,296.0,1
90393.0,2015-2016,33.0,160.3,81.8,31.8,105.4,5.397605346934028e-79,5.397605346934028e-79,5.397605346934028e-79,5.397605346934028e-79,0.0,0.0,355.0,0
90394.0,2015-2016,36.0,163.2,96.0,36.0,104.8,2.0,1.0,5.397605346934028e-79,1.0,0.0,0.0,422.0,0
90396.0,2015-2016,48.0,177.6,69.4,22.0,81.6,5.397605346934028e-79,5.397605346934028e-79,5.397605346934028e-79,5.397605346934028e-79,0.0,0.0,543.0,0
90404.0,2015-2016,58.0,168.4,83.8,29.6,97.3,,,,,0.0,0.0,552.0,0
90410.0,2015-2016,37.0,176.1,114.0,36.8,117.5,1.0,5.397605346934028e-79,5.397605346934028e-79,5.397605346934028e-79,1.0,0.0,296.0,1
90412.0,2015-2016,57.0,178.6,79.2,24.8,98.6,5.397605346934028e-79,5.397605346934028e-79,2.0,5.397605346934028e-79,0.0,0.0,467.0,0
90425.0,2015-2016,42.0,176.4,94.6,30.4,98.6,5.397605346934028e-79,5.397605346934028e-79,5.397605346934028e-79,5.397605346934028e-79,1.0,0.0,383.0,0
90429.0,2015-2016,35.0,172.1,64.1,21.6,89.3,,,,,0.0,0.0,472.0,0
90436.0,2015-2016,59.0,177.5,60.4,19.2,,1.0,3.0,5.397605346934028e-79,5.397605346934028e-79,1.0,1.0,797.0,0
90439.0,2015-2016,31.0,181.7,178.4,54.0,161.5,1.0,5.397605346934028e-79,5.397605346934028e-79,5.397605346934028e-79,1.0,1.0,380.0,0
90455.0,2015-2016,57.0,177.4,68.7,21.8,84.0,5.397605346934028e-79,5.397605346934028e-79,5.397605346934028e-79,5.397605346934028e-79,0.0,0.0,494.0,0
90464.0,2015-2016,41.0,166.1,86.3,31.3,102.5,1.0,1.0,5.397605346934028e-79,5.397605346934028e-79,0.0,0.0,413.0,0
90465.0,2015-2016,36.0,169.5,74.0,25.8,90.4,5.397605346934028e-79,5.397605346934028e-79,5.397605346934028e-79,5.397605346934028e-79,0.0,0.0,458.0,0
90473.0,2015-2016,44.0,171.1,90.5,30.9,112.6,1.0,1.0,5.397605346934028e-79,5.397605346934028e-79,1.0,0.0,366.0,0
90480.0,2015-2016,58.0,183.5,80.9,24.0,96.0,2.0,2.0,2.0,2.0,1.0,0.0,1200.0,0
90493.0,2015-2016,46.0,166.1,78.0,28.3,102.0,5.397605346934028e-79,5.397605346934028e-79,5.397605346934028e-79,5.397605346934028e-79,0.0,0.0,326.0,0
90498.0,2015-2016,42.0,168.8,57.4,20.1,77.1,5.397605346934028e-79,5.397605346934028e-79,5.397605346934028e-79,1.0,0.0,0.0,331.0,0
90510.0,2015-2016,47.0,181.8,108.8,32.9,105.1,,,,,1.0,0.0,456.0,0
90511.0,2015-2016,60.0,185.7,109.2,31.7,111.8,5.397605346934028e-79,5.397605346934028e-79,5.397605346934028e-79,5.397605346934028e-79,1.0,1.0,310.0,0
90519.0,2015-2016,40.0,153.5,56.0,23.8,83.6,5.397605346934028e-79,5.397605346934028e-79,5.397605346934028e-79,5.397605346934028e-79,0.0,0.0,637.0,0
90521.0,2015-2016,48.0,174.2,82.9,27.3,104.5,3.0,5.397605346934028e-79,5.397605346934028e-79,5.397605346934028e-79,0.0,0.0,793.0,0
90522.0,2015-2016,40.0,160.8,69.7,27.0,92.3,3.0,1.0,3.0,2.0,0.0,1.0,617.0,0
90530.0,2015-2016,36.0,161.2,81.8,31.5,99.6,1.0,2.0,5.397605346934028e-79,1.0,0.0,0.0,283.0,1
90534.0,2015-2016,60.0,176.0,83.0,26.8,101.8,5.397605346934028e-79,5.397605346934028e-79,5.397605346934028e-79,5.397605346934028e-79,0.0,0.0,495.0,0
90539.0,2015-2016,29.0,180.4,130.0,39.9,137.4,5.397605346934028e-79,1.0,5.397605346934028e-79,2.0,0.0,1.0,268.0,1
90549.0,2015-2016,34.0,166.2,93.2,33.7,103.8,5.397605346934028e-79,5.397605346934028e-79,5.397605346934028e-79,5.397605346934028e-79,0.0,0.0,407.0,0
90555.0,2015-2016,36.0,178.9,94.6,29.6,104.5,1.0,2.0,5.397605346934028e-79,5.397605346934028e-79,0.0,0.0,352.0,0
90559.0,2015-2016,28.0,158.7,73.2,29.1,90.7,5.397605346934028e-79,3.0,5.397605346934028e-79,3.0,0.0,0.0,454.0,0
90566.0,2015-2016,19.0,178.6,112.2,35.2,108.8,5.397605346934028e-79,3.0,5.397605346934028e-79,1.0,0.0,0.0,289.0,1
90572.0,2015-2016,39.0,180.0,101.6,31.4,110.3,5.397605346934028e-79,5.397605346934028e-79,5.397605346934028e-79,5.397605346934028e-79,0.0,0.0,329.0,0
90581.0,2015-2016,44.0,178.7,96.1,30.1,104.0,1.0,5.397605346934028e-79,5.397605346934028e-79,5.397605346934028e-79,0.0,0.0,289.0,1
90583.0,2015-2016,41.0,167.6,66.9,23.8,85.0,1.0,5.397605346934028e-79,5.397605346934028e-79,5.397605346934028e-79,0.0,0.0,624.0,0
90585.0,2015-2016,47.0,169.6,92.0,32.0,109.9,1.0,1.0,1.0,1.0,0.0,0.0,587.0,0
90591.0,2015-2016,20.0,179.9,162.1,50.1,145.7,5.397605346934028e-79,1.0,5.397605346934028e-79,5.397605346934028e-79,0.0,0.0,169.0,1
90607.0,2015-2016,44.0,177.8,101.7,32.2,109.3,5.397605346934028e-79,1.0,1.0,5.397605346934028e-79,1.0,1.0,563.0,0
90612.0,2015-2016,50.0,171.4,76.7,26.1,104.1,3.0,2.0,3.0,3.0,0.0,0.0,251.0,1
90613.0,2015-2016,57.0,178.0,80.7,25.5,93.7,5.397605346934028e-79,5.397605346934028e-79,5.397605346934028e-79,5.397605346934028e-79,0.0,0.0,269.0,1
90625.0,2015-2016,31.0,174.5,60.9,20.0,73.2,1.0,1.0,5.397605346934028e-79,5.397605346934028e-79,0.0,0.0,383.0,0
90630.0,2015-2016,52.0,164.3,81.0,30.0,90.1,1.0,1.0,5.397605346934028e-79,5.397605346934028e-79,1.0,1.0,589.0,0
90631.0,2015-2016,28.0,172.1,91.4,30.9,104.7,1.0,5.397605346934028e-79,5.397605346934028e-79,1.0,0.0,0.0,335.0,0
90634.0,2015-2016,34.0,177.9,86.4,27.3,,5.397605346934028e-79,5.397605346934028e-79,5.397605346934028e-79,5.397605346934028e-79,0.0,0.0,765.0,0
90635.0,2015-2016,41.0,177.8,73.7,23.3,87.8,5.397605346934028e-79,5.397605346934028e-79,5.397605346934028e-79,5.397605346934028e-79,0.0,0.0,719.0,0
90638.0,2015-2016,51.0,167.3,84.7,30.3,101.1,5.397605346934028e-79,5.397605346934028e-79,5.397605346934028e-79,5.397605346934028e-79,1.0,0.0,223.0,1
90645.0,2015-2016,57.0,188.3,106.2,30.0,116.0,5.397605346934028e-79,5.397605346934028e-79,5.397605346934028e-79,5.397605346934028e-79,1.0,0.0,321.0,0
90646.0,2015-2016,39.0,177.4,92.4,29.4,,5.397605346934028e-79,5.397605346934028e-79,5.397605346934028e-79,5.397605346934028e-79,0.0,1.0,482.0,0
90649.0,2015-2016,43.0,170.1,82.7,28.6,102.6,1.0,5.397605346934028e-79,5.397605346934028e-79,2.0,1.0,0.0,369.0,0
90650.0,2015-2016,59.0,174.6,87.6,28.7,101.4,5.397605346934028e-79,1.0,5.397605346934028e-79,5.397605346934028e-79,1.0,0.0,310.0,0
90654.0,2015-2016,41.0,175.0,69.1,22.6,86.2,1.0,5.397605346934028e-79,1.0,3.0,1.0,0.0,345.0,0
90656.0,2015-2016,34.0,170.7,73.9,25.4,86.6,3.0,5.397605346934028e-79,5.397605346934028e-79,5.397605346934028e-79,0.0,0.0,676.0,0
90661.0,2015-2016,58.0,178.9,66.9,20.9,81.4,1.0,5.397605346934028e-79,1.0,5.397605346934028e-79,0.0,0.0,742.0,0
90669.0,2015-2016,27.0,173.9,175.3,58.0,154.5,5.397605346934028e-79,5.397605346934028e-79,5.397605346934028e-79,5.397605346934028e-79,0.0,0.0,117.0,1
90672.0,2015-2016,24.0,165.2,75.9,27.8,92.7,3.0,3.0,5.397605346934028e-79,5.397605346934028e-79,0.0,0.0,278.0,1
90673.0,2015-2016,53.0,184.6,104.3,30.6,120.8,1.0,1.0,1.0,3.0,0.0,0.0,327.0,0
90680.0,2015-2016,55.0,174.6,86.8,28.5,105.5,2.0,2.0,1.0,1.0,1.0,0.0,284.0,1
90683.0,2015-2016,30.0,189.8,98.5,27.3,96.8,5.397605346934028e-79,5.397605346934028e-79,5.397605346934028e-79,5.397605346934028e-79,0.0,0.0,538.0,0
90687.0,2015-2016,55.0,181.6,88.0,26.7,99.7,5.397605346934028e-79,5.397605346934028e-79,5.397605346934028e-79,5.397605346934028e-79,0.0,0.0,242.0,1
90696.0,2015-2016,44.0,172.9,94.9,31.7,109.1,1.0,5.397605346934028e-79,5.397605346934028e-79,5.397605346934028e-79,0.0,0.0,269.0,1
90702.0,2015-2016,49.0,167.3,73.1,26.1,92.0,,,,,0.0,0.0,374.0,0
90707.0,2015-2016,50.0,178.0,140.1,44.2,145.8,3.0,2.0,3.0,2.0,1.0,1.0,221.0,1
90713.0,2015-2016,30.0,169.6,83.1,28.9,95.7,5.397605346934028e-79,1.0,5.397605346934028e-79,5.397605346934028e-79,0.0,0.0,413.0,0
90715.0,2015-2016,20.0,172.4,74.3,25.0,80.8,1.0,5.397605346934028e-79,1.0,5.397605346934028e-79,0.0,0.0,447.0,0
90722.0,2015-2016,31.0,173.9,92.9,30.7,106.6,1.0,5.397605346934028e-79,1.0,5.397605346934028e-79,1.0,0.0,217.0,1
90733.0,2015-2016,28.0,182.2,112.0,33.7,116.6,5.397605346934028e-79,5.397605346934028e-79,1.0,1.0,0.0,0.0,467.0,0
90758.0,2015-2016,32.0,170.5,56.2,19.3,74.5,1.0,1.0,1.0,2.0,0.0,0.0,436.0,0
90766.0,2015-2016,35.0,178.1,109.7,34.6,111.2,,,,,0.0,0.0,320.0,0
90771.0,2015-2016,29.0,172.2,88.3,29.8,98.1,1.0,5.397605346934028e-79,5.397605346934028e-79,5.397605346934028e-79,0.0,0.0,950.0,0
90783.0,2015-2016,47.0,168.2,123.6,43.7,122.5,5.397605346934028e-79,5.397605346934028e-79,5.397605346934028e-79,5.397605346934028e-79,1.0,1.0,140.0,1
90786.0,2015-2016,19.0,178.3,92.0,28.9,94.8,5.397605346934028e-79,5.397605346934028e-79,5.397605346934028e-79,5.397605346934028e-79,0.0,0.0,434.0,0
90790.0,2015-2016,19.0,163.4,80.3,30.1,96.3,5.397605346934028e-79,5.397605346934028e-79,5.397605346934028e-79,5.397605346934028e-79,0.0,0.0,498.0,0
90796.0,2015-2016,28.0,184.9,116.2,34.0,112.7,5.397605346934028e-79,5.397605346934028e-79,5.397605346934028e-79,5.397605346934028e-79,0.0,0.0,312.0,0
90800.0,2015-2016,32.0,174.4,82.2,27.0,90.5,5.397605346934028e-79,5.397605346934028e-79,5.397605346934028e-79,5.397605346934028e-79,0.0,0.0,313.0,0
90803.0,2015-2016,25.0,179.2,77.2,24.0,78.7,,,,,0.0,0.0,490.0,0
90812.0,2015-2016,35.0,170.2,77.1,26.6,92.5,2.0,3.0,3.0,2.0,,0.0,150.0,1
90813.0,2015-2016,47.0,182.2,97.5,29.4,104.5,2.0,2.0,5.397605346934028e-79,5.397605346934028e-79,0.0,0.0,204.0,1
90815.0,2015-2016,44.0,171.6,57.2,19.4,73.6,1.0,5.397605346934028e-79,1.0,5.397605346934028e-79,0.0,0.0,674.0,0
90818.0,2015-2016,22.0,171.0,92.6,31.7,94.4,5.397605346934028e-79,5.397605346934028e-79,5.397605346934028e-79,5.397605346934028e-79,0.0,0.0,753.0,0
90819.0,2015-2016,51.0,176.0,82.2,26.5,97.5,5.397605346934028e-79,5.397605346934028e-79,5.397605346934028e-79,5.397605346934028e-79,0.0,0.0,363.0,0
90833.0,2015-2016,24.0,166.8,70.0,25.2,84.5,,,,,0.0,0.0,484.0,0
90841.0,2015-2016,54.0,168.1,68.0,24.1,88.5,5.397605346934028e-79,5.397605346934028e-79,5.397605346934028e-79,5.397605346934028e-79,0.0,0.0,659.0,0
90845.0,2015-2016,22.0,183.2,84.7,25.2,82.9,5.397605346934028e-79,5.397605346934028e-79,5.397605346934028e-79,5.397605346934028e-79,0.0,0.0,795.0,0
90848.0,2015-2016,45.0,171.9,86.8,29.4,102.0,1.0,1.0,5.397605346934028e-79,5.397605346934028e-79,1.0,1.0,217.0,1
90849.0,2015-2016,60.0,183.8,102.7,30.4,116.6,1.0,1.0,5.397605346934028e-79,5.397605346934028e-79,0.0,0.0,394.0,0
90875.0,2015-2016,46.0,180.2,81.9,25.2,83.2,5.397605346934028e-79,5.397605346934028e-79,5.397605346934028e-79,5.397605346934028e-79,1.0,0.0,561.0,0
90885.0,2015-2016,20.0,177.4,79.0,25.1,84.5,5.397605346934028e-79,2.0,2.0,2.0,0.0,0.0,258.0,1
90886.0,2015-2016,35.0,166.4,88.6,32.0,103.9,1.0,5.397605346934028e-79,5.397605346934028e-79,2.0,0.0,0.0,346.0,0
90887.0,2015-2016,28.0,177.0,67.4,21.5,79.6,1.0,1.0,1.0,1.0,0.0,0.0,208.0,1
90891.0,2015-2016,27.0,172.5,61.4,20.6,73.3,1.0,5.397605346934028e-79,5.397605346934028e-79,1.0,0.0,0.0,916.0,0
90902.0,2015-2016,23.0,174.6,93.2,30.6,94.6,1.0,5.397605346934028e-79,5.397605346934028e-79,5.397605346934028e-79,0.0,0.0,673.0,0
90904.0,2015-2016,39.0,176.3,77.4,24.9,88.7,1.0,1.0,5.397605346934028e-79,1.0,0.0,0.0,882.0,0
90906.0,2015-2016,31.0,167.2,88.7,31.7,102.4,5.397605346934028e-79,5.397605346934028e-79,5.397605346934028e-79,1.0,0.0,0.0,264.0,1
90907.0,2015-2016,24.0,194.6,92.4,24.4,96.3,5.397605346934028e-79,5.397605346934028e-79,5.397605346934028e-79,5.397605346934028e-79,0.0,0.0,507.0,0
90913.0,2015-2016,25.0,178.5,80.2,25.2,91.3,1.0,1.0,5.397605346934028e-79,5.397605346934028e-79,0.0,0.0,789.0,0
90915.0,2015-2016,49.0,184.8,85.1,24.9,93.9,5.397605346934028e-79,1.0,5.397605346934028e-79,5.397605346934028e-79,1.0,0.0,305.0,0
90922.0,2015-2016,59.0,172.9,140.1,46.9,,1.0,1.0,5.397605346934028e-79,5.397605346934028e-79,1.0,1.0,244.0,1
90937.0,2015-2016,23.0,169.6,65.2,22.7,75.6,1.0,1.0,5.397605346934028e-79,5.397605346934028e-79,0.0,0.0,551.0,0
90938.0,2015-2016,55.0,170.4,103.8,35.7,129.0,3.0,3.0,2.0,2.0,0.0,1.0,216.0,1
90939.0,2015-2016,36.0,178.5,89.6,28.1,97.7,,,,,0.0,0.0,489.0,0
90943.0,2015-2016,25.0,162.5,63.4,24.0,83.3,5.397605346934028e-79,5.397605346934028e-79,5.397605346934028e-79,5.397605346934028e-79,0.0,0.0,284.0,1
90951.0,2015-2016,36.0,167.2,77.5,27.7,96.7,5.397605346934028e-79,1.0,1.0,1.0,1.0,0.0,182.0,1
90954.0,2015-2016,55.0,182.4,131.5,39.5,135.4,1.0,5.397605346934028e-79,5.397605346934028e-79,5.397605346934028e-79,1.0,0.0,112.0,1
90958.0,2015-2016,58.0,180.2,81.4,25.1,97.3,1.0,1.0,5.397605346934028e-79,5.397605346934028e-79,0.0,0.0,664.0,0
90972.0,2015-2016,40.0,173.1,104.1,34.7,113.9,5.397605346934028e-79,5.397605346934028e-79,5.397605346934028e-79,5.397605346934028e-79,1.0,0.0,354.0,0
90988.0,2015-2016,32.0,176.8,104.7,33.5,110.9,5.397605346934028e-79,5.397605346934028e-79,5.397605346934028e-79,5.397605346934028e-79,0.0,0.0,386.0,0
90990.0,2015-2016,19.0,181.9,59.9,18.1,72.2,2.0,3.0,5.397605346934028e-79,1.0,0.0,0.0,467.0,0
90993.0,2015-2016,59.0,170.5,77.3,26.6,95.2,5.397605346934028e-79,5.397605346934028e-79,5.397605346934028e-79,3.0,0.0,0.0,327.0,0
91000.0,2015-2016,19.0,172.9,59.8,20.0,71.0,,,,,0.0,0.0,591.0,0
91002.0,2015-2016,59.0,167.7,81.1,28.8,102.8,5.397605346934028e-79,5.397605346934028e-79,1.0,1.0,1.0,1.0,427.0,0
91013.0,2015-2016,22.0,166.2,66.7,24.1,89.6,1.0,1.0,5.397605346934028e-79,5.397605346934028e-79,1.0,0.0,462.0,0
91024.0,2015-2016,19.0,171.3,64.9,22.1,75.3,1.0,1.0,5.397605346934028e-79,5.397605346934028e-79,0.0,0.0,704.0,0
91027.0,2015-2016,54.0,167.6,74.2,26.4,96.9,5.397605346934028e-79,1.0,5.397605346934028e-79,5.397605346934028e-79,1.0,0.0,885.0,0
91039.0,2015-2016,22.0,171.0,60.8,20.8,71.2,1.0,5.397605346934028e-79,1.0,5.397605346934028e-79,0.0,0.0,393.0,0
91042.0,2015-2016,38.0,163.5,104.1,38.9,,5.397605346934028e-79,5.397605346934028e-79,5.397605346934028e-79,5.397605346934028e-79,0.0,0.0,411.0,0
91048.0,2015-2016,37.0,159.9,63.1,24.7,90.3,5.397605346934028e-79,5.397605346934028e-79,5.397605346934028e-79,5.397605346934028e-79,0.0,0.0,548.0,0
91056.0,2015-2016,27.0,184.7,72.4,21.2,74.5,5.397605346934028e-79,5.397605346934028e-79,5.397605346934028e-79,5.397605346934028e-79,0.0,0.0,722.0,0
91066.0,2015-2016,45.0,169.6,73.8,25.7,90.1,5.397605346934028e-79,5.397605346934028e-79,1.0,3.0,0.0,0.0,305.0,0
91075.0,2015-2016,51.0,172.8,100.5,33.7,,3.0,2.0,5.397605346934028e-79,5.397605346934028e-79,0.0,1.0,352.0,0
91095.0,2015-2016,21.0,166.9,92.5,33.2,107.2,5.397605346934028e-79,5.397605346934028e-79,1.0,1.0,0.0,0.0,394.0,0
91098.0,2015-2016,37.0,180.8,143.7,44.0,133.0,5.397605346934028e-79,5.397605346934028e-79,5.397605346934028e-79,5.397605346934028e-79,0.0,0.0,246.0,1
91100.0,2015-2016,54.0,172.7,78.4,26.3,97.2,2.0,5.397605346934028e-79,2.0,5.397605346934028e-79,0.0,0.0,332.0,0
91103.0,2015-2016,48.0,168.4,98.0,34.6,109.9,,,,,1.0,0.0,223.0,1
91104.0,2015-2016,32.0,183.8,120.7,35.7,117.7,2.0,5.397605346934028e-79,5.397605346934028e-79,5.397605346934028e-79,0.0,0.0,308.0,0
91110.0,2015-2016,24.0,181.3,90.5,27.5,95.8,5.397605346934028e-79,5.397605346934028e-79,5.397605346934028e-79,5.397605346934028e-79,0.0,0.0,361.0,0
91115.0,2015-2016,34.0,166.5,63.7,23.0,77.3,1.0,1.0,1.0,2.0,1.0,0.0,907.0,0
91123.0,2015-2016,56.0,183.3,134.8,40.1,,5.397605346934028e-79,5.397605346934028e-79,5.397605346934028e-79,3.0,1.0,1.0,283.0,1
91131.0,2015-2016,41.0,169.0,74.8,26.2,88.5,5.397605346934028e-79,5.397605346934028e-79,5.397605346934028e-79,5.397605346934028e-79,1.0,0.0,337.0,0
91140.0,2015-2016,28.0,173.3,77.2,25.7,85.5,1.0,2.0,5.397605346934028e-79,5.397605346934028e-79,0.0,0.0,703.0,0
91148.0,2015-2016,47.0,175.4,126.1,41.0,134.3,,,,,0.0,0.0,242.0,1
91149.0,2015-2016,22.0,182.4,88.5,26.6,97.0,1.0,5.397605346934028e-79,1.0,5.397605346934028e-79,0.0,0.0,283.0,1
91162.0,2015-2016,31.0,168.5,82.9,29.2,94.7,3.0,2.0,5.397605346934028e-79,5.397605346934028e-79,0.0,0.0,204.0,1
91165.0,2015-2016,26.0,170.9,126.3,43.2,137.0,5.397605346934028e-79,5.397605346934028e-79,5.397605346934028e-79,5.397605346934028e-79,0.0,0.0,119.0,1
91172.0,2015-2016,55.0,180.6,101.4,31.1,106.1,3.0,3.0,5.397605346934028e-79,5.397605346934028e-79,1.0,0.0,318.0,0
91176.0,2015-2016,34.0,179.6,74.8,23.2,88.6,5.397605346934028e-79,5.397605346934028e-79,1.0,5.397605346934028e-79,1.0,0.0,437.0,0
91177.0,2015-2016,52.0,171.8,121.4,41.1,126.8,5.397605346934028e-79,5.397605346934028e-79,5.397605346934028e-79,5.397605346934028e-79,1.0,1.0,216.0,1
91182.0,2015-2016,29.0,186.8,79.0,22.6,88.0,,,,,0.0,0.0,441.0,0
91183.0,2015-2016,46.0,161.0,81.1,31.3,106.2,1.0,5.397605346934028e-79,1.0,1.0,0.0,0.0,384.0,0
91184.0,2015-2016,59.0,169.3,86.3,30.1,103.1,1.0,1.0,5.397605346934028e-79,5.397605346934028e-79,1.0,1.0,417.0,0
91190.0,2015-2016,46.0,173.8,104.4,34.6,112.4,5.397605346934028e-79,5.397605346934028e-79,5.397605346934028e-79,5.397605346934028e-79,1.0,0.0,437.0,0
91192.0,2015-2016,21.0,172.2,68.0,22.9,77.0,1.0,5.397605346934028e-79,5.397605346934028e-79,1.0,0.0,0.0,237.0,1
91206.0,2015-2016,38.0,169.4,84.5,29.4,94.5,5.397605346934028e-79,1.0,5.397605346934028e-79,5.397605346934028e-79,1.0,0.0,303.0,0
91207.0,2015-2016,29.0,178.6,84.4,26.5,85.2,5.397605346934028e-79,1.0,1.0,1.0,0.0,0.0,488.0,0
91217.0,2015-2016,54.0,179.5,93.9,29.1,108.4,5.397605346934028e-79,5.397605346934028e-79,5.397605346934028e-79,5.397605346934028e-79,0.0,0.0,229.0,1
91225.0,2015-2016,43.0,165.7,85.2,31.0,,,,,,1.0,0.0,178.0,1
91232.0,2015-2016,26.0,173.3,63.3,21.1,83.8,1.0,1.0,2.0,2.0,0.0,0.0,680.0,0
91239.0,2015-2016,60.0,170.2,103.3,35.7,117.6,1.0,1.0,5.397605346934028e-79,1.0,1.0,0.0,224.0,1
91242.0,2015-2016,19.0,162.9,50.3,19.0,74.8,5.397605346934028e-79,5.397605346934028e-79,5.397605346934028e-79,2.0,0.0,0.0,688.0,0
91243.0,2015-2016,30.0,171.0,82.5,28.2,97.9,5.397605346934028e-79,5.397605346934028e-79,5.397605346934028e-79,5.397605346934028e-79,0.0,0.0,280.0,1
91251.0,2015-2016,43.0,177.2,86.9,27.7,105.9,5.397605346934028e-79,5.397605346934028e-79,1.0,2.0,0.0,0.0,466.0,0
91252.0,2015-2016,42.0,166.6,102.7,37.0,119.3,5.397605346934028e-79,5.397605346934028e-79,5.397605346934028e-79,5.397605346934028e-79,0.0,0.0,336.0,0
91259.0,2015-2016,41.0,174.8,71.2,23.3,84.0,5.397605346934028e-79,5.397605346934028e-79,5.397605346934028e-79,5.397605346934028e-79,0.0,0.0,657.0,0
91263.0,2015-2016,19.0,164.9,105.0,38.6,131.0,1.0,1.0,5.397605346934028e-79,5.397605346934028e-79,0.0,0.0,326.0,0
91264.0,2015-2016,23.0,173.7,79.3,26.3,89.2,5.397605346934028e-79,5.397605346934028e-79,2.0,3.0,0.0,0.0,644.0,0
91273.0,2015-2016,23.0,176.0,67.9,21.9,77.4,5.397605346934028e-79,5.397605346934028e-79,5.397605346934028e-79,5.397605346934028e-79,0.0,0.0,431.0,0
91282.0,2015-2016,50.0,175.7,76.7,24.8,90.9,5.397605346934028e-79,5.397605346934028e-79,5.397605346934028e-79,5.397605346934028e-79,0.0,0.0,257.0,1
91285.0,2015-2016,32.0,183.5,65.0,19.3,70.5,1.0,3.0,5.397605346934028e-79,5.397605346934028e-79,0.0,0.0,1100.0,0
91288.0,2015-2016,44.0,176.7,93.1,29.8,109.4,,,,,0.0,0.0,614.0,0
91292.0,2015-2016,48.0,184.0,104.0,30.7,114.5,2.0,2.0,5.397605346934028e-79,5.397605346934028e-79,0.0,0.0,588.0,0
91299.0,2015-2016,46.0,171.6,68.6,23.3,90.7,5.397605346934028e-79,5.397605346934028e-79,5.397605346934028e-79,5.397605346934028e-79,0.0,0.0,254.0,1
91304.0,2015-2016,38.0,157.3,64.7,26.1,92.3,,,,,0.0,0.0,254.0,1
91319.0,2015-2016,31.0,162.4,71.6,27.1,93.3,5.397605346934028e-79,5.397605346934028e-79,5.397605346934028e-79,5.397605346934028e-79,0.0,0.0,13.3,1
91325.0,2015-2016,26.0,172.3,93.9,31.6,110.0,5.397605346934028e-79,5.397605346934028e-79,5.397605346934028e-79,5.397605346934028e-79,0.0,0.0,496.0,0
91326.0,2015-2016,34.0,158.7,85.3,33.9,108.7,5.397605346934028e-79,5.397605346934028e-79,5.397605346934028e-79,5.397605346934028e-79,0.0,0.0,353.0,0
91339.0,2015-2016,51.0,181.7,96.9,29.4,107.7,1.0,5.397605346934028e-79,5.397605346934028e-79,1.0,0.0,0.0,352.0,0
91341.0,2015-2016,55.0,177.4,70.6,22.4,96.5,5.397605346934028e-79,5.397605346934028e-79,5.397605346934028e-79,1.0,0.0,0.0,360.0,0
91345.0,2015-2016,21.0,169.9,83.4,28.9,97.0,5.397605346934028e-79,5.397605346934028e-79,5.397605346934028e-79,5.397605346934028e-79,0.0,0.0,366.0,0
91350.0,2015-2016,23.0,174.0,121.6,40.2,126.9,1.0,1.0,5.397605346934028e-79,5.397605346934028e-79,0.0,0.0,308.0,0
91353.0,2015-2016,57.0,180.4,113.6,34.9,116.8,1.0,5.397605346934028e-79,1.0,5.397605346934028e-79,0.0,0.0,163.0,1
91354.0,2015-2016,52.0,183.0,119.6,35.7,118.9,1.0,1.0,5.397605346934028e-79,3.0,1.0,1.0,123.0,1
91359.0,2015-2016,23.0,178.6,71.3,22.4,82.8,5.397605346934028e-79,5.397605346934028e-79,5.397605346934028e-79,5.397605346934028e-79,0.0,0.0,475.0,0
91361.0,2015-2016,41.0,174.2,70.1,23.1,82.1,5.397605346934028e-79,5.397605346934028e-79,1.0,1.0,0.0,0.0,572.0,0
91364.0,2015-2016,41.0,166.9,51.8,18.6,68.2,5.397605346934028e-79,5.397605346934028e-79,5.397605346934028e-79,5.397605346934028e-79,0.0,0.0,570.0,0
91365.0,2015-2016,58.0,171.2,109.6,37.4,126.4,1.0,5.397605346934028e-79,5.397605346934028e-79,5.397605346934028e-79,1.0,1.0,185.0,1
91367.0,2015-2016,19.0,169.7,70.9,24.6,84.7,1.0,1.0,5.397605346934028e-79,5.397605346934028e-79,0.0,0.0,787.0,0
91384.0,2015-2016,46.0,161.3,61.1,23.5,,,,,,0.0,0.0,360.0,0
91385.0,2015-2016,30.0,182.6,89.7,26.9,105.2,1.0,1.0,1.0,1.0,0.0,0.0,240.0,1
91391.0,2015-2016,57.0,180.1,138.2,42.6,138.6,1.0,1.0,5.397605346934028e-79,1.0,1.0,1.0,462.0,0
91393.0,2015-2016,31.0,179.7,117.5,36.4,118.1,3.0,2.0,1.0,2.0,0.0,1.0,308.0,0
91402.0,2015-2016,26.0,178.0,83.5,26.4,97.2,5.397605346934028e-79,5.397605346934028e-79,5.397605346934028e-79,5.397605346934028e-79,0.0,0.0,258.0,1
91413.0,2015-2016,40.0,191.2,132.8,36.3,129.7,5.397605346934028e-79,5.397605346934028e-79,5.397605346934028e-79,5.397605346934028e-79,0.0,0.0,235.0,1
91427.0,2015-2016,36.0,171.2,57.4,19.6,71.1,5.397605346934028e-79,5.397605346934028e-79,5.397605346934028e-79,5.397605346934028e-79,0.0,0.0,950.0,0
91428.0,2015-2016,22.0,182.4,115.6,34.7,114.5,1.0,5.397605346934028e-79,5.397605346934028e-79,5.397605346934028e-79,0.0,0.0,399.0,0
91437.0,2015-2016,39.0,179.3,79.6,24.8,88.4,1.0,1.0,5.397605346934028e-79,5.397605346934028e-79,0.0,0.0,431.0,0
91442.0,2015-2016,47.0,174.6,108.5,35.6,109.9,1.0,5.397605346934028e-79,5.397605346934028e-79,5.397605346934028e-79,1.0,0.0,374.0,0
91451.0,2015-2016,20.0,174.8,61.2,20.0,75.0,5.397605346934028e-79,5.397605346934028e-79,5.397605346934028e-79,1.0,0.0,0.0,480.0,0
91452.0,2015-2016,41.0,181.5,76.8,23.3,94.5,5.397605346934028e-79,5.397605346934028e-79,5.397605346934028e-79,5.397605346934028e-79,0.0,0.0,553.0,0
91455.0,2015-2016,26.0,191.1,72.5,19.9,84.5,3.0,3.0,3.0,3.0,1.0,1.0,446.0,0
91457.0,2015-2016,39.0,163.1,116.5,43.8,129.8,,,,,1.0,0.0,591.0,0
91468.0,2015-2016,52.0,157.1,66.5,26.9,95.8,5.397605346934028e-79,5.397605346934028e-79,1.0,5.397605346934028e-79,1.0,0.0,872.0,0
91478.0,2015-2016,42.0,167.7,72.4,25.7,87.7,5.397605346934028e-79,5.397605346934028e-79,5.397605346934028e-79,5.397605346934028e-79,0.0,0.0,428.0,0
91484.0,2015-2016,21.0,187.6,94.7,26.9,83.5,5.397605346934028e-79,5.397605346934028e-79,5.397605346934028e-79,5.397605346934028e-79,0.0,0.0,824.0,0
91491.0,2015-2016,37.0,186.8,112.0,32.1,114.9,5.397605346934028e-79,5.397605346934028e-79,5.397605346934028e-79,5.397605346934028e-79,0.0,0.0,364.0,0
91495.0,2015-2016,55.0,176.9,121.5,38.8,132.6,5.397605346934028e-79,5.397605346934028e-79,5.397605346934028e-79,5.397605346934028e-79,1.0,1.0,395.0,0
91502.0,2015-2016,36.0,174.1,93.5,30.8,99.6,5.397605346934028e-79,5.397605346934028e-79,5.397605346934028e-79,5.397605346934028e-79,0.0,0.0,632.0,0
91504.0,2015-2016,21.0,171.7,85.2,28.9,90.9,,,,,0.0,0.0,391.0,0
91512.0,2015-2016,53.0,170.2,139.6,48.2,141.8,1.0,1.0,5.397605346934028e-79,5.397605346934028e-79,1.0,0.0,213.0,1
91518.0,2015-2016,19.0,176.6,73.4,23.5,73.0,5.397605346934028e-79,5.397605346934028e-79,5.397605346934028e-79,5.397605346934028e-79,0.0,0.0,902.0,0
91520.0,2015-2016,30.0,182.5,78.0,23.4,86.8,3.0,2.0,1.0,3.0,1.0,0.0,564.0,0
91526.0,2015-2016,49.0,174.0,86.0,28.4,103.5,,,,,1.0,0.0,238.0,1
91532.0,2015-2016,22.0,183.5,103.0,30.6,103.8,1.0,5.397605346934028e-79,5.397605346934028e-79,5.397605346934028e-79,0.0,0.0,483.0,0
91539.0,2015-2016,40.0,172.4,99.5,33.5,107.0,,,,,1.0,0.0,269.0,1
91543.0,2015-2016,44.0,172.8,101.6,34.0,,,,,,0.0,0.0,260.0,1
91547.0,2015-2016,54.0,163.2,83.1,31.2,98.5,5.397605346934028e-79,5.397605346934028e-79,5.397605346934028e-79,5.397605346934028e-79,0.0,0.0,348.0,0
91549.0,2015-2016,46.0,171.6,88.0,29.9,,,,,,0.0,0.0,413.0,0
91552.0,2015-2016,43.0,168.5,103.9,36.6,113.1,5.397605346934028e-79,5.397605346934028e-79,5.397605346934028e-79,5.397605346934028e-79,1.0,0.0,216.0,1
91557.0,2015-2016,60.0,176.4,100.7,32.4,108.0,2.0,5.397605346934028e-79,2.0,5.397605346934028e-79,1.0,0.0,608.0,0
91560.0,2015-2016,46.0,169.2,60.1,21.0,75.7,5.397605346934028e-79,5.397605346934028e-79,5.397605346934028e-79,1.0,0.0,0.0,796.0,0
91561.0,2015-2016,58.0,178.2,80.0,25.2,91.2,,,,,0.0,0.0,457.0,0
91562.0,2015-2016,41.0,168.6,62.6,22.0,81.0,2.0,5.397605346934028e-79,5.397605346934028e-79,5.397605346934028e-79,0.0,0.0,475.0,0
91564.0,2015-2016,59.0,173.0,117.3,39.2,118.7,1.0,5.397605346934028e-79,5.397605346934028e-79,5.397605346934028e-79,1.0,0.0,262.0,1
91585.0,2015-2016,42.0,176.9,95.6,30.5,100.7,3.0,3.0,3.0,1.0,0.0,0.0,291.0,1
91599.0,2015-2016,60.0,171.5,96.5,32.8,105.9,1.0,5.397605346934028e-79,5.397605346934028e-79,5.397605346934028e-79,1.0,1.0,237.0,1
91604.0,2015-2016,33.0,186.3,152.3,43.9,145.0,1.0,5.397605346934028e-79,5.397605346934028e-79,5.397605346934028e-79,0.0,0.0,341.0,0
91612.0,2015-2016,19.0,163.2,67.0,25.2,82.8,1.0,1.0,5.397605346934028e-79,5.397605346934028e-79,0.0,0.0,619.0,0
91615.0,2015-2016,47.0,167.9,69.7,24.7,92.2,5.397605346934028e-79,5.397605346934028e-79,5.397605346934028e-79,5.397605346934028e-79,0.0,0.0,389.0,0
91617.0,2015-2016,19.0,166.0,55.7,20.2,72.1,1.0,1.0,1.0,5.397605346934028e-79,0.0,0.0,749.0,0
91619.0,2015-2016,20.0,173.6,59.8,19.8,71.3,1.0,1.0,1.0,1.0,0.0,0.0,477.0,0
91624.0,2015-2016,39.0,161.5,56.5,21.7,83.2,2.0,5.397605346934028e-79,2.0,5.397605346934028e-79,1.0,1.0,368.0,0
91626.0,2015-2016,41.0,178.4,97.4,30.6,103.5,5.397605346934028e-79,5.397605346934028e-79,5.397605346934028e-79,5.397605346934028e-79,0.0,0.0,305.0,0
91628.0,2015-2016,31.0,169.5,92.4,32.2,99.8,5.397605346934028e-79,5.397605346934028e-79,5.397605346934028e-79,5.397605346934028e-79,0.0,0.0,472.0,0
91631.0,2015-2016,58.0,177.4,80.0,25.4,103.6,3.0,1.0,2.0,2.0,0.0,0.0,302.0,0
91632.0,2015-2016,60.0,180.1,112.4,34.7,121.9,1.0,1.0,2.0,1.0,1.0,1.0,205.0,1
91637.0,2015-2016,55.0,172.5,78.1,26.2,95.1,5.397605346934028e-79,1.0,5.397605346934028e-79,5.397605346934028e-79,0.0,0.0,436.0,0
91638.0,2015-2016,47.0,169.0,88.0,30.8,103.8,5.397605346934028e-79,5.397605346934028e-79,5.397605346934028e-79,5.397605346934028e-79,1.0,1.0,448.0,0
91647.0,2015-2016,57.0,184.3,80.7,23.8,95.8,5.397605346934028e-79,5.397605346934028e-79,5.397605346934028e-79,5.397605346934028e-79,1.0,0.0,292.0,1
91661.0,2015-2016,44.0,180.7,106.1,32.5,106.7,1.0,1.0,5.397605346934028e-79,5.397605346934028e-79,0.0,0.0,314.0,0
91669.0,2015-2016,33.0,179.6,73.7,22.8,80.7,5.397605346934028e-79,5.397605346934028e-79,5.397605346934028e-79,5.397605346934028e-79,0.0,0.0,500.0,0
91670.0,2015-2016,48.0,171.6,93.1,31.6,100.1,1.0,5.397605346934028e-79,5.397605346934028e-79,5.397605346934028e-79,0.0,1.0,260.0,1
91671.0,2015-2016,36.0,169.8,75.0,26.0,90.3,5.397605346934028e-79,5.397605346934028e-79,5.397605346934028e-79,5.397605346934028e-79,0.0,0.0,334.0,0
91672.0,2015-2016,26.0,183.2,74.4,22.2,80.8,1.0,5.397605346934028e-79,1.0,5.397605346934028e-79,0.0,0.0,550.0,0
91684.0,2015-2016,53.0,175.1,85.6,27.9,97.5,,,,,0.0,0.0,635.0,0
91692.0,2015-2016,29.0,180.1,83.1,25.6,87.4,5.397605346934028e-79,5.397605346934028e-79,5.397605346934028e-79,5.397605346934028e-79,0.0,0.0,247.0,1
91699.0,2015-2016,47.0,175.2,92.8,30.2,108.0,5.397605346934028e-79,5.397605346934028e-79,5.397605346934028e-79,5.397605346934028e-79,0.0,0.0,265.0,1
91704.0,2015-2016,50.0,180.5,59.0,18.1,69.5,5.397605346934028e-79,5.397605346934028e-79,5.397605346934028e-79,5.397605346934028e-79,0.0,0.0,1400.0,0
91706.0,2015-2016,35.0,179.6,69.6,21.6,83.8,1.0,5.397605346934028e-79,5.397605346934028e-79,5.397605346934028e-79,0.0,0.0,273.0,1
91712.0,2015-2016,35.0,176.9,81.4,26.0,97.9,1.0,1.0,5.397605346934028e-79,5.397605346934028e-79,0.0,0.0,305.0,0
91729.0,2015-2016,19.0,187.9,70.5,20.0,79.9,5.397605346934028e-79,5.397605346934028e-79,5.397605346934028e-79,5.397605346934028e-79,0.0,0.0,542.0,0
91730.0,2015-2016,53.0,178.2,90.2,28.4,105.7,5.397605346934028e-79,1.0,5.397605346934028e-79,5.397605346934028e-79,1.0,1.0,140.0,1
91731.0,2015-2016,19.0,176.4,92.9,29.9,101.6,2.0,3.0,1.0,1.0,0.0,0.0,456.0,0
91738.0,2015-2016,19.0,179.4,71.6,22.2,76.4,5.397605346934028e-79,5.397605346934028e-79,5.397605346934028e-79,5.397605346934028e-79,0.0,0.0,479.0,0
91742.0,2015-2016,23.0,183.6,60.4,17.9,67.8,5.397605346934028e-79,2.0,5.397605346934028e-79,5.397605346934028e-79,0.0,0.0,1040.0,0
91743.0,2015-2016,51.0,167.3,99.2,35.4,112.4,5.397605346934028e-79,5.397605346934028e-79,5.397605346934028e-79,1.0,0.0,0.0,438.0,0
91755.0,2015-2016,34.0,161.4,73.1,28.1,96.8,5.397605346934028e-79,5.397605346934028e-79,5.397605346934028e-79,5.397605346934028e-79,0.0,0.0,260.0,1
91759.0,2015-2016,60.0,170.1,63.2,21.8,81.9,3.0,1.0,1.0,5.397605346934028e-79,0.0,0.0,974.0,0
91769.0,2015-2016,19.0,171.1,106.2,36.3,121.6,2.0,1.0,2.0,2.0,0.0,0.0,210.0,1
91772.0,2015-2016,48.0,182.0,114.3,34.5,111.2,1.0,1.0,5.397605346934028e-79,1.0,0.0,0.0,341.0,0
91781.0,2015-2016,24.0,179.7,86.6,26.8,90.2,5.397605346934028e-79,5.397605346934028e-79,5.397605346934028e-79,5.397605346934028e-79,0.0,0.0,297.0,1
91808.0,2015-2016,19.0,168.4,56.4,19.9,68.8,5.397605346934028e-79,5.397605346934028e-79,5.397605346934028e-79,1.0,0.0,0.0,234.0,1
91809.0,2015-2016,23.0,188.1,92.7,26.2,89.5,1.0,3.0,1.0,5.397605346934028e-79,1.0,0.0,442.0,0
91811.0,2015-2016,49.0,176.6,97.2,31.2,110.7,5.397605346934028e-79,5.397605346934028e-79,5.397605346934028e-79,5.397605346934028e-79,1.0,0.0,343.0,0
91816.0,2015-2016,29.0,172.5,103.7,34.8,110.5,5.397605346934028e-79,5.397605346934028e-79,5.397605346934028e-79,5.397605346934028e-79,0.0,0.0,566.0,0
91817.0,2015-2016,59.0,173.4,69.3,23.0,94.8,1.0,5.397605346934028e-79,1.0,5.397605346934028e-79,0.0,0.0,582.0,0
91825.0,2015-2016,60.0,182.8,83.3,24.9,92.7,5.397605346934028e-79,5.397605346934028e-79,5.397605346934028e-79,5.397605346934028e-79,0.0,0.0,464.0,0
91828.0,2015-2016,19.0,166.6,81.4,29.3,90.9,3.0,3.0,1.0,1.0,0.0,0.0,680.0,0
91830.0,2015-2016,44.0,172.1,74.6,25.2,91.2,5.397605346934028e-79,5.397605346934028e-79,5.397605346934028e-79,5.397605346934028e-79,0.0,0.0,463.0,0
91832.0,2015-2016,30.0,188.8,96.2,27.0,94.3,1.0,5.397605346934028e-79,5.397605346934028e-79,1.0,0.0,0.0,523.0,0
91843.0,2015-2016,38.0,182.1,71.9,21.7,81.1,5.397605346934028e-79,5.397605346934028e-79,5.397605346934028e-79,5.397605346934028e-79,0.0,0.0,675.0,0
91849.0,2015-2016,41.0,180.2,83.3,25.7,87.0,5.397605346934028e-79,5.397605346934028e-79,5.397605346934028e-79,5.397605346934028e-79,0.0,0.0,880.0,0
91858.0,2015-2016,33.0,163.4,121.4,45.5,133.4,5.397605346934028e-79,5.397605346934028e-79,5.397605346934028e-79,5.397605346934028e-79,0.0,0.0,202.0,1
91859.0,2015-2016,55.0,178.3,84.0,26.4,95.2,5.397605346934028e-79,5.397605346934028e-79,5.397605346934028e-79,1.0,1.0,0.0,316.0,0
91861.0,2015-2016,46.0,184.9,92.1,26.9,100.0,5.397605346934028e-79,5.397605346934028e-79,5.397605346934028e-79,5.397605346934028e-79,0.0,0.0,362.0,0
91867.0,2015-2016,20.0,171.4,61.8,21.0,77.8,1.0,1.0,1.0,5.397605346934028e-79,0.0,0.0,520.0,0
91868.0,2015-2016,57.0,168.9,102.6,36.0,120.1,5.397605346934028e-79,5.397605346934028e-79,5.397605346934028e-79,5.397605346934028e-79,1.0,0.0,482.0,0
91894.0,2015-2016,25.0,150.8,58.8,25.9,84.0,1.0,1.0,5.397605346934028e-79,5.397605346934028e-79,0.0,0.0,24.9,1
91906.0,2015-2016,29.0,178.2,60.8,19.1,72.7,1.0,5.397605346934028e-79,1.0,5.397605346934028e-79,0.0,0.0,361.0,0
91907.0,2015-2016,54.0,183.1,97.7,29.1,104.4,1.0,5.397605346934028e-79,5.397605346934028e-79,5.397605346934028e-79,0.0,0.0,642.0,0
91919.0,2015-2016,43.0,167.2,77.1,27.6,95.2,1.0,5.397605346934028e-79,5.397605346934028e-79,5.397605346934028e-79,0.0,0.0,331.0,0
91924.0,2015-2016,58.0,182.5,87.9,26.4,101.7,1.0,5.397605346934028e-79,5.397605346934028e-79,5.397605346934028e-79,0.0,0.0,704.0,0
91930.0,2015-2016,34.0,169.6,58.1,20.2,80.1,1.0,5.397605346934028e-79,5.397605346934028e-79,5.397605346934028e-79,0.0,0.0,341.0,0
91931.0,2015-2016,55.0,177.7,105.1,33.3,107.5,2.0,1.0,5.397605346934028e-79,1.0,1.0,0.0,639.0,0
91944.0,2015-2016,31.0,177.9,79.5,25.1,90.5,1.0,5.397605346934028e-79,1.0,1.0,1.0,0.0,610.0,0
91947.0,2015-2016,29.0,173.4,58.9,19.6,71.5,1.0,5.397605346934028e-79,5.397605346934028e-79,5.397605346934028e-79,0.0,0.0,474.0,0
91952.0,2015-2016,42.0,164.0,75.2,28.0,92.9,5.397605346934028e-79,5.397605346934028e-79,5.397605346934028e-79,5.397605346934028e-79,0.0,0.0,589.0,0
91965.0,2015-2016,38.0,175.4,65.7,21.4,78.5,5.397605346934028e-79,3.0,5.397605346934028e-79,5.397605346934028e-79,1.0,0.0,782.0,0
91966.0,2015-2016,40.0,172.8,64.4,21.6,82.5,2.0,3.0,2.0,1.0,0.0,0.0,466.0,0
91968.0,2015-2016,27.0,179.9,142.9,44.2,135.0,5.397605346934028e-79,1.0,5.397605346934028e-79,1.0,0.0,0.0,537.0,0
91970.0,2015-2016,59.0,161.7,66.8,25.5,92.7,5.397605346934028e-79,1.0,5.397605346934028e-79,5.397605346934028e-79,0.0,1.0,330.0,0
91974.0,2015-2016,40.0,180.0,101.3,31.3,107.7,5.397605346934028e-79,1.0,5.397605346934028e-79,5.397605346934028e-79,1.0,0.0,676.0,0
91976.0,2015-2016,40.0,172.3,77.1,26.0,86.7,5.397605346934028e-79,5.397605346934028e-79,5.397605346934028e-79,5.397605346934028e-79,0.0,0.0,245.0,1
91978.0,2015-2016,22.0,171.8,59.8,20.3,70.7,5.397605346934028e-79,5.397605346934028e-79,5.397605346934028e-79,5.397605346934028e-79,0.0,0.0,823.0,0
91985.0,2015-2016,25.0,167.4,80.9,28.9,93.4,5.397605346934028e-79,5.397605346934028e-79,5.397605346934028e-79,5.397605346934028e-79,0.0,0.0,705.0,0
91994.0,2015-2016,30.0,179.7,69.7,21.6,79.8,,,,,0.0,0.0,463.0,0
92000.0,2015-2016,34.0,183.7,81.8,24.2,91.4,2.0,5.397605346934028e-79,2.0,5.397605346934028e-79,0.0,0.0,311.0,0
92002.0,2015-2016,59.0,173.9,79.1,26.2,95.0,5.397605346934028e-79,5.397605346934028e-79,5.397605346934028e-79,5.397605346934028e-79,0.0,0.0,347.0,0
92003.0,2015-2016,31.0,181.2,91.5,27.9,100.7,5.397605346934028e-79,1.0,5.397605346934028e-79,5.397605346934028e-79,0.0,0.0,637.0,0
92004.0,2015-2016,19.0,179.9,77.5,23.9,79.5,1.0,5.397605346934028e-79,5.397605346934028e-79,5.397605346934028e-79,0.0,0.0,499.0,0
92005.0,2015-2016,33.0,171.9,68.5,23.2,,,,,,0.0,0.0,306.0,0
92007.0,2015-2016,37.0,166.7,97.2,35.0,114.7,3.0,5.397605346934028e-79,5.397605346934028e-79,5.397605346934028e-79,0.0,0.0,443.0,0
92025.0,2015-2016,22.0,187.9,159.9,45.3,131.1,5.397605346934028e-79,1.0,5.397605346934028e-79,5.397605346934028e-79,1.0,0.0,428.0,0
92038.0,2015-2016,39.0,178.6,111.0,34.8,123.2,2.0,3.0,1.0,1.0,1.0,0.0,293.0,1
92041.0,2015-2016,29.0,174.2,114.7,37.8,122.6,3.0,3.0,2.0,3.0,1.0,0.0,486.0,0
92044.0,2015-2016,21.0,168.6,61.6,21.7,77.5,5.397605346934028e-79,2.0,5.397605346934028e-79,5.397605346934028e-79,0.0,0.0,756.0,0
92045.0,2015-2016,40.0,176.9,94.2,30.1,102.1,1.0,5.397605346934028e-79,5.397605346934028e-79,5.397605346934028e-79,1.0,0.0,620.0,0
92068.0,2015-2016,27.0,170.3,69.9,24.1,82.6,5.397605346934028e-79,5.397605346934028e-79,5.397605346934028e-79,5.397605346934028e-79,0.0,0.0,454.0,0
92069.0,2015-2016,41.0,183.4,126.0,37.5,122.7,1.0,5.397605346934028e-79,1.0,1.0,1.0,0.0,329.0,0
92072.0,2015-2016,19.0,181.1,115.0,35.1,100.3,5.397605346934028e-79,5.397605346934028e-79,5.397605346934028e-79,5.397605346934028e-79,0.0,0.0,626.0,0
92074.0,2015-2016,40.0,176.3,85.0,27.3,97.3,5.397605346934028e-79,5.397605346934028e-79,5.397605346934028e-79,5.397605346934028e-79,0.0,0.0,473.0,0
92076.0,2015-2016,59.0,174.9,127.4,41.6,136.1,3.0,2.0,2.0,1.0,1.0,0.0,351.0,0
92084.0,2015-2016,35.0,185.7,81.4,23.6,100.7,5.397605346934028e-79,1.0,5.397605346934028e-79,1.0,0.0,0.0,232.0,1
92099.0,2015-2016,22.0,176.0,87.9,28.4,99.7,1.0,1.0,5.397605346934028e-79,2.0,0.0,0.0,656.0,0
92104.0,2015-2016,20.0,190.8,97.0,26.6,98.7,5.397605346934028e-79,5.397605346934028e-79,5.397605346934028e-79,5.397605346934028e-79,0.0,0.0,534.0,0
92106.0,2015-2016,56.0,184.1,82.3,24.3,95.5,5.397605346934028e-79,5.397605346934028e-79,5.397605346934028e-79,5.397605346934028e-79,0.0,0.0,426.0,0
92109.0,2015-2016,50.0,187.9,99.6,28.2,109.0,3.0,3.0,3.0,3.0,0.0,0.0,308.0,0
92112.0,2015-2016,41.0,183.5,118.3,35.1,118.2,5.397605346934028e-79,5.397605346934028e-79,5.397605346934028e-79,5.397605346934028e-79,0.0,0.0,484.0,0
92114.0,2015-2016,30.0,159.1,63.3,25.0,78.5,5.397605346934028e-79,5.397605346934028e-79,5.397605346934028e-79,5.397605346934028e-79,0.0,0.0,434.0,0
92121.0,2015-2016,57.0,181.0,109.6,33.5,114.8,5.397605346934028e-79,5.397605346934028e-79,5.397605346934028e-79,5.397605346934028e-79,1.0,1.0,244.0,1
92122.0,2015-2016,23.0,176.1,73.6,23.7,86.3,2.0,5.397605346934028e-79,5.397605346934028e-79,5.397605346934028e-79,0.0,0.0,343.0,0
92130.0,2015-2016,56.0,169.7,83.0,28.8,102.8,5.397605346934028e-79,3.0,5.397605346934028e-79,5.397605346934028e-79,1.0,1.0,186.0,1
92133.0,2015-2016,31.0,176.4,85.2,27.4,88.4,1.0,1.0,5.397605346934028e-79,5.397605346934028e-79,0.0,0.0,592.0,0
92134.0,2015-2016,29.0,172.8,69.1,23.1,80.8,5.397605346934028e-79,5.397605346934028e-79,5.397605346934028e-79,5.397605346934028e-79,0.0,0.0,683.0,0
92141.0,2015-2016,60.0,179.0,105.1,32.8,111.7,5.397605346934028e-79,5.397605346934028e-79,5.397605346934028e-79,5.397605346934028e-79,1.0,1.0,290.0,1
92149.0,2015-2016,33.0,179.3,71.8,22.3,82.8,2.0,5.397605346934028e-79,5.397605346934028e-79,5.397605346934028e-79,1.0,0.0,1010.0,0
92150.0,2015-2016,32.0,182.1,79.6,24.0,82.7,,,,,0.0,0.0,713.0,0
92156.0,2015-2016,50.0,185.2,121.9,35.5,118.5,3.0,3.0,5.397605346934028e-79,5.397605346934028e-79,1.0,0.0,313.0,0
92157.0,2015-2016,51.0,168.6,53.7,18.9,75.2,2.0,2.0,3.0,3.0,0.0,0.0,811.0,0
92158.0,2015-2016,57.0,175.5,77.0,25.0,98.2,5.397605346934028e-79,5.397605346934028e-79,5.397605346934028e-79,5.397605346934028e-79,1.0,0.0,315.0,0
92166.0,2015-2016,34.0,172.6,137.8,46.3,132.4,5.397605346934028e-79,5.397605346934028e-79,5.397605346934028e-79,5.397605346934028e-79,0.0,0.0,202.0,1
92167.0,2015-2016,55.0,178.3,79.5,25.0,94.0,5.397605346934028e-79,5.397605346934028e-79,5.397605346934028e-79,5.397605346934028e-79,0.0,0.0,793.0,0
92174.0,2015-2016,29.0,168.0,95.2,33.7,111.9,3.0,3.0,3.0,3.0,1.0,0.0,236.0,1
92199.0,2015-2016,47.0,181.0,52.5,16.0,70.1,1.0,5.397605346934028e-79,1.0,5.397605346934028e-79,0.0,1.0,638.0,0
92234.0,2015-2016,29.0,173.8,81.6,27.0,98.4,5.397605346934028e-79,1.0,5.397605346934028e-79,5.397605346934028e-79,0.0,0.0,180.0,1
92245.0,2015-2016,19.0,170.6,55.2,19.0,70.0,5.397605346934028e-79,5.397605346934028e-79,5.397605346934028e-79,5.397605346934028e-79,0.0,0.0,722.0,0
92251.0,2015-2016,57.0,180.3,93.2,28.7,101.3,5.397605346934028e-79,5.397605346934028e-79,5.397605346934028e-79,5.397605346934028e-79,0.0,0.0,492.0,0
92254.0,2015-2016,45.0,178.4,77.4,24.3,94.5,5.397605346934028e-79,5.397605346934028e-79,5.397605346934028e-79,3.0,0.0,0.0,524.0,0
92256.0,2015-2016,53.0,172.0,64.8,21.9,82.8,5.397605346934028e-79,5.397605346934028e-79,5.397605346934028e-79,5.397605346934028e-79,0.0,0.0,262.0,1
92263.0,2015-2016,29.0,170.5,70.0,24.1,84.5,1.0,5.397605346934028e-79,5.397605346934028e-79,1.0,0.0,0.0,339.0,0
92274.0,2015-2016,50.0,178.8,128.3,40.1,129.9,1.0,5.397605346934028e-79,5.397605346934028e-79,5.397605346934028e-79,0.0,0.0,119.0,1
92275.0,2015-2016,42.0,172.1,76.7,25.9,100.1,1.0,1.0,5.397605346934028e-79,1.0,1.0,0.0,368.0,0
92281.0,2015-2016,38.0,174.8,69.0,22.6,93.1,5.397605346934028e-79,5.397605346934028e-79,5.397605346934028e-79,5.397605346934028e-79,0.0,0.0,584.0,0
92294.0,2015-2016,35.0,171.5,76.7,26.1,96.2,1.0,1.0,5.397605346934028e-79,5.397605346934028e-79,0.0,0.0,589.0,0
92312.0,2015-2016,59.0,161.7,90.4,34.6,114.0,2.0,3.0,1.0,5.397605346934028e-79,1.0,0.0,203.0,1
92316.0,2015-2016,54.0,181.9,109.0,32.9,115.4,,,,,0.0,0.0,216.0,1
92325.0,2015-2016,19.0,180.8,118.9,36.4,117.0,5.397605346934028e-79,5.397605346934028e-79,5.397605346934028e-79,1.0,0.0,0.0,302.0,0
92331.0,2015-2016,57.0,166.4,81.0,29.3,105.0,5.397605346934028e-79,5.397605346934028e-79,1.0,2.0,0.0,0.0,254.0,1
92333.0,2015-2016,40.0,164.2,56.6,21.0,69.0,1.0,5.397605346934028e-79,5.397605346934028e-79,5.397605346934028e-79,0.0,0.0,681.0,0
92345.0,2015-2016,23.0,178.7,65.1,20.4,75.1,5.397605346934028e-79,5.397605346934028e-79,5.397605346934028e-79,5.397605346934028e-79,0.0,0.0,666.0,0
92347.0,2015-2016,46.0,175.6,145.5,47.2,143.2,3.0,5.397605346934028e-79,5.397605346934028e-79,5.397605346934028e-79,1.0,1.0,156.0,1
92356.0,2015-2016,54.0,164.4,89.3,33.0,117.0,3.0,5.397605346934028e-79,5.397605346934028e-79,5.397605346934028e-79,0.0,1.0,314.0,0
92362.0,2015-2016,25.0,179.5,84.3,26.2,98.0,5.397605346934028e-79,5.397605346934028e-79,2.0,5.397605346934028e-79,0.0,0.0,513.0,0
92365.0,2015-2016,36.0,164.1,74.6,27.7,92.0,5.397605346934028e-79,5.397605346934028e-79,5.397605346934028e-79,5.397605346934028e-79,0.0,1.0,278.0,1
92366.0,2015-2016,49.0,180.3,108.5,33.4,112.3,1.0,5.397605346934028e-79,1.0,5.397605346934028e-79,1.0,0.0,244.0,1
92369.0,2015-2016,26.0,174.5,80.9,26.6,94.2,5.397605346934028e-79,3.0,1.0,3.0,0.0,0.0,461.0,0
92371.0,2015-2016,30.0,185.3,97.4,28.4,95.3,1.0,5.397605346934028e-79,1.0,5.397605346934028e-79,0.0,0.0,557.0,0
92374.0,2015-2016,28.0,170.5,100.0,34.4,111.9,5.397605346934028e-79,5.397605346934028e-79,5.397605346934028e-79,5.397605346934028e-79,0.0,0.0,285.0,1
92380.0,2015-2016,24.0,157.0,75.8,30.8,91.7,5.397605346934028e-79,1.0,1.0,1.0,0.0,0.0,374.0,0
92381.0,2015-2016,34.0,,,,,,,,,1.0,0.0,391.0,0
92390.0,2015-2016,47.0,177.2,77.9,24.8,90.0,5.397605346934028e-79,5.397605346934028e-79,5.397605346934028e-79,3.0,0.0,0.0,370.0,0
92393.0,2015-2016,42.0,168.0,88.7,31.4,95.4,1.0,5.397605346934028e-79,5.397605346934028e-79,5.397605346934028e-79,1.0,0.0,363.0,0
92400.0,2015-2016,23.0,171.0,119.8,41.0,121.4,5.397605346934028e-79,5.397605346934028e-79,5.397605346934028e-79,5.397605346934028e-79,0.0,0.0,297.0,1
92404.0,2015-2016,22.0,179.4,78.4,24.4,85.7,1.0,2.0,5.397605346934028e-79,1.0,0.0,0.0,599.0,0
92405.0,2015-2016,25.0,174.6,71.3,23.4,78.7,2.0,1.0,5.397605346934028e-79,5.397605346934028e-79,1.0,0.0,703.0,0
92408.0,2015-2016,24.0,185.8,84.3,24.4,88.7,1.0,5.397605346934028e-79,5.397605346934028e-79,5.397605346934028e-79,0.0,0.0,802.0,0
92416.0,2015-2016,41.0,176.0,102.9,33.2,110.3,2.0,1.0,1.0,1.0,0.0,0.0,263.0,1
92417.0,2015-2016,37.0,184.1,81.9,24.2,83.8,5.397605346934028e-79,5.397605346934028e-79,3.0,5.397605346934028e-79,1.0,0.0,421.0,0
92418.0,2015-2016,48.0,163.6,49.9,18.6,75.5,5.397605346934028e-79,5.397605346934028e-79,5.397605346934028e-79,5.397605346934028e-79,0.0,0.0,847.0,0
92437.0,2015-2016,50.0,185.4,108.0,31.4,111.1,5.397605346934028e-79,5.397605346934028e-79,5.397605346934028e-79,5.397605346934028e-79,1.0,1.0,280.0,1
92440.0,2015-2016,56.0,173.9,89.2,29.5,107.4,5.397605346934028e-79,1.0,5.397605346934028e-79,5.397605346934028e-79,0.0,0.0,189.0,1
92443.0,2015-2016,32.0,183.1,84.1,25.1,87.9,5.397605346934028e-79,5.397605346934028e-79,5.397605346934028e-79,5.397605346934028e-79,0.0,0.0,214.0,1
92459.0,2015-2016,58.0,187.2,129.5,37.0,130.8,1.0,5.397605346934028e-79,5.397605346934028e-79,5.397605346934028e-79,0.0,0.0,246.0,1
92463.0,2015-2016,31.0,182.2,138.7,41.8,132.4,5.397605346934028e-79,5.397605346934028e-79,5.397605346934028e-79,5.397605346934028e-79,1.0,0.0,335.0,0
92472.0,2015-2016,59.0,183.6,104.0,30.9,107.2,,,,,1.0,0.0,282.0,1
92473.0,2015-2016,31.0,180.3,77.0,23.7,88.4,1.0,1.0,5.397605346934028e-79,1.0,0.0,0.0,259.0,1
92476.0,2015-2016,27.0,169.2,77.5,27.1,95.4,5.397605346934028e-79,5.397605346934028e-79,5.397605346934028e-79,1.0,0.0,0.0,672.0,0
92480.0,2015-2016,46.0,164.6,116.1,42.9,139.2,,,,,0.0,1.0,158.0,1
92486.0,2015-2016,40.0,189.4,97.7,27.2,100.7,5.397605346934028e-79,1.0,5.397605346934028e-79,5.397605346934028e-79,0.0,0.0,305.0,0
92503.0,2015-2016,36.0,154.7,51.2,21.4,71.8,,,,,0.0,0.0,893.0,0
92508.0,2015-2016,27.0,182.3,70.0,21.1,84.7,5.397605346934028e-79,5.397605346934028e-79,5.397605346934028e-79,5.397605346934028e-79,0.0,0.0,417.0,0
92511.0,2015-2016,33.0,161.4,69.8,26.8,90.7,5.397605346934028e-79,5.397605346934028e-79,5.397605346934028e-79,1.0,1.0,0.0,454.0,0
92512.0,2015-2016,36.0,159.1,71.4,28.2,99.3,5.397605346934028e-79,5.397605346934028e-79,5.397605346934028e-79,5.397605346934028e-79,0.0,0.0,580.0,0
92529.0,2015-2016,55.0,183.7,89.6,26.6,100.2,5.397605346934028e-79,5.397605346934028e-79,5.397605346934028e-79,2.0,1.0,0.0,444.0,0
92532.0,2015-2016,55.0,177.2,88.1,28.1,,,,,,1.0,1.0,665.0,0
92538.0,2015-2016,26.0,164.0,81.8,30.4,100.5,1.0,5.397605346934028e-79,5.397605346934028e-79,5.397605346934028e-79,0.0,0.0,562.0,0
92541.0,2015-2016,40.0,167.6,66.7,23.7,87.5,5.397605346934028e-79,1.0,5.397605346934028e-79,5.397605346934028e-79,0.0,0.0,405.0,0
92548.0,2015-2016,58.0,161.0,93.3,36.0,116.8,,,,,0.0,0.0,228.0,1
92553.0,2015-2016,55.0,160.5,68.5,26.6,89.3,1.0,5.397605346934028e-79,5.397605346934028e-79,5.397605346934028e-79,0.0,0.0,288.0,1
92556.0,2015-2016,30.0,172.1,101.9,34.4,112.6,1.0,5.397605346934028e-79,1.0,1.0,0.0,0.0,355.0,0
92559.0,2015-2016,41.0,171.0,69.9,23.9,88.8,1.0,5.397605346934028e-79,5.397605346934028e-79,5.397605346934028e-79,0.0,0.0,435.0,0
92564.0,2015-2016,31.0,177.6,84.5,26.8,94.7,1.0,1.0,5.397605346934028e-79,1.0,0.0,0.0,400.0,0
92569.0,2015-2016,39.0,172.9,102.8,34.4,118.2,,,,,0.0,0.0,357.0,0
92570.0,2015-2016,24.0,167.9,83.2,29.5,96.9,3.0,1.0,3.0,3.0,0.0,0.0,327.0,0
92584.0,2015-2016,39.0,174.6,84.0,27.6,101.6,5.397605346934028e-79,5.397605346934028e-79,5.397605346934028e-79,5.397605346934028e-79,0.0,0.0,326.0,0
92591.0,2015-2016,19.0,162.4,75.2,28.5,93.0,1.0,5.397605346934028e-79,5.397605346934028e-79,5.397605346934028e-79,0.0,0.0,499.0,0
92601.0,2015-2016,19.0,179.7,89.8,27.8,87.8,2.0,2.0,5.397605346934028e-79,5.397605346934028e-79,0.0,0.0,564.0,0
92609.0,2015-2016,60.0,167.6,86.8,30.9,104.8,5.397605346934028e-79,5.397605346934028e-79,5.397605346934028e-79,5.397605346934028e-79,1.0,0.0,653.0,0
92610.0,2015-2016,26.0,175.4,97.4,31.7,102.2,5.397605346934028e-79,5.397605346934028e-79,5.397605346934028e-79,5.397605346934028e-79,1.0,0.0,440.0,0
92614.0,2015-2016,43.0,179.5,102.3,31.8,110.5,5.397605346934028e-79,5.397605346934028e-79,5.397605346934028e-79,5.397605346934028e-79,0.0,0.0,573.0,0
92615.0,2015-2016,34.0,172.7,95.6,32.1,106.0,5.397605346934028e-79,5.397605346934028e-79,5.397605346934028e-79,1.0,0.0,0.0,419.0,0
92620.0,2015-2016,37.0,169.6,84.0,29.2,100.0,1.0,5.397605346934028e-79,1.0,1.0,1.0,0.0,452.0,0
92648.0,2015-2016,56.0,168.7,85.7,30.1,118.7,2.0,5.397605346934028e-79,1.0,1.0,0.0,0.0,329.0,0
92654.0,2015-2016,49.0,188.1,166.3,47.0,144.7,5.397605346934028e-79,5.397605346934028e-79,5.397605346934028e-79,5.397605346934028e-79,1.0,1.0,235.0,1
92656.0,2015-2016,30.0,177.1,72.3,23.1,82.6,5.397605346934028e-79,5.397605346934028e-79,5.397605346934028e-79,2.0,0.0,0.0,479.0,0
92664.0,2015-2016,54.0,189.1,89.2,24.9,102.5,2.0,5.397605346934028e-79,5.397605346934028e-79,2.0,1.0,0.0,510.0,0
92676.0,2015-2016,42.0,181.4,99.4,30.2,102.6,5.397605346934028e-79,5.397605346934028e-79,5.397605346934028e-79,5.397605346934028e-79,1.0,1.0,559.0,0
92677.0,2015-2016,34.0,178.6,144.9,45.4,137.0,5.397605346934028e-79,5.397605346934028e-79,5.397605346934028e-79,5.397605346934028e-79,0.0,0.0,168.0,1
92688.0,2015-2016,33.0,178.7,78.0,24.4,94.6,5.397605346934028e-79,5.397605346934028e-79,1.0,5.397605346934028e-79,0.0,0.0,396.0,0
92689.0,2015-2016,44.0,185.0,109.0,31.8,113.0,1.0,5.397605346934028e-79,5.397605346934028e-79,5.397605346934028e-79,1.0,1.0,222.0,1
92692.0,2015-2016,34.0,179.4,68.9,21.4,77.7,5.397605346934028e-79,5.397605346934028e-79,5.397605346934028e-79,5.397605346934028e-79,0.0,0.0,680.0,0
92694.0,2015-2016,56.0,,,,,,,,,0.0,0.0,522.0,0
92696.0,2015-2016,55.0,180.1,133.5,41.2,135.7,,,,,1.0,1.0,229.0,1
92698.0,2015-2016,49.0,174.6,79.0,25.9,89.0,1.0,5.397605346934028e-79,5.397605346934028e-79,5.397605346934028e-79,1.0,0.0,1700.0,0
92699.0,2015-2016,38.0,174.8,116.3,38.1,115.2,2.0,1.0,1.0,1.0,1.0,0.0,218.0,1
92702.0,2015-2016,46.0,178.0,112.9,35.6,118.4,1.0,5.397605346934028e-79,5.397605346934028e-79,5.397605346934028e-79,0.0,0.0,147.0,1
92704.0,2015-2016,43.0,174.8,81.8,26.8,96.5,3.0,1.0,2.0,1.0,1.0,0.0,439.0,0
92719.0,2015-2016,36.0,187.5,92.5,26.3,94.0,1.0,5.397605346934028e-79,5.397605346934028e-79,1.0,0.0,0.0,699.0,0
92722.0,2015-2016,24.0,171.5,80.6,27.4,94.2,5.397605346934028e-79,5.397605346934028e-79,5.397605346934028e-79,5.397605346934028e-79,0.0,0.0,290.0,1
92724.0,2015-2016,31.0,184.1,94.8,28.0,99.0,1.0,5.397605346934028e-79,5.397605346934028e-79,5.397605346934028e-79,0.0,0.0,566.0,0
92725.0,2015-2016,38.0,171.2,93.2,31.8,108.5,1.0,5.397605346934028e-79,5.397605346934028e-79,5.397605346934028e-79,0.0,0.0,198.0,1
92730.0,2015-2016,40.0,173.6,69.4,23.0,85.7,,,,,0.0,0.0,468.0,0
92731.0,2015-2016,57.0,177.4,66.8,21.2,88.8,5.397605346934028e-79,5.397605346934028e-79,5.397605346934028e-79,5.397605346934028e-79,1.0,0.0,210.0,1
92751.0,2015-2016,57.0,179.0,101.7,31.7,104.5,,,,,1.0,1.0,557.0,0
92753.0,2015-2016,41.0,156.4,52.2,21.3,78.2,1.0,5.397605346934028e-79,1.0,5.397605346934028e-79,0.0,0.0,423.0,0
92764.0,2015-2016,48.0,178.6,84.1,26.4,99.7,2.0,3.0,1.0,1.0,0.0,0.0,216.0,1
92777.0,2015-2016,47.0,175.1,80.2,26.2,92.7,1.0,1.0,5.397605346934028e-79,1.0,0.0,0.0,361.0,0
92785.0,2015-2016,25.0,184.7,83.3,24.4,93.7,1.0,1.0,1.0,1.0,0.0,0.0,771.0,0
92787.0,2015-2016,48.0,179.9,110.8,34.2,125.8,3.0,3.0,5.397605346934028e-79,5.397605346934028e-79,1.0,0.0,224.0,1
92789.0,2015-2016,57.0,168.0,61.8,21.9,87.1,3.0,3.0,2.0,3.0,1.0,0.0,622.0,0
92793.0,2015-2016,28.0,176.5,123.5,39.6,123.3,5.397605346934028e-79,5.397605346934028e-79,5.397605346934028e-79,5.397605346934028e-79,1.0,0.0,266.0,1
92795.0,2015-2016,37.0,167.1,62.4,22.3,81.2,5.397605346934028e-79,5.397605346934028e-79,5.397605346934028e-79,5.397605346934028e-79,0.0,0.0,496.0,0
92797.0,2015-2016,57.0,184.1,98.3,29.0,107.7,2.0,1.0,5.397605346934028e-79,5.397605346934028e-79,1.0,0.0,325.0,0
92799.0,2015-2016,19.0,182.8,121.1,36.2,119.9,5.397605346934028e-79,2.0,5.397605346934028e-79,5.397605346934028e-79,0.0,0.0,404.0,0
92805.0,2015-2016,53.0,171.7,69.4,23.5,,,,,,1.0,0.0,391.0,0
92808.0,2015-2016,34.0,177.1,101.7,32.4,111.1,5.397605346934028e-79,5.397605346934028e-79,5.397605346934028e-79,5.397605346934028e-79,0.0,0.0,343.0,0
92818.0,2015-2016,32.0,173.5,65.3,21.7,78.5,5.397605346934028e-79,5.397605346934028e-79,5.397605346934028e-79,5.397605346934028e-79,0.0,0.0,276.0,1
92819.0,2015-2016,44.0,180.2,85.5,26.3,96.3,5.397605346934028e-79,5.397605346934028e-79,5.397605346934028e-79,5.397605346934028e-79,0.0,1.0,359.0,0
92820.0,2015-2016,31.0,193.6,120.3,32.1,112.3,,,,,0.0,0.0,268.0,1
92822.0,2015-2016,34.0,169.7,80.9,28.1,95.6,5.397605346934028e-79,5.397605346934028e-79,5.397605346934028e-79,5.397605346934028e-79,0.0,0.0,361.0,0
92828.0,2015-2016,60.0,173.1,77.4,25.8,89.8,5.397605346934028e-79,5.397605346934028e-79,5.397605346934028e-79,5.397605346934028e-79,0.0,1.0,606.0,0
92829.0,2015-2016,45.0,157.5,72.2,29.1,94.9,1.0,5.397605346934028e-79,1.0,5.397605346934028e-79,0.0,0.0,307.0,0
92835.0,2015-2016,31.0,180.2,69.9,21.5,82.9,5.397605346934028e-79,1.0,5.397605346934028e-79,5.397605346934028e-79,0.0,0.0,448.0,0
92840.0,2015-2016,35.0,172.0,143.2,48.4,126.4,,,,,1.0,0.0,343.0,0
92841.0,2015-2016,42.0,166.9,83.9,30.1,104.5,1.0,3.0,5.397605346934028e-79,3.0,0.0,0.0,658.0,0
92847.0,2015-2016,26.0,183.6,87.0,25.8,84.7,5.397605346934028e-79,5.397605346934028e-79,5.397605346934028e-79,5.397605346934028e-79,0.0,0.0,412.0,0
92850.0,2015-2016,58.0,177.7,83.9,26.6,93.0,1.0,5.397605346934028e-79,5.397605346934028e-79,5.397605346934028e-79,0.0,1.0,336.0,0
92869.0,2015-2016,26.0,185.8,78.1,22.6,85.8,,,,,1.0,0.0,348.0,0
92874.0,2015-2016,45.0,173.6,120.0,39.8,129.2,2.0,5.397605346934028e-79,5.397605346934028e-79,5.397605346934028e-79,0.0,1.0,227.0,1
92880.0,2015-2016,38.0,165.7,84.4,30.7,102.5,5.397605346934028e-79,5.397605346934028e-79,5.397605346934028e-79,5.397605346934028e-79,0.0,0.0,580.0,0
92885.0,2015-2016,23.0,178.6,57.9,18.2,,,,,,0.0,0.0,658.0,0
92890.0,2015-2016,33.0,164.1,82.3,30.6,99.5,5.397605346934028e-79,1.0,5.397605346934028e-79,5.397605346934028e-79,0.0,0.0,315.0,0
92894.0,2015-2016,26.0,170.4,89.4,30.8,103.8,5.397605346934028e-79,5.397605346934028e-79,5.397605346934028e-79,1.0,0.0,0.0,422.0,0
92895.0,2015-2016,52.0,170.5,70.1,24.1,93.9,3.0,5.397605346934028e-79,3.0,5.397605346934028e-79,0.0,0.0,1170.0,0
92897.0,2015-2016,60.0,166.3,70.1,25.3,101.3,1.0,5.397605346934028e-79,5.397605346934028e-79,5.397605346934028e-79,1.0,0.0,507.0,0
92905.0,2015-2016,34.0,168.3,85.3,30.1,97.9,5.397605346934028e-79,1.0,5.397605346934028e-79,5.397605346934028e-79,0.0,0.0,557.0,0
92909.0,2015-2016,31.0,167.8,74.2,26.4,87.9,5.397605346934028e-79,5.397605346934028e-79,5.397605346934028e-79,5.397605346934028e-79,0.0,0.0,356.0,0
92915.0,2015-2016,45.0,183.1,86.5,25.8,106.0,5.397605346934028e-79,5.397605346934028e-79,5.397605346934028e-79,5.397605346934028e-79,0.0,0.0,359.0,0
92923.0,2015-2016,29.0,166.5,65.8,23.7,76.7,5.397605346934028e-79,5.397605346934028e-79,5.397605346934028e-79,5.397605346934028e-79,1.0,0.0,922.0,0
92924.0,2015-2016,35.0,168.8,68.5,24.0,86.0,1.0,1.0,5.397605346934028e-79,5.397605346934028e-79,0.0,0.0,358.0,0
92926.0,2015-2016,40.0,182.6,112.0,33.6,111.5,5.397605346934028e-79,5.397605346934028e-79,3.0,1.0,0.0,0.0,195.0,1
92941.0,2015-2016,33.0,179.5,98.3,30.5,104.7,5.397605346934028e-79,5.397605346934028e-79,5.397605346934028e-79,5.397605346934028e-79,0.0,0.0,456.0,0
92951.0,2015-2016,44.0,175.0,92.5,30.2,108.5,1.0,1.0,1.0,1.0,0.0,0.0,522.0,0
92959.0,2015-2016,58.0,174.8,70.0,22.9,89.1,5.397605346934028e-79,2.0,5.397605346934028e-79,5.397605346934028e-79,1.0,0.0,560.0,0
92964.0,2015-2016,46.0,181.3,92.3,28.1,101.5,1.0,1.0,1.0,1.0,1.0,1.0,648.0,0
92967.0,2015-2016,52.0,154.9,80.2,33.4,105.8,5.397605346934028e-79,5.397605346934028e-79,5.397605346934028e-79,5.397605346934028e-79,0.0,0.0,412.0,0
92971.0,2015-2016,52.0,174.4,99.3,32.6,113.1,1.0,5.397605346934028e-79,5.397605346934028e-79,5.397605346934028e-79,0.0,0.0,237.0,1
92986.0,2015-2016,23.0,175.9,94.2,30.4,107.5,1.0,1.0,5.397605346934028e-79,5.397605346934028e-79,0.0,0.0,346.0,0
92987.0,2015-2016,40.0,179.3,80.7,25.1,91.8,1.0,1.0,2.0,2.0,0.0,0.0,570.0,0
92992.0,2015-2016,23.0,179.8,98.0,30.3,98.1,2.0,1.0,5.397605346934028e-79,5.397605346934028e-79,1.0,0.0,488.0,0
92994.0,2015-2016,32.0,172.8,67.3,22.5,83.4,1.0,5.397605346934028e-79,1.0,5.397605346934028e-79,0.0,0.0,572.0,0
92995.0,2015-2016,54.0,185.5,109.1,31.7,,2.0,3.0,1.0,1.0,0.0,0.0,268.0,1
93004.0,2015-2016,60.0,166.2,95.5,34.6,117.4,1.0,1.0,1.0,5.397605346934028e-79,0.0,0.0,372.0,0
93007.0,2015-2016,23.0,171.4,77.0,26.2,92.4,5.397605346934028e-79,5.397605346934028e-79,1.0,1.0,0.0,0.0,342.0,0
93008.0,2015-2016,53.0,179.1,65.8,20.5,85.2,,,,,0.0,0.0,328.0,0
93012.0,2015-2016,27.0,185.6,111.4,32.3,109.4,5.397605346934028e-79,5.397605346934028e-79,5.397605346934028e-79,5.397605346934028e-79,0.0,0.0,243.0,1
93014.0,2015-2016,22.0,179.7,102.5,31.7,104.5,5.397605346934028e-79,5.397605346934028e-79,5.397605346934028e-79,1.0,1.0,0.0,354.0,0
93022.0,2015-2016,32.0,168.5,108.0,38.0,112.1,5.397605346934028e-79,5.397605346934028e-79,5.397605346934028e-79,5.397605346934028e-79,0.0,0.0,325.0,0
93023.0,2015-2016,49.0,175.7,83.2,27.0,,,,,,0.0,0.0,274.0,1
93029.0,2015-2016,19.0,171.2,72.4,24.7,88.3,1.0,1.0,5.397605346934028e-79,1.0,0.0,0.0,334.0,0
93036.0,2015-2016,52.0,165.5,78.4,28.6,103.8,5.397605346934028e-79,5.397605346934028e-79,5.397605346934028e-79,5.397605346934028e-79,1.0,1.0,326.0,0
93042.0,2015-2016,35.0,184.2,99.0,29.2,104.1,2.0,3.0,1.0,5.397605346934028e-79,1.0,0.0,490.0,0
93044.0,2015-2016,41.0,171.6,107.9,36.6,111.4,5.397605346934028e-79,5.397605346934028e-79,5.397605346934028e-79,5.397605346934028e-79,0.0,0.0,374.0,0
93048.0,2015-2016,46.0,165.2,75.8,27.8,89.2,5.397605346934028e-79,5.397605346934028e-79,5.397605346934028e-79,5.397605346934028e-79,0.0,0.0,471.0,0
93049.0,2015-2016,59.0,163.8,78.0,29.1,103.4,5.397605346934028e-79,5.397605346934028e-79,5.397605346934028e-79,5.397605346934028e-79,0.0,0.0,423.0,0
93057.0,2015-2016,43.0,173.4,126.3,42.0,132.1,5.397605346934028e-79,5.397605346934028e-79,5.397605346934028e-79,5.397605346934028e-79,1.0,0.0,312.0,0
93063.0,2015-2016,42.0,178.1,88.4,27.9,104.9,1.0,5.397605346934028e-79,1.0,1.0,0.0,0.0,508.0,0
93068.0,2015-2016,59.0,167.8,80.2,28.5,98.5,3.0,3.0,5.397605346934028e-79,5.397605346934028e-79,1.0,0.0,344.0,0
93076.0,2015-2016,35.0,175.9,81.9,26.5,86.3,5.397605346934028e-79,5.397605346934028e-79,5.397605346934028e-79,5.397605346934028e-79,0.0,0.0,792.0,0
93077.0,2015-2016,50.0,175.0,89.6,29.3,102.8,1.0,5.397605346934028e-79,5.397605346934028e-79,1.0,1.0,0.0,336.0,0
93081.0,2015-2016,54.0,159.6,72.0,28.3,95.2,3.0,1.0,1.0,2.0,0.0,1.0,311.0,0
93083.0,2015-2016,30.0,188.4,116.1,32.7,119.8,1.0,5.397605346934028e-79,1.0,1.0,0.0,0.0,268.0,1
93085.0,2015-2016,56.0,170.8,91.9,31.5,102.0,1.0,2.0,5.397605346934028e-79,3.0,0.0,0.0,301.0,0
93088.0,2015-2016,22.0,181.4,88.0,26.7,91.1,5.397605346934028e-79,5.397605346934028e-79,5.397605346934028e-79,5.397605346934028e-79,0.0,0.0,342.0,0
93092.0,2015-2016,28.0,178.4,90.1,28.3,100.4,1.0,1.0,1.0,5.397605346934028e-79,0.0,0.0,448.0,0
93094.0,2015-2016,56.0,163.3,72.1,27.0,101.7,5.397605346934028e-79,5.397605346934028e-79,5.397605346934028e-79,5.397605346934028e-79,0.0,0.0,401.0,0
93095.0,2015-2016,34.0,163.6,83.9,31.3,99.9,5.397605346934028e-79,3.0,5.397605346934028e-79,5.397605346934028e-79,0.0,0.0,317.0,0
93097.0,2015-2016,28.0,171.6,159.2,54.1,155.4,2.0,5.397605346934028e-79,5.397605346934028e-79,,0.0,0.0,152.0,1
93099.0,2015-2016,59.0,162.3,70.6,26.8,93.4,1.0,1.0,1.0,1.0,1.0,1.0,470.0,0
93101.0,2015-2016,36.0,176.1,145.0,46.8,139.9,1.0,5.397605346934028e-79,1.0,1.0,0.0,0.0,226.0,1
93122.0,2015-2016,58.0,174.2,97.2,32.0,118.1,5.397605346934028e-79,5.397605346934028e-79,5.397605346934028e-79,5.397605346934028e-79,0.0,0.0,324.0,0
93140.0,2015-2016,20.0,169.3,81.9,28.6,104.9,1.0,5.397605346934028e-79,2.0,5.397605346934028e-79,0.0,0.0,393.0,0
93141.0,2015-2016,46.0,174.8,46.2,15.1,68.2,,,,,0.0,0.0,673.0,0
93171.0,2015-2016,33.0,168.0,76.4,27.1,90.3,5.397605346934028e-79,5.397605346934028e-79,5.397605346934028e-79,5.397605346934028e-79,0.0,0.0,259.0,1
93172.0,2015-2016,19.0,162.0,64.7,24.7,90.2,5.397605346934028e-79,5.397605346934028e-79,5.397605346934028e-79,5.397605346934028e-79,0.0,0.0,516.0,0
93180.0,2015-2016,37.0,175.4,122.8,39.9,124.6,2.0,2.0,5.397605346934028e-79,5.397605346934028e-79,1.0,0.0,373.0,0
93183.0,2015-2016,28.0,179.3,81.4,25.3,95.5,2.0,5.397605346934028e-79,2.0,2.0,0.0,0.0,363.0,0
93192.0,2015-2016,48.0,164.1,64.9,24.1,85.6,5.397605346934028e-79,5.397605346934028e-79,5.397605346934028e-79,5.397605346934028e-79,0.0,0.0,328.0,0
93201.0,2015-2016,33.0,165.6,93.0,33.9,111.7,5.397605346934028e-79,5.397605346934028e-79,1.0,5.397605346934028e-79,0.0,0.0,277.0,1
93205.0,2015-2016,20.0,168.9,74.7,26.2,89.1,5.397605346934028e-79,5.397605346934028e-79,5.397605346934028e-79,5.397605346934028e-79,0.0,0.0,700.0,0
93211.0,2015-2016,29.0,165.2,56.1,20.6,72.8,,,,,0.0,0.0,687.0,0
93223.0,2015-2016,34.0,180.2,84.7,26.1,102.2,5.397605346934028e-79,5.397605346934028e-79,5.397605346934028e-79,5.397605346934028e-79,1.0,0.0,332.0,0
93241.0,2015-2016,21.0,173.3,70.5,23.5,80.4,3.0,3.0,3.0,2.0,1.0,0.0,402.0,0
93247.0,2015-2016,28.0,170.3,87.3,30.1,90.8,1.0,5.397605346934028e-79,5.397605346934028e-79,5.397605346934028e-79,0.0,0.0,486.0,0
93249.0,2015-2016,37.0,159.4,59.5,23.4,84.5,2.0,5.397605346934028e-79,2.0,5.397605346934028e-79,0.0,0.0,280.0,1
93256.0,2015-2016,27.0,173.4,100.0,33.3,111.0,5.397605346934028e-79,5.397605346934028e-79,5.397605346934028e-79,5.397605346934028e-79,0.0,0.0,341.0,0
93263.0,2015-2016,40.0,172.9,86.3,28.9,93.3,1.0,1.0,5.397605346934028e-79,5.397605346934028e-79,0.0,0.0,337.0,0
93265.0,2015-2016,56.0,168.5,60.4,21.3,83.1,,,,,1.0,1.0,154.0,1
93273.0,2015-2016,53.0,173.0,89.5,29.9,106.0,1.0,1.0,5.397605346934028e-79,5.397605346934028e-79,0.0,0.0,356.0,0
93278.0,2015-2016,32.0,175.6,68.1,22.1,89.0,1.0,5.397605346934028e-79,5.397605346934028e-79,5.397605346934028e-79,0.0,0.0,362.0,0
93282.0,2015-2016,47.0,168.6,76.9,27.1,102.0,5.397605346934028e-79,5.397605346934028e-79,5.397605346934028e-79,5.397605346934028e-79,0.0,0.0,456.0,0
93300.0,2015-2016,19.0,181.1,74.0,22.6,75.5,5.397605346934028e-79,5.397605346934028e-79,5.397605346934028e-79,5.397605346934028e-79,0.0,0.0,784.0,0
93307.0,2015-2016,31.0,179.9,78.5,24.3,83.4,5.397605346934028e-79,5.397605346934028e-79,5.397605346934028e-79,5.397605346934028e-79,0.0,0.0,569.0,0
93310.0,2015-2016,57.0,191.3,83.9,22.9,,2.0,1.0,2.0,5.397605346934028e-79,1.0,0.0,337.0,0
93313.0,2015-2016,25.0,175.9,71.3,23.0,82.3,2.0,1.0,1.0,3.0,0.0,0.0,604.0,0
93321.0,2015-2016,21.0,170.6,78.5,27.0,,5.397605346934028e-79,5.397605346934028e-79,5.397605346934028e-79,5.397605346934028e-79,0.0,0.0,529.0,0
93324.0,2015-2016,33.0,173.7,77.7,25.8,90.8,1.0,1.0,5.397605346934028e-79,5.397605346934028e-79,0.0,0.0,430.0,0
93328.0,2015-2016,34.0,175.0,87.0,28.4,94.8,5.397605346934028e-79,5.397605346934028e-79,5.397605346934028e-79,5.397605346934028e-79,0.0,0.0,230.0,1
93334.0,2015-2016,53.0,169.1,63.0,22.0,73.1,1.0,5.397605346934028e-79,5.397605346934028e-79,5.397605346934028e-79,0.0,0.0,644.0,0
93336.0,2015-2016,25.0,170.1,60.0,20.7,68.7,2.0,2.0,5.397605346934028e-79,3.0,0.0,0.0,868.0,0
93342.0,2015-2016,23.0,187.4,82.8,23.6,87.2,5.397605346934028e-79,5.397605346934028e-79,5.397605346934028e-79,5.397605346934028e-79,0.0,0.0,669.0,0
93347.0,2015-2016,28.0,161.2,82.2,31.6,,,,,,0.0,0.0,263.0,1
93351.0,2015-2016,27.0,180.9,81.3,24.8,82.7,1.0,1.0,5.397605346934028e-79,5.397605346934028e-79,1.0,0.0,506.0,0
93363.0,2015-2016,35.0,164.8,87.6,32.3,100.0,2.0,5.397605346934028e-79,5.397605346934028e-79,5.397605346934028e-79,1.0,0.0,329.0,0
93367.0,2015-2016,38.0,187.8,133.9,38.0,124.8,5.397605346934028e-79,5.397605346934028e-79,5.397605346934028e-79,5.397605346934028e-79,1.0,0.0,733.0,0
93370.0,2015-2016,30.0,180.4,92.6,28.5,102.6,5.397605346934028e-79,5.397605346934028e-79,5.397605346934028e-79,5.397605346934028e-79,0.0,0.0,298.0,1
93373.0,2015-2016,44.0,162.9,73.6,27.7,94.8,2.0,1.0,2.0,5.397605346934028e-79,0.0,0.0,194.0,1
93390.0,2015-2016,60.0,168.0,75.0,26.6,96.4,5.397605346934028e-79,5.397605346934028e-79,5.397605346934028e-79,5.397605346934028e-79,0.0,0.0,161.0,1
93407.0,2015-2016,60.0,170.4,102.4,35.3,116.7,5.397605346934028e-79,5.397605346934028e-79,5.397605346934028e-79,5.397605346934028e-79,1.0,0.0,388.0,0
93415.0,2015-2016,27.0,175.2,89.6,29.2,90.8,5.397605346934028e-79,5.397605346934028e-79,5.397605346934028e-79,5.397605346934028e-79,0.0,0.0,608.0,0
93419.0,2015-2016,19.0,177.0,77.2,24.6,86.2,1.0,1.0,5.397605346934028e-79,5.397605346934028e-79,0.0,0.0,502.0,0
93420.0,2015-2016,22.0,177.3,102.7,32.7,109.7,5.397605346934028e-79,5.397605346934028e-79,5.397605346934028e-79,5.397605346934028e-79,0.0,0.0,306.0,0
93427.0,2015-2016,28.0,175.5,69.0,22.4,85.1,5.397605346934028e-79,5.397605346934028e-79,5.397605346934028e-79,5.397605346934028e-79,0.0,0.0,463.0,0
93437.0,2015-2016,52.0,161.9,76.3,29.1,94.8,5.397605346934028e-79,5.397605346934028e-79,5.397605346934028e-79,5.397605346934028e-79,1.0,1.0,252.0,1
93445.0,2015-2016,38.0,184.6,178.3,52.3,153.5,2.0,5.397605346934028e-79,5.397605346934028e-79,5.397605346934028e-79,1.0,0.0,186.0,1
93446.0,2015-2016,19.0,162.9,49.7,18.7,72.8,1.0,5.397605346934028e-79,1.0,1.0,0.0,0.0,563.0,0
93447.0,2015-2016,36.0,183.8,96.7,28.6,,,,,,0.0,0.0,231.0,1
93451.0,2015-2016,48.0,172.1,72.6,24.5,92.5,5.397605346934028e-79,5.397605346934028e-79,5.397605346934028e-79,5.397605346934028e-79,0.0,0.0,522.0,0
93454.0,2015-2016,59.0,164.0,72.4,26.9,95.7,1.0,3.0,3.0,3.0,0.0,0.0,523.0,0
93456.0,2015-2016,50.0,178.8,112.0,35.0,120.6,5.397605346934028e-79,5.397605346934028e-79,5.397605346934028e-79,5.397605346934028e-79,1.0,0.0,338.0,0
93469.0,2015-2016,50.0,176.8,86.7,27.7,98.5,5.397605346934028e-79,5.397605346934028e-79,5.397605346934028e-79,5.397605346934028e-79,0.0,0.0,562.0,0
93473.0,2015-2016,22.0,176.5,85.7,27.5,82.5,1.0,5.397605346934028e-79,5.397605346934028e-79,5.397605346934028e-79,0.0,0.0,702.0,0
93478.0,2015-2016,19.0,185.7,78.4,22.7,81.6,1.0,5.397605346934028e-79,5.397605346934028e-79,1.0,1.0,0.0,399.0,0
93482.0,2015-2016,29.0,169.5,75.9,26.4,94.7,5.397605346934028e-79,5.397605346934028e-79,5.397605346934028e-79,5.397605346934028e-79,0.0,0.0,416.0,0
93489.0,2015-2016,47.0,178.3,84.3,26.5,88.0,1.0,5.397605346934028e-79,1.0,1.0,0.0,0.0,481.0,0
93492.0,2015-2016,46.0,172.1,84.2,28.4,97.0,5.397605346934028e-79,5.397605346934028e-79,5.397605346934028e-79,5.397605346934028e-79,0.0,0.0,421.0,0
93498.0,2015-2016,54.0,179.5,77.3,24.0,92.5,3.0,3.0,5.397605346934028e-79,5.397605346934028e-79,0.0,0.0,887.0,0
93504.0,2015-2016,37.0,169.3,69.2,24.1,92.2,1.0,5.397605346934028e-79,5.397605346934028e-79,5.397605346934028e-79,0.0,0.0,260.0,1
93512.0,2015-2016,55.0,155.1,87.0,36.2,114.4,,,,,0.0,0.0,346.0,0
93513.0,2015-2016,47.0,164.5,67.7,25.0,93.0,5.397605346934028e-79,5.397605346934028e-79,5.397605346934028e-79,3.0,0.0,0.0,574.0,0
93518.0,2015-2016,41.0,182.9,79.3,23.7,94.1,5.397605346934028e-79,5.397605346934028e-79,5.397605346934028e-79,5.397605346934028e-79,0.0,0.0,466.0,0
93519.0,2015-2016,19.0,164.8,54.2,20.0,72.0,,,,,1.0,0.0,503.0,0
93520.0,2015-2016,52.0,187.1,146.7,41.9,145.7,1.0,1.0,1.0,1.0,1.0,1.0,401.0,0
93528.0,2015-2016,27.0,180.6,81.8,25.1,82.9,1.0,1.0,5.397605346934028e-79,5.397605346934028e-79,0.0,0.0,858.0,0
93533.0,2015-2016,53.0,183.1,97.7,29.1,116.3,5.397605346934028e-79,5.397605346934028e-79,5.397605346934028e-79,5.397605346934028e-79,1.0,1.0,418.0,0
93538.0,2015-2016,28.0,,,,,,,,,0.0,0.0,431.0,0
93547.0,2015-2016,48.0,180.5,139.4,42.8,145.4,5.397605346934028e-79,5.397605346934028e-79,5.397605346934028e-79,5.397605346934028e-79,0.0,0.0,259.0,1
93550.0,2015-2016,37.0,175.4,83.3,27.1,92.3,2.0,3.0,3.0,2.0,1.0,0.0,541.0,0
93554.0,2015-2016,54.0,167.0,94.1,33.7,109.5,5.397605346934028e-79,5.397605346934028e-79,5.397605346934028e-79,5.397605346934028e-79,1.0,0.0,192.0,1
93557.0,2015-2016,55.0,177.7,87.5,27.7,105.3,1.0,5.397605346934028e-79,5.397605346934028e-79,5.397605346934028e-79,1.0,0.0,277.0,1
93560.0,2015-2016,59.0,177.9,79.9,25.2,93.3,1.0,1.0,5.397605346934028e-79,5.397605346934028e-79,1.0,0.0,385.0,0
93565.0,2015-2016,60.0,170.7,65.1,22.3,86.6,1.0,5.397605346934028e-79,5.397605346934028e-79,1.0,0.0,0.0,979.0,0
93574.0,2015-2016,47.0,178.4,108.5,34.1,124.0,1.0,5.397605346934028e-79,5.397605346934028e-79,5.397605346934028e-79,0.0,0.0,450.0,0
93576.0,2015-2016,52.0,178.4,92.6,29.1,101.5,,,,,1.0,1.0,312.0,0
93577.0,2015-2016,19.0,180.5,68.1,20.9,78.7,5.397605346934028e-79,5.397605346934028e-79,5.397605346934028e-79,5.397605346934028e-79,0.0,0.0,675.0,0
93581.0,2015-2016,50.0,181.8,73.6,22.3,90.5,2.0,5.397605346934028e-79,1.0,1.0,0.0,0.0,378.0,0
93582.0,2015-2016,20.0,172.1,68.0,23.0,73.1,5.397605346934028e-79,5.397605346934028e-79,1.0,5.397605346934028e-79,0.0,0.0,809.0,0
93587.0,2015-2016,29.0,168.4,89.3,31.5,105.6,5.397605346934028e-79,5.397605346934028e-79,5.397605346934028e-79,5.397605346934028e-79,1.0,1.0,284.0,1
93592.0,2015-2016,36.0,173.5,86.2,28.6,94.9,1.0,3.0,5.397605346934028e-79,5.397605346934028e-79,0.0,0.0,462.0,0
93607.0,2015-2016,50.0,180.8,109.7,33.6,113.0,5.397605346934028e-79,5.397605346934028e-79,5.397605346934028e-79,5.397605346934028e-79,1.0,1.0,348.0,0
93618.0,2015-2016,25.0,161.7,71.5,27.3,87.3,3.0,5.397605346934028e-79,5.397605346934028e-79,5.397605346934028e-79,0.0,0.0,438.0,0
93620.0,2015-2016,48.0,181.5,107.9,32.8,,5.397605346934028e-79,5.397605346934028e-79,5.397605346934028e-79,5.397605346934028e-79,0.0,0.0,185.0,1
93624.0,2015-2016,41.0,165.6,60.9,22.2,76.0,5.397605346934028e-79,1.0,5.397605346934028e-79,5.397605346934028e-79,0.0,0.0,684.0,0
93625.0,2015-2016,26.0,171.4,79.6,27.1,97.1,5.397605346934028e-79,5.397605346934028e-79,5.397605346934028e-79,5.397605346934028e-79,0.0,0.0,509.0,0
93638.0,2015-2016,33.0,180.3,63.0,19.4,72.7,5.397605346934028e-79,5.397605346934028e-79,5.397605346934028e-79,5.397605346934028e-79,0.0,0.0,686.0,0
93639.0,2015-2016,25.0,186.1,86.1,24.9,88.5,1.0,1.0,5.397605346934028e-79,5.397605346934028e-79,0.0,0.0,466.0,0
93640.0,2015-2016,38.0,170.5,73.1,25.1,77.0,5.397605346934028e-79,1.0,5.397605346934028e-79,5.397605346934028e-79,0.0,0.0,606.0,0
93655.0,2015-2016,38.0,177.8,75.9,24.0,92.0,5.397605346934028e-79,5.397605346934028e-79,5.397605346934028e-79,5.397605346934028e-79,0.0,0.0,565.0,0
93663.0,2015-2016,43.0,177.1,75.7,24.1,94.6,5.397605346934028e-79,5.397605346934028e-79,5.397605346934028e-79,5.397605346934028e-79,0.0,0.0,488.0,0
93664.0,2015-2016,39.0,169.6,74.9,26.0,92.5,1.0,5.397605346934028e-79,1.0,1.0,0.0,0.0,479.0,0
93670.0,2015-2016,32.0,170.1,81.4,28.1,93.6,2.0,5.397605346934028e-79,5.397605346934028e-79,5.397605346934028e-79,0.0,0.0,280.0,1
93671.0,2015-2016,45.0,174.3,89.0,29.3,97.0,5.397605346934028e-79,5.397605346934028e-79,5.397605346934028e-79,5.397605346934028e-79,1.0,0.0,893.0,0
93675.0,2015-2016,38.0,179.0,77.6,24.2,94.2,1.0,3.0,1.0,2.0,0.0,0.0,635.0,0
93684.0,2015-2016,34.0,180.9,101.2,30.9,99.0,3.0,5.397605346934028e-79,5.397605346934028e-79,5.397605346934028e-79,0.0,0.0,477.0,0
93685.0,2015-2016,53.0,156.9,78.7,32.0,107.5,1.0,5.397605346934028e-79,5.397605346934028e-79,1.0,1.0,1.0,262.0,1
93690.0,2015-2016,32.0,164.9,89.5,32.9,101.0,5.397605346934028e-79,5.397605346934028e-79,5.397605346934028e-79,5.397605346934028e-79,0.0,0.0,231.0,1
93691.0,2015-2016,25.0,136.5,39.2,21.0,75.4,5.397605346934028e-79,5.397605346934028e-79,5.397605346934028e-79,5.397605346934028e-79,0.0,0.0,304.0,0
93700.0,2015-2016,35.0,173.3,78.2,26.0,98.9,,,,,0.0,0.0,436.0,0
